iteracao,qualidade_atual,qualidade_melhor
0,0.124883,0.124883
100,0.123944,0.110798
200,0.122066,0.110798
300,0.131455,0.110798
400,0.122066,0.110798
500,0.115493,0.101408
600,0.128638,0.101408
700,0.115493,0.101408
800,0.119249,0.101408
900,0.121127,0.101408
1000,0.113615,0.101408
1100,0.121127,0.101408
1200,0.119249,0.101408
1300,0.121127,0.101408
1400,0.137089,0.101408
1500,0.131455,0.101408
1600,0.134272,0.101408
1700,0.131455,0.101408
1800,0.136150,0.101408
1900,0.131455,0.101408
2000,0.128638,0.101408
2100,0.102347,0.095775
2200,0.131455,0.095775
2300,0.121127,0.095775
2400,0.147418,0.095775
2500,0.143662,0.095775
2600,0.119249,0.095775
2700,0.125822,0.095775
2800,0.121127,0.095775
2900,0.107042,0.095775
3000,0.115493,0.095775
3100,0.130516,0.095775
3200,0.137089,0.095775
3300,0.143662,0.095775
3400,0.131455,0.095775
3500,0.118310,0.095775
3600,0.110798,0.095775
3700,0.119249,0.095775
3800,0.123005,0.095775
3900,0.122066,0.095775
4000,0.131455,0.095775
4100,0.123005,0.095775
4200,0.145540,0.095775
4300,0.120188,0.095775
4400,0.118310,0.095775
4500,0.108920,0.095775
4600,0.106103,0.095775
4700,0.110798,0.095775
4800,0.122066,0.095775
4900,0.138028,0.095775
5000,0.118310,0.095775
5100,0.127700,0.095775
5200,0.108920,0.095775
5300,0.129577,0.095775
5400,0.130516,0.095775
5500,0.123005,0.095775
5600,0.142723,0.095775
5700,0.134272,0.095775
5800,0.104225,0.095775
5900,0.118310,0.095775
6000,0.124883,0.095775
6100,0.114554,0.095775
6200,0.123005,0.095775
6300,0.132394,0.095775
6400,0.124883,0.095775
6500,0.127700,0.095775
6600,0.105164,0.095775
6700,0.102347,0.095775
6800,0.131455,0.095775
6900,0.129577,0.095775
7000,0.134272,0.095775
7100,0.127700,0.095775
7200,0.136150,0.095775
7300,0.127700,0.095775
7400,0.133333,0.095775
7500,0.125822,0.095775
7600,0.129577,0.095775
7700,0.120188,0.095775
7800,0.131455,0.095775
7900,0.124883,0.095775
8000,0.103286,0.095775
8100,0.132394,0.095775
8200,0.107981,0.095775
8300,0.118310,0.095775
8400,0.128638,0.095775
8500,0.124883,0.095775
8600,0.116432,0.095775
8700,0.125822,0.095775
8800,0.114554,0.095775
8900,0.140845,0.095775
9000,0.141784,0.095775
9100,0.140845,0.095775
9200,0.142723,0.095775
9300,0.117371,0.095775
9400,0.120188,0.095775
9500,0.119249,0.095775
9600,0.119249,0.095775
9700,0.123005,0.095775
9800,0.118310,0.095775
9900,0.097653,0.095775
10000,0.115493,0.094836
10100,0.128638,0.094836
10200,0.125822,0.094836
10300,0.120188,0.094836
10400,0.128638,0.094836
10500,0.134272,0.094836
10600,0.129577,0.094836
10700,0.124883,0.094836
10800,0.131455,0.094836
10900,0.114554,0.094836
11000,0.113615,0.094836
11100,0.125822,0.094836
11200,0.123944,0.094836
11300,0.114554,0.094836
11400,0.123005,0.094836
11500,0.131455,0.094836
11600,0.140845,0.094836
11700,0.128638,0.094836
11800,0.122066,0.094836
11900,0.137089,0.094836
12000,0.129577,0.094836
12100,0.140845,0.094836
12200,0.120188,0.094836
12300,0.121127,0.094836
12400,0.115493,0.094836
12500,0.124883,0.094836
12600,0.151174,0.094836
12700,0.137089,0.094836
12800,0.127700,0.094836
12900,0.128638,0.094836
13000,0.125822,0.094836
13100,0.123005,0.094836
13200,0.122066,0.094836
13300,0.118310,0.094836
13400,0.104225,0.094836
13500,0.131455,0.094836
13600,0.107042,0.094836
13700,0.116432,0.094836
13800,0.113615,0.094836
13900,0.123005,0.094836
14000,0.130516,0.094836
14100,0.110798,0.094836
14200,0.103286,0.093897
14300,0.119249,0.093897
14400,0.126761,0.093897
14500,0.111737,0.093897
14600,0.134272,0.093897
14700,0.139906,0.093897
14800,0.123944,0.093897
14900,0.111737,0.093897
15000,0.136150,0.093897
15100,0.141784,0.093897
15200,0.145540,0.093897
15300,0.107042,0.093897
15400,0.124883,0.093897
15500,0.107042,0.093897
15600,0.128638,0.093897
15700,0.132394,0.093897
15800,0.132394,0.093897
15900,0.145540,0.093897
16000,0.132394,0.093897
16100,0.119249,0.093897
16200,0.122066,0.093897
16300,0.129577,0.093897
16400,0.106103,0.093897
16500,0.106103,0.093897
16600,0.116432,0.093897
16700,0.119249,0.093897
16800,0.130516,0.093897
16900,0.122066,0.093897
17000,0.139906,0.093897
17100,0.119249,0.093897
17200,0.118310,0.093897
17300,0.115493,0.093897
17400,0.117371,0.093897
17500,0.110798,0.093897
17600,0.127700,0.093897
17700,0.120188,0.093897
17800,0.126761,0.093897
17900,0.114554,0.093897
18000,0.135211,0.093897
18100,0.155869,0.093897
18200,0.136150,0.093897
18300,0.137089,0.093897
18400,0.133333,0.093897
18500,0.122066,0.093897
18600,0.102347,0.093897
18700,0.116432,0.093897
18800,0.119249,0.093897
18900,0.131455,0.093897
19000,0.128638,0.093897
19100,0.126761,0.093897
19200,0.123005,0.093897
19300,0.115493,0.093897
19400,0.094836,0.093897
19500,0.093897,0.092019
19600,0.119249,0.092019
19700,0.117371,0.092019
19800,0.122066,0.092019
19900,0.109859,0.092019
20000,0.111737,0.092019
20100,0.118310,0.092019
20200,0.123005,0.092019
20300,0.107981,0.092019
20400,0.140845,0.092019
20500,0.116432,0.092019
20600,0.129577,0.092019
20700,0.137089,0.092019
20800,0.122066,0.092019
20900,0.133333,0.092019
21000,0.136150,0.092019
21100,0.120188,0.092019
21200,0.118310,0.092019
21300,0.115493,0.092019
21400,0.133333,0.092019
21500,0.120188,0.092019
21600,0.135211,0.092019
21700,0.117371,0.092019
21800,0.141784,0.092019
21900,0.120188,0.092019
22000,0.134272,0.092019
22100,0.138028,0.092019
22200,0.147418,0.092019
22300,0.139906,0.092019
22400,0.126761,0.092019
22500,0.144601,0.092019
22600,0.129577,0.092019
22700,0.114554,0.092019
22800,0.135211,0.092019
22900,0.117371,0.092019
23000,0.101408,0.092019
23100,0.132394,0.092019
23200,0.120188,0.092019
23300,0.136150,0.092019
23400,0.140845,0.092019
23500,0.127700,0.092019
23600,0.140845,0.092019
23700,0.128638,0.092019
23800,0.112676,0.092019
23900,0.118310,0.092019
24000,0.138967,0.092019
24100,0.121127,0.092019
24200,0.127700,0.092019
24300,0.129577,0.092019
24400,0.133333,0.092019
24500,0.122066,0.092019
24600,0.108920,0.092019
24700,0.134272,0.092019
24800,0.137089,0.092019
24900,0.141784,0.092019
25000,0.127700,0.092019
25100,0.120188,0.092019
25200,0.126761,0.092019
25300,0.117371,0.092019
25400,0.106103,0.092019
25500,0.126761,0.092019
25600,0.110798,0.092019
25700,0.118310,0.092019
25800,0.117371,0.092019
25900,0.128638,0.092019
26000,0.126761,0.092019
26100,0.138028,0.092019
26200,0.138967,0.092019
26300,0.139906,0.092019
26400,0.139906,0.092019
26500,0.123944,0.092019
26600,0.120188,0.092019
26700,0.122066,0.092019
26800,0.113615,0.092019
26900,0.124883,0.092019
27000,0.110798,0.092019
27100,0.110798,0.092019
27200,0.108920,0.092019
27300,0.121127,0.092019
27400,0.132394,0.092019
27500,0.118310,0.092019
27600,0.117371,0.092019
27700,0.120188,0.092019
27800,0.114554,0.092019
27900,0.097653,0.089202
28000,0.123005,0.089202
28100,0.119249,0.089202
28200,0.109859,0.089202
28300,0.111737,0.089202
28400,0.115493,0.089202
28500,0.124883,0.089202
28600,0.126761,0.089202
28700,0.126761,0.089202
28800,0.121127,0.089202
28900,0.133333,0.089202
29000,0.138028,0.089202
29100,0.118310,0.089202
29200,0.117371,0.089202
29300,0.123005,0.089202
29400,0.129577,0.089202
29500,0.144601,0.089202
29600,0.135211,0.089202
29700,0.136150,0.089202
29800,0.130516,0.089202
29900,0.119249,0.089202
30000,0.140845,0.089202
30100,0.137089,0.089202
30200,0.119249,0.089202
30300,0.104225,0.089202
30400,0.106103,0.089202
30500,0.123005,0.089202
30600,0.123005,0.089202
30700,0.128638,0.089202
30800,0.123944,0.089202
30900,0.113615,0.089202
31000,0.111737,0.089202
31100,0.104225,0.089202
31200,0.112676,0.089202
31300,0.105164,0.089202
31400,0.115493,0.089202
31500,0.116432,0.089202
31600,0.118310,0.089202
31700,0.130516,0.089202
31800,0.126761,0.089202
31900,0.126761,0.089202
32000,0.109859,0.089202
32100,0.106103,0.089202
32200,0.126761,0.089202
32300,0.137089,0.089202
32400,0.124883,0.089202
32500,0.126761,0.089202
32600,0.131455,0.089202
32700,0.116432,0.089202
32800,0.114554,0.089202
32900,0.109859,0.089202
33000,0.128638,0.089202
33100,0.123005,0.089202
33200,0.121127,0.089202
33300,0.112676,0.089202
33400,0.116432,0.089202
33500,0.133333,0.089202
33600,0.126761,0.089202
33700,0.131455,0.089202
33800,0.121127,0.089202
33900,0.146479,0.089202
34000,0.141784,0.089202
34100,0.136150,0.089202
34200,0.124883,0.089202
34300,0.142723,0.089202
34400,0.141784,0.089202
34500,0.122066,0.089202
34600,0.121127,0.089202
34700,0.118310,0.089202
34800,0.115493,0.089202
34900,0.097653,0.089202
35000,0.109859,0.089202
35100,0.123005,0.089202
35200,0.113615,0.089202
35300,0.127700,0.089202
35400,0.103286,0.089202
35500,0.118310,0.089202
35600,0.111737,0.089202
35700,0.107981,0.089202
35800,0.125822,0.089202
35900,0.112676,0.089202
36000,0.127700,0.089202
36100,0.120188,0.089202
36200,0.138967,0.089202
36300,0.127700,0.089202
36400,0.126761,0.089202
36500,0.107042,0.089202
36600,0.115493,0.089202
36700,0.138967,0.089202
36800,0.132394,0.089202
36900,0.112676,0.089202
37000,0.121127,0.089202
37100,0.122066,0.089202
37200,0.127700,0.089202
37300,0.106103,0.089202
37400,0.123005,0.089202
37500,0.123944,0.089202
37600,0.133333,0.089202
37700,0.148357,0.089202
37800,0.149296,0.089202
37900,0.109859,0.089202
38000,0.111737,0.089202
38100,0.125822,0.089202
38200,0.135211,0.089202
38300,0.153991,0.089202
38400,0.137089,0.089202
38500,0.126761,0.089202
38600,0.129577,0.089202
38700,0.115493,0.089202
38800,0.122066,0.089202
38900,0.130516,0.089202
39000,0.123944,0.089202
39100,0.121127,0.089202
39200,0.136150,0.089202
39300,0.119249,0.089202
39400,0.129577,0.089202
39500,0.124883,0.089202
39600,0.137089,0.089202
39700,0.114554,0.089202
39800,0.120188,0.089202
39900,0.122066,0.089202
40000,0.142723,0.089202
40100,0.129577,0.089202
40200,0.132394,0.089202
40300,0.133333,0.089202
40400,0.135211,0.089202
40500,0.120188,0.089202
40600,0.111737,0.089202
40700,0.112676,0.089202
40800,0.106103,0.089202
40900,0.117371,0.089202
41000,0.153052,0.089202
41100,0.131455,0.089202
41200,0.128638,0.089202
41300,0.122066,0.089202
41400,0.119249,0.089202
41500,0.150235,0.089202
41600,0.132394,0.089202
41700,0.140845,0.089202
41800,0.138028,0.089202
41900,0.127700,0.089202
42000,0.111737,0.089202
42100,0.108920,0.089202
42200,0.116432,0.089202
42300,0.117371,0.089202
42400,0.122066,0.089202
42500,0.122066,0.089202
42600,0.121127,0.089202
42700,0.112676,0.089202
42800,0.123005,0.089202
42900,0.124883,0.089202
43000,0.126761,0.089202
43100,0.115493,0.089202
43200,0.118310,0.089202
43300,0.111737,0.089202
43400,0.140845,0.089202
43500,0.121127,0.089202
43600,0.122066,0.089202
43700,0.109859,0.089202
43800,0.107042,0.089202
43900,0.121127,0.089202
44000,0.114554,0.089202
44100,0.124883,0.089202
44200,0.125822,0.089202
44300,0.127700,0.089202
44400,0.139906,0.089202
44500,0.127700,0.089202
44600,0.134272,0.089202
44700,0.140845,0.089202
44800,0.127700,0.089202
44900,0.123944,0.089202
45000,0.117371,0.089202
45100,0.122066,0.089202
45200,0.122066,0.089202
45300,0.112676,0.089202
45400,0.121127,0.089202
45500,0.108920,0.089202
45600,0.112676,0.089202
45700,0.119249,0.089202
45800,0.115493,0.089202
45900,0.125822,0.089202
46000,0.120188,0.089202
46100,0.124883,0.089202
46200,0.116432,0.089202
46300,0.120188,0.089202
46400,0.111737,0.089202
46500,0.111737,0.089202
46600,0.129577,0.089202
46700,0.128638,0.089202
46800,0.128638,0.089202
46900,0.120188,0.089202
47000,0.135211,0.089202
47100,0.123944,0.089202
47200,0.095775,0.085446
47300,0.109859,0.085446
47400,0.114554,0.085446
47500,0.105164,0.085446
47600,0.116432,0.085446
47700,0.134272,0.085446
47800,0.116432,0.085446
47900,0.130516,0.085446
48000,0.116432,0.085446
48100,0.126761,0.085446
48200,0.133333,0.085446
48300,0.124883,0.085446
48400,0.121127,0.085446
48500,0.115493,0.085446
48600,0.114554,0.085446
48700,0.128638,0.085446
48800,0.125822,0.085446
48900,0.121127,0.085446
49000,0.122066,0.085446
49100,0.132394,0.085446
49200,0.115493,0.085446
49300,0.121127,0.085446
49400,0.141784,0.085446
49500,0.123005,0.085446
49600,0.129577,0.085446
49700,0.126761,0.085446
49800,0.120188,0.085446
49900,0.130516,0.085446
50000,0.134272,0.085446
50100,0.127700,0.085446
50200,0.131455,0.085446
50300,0.135211,0.085446
50400,0.128638,0.085446
50500,0.128638,0.085446
50600,0.117371,0.085446
50700,0.107042,0.085446
50800,0.111737,0.085446
50900,0.113615,0.085446
51000,0.092958,0.085446
51100,0.127700,0.085446
51200,0.129577,0.085446
51300,0.107981,0.085446
51400,0.123005,0.085446
51500,0.119249,0.085446
51600,0.120188,0.085446
51700,0.117371,0.085446
51800,0.134272,0.085446
51900,0.136150,0.085446
52000,0.119249,0.085446
52100,0.119249,0.085446
52200,0.124883,0.085446
52300,0.123005,0.085446
52400,0.135211,0.085446
52500,0.117371,0.085446
52600,0.116432,0.085446
52700,0.127700,0.085446
52800,0.126761,0.085446
52900,0.124883,0.085446
53000,0.123944,0.085446
53100,0.116432,0.085446
53200,0.111737,0.085446
53300,0.119249,0.085446
53400,0.115493,0.085446
53500,0.119249,0.085446
53600,0.116432,0.085446
53700,0.123005,0.085446
53800,0.140845,0.085446
53900,0.161502,0.085446
54000,0.134272,0.085446
54100,0.124883,0.085446
54200,0.119249,0.085446
54300,0.112676,0.085446
54400,0.121127,0.085446
54500,0.132394,0.085446
54600,0.121127,0.085446
54700,0.132394,0.085446
54800,0.124883,0.085446
54900,0.121127,0.085446
55000,0.127700,0.085446
55100,0.141784,0.085446
55200,0.140845,0.085446
55300,0.124883,0.085446
55400,0.133333,0.085446
55500,0.117371,0.085446
55600,0.123944,0.085446
55700,0.111737,0.085446
55800,0.113615,0.085446
55900,0.122066,0.085446
56000,0.126761,0.085446
56100,0.117371,0.085446
56200,0.135211,0.085446
56300,0.128638,0.085446
56400,0.126761,0.085446
56500,0.123005,0.085446
56600,0.131455,0.085446
56700,0.114554,0.085446
56800,0.123005,0.085446
56900,0.121127,0.085446
57000,0.144601,0.085446
57100,0.131455,0.085446
57200,0.104225,0.085446
57300,0.115493,0.085446
57400,0.114554,0.085446
57500,0.125822,0.085446
57600,0.132394,0.085446
57700,0.126761,0.085446
57800,0.137089,0.085446
57900,0.121127,0.085446
58000,0.132394,0.085446
58100,0.121127,0.085446
58200,0.130516,0.085446
58300,0.123005,0.085446
58400,0.129577,0.085446
58500,0.132394,0.085446
58600,0.136150,0.085446
58700,0.122066,0.085446
58800,0.141784,0.085446
58900,0.113615,0.085446
59000,0.114554,0.085446
59100,0.107042,0.085446
59200,0.113615,0.085446
59300,0.113615,0.085446
59400,0.114554,0.085446
59500,0.119249,0.085446
59600,0.111737,0.085446
59700,0.112676,0.085446
59800,0.119249,0.085446
59900,0.112676,0.085446
60000,0.134272,0.085446
60100,0.140845,0.085446
60200,0.143662,0.085446
60300,0.138028,0.085446
60400,0.141784,0.085446
60500,0.129577,0.085446
60600,0.129577,0.085446
60700,0.121127,0.085446
60800,0.112676,0.085446
60900,0.122066,0.085446
61000,0.125822,0.085446
61100,0.124883,0.085446
61200,0.116432,0.085446
61300,0.134272,0.085446
61400,0.135211,0.085446
61500,0.118310,0.085446
61600,0.121127,0.085446
61700,0.122066,0.085446
61800,0.121127,0.085446
61900,0.123005,0.085446
62000,0.114554,0.085446
62100,0.113615,0.085446
62200,0.123944,0.085446
62300,0.108920,0.085446
62400,0.110798,0.085446
62500,0.140845,0.085446
62600,0.121127,0.085446
62700,0.106103,0.085446
62800,0.112676,0.085446
62900,0.130516,0.085446
63000,0.128638,0.085446
63100,0.114554,0.085446
63200,0.113615,0.085446
63300,0.132394,0.085446
63400,0.115493,0.085446
63500,0.096714,0.085446
63600,0.127700,0.085446
63700,0.108920,0.085446
63800,0.111737,0.085446
63900,0.110798,0.085446
64000,0.122066,0.085446
64100,0.123944,0.085446
64200,0.125822,0.085446
64300,0.132394,0.085446
64400,0.130516,0.085446
64500,0.123005,0.085446
64600,0.123005,0.085446
64700,0.139906,0.085446
64800,0.144601,0.085446
64900,0.153052,0.085446
65000,0.133333,0.085446
65100,0.129577,0.085446
65200,0.126761,0.085446
65300,0.124883,0.085446
65400,0.132394,0.085446
65500,0.110798,0.085446
65600,0.118310,0.085446
65700,0.132394,0.085446
65800,0.117371,0.085446
65900,0.123005,0.085446
66000,0.132394,0.085446
66100,0.123005,0.085446
66200,0.126761,0.085446
66300,0.112676,0.085446
66400,0.112676,0.085446
66500,0.129577,0.085446
66600,0.131455,0.085446
66700,0.120188,0.085446
66800,0.123005,0.085446
66900,0.122066,0.085446
67000,0.136150,0.085446
67100,0.129577,0.085446
67200,0.114554,0.085446
67300,0.127700,0.085446
67400,0.136150,0.085446
67500,0.128638,0.085446
67600,0.113615,0.085446
67700,0.112676,0.085446
67800,0.119249,0.085446
67900,0.135211,0.085446
68000,0.121127,0.085446
68100,0.138967,0.085446
68200,0.134272,0.085446
68300,0.135211,0.085446
68400,0.125822,0.085446
68500,0.139906,0.085446
68600,0.130516,0.085446
68700,0.125822,0.085446
68800,0.136150,0.085446
68900,0.131455,0.085446
69000,0.122066,0.085446
69100,0.125822,0.085446
69200,0.125822,0.085446
69300,0.135211,0.085446
69400,0.117371,0.085446
69500,0.120188,0.085446
69600,0.124883,0.085446
69700,0.137089,0.085446
69800,0.127700,0.085446
69900,0.121127,0.085446
70000,0.120188,0.085446
70100,0.115493,0.085446
70200,0.121127,0.085446
70300,0.110798,0.085446
70400,0.119249,0.085446
70500,0.116432,0.085446
70600,0.109859,0.085446
70700,0.121127,0.085446
70800,0.119249,0.085446
70900,0.113615,0.085446
71000,0.119249,0.085446
71100,0.111737,0.085446
71200,0.115493,0.085446
71300,0.133333,0.085446
71400,0.113615,0.085446
71500,0.110798,0.085446
71600,0.138967,0.085446
71700,0.136150,0.085446
71800,0.136150,0.085446
71900,0.104225,0.085446
72000,0.123944,0.085446
72100,0.131455,0.085446
72200,0.142723,0.085446
72300,0.143662,0.085446
72400,0.129577,0.085446
72500,0.137089,0.085446
72600,0.138028,0.085446
72700,0.131455,0.085446
72800,0.140845,0.085446
72900,0.131455,0.085446
73000,0.114554,0.085446
73100,0.125822,0.085446
73200,0.123944,0.085446
73300,0.125822,0.085446
73400,0.105164,0.085446
73500,0.115493,0.085446
73600,0.127700,0.085446
73700,0.127700,0.085446
73800,0.132394,0.085446
73900,0.129577,0.085446
74000,0.124883,0.085446
74100,0.147418,0.085446
74200,0.128638,0.085446
74300,0.123005,0.085446
74400,0.102347,0.085446
74500,0.094836,0.085446
74600,0.120188,0.085446
74700,0.107981,0.085446
74800,0.115493,0.085446
74900,0.120188,0.085446
75000,0.118310,0.085446
75100,0.122066,0.085446
75200,0.131455,0.085446
75300,0.133333,0.085446
75400,0.130516,0.085446
75500,0.127700,0.085446
75600,0.131455,0.085446
75700,0.129577,0.085446
75800,0.133333,0.085446
75900,0.130516,0.085446
76000,0.114554,0.085446
76100,0.115493,0.085446
76200,0.116432,0.085446
76300,0.128638,0.085446
76400,0.113615,0.085446
76500,0.118310,0.085446
76600,0.126761,0.085446
76700,0.137089,0.085446
76800,0.128638,0.085446
76900,0.123005,0.085446
77000,0.130516,0.085446
77100,0.132394,0.085446
77200,0.119249,0.085446
77300,0.109859,0.085446
77400,0.111737,0.085446
77500,0.113615,0.085446
77600,0.123005,0.085446
77700,0.121127,0.085446
77800,0.139906,0.085446
77900,0.127700,0.085446
78000,0.110798,0.085446
78100,0.131455,0.085446
78200,0.138967,0.085446
78300,0.127700,0.085446
78400,0.128638,0.085446
78500,0.125822,0.085446
78600,0.129577,0.085446
78700,0.107042,0.085446
78800,0.111737,0.085446
78900,0.123944,0.085446
79000,0.109859,0.085446
79100,0.133333,0.085446
79200,0.136150,0.085446
79300,0.121127,0.085446
79400,0.126761,0.085446
79500,0.116432,0.085446
79600,0.106103,0.085446
79700,0.107981,0.085446
79800,0.107981,0.085446
79900,0.123944,0.085446
80000,0.122066,0.085446
80100,0.121127,0.085446
80200,0.123005,0.085446
80300,0.108920,0.085446
80400,0.107981,0.085446
80500,0.109859,0.085446
80600,0.128638,0.085446
80700,0.129577,0.085446
80800,0.123944,0.085446
80900,0.122066,0.085446
81000,0.128638,0.085446
81100,0.107042,0.085446
81200,0.094836,0.074178
81300,0.107981,0.074178
81400,0.122066,0.074178
81500,0.123005,0.074178
81600,0.119249,0.074178
81700,0.126761,0.074178
81800,0.114554,0.074178
81900,0.118310,0.074178
82000,0.123005,0.074178
82100,0.111737,0.074178
82200,0.124883,0.074178
82300,0.131455,0.074178
82400,0.139906,0.074178
82500,0.149296,0.074178
82600,0.124883,0.074178
82700,0.110798,0.074178
82800,0.114554,0.074178
82900,0.116432,0.074178
83000,0.134272,0.074178
83100,0.130516,0.074178
83200,0.115493,0.074178
83300,0.138967,0.074178
83400,0.134272,0.074178
83500,0.132394,0.074178
83600,0.136150,0.074178
83700,0.118310,0.074178
83800,0.139906,0.074178
83900,0.133333,0.074178
84000,0.123005,0.074178
84100,0.132394,0.074178
84200,0.134272,0.074178
84300,0.127700,0.074178
84400,0.122066,0.074178
84500,0.129577,0.074178
84600,0.120188,0.074178
84700,0.127700,0.074178
84800,0.117371,0.074178
84900,0.129577,0.074178
85000,0.109859,0.074178
85100,0.109859,0.074178
85200,0.117371,0.074178
85300,0.132394,0.074178
85400,0.130516,0.074178
85500,0.118310,0.074178
85600,0.125822,0.074178
85700,0.121127,0.074178
85800,0.160563,0.074178
85900,0.137089,0.074178
86000,0.135211,0.074178
86100,0.126761,0.074178
86200,0.092958,0.074178
86300,0.123005,0.074178
86400,0.113615,0.074178
86500,0.124883,0.074178
86600,0.123005,0.074178
86700,0.116432,0.074178
86800,0.123944,0.074178
86900,0.159624,0.074178
87000,0.125822,0.074178
87100,0.134272,0.074178
87200,0.124883,0.074178
87300,0.116432,0.074178
87400,0.123944,0.074178
87500,0.129577,0.074178
87600,0.123944,0.074178
87700,0.136150,0.074178
87800,0.120188,0.074178
87900,0.117371,0.074178
88000,0.107042,0.074178
88100,0.104225,0.074178
88200,0.122066,0.074178
88300,0.111737,0.074178
88400,0.132394,0.074178
88500,0.129577,0.074178
88600,0.117371,0.074178
88700,0.133333,0.074178
88800,0.123944,0.074178
88900,0.122066,0.074178
89000,0.107042,0.074178
89100,0.108920,0.074178
89200,0.128638,0.074178
89300,0.124883,0.074178
89400,0.118310,0.074178
89500,0.140845,0.074178
89600,0.144601,0.074178
89700,0.130516,0.074178
89800,0.129577,0.074178
89900,0.133333,0.074178
90000,0.132394,0.074178
90100,0.126761,0.074178
90200,0.155869,0.074178
90300,0.123944,0.074178
90400,0.140845,0.074178
90500,0.142723,0.074178
90600,0.128638,0.074178
90700,0.136150,0.074178
90800,0.137089,0.074178
90900,0.141784,0.074178
91000,0.120188,0.074178
91100,0.125822,0.074178
91200,0.127700,0.074178
91300,0.134272,0.074178
91400,0.131455,0.074178
91500,0.123005,0.074178
91600,0.112676,0.074178
91700,0.126761,0.074178
91800,0.126761,0.074178
91900,0.136150,0.074178
92000,0.131455,0.074178
92100,0.112676,0.074178
92200,0.118310,0.074178
92300,0.114554,0.074178
92400,0.121127,0.074178
92500,0.113615,0.074178
92600,0.121127,0.074178
92700,0.135211,0.074178
92800,0.140845,0.074178
92900,0.133333,0.074178
93000,0.126761,0.074178
93100,0.134272,0.074178
93200,0.134272,0.074178
93300,0.127700,0.074178
93400,0.124883,0.074178
93500,0.117371,0.074178
93600,0.107042,0.074178
93700,0.123944,0.074178
93800,0.121127,0.074178
93900,0.127700,0.074178
94000,0.139906,0.074178
94100,0.147418,0.074178
94200,0.128638,0.074178
94300,0.118310,0.074178
94400,0.122066,0.074178
94500,0.122066,0.074178
94600,0.114554,0.074178
94700,0.115493,0.074178
94800,0.127700,0.074178
94900,0.119249,0.074178
95000,0.133333,0.074178
95100,0.138967,0.074178
95200,0.129577,0.074178
95300,0.124883,0.074178
95400,0.144601,0.074178
95500,0.134272,0.074178
95600,0.126761,0.074178
95700,0.124883,0.074178
95800,0.138028,0.074178
95900,0.135211,0.074178
96000,0.113615,0.074178
96100,0.107042,0.074178
96200,0.115493,0.074178
96300,0.129577,0.074178
96400,0.128638,0.074178
96500,0.119249,0.074178
96600,0.125822,0.074178
96700,0.120188,0.074178
96800,0.127700,0.074178
96900,0.118310,0.074178
97000,0.127700,0.074178
97100,0.135211,0.074178
97200,0.119249,0.074178
97300,0.116432,0.074178
97400,0.118310,0.074178
97500,0.111737,0.074178
97600,0.124883,0.074178
97700,0.138028,0.074178
97800,0.117371,0.074178
97900,0.129577,0.074178
98000,0.126761,0.074178
98100,0.116432,0.074178
98200,0.126761,0.074178
98300,0.124883,0.074178
98400,0.120188,0.074178
98500,0.122066,0.074178
98600,0.123944,0.074178
98700,0.116432,0.074178
98800,0.107981,0.074178
98900,0.129577,0.074178
99000,0.113615,0.074178
99100,0.113615,0.074178
99200,0.112676,0.074178
99300,0.105164,0.074178
99400,0.120188,0.074178
99500,0.101408,0.074178
99600,0.105164,0.074178
99700,0.127700,0.074178
99800,0.105164,0.074178
99900,0.140845,0.074178
100000,0.115493,0.074178
100100,0.128638,0.074178
100200,0.123944,0.074178
100300,0.142723,0.074178
100400,0.117371,0.074178
100500,0.106103,0.074178
100600,0.117371,0.074178
100700,0.118310,0.074178
100800,0.107981,0.074178
100900,0.107981,0.074178
101000,0.112676,0.074178
101100,0.120188,0.074178
101200,0.126761,0.074178
101300,0.121127,0.074178
101400,0.133333,0.074178
101500,0.115493,0.074178
101600,0.135211,0.074178
101700,0.118310,0.074178
101800,0.130516,0.074178
101900,0.139906,0.074178
102000,0.149296,0.074178
102100,0.134272,0.074178
102200,0.116432,0.074178
102300,0.122066,0.074178
102400,0.116432,0.074178
102500,0.119249,0.074178
102600,0.136150,0.074178
102700,0.123005,0.074178
102800,0.118310,0.074178
102900,0.127700,0.074178
103000,0.132394,0.074178
103100,0.111737,0.074178
103200,0.127700,0.074178
103300,0.128638,0.074178
103400,0.125822,0.074178
103500,0.106103,0.074178
103600,0.105164,0.074178
103700,0.123005,0.074178
103800,0.093897,0.074178
103900,0.121127,0.074178
104000,0.119249,0.074178
104100,0.121127,0.074178
104200,0.121127,0.074178
104300,0.119249,0.074178
104400,0.124883,0.074178
104500,0.124883,0.074178
104600,0.127700,0.074178
104700,0.122066,0.074178
104800,0.109859,0.074178
104900,0.123005,0.074178
105000,0.148357,0.074178
105100,0.125822,0.074178
105200,0.112676,0.074178
105300,0.120188,0.074178
105400,0.138967,0.074178
105500,0.126761,0.074178
105600,0.127700,0.074178
105700,0.135211,0.074178
105800,0.112676,0.074178
105900,0.119249,0.074178
106000,0.111737,0.074178
106100,0.120188,0.074178
106200,0.118310,0.074178
106300,0.115493,0.074178
106400,0.123944,0.074178
106500,0.133333,0.074178
106600,0.126761,0.074178
106700,0.134272,0.074178
106800,0.111737,0.074178
106900,0.125822,0.074178
107000,0.135211,0.074178
107100,0.109859,0.074178
107200,0.128638,0.074178
107300,0.118310,0.074178
107400,0.110798,0.074178
107500,0.118310,0.074178
107600,0.124883,0.074178
107700,0.122066,0.074178
107800,0.135211,0.074178
107900,0.152113,0.074178
108000,0.127700,0.074178
108100,0.109859,0.074178
108200,0.124883,0.074178
108300,0.133333,0.074178
108400,0.123005,0.074178
108500,0.123944,0.074178
108600,0.102347,0.074178
108700,0.113615,0.074178
108800,0.107981,0.074178
108900,0.115493,0.074178
109000,0.135211,0.074178
109100,0.119249,0.074178
109200,0.117371,0.074178
109300,0.125822,0.074178
109400,0.127700,0.074178
109500,0.123005,0.074178
109600,0.123005,0.074178
109700,0.110798,0.074178
109800,0.131455,0.074178
109900,0.118310,0.074178
110000,0.116432,0.074178
110100,0.120188,0.074178
110200,0.103286,0.074178
110300,0.109859,0.074178
110400,0.125822,0.074178
110500,0.114554,0.074178
110600,0.132394,0.074178
110700,0.115493,0.074178
110800,0.121127,0.074178
110900,0.120188,0.074178
111000,0.130516,0.074178
111100,0.114554,0.074178
111200,0.117371,0.074178
111300,0.129577,0.074178
111400,0.132394,0.074178
111500,0.124883,0.074178
111600,0.130516,0.074178
111700,0.121127,0.074178
111800,0.132394,0.074178
111900,0.127700,0.074178
112000,0.124883,0.074178
112100,0.123005,0.074178
112200,0.121127,0.074178
112300,0.137089,0.074178
112400,0.128638,0.074178
112500,0.145540,0.074178
112600,0.124883,0.074178
112700,0.119249,0.074178
112800,0.131455,0.074178
112900,0.135211,0.074178
113000,0.123005,0.074178
113100,0.123005,0.074178
113200,0.114554,0.074178
113300,0.103286,0.074178
113400,0.129577,0.074178
113500,0.131455,0.074178
113600,0.134272,0.074178
113700,0.131455,0.074178
113800,0.116432,0.074178
113900,0.098592,0.074178
114000,0.092019,0.074178
114100,0.110798,0.074178
114200,0.115493,0.074178
114300,0.121127,0.074178
114400,0.118310,0.074178
114500,0.120188,0.074178
114600,0.112676,0.074178
114700,0.133333,0.074178
114800,0.122066,0.074178
114900,0.125822,0.074178
115000,0.113615,0.074178
115100,0.136150,0.074178
115200,0.137089,0.074178
115300,0.129577,0.074178
115400,0.122066,0.074178
115500,0.130516,0.074178
115600,0.129577,0.074178
115700,0.123944,0.074178
115800,0.133333,0.074178
115900,0.131455,0.074178
116000,0.129577,0.074178
116100,0.134272,0.074178
116200,0.128638,0.074178
116300,0.141784,0.074178
116400,0.123005,0.074178
116500,0.109859,0.074178
116600,0.110798,0.074178
116700,0.117371,0.074178
116800,0.144601,0.074178
116900,0.114554,0.074178
117000,0.122066,0.074178
117100,0.122066,0.074178
117200,0.112676,0.074178
117300,0.130516,0.074178
117400,0.118310,0.074178
117500,0.125822,0.074178
117600,0.117371,0.074178
117700,0.121127,0.074178
117800,0.117371,0.074178
117900,0.115493,0.074178
118000,0.121127,0.074178
118100,0.100469,0.074178
118200,0.109859,0.074178
118300,0.109859,0.074178
118400,0.129577,0.074178
118500,0.139906,0.074178
118600,0.121127,0.074178
118700,0.123944,0.074178
118800,0.136150,0.074178
118900,0.117371,0.074178
119000,0.134272,0.074178
119100,0.142723,0.074178
119200,0.123005,0.074178
119300,0.123944,0.074178
119400,0.123944,0.074178
119500,0.115493,0.074178
119600,0.107981,0.074178
119700,0.102347,0.074178
119800,0.123005,0.074178
119900,0.118310,0.074178
120000,0.130516,0.074178
120100,0.134272,0.074178
120200,0.138967,0.074178
120300,0.131455,0.074178
120400,0.122066,0.074178
120500,0.113615,0.074178
120600,0.127700,0.074178
120700,0.128638,0.074178
120800,0.143662,0.074178
120900,0.136150,0.074178
121000,0.123944,0.074178
121100,0.138028,0.074178
121200,0.138028,0.074178
121300,0.129577,0.074178
121400,0.134272,0.074178
121500,0.124883,0.074178
121600,0.132394,0.074178
121700,0.142723,0.074178
121800,0.112676,0.074178
121900,0.119249,0.074178
122000,0.107042,0.074178
122100,0.127700,0.074178
122200,0.116432,0.074178
122300,0.109859,0.074178
122400,0.120188,0.074178
122500,0.116432,0.074178
122600,0.131455,0.074178
122700,0.122066,0.074178
122800,0.104225,0.074178
122900,0.112676,0.074178
123000,0.130516,0.074178
123100,0.126761,0.074178
123200,0.132394,0.074178
123300,0.150235,0.074178
123400,0.142723,0.074178
123500,0.119249,0.074178
123600,0.123944,0.074178
123700,0.123944,0.074178
123800,0.115493,0.074178
123900,0.135211,0.074178
124000,0.120188,0.074178
124100,0.130516,0.074178
124200,0.104225,0.074178
124300,0.123005,0.074178
124400,0.143662,0.074178
124500,0.125822,0.074178
124600,0.138967,0.074178
124700,0.131455,0.074178
124800,0.106103,0.074178
124900,0.121127,0.074178
125000,0.131455,0.074178
125100,0.140845,0.074178
125200,0.121127,0.074178
125300,0.115493,0.074178
125400,0.109859,0.074178
125500,0.118310,0.074178
125600,0.144601,0.074178
125700,0.123944,0.074178
125800,0.110798,0.074178
125900,0.108920,0.074178
126000,0.130516,0.074178
126100,0.141784,0.074178
126200,0.134272,0.074178
126300,0.144601,0.074178
126400,0.112676,0.074178
126500,0.102347,0.074178
126600,0.112676,0.074178
126700,0.121127,0.074178
126800,0.104225,0.074178
126900,0.120188,0.074178
127000,0.123944,0.074178
127100,0.125822,0.074178
127200,0.114554,0.074178
127300,0.107042,0.074178
127400,0.130516,0.074178
127500,0.114554,0.074178
127600,0.111737,0.074178
127700,0.139906,0.074178
127800,0.135211,0.074178
127900,0.139906,0.074178
128000,0.115493,0.074178
128100,0.121127,0.074178
128200,0.134272,0.074178
128300,0.120188,0.074178
128400,0.123944,0.074178
128500,0.117371,0.074178
128600,0.122066,0.074178
128700,0.131455,0.074178
128800,0.113615,0.074178
128900,0.105164,0.074178
129000,0.127700,0.074178
129100,0.134272,0.074178
129200,0.137089,0.074178
129300,0.132394,0.074178
129400,0.121127,0.074178
129500,0.120188,0.074178
129600,0.144601,0.074178
129700,0.136150,0.074178
129800,0.116432,0.074178
129900,0.112676,0.074178
130000,0.110798,0.074178
130100,0.132394,0.074178
130200,0.135211,0.074178
130300,0.134272,0.074178
130400,0.130516,0.074178
130500,0.135211,0.074178
130600,0.132394,0.074178
130700,0.134272,0.074178
130800,0.144601,0.074178
130900,0.143662,0.074178
131000,0.126761,0.074178
131100,0.143662,0.074178
131200,0.126761,0.074178
131300,0.129577,0.074178
131400,0.133333,0.074178
131500,0.122066,0.074178
131600,0.112676,0.074178
131700,0.115493,0.074178
131800,0.117371,0.074178
131900,0.110798,0.074178
132000,0.117371,0.074178
132100,0.127700,0.074178
132200,0.131455,0.074178
132300,0.131455,0.074178
132400,0.126761,0.074178
132500,0.122066,0.074178
132600,0.129577,0.074178
132700,0.124883,0.074178
132800,0.149296,0.074178
132900,0.125822,0.074178
133000,0.116432,0.074178
133100,0.122066,0.074178
133200,0.118310,0.074178
133300,0.135211,0.074178
133400,0.114554,0.074178
133500,0.131455,0.074178
133600,0.124883,0.074178
133700,0.115493,0.074178
133800,0.135211,0.074178
133900,0.133333,0.074178
134000,0.118310,0.074178
134100,0.119249,0.074178
134200,0.118310,0.074178
134300,0.113615,0.074178
134400,0.126761,0.074178
134500,0.138028,0.074178
134600,0.129577,0.074178
134700,0.108920,0.074178
134800,0.127700,0.074178
134900,0.117371,0.074178
135000,0.138967,0.074178
135100,0.123944,0.074178
135200,0.118310,0.074178
135300,0.105164,0.074178
135400,0.124883,0.074178
135500,0.138967,0.074178
135600,0.120188,0.074178
135700,0.112676,0.074178
135800,0.127700,0.074178
135900,0.117371,0.074178
136000,0.125822,0.074178
136100,0.118310,0.074178
136200,0.120188,0.074178
136300,0.139906,0.074178
136400,0.120188,0.074178
136500,0.138028,0.074178
136600,0.105164,0.074178
136700,0.098592,0.074178
136800,0.114554,0.074178
136900,0.118310,0.074178
137000,0.138967,0.074178
137100,0.139906,0.074178
137200,0.134272,0.074178
137300,0.128638,0.074178
137400,0.130516,0.074178
137500,0.129577,0.074178
137600,0.125822,0.074178
137700,0.120188,0.074178
137800,0.135211,0.074178
137900,0.124883,0.074178
138000,0.134272,0.074178
138100,0.123005,0.074178
138200,0.124883,0.074178
138300,0.130516,0.074178
138400,0.129577,0.074178
138500,0.129577,0.074178
138600,0.118310,0.074178
138700,0.139906,0.074178
138800,0.130516,0.074178
138900,0.112676,0.074178
139000,0.115493,0.074178
139100,0.110798,0.074178
139200,0.109859,0.074178
139300,0.105164,0.074178
139400,0.123944,0.074178
139500,0.131455,0.074178
139600,0.117371,0.074178
139700,0.132394,0.074178
139800,0.123005,0.074178
139900,0.124883,0.074178
140000,0.119249,0.074178
140100,0.127700,0.074178
140200,0.114554,0.074178
140300,0.117371,0.074178
140400,0.132394,0.074178
140500,0.129577,0.074178
140600,0.148357,0.074178
140700,0.139906,0.074178
140800,0.131455,0.074178
140900,0.121127,0.074178
141000,0.119249,0.074178
141100,0.134272,0.074178
141200,0.120188,0.074178
141300,0.131455,0.074178
141400,0.117371,0.074178
141500,0.104225,0.074178
141600,0.107981,0.074178
141700,0.132394,0.074178
141800,0.131455,0.074178
141900,0.123005,0.074178
142000,0.128638,0.074178
142100,0.113615,0.074178
142200,0.111737,0.074178
142300,0.119249,0.074178
142400,0.112676,0.074178
142500,0.107981,0.074178
142600,0.121127,0.074178
142700,0.130516,0.074178
142800,0.122066,0.074178
142900,0.137089,0.074178
143000,0.112676,0.074178
143100,0.127700,0.074178
143200,0.123944,0.074178
143300,0.133333,0.074178
143400,0.139906,0.074178
143500,0.138967,0.074178
143600,0.145540,0.074178
143700,0.131455,0.074178
143800,0.129577,0.074178
143900,0.125822,0.074178
144000,0.123005,0.074178
144100,0.110798,0.074178
144200,0.117371,0.074178
144300,0.135211,0.074178
144400,0.135211,0.074178
144500,0.137089,0.074178
144600,0.124883,0.074178
144700,0.103286,0.074178
144800,0.135211,0.074178
144900,0.116432,0.074178
145000,0.115493,0.074178
145100,0.126761,0.074178
145200,0.123944,0.074178
145300,0.135211,0.074178
145400,0.123944,0.074178
145500,0.126761,0.074178
145600,0.129577,0.074178
145700,0.128638,0.074178
145800,0.124883,0.074178
145900,0.107042,0.074178
146000,0.124883,0.074178
146100,0.126761,0.074178
146200,0.138028,0.074178
146300,0.132394,0.074178
146400,0.114554,0.074178
146500,0.119249,0.074178
146600,0.123005,0.074178
146700,0.139906,0.074178
146800,0.119249,0.074178
146900,0.143662,0.074178
147000,0.125822,0.074178
147100,0.112676,0.074178
147200,0.130516,0.074178
147300,0.123005,0.074178
147400,0.125822,0.074178
147500,0.123944,0.074178
147600,0.120188,0.074178
147700,0.142723,0.074178
147800,0.142723,0.074178
147900,0.124883,0.074178
148000,0.107981,0.074178
148100,0.112676,0.074178
148200,0.117371,0.074178
148300,0.138967,0.074178
148400,0.139906,0.074178
148500,0.114554,0.074178
148600,0.099531,0.074178
148700,0.105164,0.074178
148800,0.106103,0.074178
148900,0.134272,0.074178
149000,0.123944,0.074178
149100,0.108920,0.074178
149200,0.107981,0.074178
149300,0.096714,0.074178
149400,0.099531,0.074178
149500,0.104225,0.074178
149600,0.108920,0.074178
149700,0.121127,0.074178
149800,0.116432,0.074178
149900,0.114554,0.074178
150000,0.106103,0.074178
150100,0.117371,0.074178
150200,0.133333,0.074178
150300,0.118310,0.074178
150400,0.118310,0.074178
150500,0.121127,0.074178
150600,0.113615,0.074178
150700,0.124883,0.074178
150800,0.121127,0.074178
150900,0.101408,0.074178
151000,0.116432,0.074178
151100,0.104225,0.074178
151200,0.101408,0.074178
151300,0.109859,0.074178
151400,0.121127,0.074178
151500,0.116432,0.074178
151600,0.143662,0.074178
151700,0.125822,0.074178
151800,0.123005,0.074178
151900,0.115493,0.074178
152000,0.118310,0.074178
152100,0.095775,0.074178
152200,0.126761,0.074178
152300,0.138967,0.074178
152400,0.138967,0.074178
152500,0.120188,0.074178
152600,0.135211,0.074178
152700,0.132394,0.074178
152800,0.138028,0.074178
152900,0.130516,0.074178
153000,0.138028,0.074178
153100,0.144601,0.074178
153200,0.131455,0.074178
153300,0.147418,0.074178
153400,0.115493,0.074178
153500,0.119249,0.074178
153600,0.110798,0.074178
153700,0.124883,0.074178
153800,0.126761,0.074178
153900,0.121127,0.074178
154000,0.112676,0.074178
154100,0.124883,0.074178
154200,0.126761,0.074178
154300,0.119249,0.074178
154400,0.124883,0.074178
154500,0.127700,0.074178
154600,0.128638,0.074178
154700,0.123005,0.074178
154800,0.121127,0.074178
154900,0.122066,0.074178
155000,0.115493,0.074178
155100,0.114554,0.074178
155200,0.135211,0.074178
155300,0.143662,0.074178
155400,0.131455,0.074178
155500,0.135211,0.074178
155600,0.122066,0.074178
155700,0.128638,0.074178
155800,0.135211,0.074178
155900,0.088263,0.074178
156000,0.120188,0.074178
156100,0.138028,0.074178
156200,0.122066,0.074178
156300,0.129577,0.074178
156400,0.113615,0.074178
156500,0.099531,0.074178
156600,0.121127,0.074178
156700,0.139906,0.074178
156800,0.116432,0.074178
156900,0.132394,0.074178
157000,0.118310,0.074178
157100,0.128638,0.074178
157200,0.153052,0.074178
157300,0.146479,0.074178
157400,0.137089,0.074178
157500,0.113615,0.074178
157600,0.119249,0.074178
157700,0.128638,0.074178
157800,0.136150,0.074178
157900,0.127700,0.074178
158000,0.124883,0.074178
158100,0.131455,0.074178
158200,0.131455,0.074178
158300,0.124883,0.074178
158400,0.121127,0.074178
158500,0.114554,0.074178
158600,0.110798,0.074178
158700,0.115493,0.074178
158800,0.109859,0.074178
158900,0.124883,0.074178
159000,0.121127,0.074178
159100,0.142723,0.074178
159200,0.128638,0.074178
159300,0.124883,0.074178
159400,0.107042,0.074178
159500,0.132394,0.074178
159600,0.123944,0.074178
159700,0.112676,0.074178
159800,0.122066,0.074178
159900,0.130516,0.074178
160000,0.113615,0.074178
160100,0.117371,0.074178
160200,0.132394,0.074178
160300,0.111737,0.074178
160400,0.130516,0.074178
160500,0.119249,0.074178
160600,0.111737,0.074178
160700,0.108920,0.074178
160800,0.134272,0.074178
160900,0.125822,0.074178
161000,0.140845,0.074178
161100,0.118310,0.074178
161200,0.128638,0.074178
161300,0.136150,0.074178
161400,0.126761,0.074178
161500,0.123005,0.074178
161600,0.127700,0.074178
161700,0.121127,0.074178
161800,0.110798,0.074178
161900,0.118310,0.074178
162000,0.133333,0.074178
162100,0.116432,0.074178
162200,0.112676,0.074178
162300,0.112676,0.074178
162400,0.128638,0.074178
162500,0.138967,0.074178
162600,0.127700,0.074178
162700,0.127700,0.074178
162800,0.136150,0.074178
162900,0.139906,0.074178
163000,0.127700,0.074178
163100,0.123944,0.074178
163200,0.124883,0.074178
163300,0.122066,0.074178
163400,0.115493,0.074178
163500,0.131455,0.074178
163600,0.108920,0.074178
163700,0.116432,0.074178
163800,0.136150,0.074178
163900,0.120188,0.074178
164000,0.108920,0.074178
164100,0.101408,0.074178
164200,0.111737,0.074178
164300,0.107042,0.074178
164400,0.125822,0.074178
164500,0.117371,0.074178
164600,0.109859,0.074178
164700,0.115493,0.074178
164800,0.127700,0.074178
164900,0.111737,0.074178
165000,0.139906,0.074178
165100,0.128638,0.074178
165200,0.113615,0.074178
165300,0.136150,0.074178
165400,0.123944,0.074178
165500,0.110798,0.074178
165600,0.121127,0.074178
165700,0.138028,0.074178
165800,0.123944,0.074178
165900,0.107981,0.074178
166000,0.118310,0.074178
166100,0.126761,0.074178
166200,0.123005,0.074178
166300,0.105164,0.074178
166400,0.123005,0.074178
166500,0.113615,0.074178
166600,0.132394,0.074178
166700,0.127700,0.074178
166800,0.129577,0.074178
166900,0.133333,0.074178
167000,0.130516,0.074178
167100,0.111737,0.074178
167200,0.118310,0.074178
167300,0.117371,0.074178
167400,0.122066,0.074178
167500,0.122066,0.074178
167600,0.131455,0.074178
167700,0.115493,0.074178
167800,0.133333,0.074178
167900,0.146479,0.074178
168000,0.122066,0.074178
168100,0.125822,0.074178
168200,0.114554,0.074178
168300,0.131455,0.074178
168400,0.120188,0.074178
168500,0.120188,0.074178
168600,0.133333,0.074178
168700,0.111737,0.074178
168800,0.099531,0.074178
168900,0.108920,0.074178
169000,0.113615,0.074178
169100,0.111737,0.074178
169200,0.108920,0.074178
169300,0.107042,0.074178
169400,0.123944,0.074178
169500,0.135211,0.074178
169600,0.127700,0.074178
169700,0.117371,0.074178
169800,0.123005,0.074178
169900,0.131455,0.074178
170000,0.129577,0.074178
170100,0.140845,0.074178
170200,0.124883,0.074178
170300,0.097653,0.074178
170400,0.108920,0.074178
170500,0.123005,0.074178
170600,0.123944,0.074178
170700,0.124883,0.074178
170800,0.114554,0.074178
170900,0.126761,0.074178
171000,0.123944,0.074178
171100,0.122066,0.074178
171200,0.139906,0.074178
171300,0.123944,0.074178
171400,0.133333,0.074178
171500,0.152113,0.074178
171600,0.133333,0.074178
171700,0.134272,0.074178
171800,0.124883,0.074178
171900,0.123944,0.074178
172000,0.132394,0.074178
172100,0.132394,0.074178
172200,0.109859,0.074178
172300,0.124883,0.074178
172400,0.129577,0.074178
172500,0.133333,0.074178
172600,0.107981,0.074178
172700,0.113615,0.074178
172800,0.119249,0.074178
172900,0.109859,0.074178
173000,0.111737,0.074178
173100,0.103286,0.074178
173200,0.124883,0.074178
173300,0.127700,0.074178
173400,0.121127,0.074178
173500,0.117371,0.074178
173600,0.128638,0.074178
173700,0.112676,0.074178
173800,0.107981,0.074178
173900,0.130516,0.074178
174000,0.114554,0.074178
174100,0.125822,0.074178
174200,0.121127,0.074178
174300,0.119249,0.074178
174400,0.107042,0.074178
174500,0.128638,0.074178
174600,0.126761,0.074178
174700,0.118310,0.074178
174800,0.122066,0.074178
174900,0.128638,0.074178
175000,0.116432,0.074178
175100,0.120188,0.074178
175200,0.107042,0.074178
175300,0.123005,0.074178
175400,0.111737,0.074178
175500,0.116432,0.074178
175600,0.110798,0.074178
175700,0.109859,0.074178
175800,0.118310,0.074178
175900,0.139906,0.074178
176000,0.135211,0.074178
176100,0.126761,0.074178
176200,0.130516,0.074178
176300,0.118310,0.074178
176400,0.149296,0.074178
176500,0.122066,0.074178
176600,0.133333,0.074178
176700,0.107042,0.074178
176800,0.125822,0.074178
176900,0.138967,0.074178
177000,0.140845,0.074178
177100,0.137089,0.074178
177200,0.141784,0.074178
177300,0.122066,0.074178
177400,0.128638,0.074178
177500,0.109859,0.074178
177600,0.117371,0.074178
177700,0.116432,0.074178
177800,0.110798,0.074178
177900,0.119249,0.074178
178000,0.120188,0.074178
178100,0.122066,0.074178
178200,0.112676,0.074178
178300,0.134272,0.074178
178400,0.133333,0.074178
178500,0.115493,0.074178
178600,0.140845,0.074178
178700,0.128638,0.074178
178800,0.134272,0.074178
178900,0.131455,0.074178
179000,0.116432,0.074178
179100,0.108920,0.074178
179200,0.123944,0.074178
179300,0.112676,0.074178
179400,0.120188,0.074178
179500,0.128638,0.074178
179600,0.113615,0.074178
179700,0.122066,0.074178
179800,0.133333,0.074178
179900,0.138028,0.074178
180000,0.127700,0.074178
180100,0.124883,0.074178
180200,0.123944,0.074178
180300,0.118310,0.074178
180400,0.108920,0.074178
180500,0.123944,0.074178
180600,0.125822,0.074178
180700,0.128638,0.074178
180800,0.131455,0.074178
180900,0.122066,0.074178
181000,0.111737,0.074178
181100,0.132394,0.074178
181200,0.129577,0.074178
181300,0.138028,0.074178
181400,0.138967,0.074178
181500,0.151174,0.074178
181600,0.141784,0.074178
181700,0.118310,0.074178
181800,0.107981,0.074178
181900,0.123005,0.074178
182000,0.114554,0.074178
182100,0.123944,0.074178
182200,0.138028,0.074178
182300,0.131455,0.074178
182400,0.137089,0.074178
182500,0.128638,0.074178
182600,0.115493,0.074178
182700,0.099531,0.074178
182800,0.129577,0.074178
182900,0.122066,0.074178
183000,0.125822,0.074178
183100,0.117371,0.074178
183200,0.130516,0.074178
183300,0.125822,0.074178
183400,0.123005,0.074178
183500,0.138028,0.074178
183600,0.131455,0.074178
183700,0.114554,0.074178
183800,0.131455,0.074178
183900,0.119249,0.074178
184000,0.122066,0.074178
184100,0.120188,0.074178
184200,0.133333,0.074178
184300,0.122066,0.074178
184400,0.114554,0.074178
184500,0.117371,0.074178
184600,0.109859,0.074178
184700,0.122066,0.074178
184800,0.131455,0.074178
184900,0.133333,0.074178
185000,0.118310,0.074178
185100,0.112676,0.074178
185200,0.124883,0.074178
185300,0.119249,0.074178
185400,0.103286,0.074178
185500,0.107042,0.074178
185600,0.114554,0.074178
185700,0.133333,0.074178
185800,0.119249,0.074178
185900,0.127700,0.074178
186000,0.152113,0.074178
186100,0.151174,0.074178
186200,0.120188,0.074178
186300,0.126761,0.074178
186400,0.113615,0.074178
186500,0.128638,0.074178
186600,0.120188,0.074178
186700,0.133333,0.074178
186800,0.138967,0.074178
186900,0.121127,0.074178
187000,0.129577,0.074178
187100,0.129577,0.074178
187200,0.120188,0.074178
187300,0.116432,0.074178
187400,0.109859,0.074178
187500,0.125822,0.074178
187600,0.119249,0.074178
187700,0.095775,0.074178
187800,0.112676,0.074178
187900,0.133333,0.074178
188000,0.106103,0.074178
188100,0.106103,0.074178
188200,0.124883,0.074178
188300,0.108920,0.074178
188400,0.122066,0.074178
188500,0.123944,0.074178
188600,0.129577,0.074178
188700,0.121127,0.074178
188800,0.122066,0.074178
188900,0.122066,0.074178
189000,0.105164,0.074178
189100,0.116432,0.074178
189200,0.109859,0.074178
189300,0.116432,0.074178
189400,0.137089,0.074178
189500,0.139906,0.074178
189600,0.117371,0.074178
189700,0.127700,0.074178
189800,0.117371,0.074178
189900,0.093897,0.074178
190000,0.120188,0.074178
190100,0.117371,0.074178
190200,0.125822,0.074178
190300,0.123005,0.074178
190400,0.124883,0.074178
190500,0.126761,0.074178
190600,0.146479,0.074178
190700,0.143662,0.074178
190800,0.143662,0.074178
190900,0.130516,0.074178
191000,0.122066,0.074178
191100,0.122066,0.074178
191200,0.109859,0.074178
191300,0.127700,0.074178
191400,0.120188,0.074178
191500,0.115493,0.074178
191600,0.110798,0.074178
191700,0.110798,0.074178
191800,0.134272,0.074178
191900,0.123944,0.074178
192000,0.105164,0.074178
192100,0.138967,0.074178
192200,0.138028,0.074178
192300,0.115493,0.074178
192400,0.114554,0.074178
192500,0.131455,0.074178
192600,0.132394,0.074178
192700,0.137089,0.074178
192800,0.125822,0.074178
192900,0.119249,0.074178
193000,0.136150,0.074178
193100,0.129577,0.074178
193200,0.136150,0.074178
193300,0.120188,0.074178
193400,0.119249,0.074178
193500,0.142723,0.074178
193600,0.131455,0.074178
193700,0.121127,0.074178
193800,0.117371,0.074178
193900,0.117371,0.074178
194000,0.121127,0.074178
194100,0.135211,0.074178
194200,0.125822,0.074178
194300,0.107981,0.074178
194400,0.134272,0.074178
194500,0.140845,0.074178
194600,0.135211,0.074178
194700,0.115493,0.074178
194800,0.116432,0.074178
194900,0.119249,0.074178
195000,0.118310,0.074178
195100,0.121127,0.074178
195200,0.128638,0.074178
195300,0.112676,0.074178
195400,0.087324,0.074178
195500,0.120188,0.074178
195600,0.123944,0.074178
195700,0.128638,0.074178
195800,0.124883,0.074178
195900,0.114554,0.074178
196000,0.112676,0.074178
196100,0.116432,0.074178
196200,0.128638,0.074178
196300,0.134272,0.074178
196400,0.118310,0.074178
196500,0.125822,0.074178
196600,0.133333,0.074178
196700,0.123005,0.074178
196800,0.115493,0.074178
196900,0.117371,0.074178
197000,0.131455,0.074178
197100,0.132394,0.074178
197200,0.120188,0.074178
197300,0.107042,0.074178
197400,0.116432,0.074178
197500,0.129577,0.074178
197600,0.127700,0.074178
197700,0.128638,0.074178
197800,0.116432,0.074178
197900,0.098592,0.074178
198000,0.121127,0.074178
198100,0.115493,0.074178
198200,0.126761,0.074178
198300,0.135211,0.074178
198400,0.134272,0.074178
198500,0.131455,0.074178
198600,0.128638,0.074178
198700,0.118310,0.074178
198800,0.108920,0.074178
198900,0.118310,0.074178
199000,0.129577,0.074178
199100,0.119249,0.074178
199200,0.123005,0.074178
199300,0.123005,0.074178
199400,0.115493,0.074178
199500,0.122066,0.074178
199600,0.140845,0.074178
199700,0.131455,0.074178
199800,0.130516,0.074178
199900,0.109859,0.074178
200000,0.125822,0.074178
200100,0.140845,0.074178
200200,0.115493,0.074178
200300,0.122066,0.074178
200400,0.118310,0.074178
200500,0.114554,0.074178
200600,0.107042,0.074178
200700,0.126761,0.074178
200800,0.108920,0.074178
200900,0.121127,0.074178
201000,0.121127,0.074178
201100,0.114554,0.074178
201200,0.120188,0.074178
201300,0.138028,0.074178
201400,0.131455,0.074178
201500,0.127700,0.074178
201600,0.138967,0.074178
201700,0.116432,0.074178
201800,0.107042,0.074178
201900,0.119249,0.074178
202000,0.117371,0.074178
202100,0.108920,0.074178
202200,0.132394,0.074178
202300,0.130516,0.074178
202400,0.122066,0.074178
202500,0.113615,0.074178
202600,0.127700,0.074178
202700,0.118310,0.074178
202800,0.108920,0.074178
202900,0.120188,0.074178
203000,0.118310,0.074178
203100,0.131455,0.074178
203200,0.111737,0.074178
203300,0.123005,0.074178
203400,0.123005,0.074178
203500,0.117371,0.074178
203600,0.120188,0.074178
203700,0.125822,0.074178
203800,0.133333,0.074178
203900,0.136150,0.074178
204000,0.136150,0.074178
204100,0.106103,0.074178
204200,0.132394,0.074178
204300,0.132394,0.074178
204400,0.133333,0.074178
204500,0.138967,0.074178
204600,0.131455,0.074178
204700,0.138967,0.074178
204800,0.131455,0.074178
204900,0.133333,0.074178
205000,0.133333,0.074178
205100,0.115493,0.074178
205200,0.102347,0.074178
205300,0.116432,0.074178
205400,0.110798,0.074178
205500,0.120188,0.074178
205600,0.127700,0.074178
205700,0.122066,0.074178
205800,0.106103,0.074178
205900,0.126761,0.074178
206000,0.132394,0.074178
206100,0.119249,0.074178
206200,0.110798,0.074178
206300,0.118310,0.074178
206400,0.145540,0.074178
206500,0.132394,0.074178
206600,0.134272,0.074178
206700,0.129577,0.074178
206800,0.135211,0.074178
206900,0.123005,0.074178
207000,0.119249,0.074178
207100,0.129577,0.074178
207200,0.131455,0.074178
207300,0.138028,0.074178
207400,0.141784,0.074178
207500,0.130516,0.074178
207600,0.132394,0.074178
207700,0.122066,0.074178
207800,0.138028,0.074178
207900,0.120188,0.074178
208000,0.117371,0.074178
208100,0.106103,0.074178
208200,0.105164,0.074178
208300,0.110798,0.074178
208400,0.108920,0.074178
208500,0.104225,0.074178
208600,0.136150,0.074178
208700,0.131455,0.074178
208800,0.134272,0.074178
208900,0.129577,0.074178
209000,0.112676,0.074178
209100,0.110798,0.074178
209200,0.126761,0.074178
209300,0.133333,0.074178
209400,0.139906,0.074178
209500,0.123005,0.074178
209600,0.127700,0.074178
209700,0.118310,0.074178
209800,0.129577,0.074178
209900,0.118310,0.074178
210000,0.126761,0.074178
210100,0.116432,0.074178
210200,0.115493,0.074178
210300,0.139906,0.074178
210400,0.124883,0.074178
210500,0.131455,0.074178
210600,0.109859,0.074178
210700,0.125822,0.074178
210800,0.135211,0.074178
210900,0.123944,0.074178
211000,0.132394,0.074178
211100,0.123944,0.074178
211200,0.136150,0.074178
211300,0.126761,0.074178
211400,0.131455,0.074178
211500,0.123944,0.074178
211600,0.124883,0.074178
211700,0.103286,0.074178
211800,0.098592,0.074178
211900,0.106103,0.074178
212000,0.132394,0.074178
212100,0.118310,0.074178
212200,0.125822,0.074178
212300,0.129577,0.074178
212400,0.125822,0.074178
212500,0.137089,0.074178
212600,0.123005,0.074178
212700,0.107981,0.074178
212800,0.123005,0.074178
212900,0.123944,0.074178
213000,0.119249,0.074178
213100,0.141784,0.074178
213200,0.126761,0.074178
213300,0.126761,0.074178
213400,0.130516,0.074178
213500,0.139906,0.074178
213600,0.123944,0.074178
213700,0.116432,0.074178
213800,0.135211,0.074178
213900,0.138967,0.074178
214000,0.112676,0.074178
214100,0.126761,0.074178
214200,0.121127,0.074178
214300,0.123005,0.074178
214400,0.111737,0.074178
214500,0.128638,0.074178
214600,0.129577,0.074178
214700,0.117371,0.074178
214800,0.125822,0.074178
214900,0.122066,0.074178
215000,0.139906,0.074178
215100,0.138967,0.074178
215200,0.117371,0.074178
215300,0.126761,0.074178
215400,0.112676,0.074178
215500,0.128638,0.074178
215600,0.132394,0.074178
215700,0.121127,0.074178
215800,0.110798,0.074178
215900,0.113615,0.074178
216000,0.129577,0.074178
216100,0.134272,0.074178
216200,0.136150,0.074178
216300,0.134272,0.074178
216400,0.117371,0.074178
216500,0.125822,0.074178
216600,0.119249,0.074178
216700,0.118310,0.074178
216800,0.118310,0.074178
216900,0.116432,0.074178
217000,0.115493,0.074178
217100,0.127700,0.074178
217200,0.123005,0.074178
217300,0.138028,0.074178
217400,0.141784,0.074178
217500,0.138028,0.074178
217600,0.114554,0.074178
217700,0.120188,0.074178
217800,0.109859,0.074178
217900,0.111737,0.074178
218000,0.102347,0.074178
218100,0.117371,0.074178
218200,0.130516,0.074178
218300,0.120188,0.074178
218400,0.116432,0.074178
218500,0.128638,0.074178
218600,0.125822,0.074178
218700,0.122066,0.074178
218800,0.116432,0.074178
218900,0.137089,0.074178
219000,0.126761,0.074178
219100,0.136150,0.074178
219200,0.128638,0.074178
219300,0.136150,0.074178
219400,0.118310,0.074178
219500,0.112676,0.074178
219600,0.124883,0.074178
219700,0.132394,0.074178
219800,0.125822,0.074178
219900,0.124883,0.074178
220000,0.119249,0.074178
220100,0.119249,0.074178
220200,0.140845,0.074178
220300,0.132394,0.074178
220400,0.123944,0.074178
220500,0.126761,0.074178
220600,0.125822,0.074178
220700,0.108920,0.074178
220800,0.105164,0.074178
220900,0.111737,0.074178
221000,0.114554,0.074178
221100,0.108920,0.074178
221200,0.119249,0.074178
221300,0.133333,0.074178
221400,0.131455,0.074178
221500,0.123005,0.074178
221600,0.119249,0.074178
221700,0.122066,0.074178
221800,0.134272,0.074178
221900,0.123005,0.074178
222000,0.123944,0.074178
222100,0.129577,0.074178
222200,0.111737,0.074178
222300,0.114554,0.074178
222400,0.118310,0.074178
222500,0.122066,0.074178
222600,0.126761,0.074178
222700,0.123005,0.074178
222800,0.126761,0.074178
222900,0.121127,0.074178
223000,0.132394,0.074178
223100,0.123005,0.074178
223200,0.111737,0.074178
223300,0.117371,0.074178
223400,0.118310,0.074178
223500,0.119249,0.074178
223600,0.130516,0.074178
223700,0.137089,0.074178
223800,0.131455,0.074178
223900,0.135211,0.074178
224000,0.145540,0.074178
224100,0.128638,0.074178
224200,0.113615,0.074178
224300,0.122066,0.074178
224400,0.119249,0.074178
224500,0.131455,0.074178
224600,0.123944,0.074178
224700,0.117371,0.074178
224800,0.131455,0.074178
224900,0.123005,0.074178
225000,0.123944,0.074178
225100,0.148357,0.074178
225200,0.137089,0.074178
225300,0.129577,0.074178
225400,0.121127,0.074178
225500,0.132394,0.074178
225600,0.120188,0.074178
225700,0.116432,0.074178
225800,0.111737,0.074178
225900,0.131455,0.074178
226000,0.129577,0.074178
226100,0.128638,0.074178
226200,0.122066,0.074178
226300,0.134272,0.074178
226400,0.116432,0.074178
226500,0.120188,0.074178
226600,0.121127,0.074178
226700,0.135211,0.074178
226800,0.130516,0.074178
226900,0.122066,0.074178
227000,0.134272,0.074178
227100,0.121127,0.074178
227200,0.138028,0.074178
227300,0.118310,0.074178
227400,0.112676,0.074178
227500,0.120188,0.074178
227600,0.116432,0.074178
227700,0.114554,0.074178
227800,0.129577,0.074178
227900,0.110798,0.074178
228000,0.125822,0.074178
228100,0.119249,0.074178
228200,0.125822,0.074178
228300,0.111737,0.074178
228400,0.135211,0.074178
228500,0.123944,0.074178
228600,0.120188,0.074178
228700,0.103286,0.074178
228800,0.107042,0.074178
228900,0.106103,0.074178
229000,0.110798,0.074178
229100,0.113615,0.074178
229200,0.109859,0.074178
229300,0.108920,0.074178
229400,0.112676,0.074178
229500,0.125822,0.074178
229600,0.123005,0.074178
229700,0.115493,0.074178
229800,0.109859,0.074178
229900,0.140845,0.074178
230000,0.137089,0.074178
230100,0.123944,0.074178
230200,0.124883,0.074178
230300,0.129577,0.074178
230400,0.111737,0.074178
230500,0.125822,0.074178
230600,0.133333,0.074178
230700,0.123005,0.074178
230800,0.131455,0.074178
230900,0.123944,0.074178
231000,0.137089,0.074178
231100,0.125822,0.074178
231200,0.132394,0.074178
231300,0.117371,0.074178
231400,0.108920,0.074178
231500,0.116432,0.074178
231600,0.126761,0.074178
231700,0.119249,0.074178
231800,0.117371,0.074178
231900,0.104225,0.074178
232000,0.101408,0.074178
232100,0.111737,0.074178
232200,0.130516,0.074178
232300,0.123944,0.074178
232400,0.121127,0.074178
232500,0.138028,0.074178
232600,0.150235,0.074178
232700,0.140845,0.074178
232800,0.121127,0.074178
232900,0.121127,0.074178
233000,0.128638,0.074178
233100,0.139906,0.074178
233200,0.119249,0.074178
233300,0.126761,0.074178
233400,0.121127,0.074178
233500,0.123005,0.074178
233600,0.136150,0.074178
233700,0.127700,0.074178
233800,0.125822,0.074178
233900,0.117371,0.074178
234000,0.126761,0.074178
234100,0.122066,0.074178
234200,0.135211,0.074178
234300,0.112676,0.074178
234400,0.098592,0.074178
234500,0.110798,0.074178
234600,0.107042,0.074178
234700,0.128638,0.074178
234800,0.136150,0.074178
234900,0.137089,0.074178
235000,0.120188,0.074178
235100,0.135211,0.074178
235200,0.129577,0.074178
235300,0.123005,0.074178
235400,0.122066,0.074178
235500,0.123005,0.074178
235600,0.115493,0.074178
235700,0.124883,0.074178
235800,0.125822,0.074178
235900,0.107981,0.074178
236000,0.141784,0.074178
236100,0.127700,0.074178
236200,0.141784,0.074178
236300,0.127700,0.074178
236400,0.130516,0.074178
236500,0.130516,0.074178
236600,0.122066,0.074178
236700,0.133333,0.074178
236800,0.123005,0.074178
236900,0.116432,0.074178
237000,0.127700,0.074178
237100,0.109859,0.074178
237200,0.123944,0.074178
237300,0.126761,0.074178
237400,0.149296,0.074178
237500,0.122066,0.074178
237600,0.123005,0.074178
237700,0.115493,0.074178
237800,0.129577,0.074178
237900,0.127700,0.074178
238000,0.128638,0.074178
238100,0.123944,0.074178
238200,0.134272,0.074178
238300,0.124883,0.074178
238400,0.114554,0.074178
238500,0.101408,0.074178
238600,0.102347,0.074178
238700,0.113615,0.074178
238800,0.097653,0.074178
238900,0.105164,0.074178
239000,0.109859,0.074178
239100,0.120188,0.074178
239200,0.123005,0.074178
239300,0.113615,0.074178
239400,0.128638,0.074178
239500,0.143662,0.074178
239600,0.119249,0.074178
239700,0.118310,0.074178
239800,0.125822,0.074178
239900,0.121127,0.074178
240000,0.134272,0.074178
240100,0.132394,0.074178
240200,0.122066,0.074178
240300,0.132394,0.074178
240400,0.134272,0.074178
240500,0.125822,0.074178
240600,0.124883,0.074178
240700,0.123944,0.074178
240800,0.138028,0.074178
240900,0.126761,0.074178
241000,0.141784,0.074178
241100,0.138967,0.074178
241200,0.147418,0.074178
241300,0.138967,0.074178
241400,0.135211,0.074178
241500,0.121127,0.074178
241600,0.126761,0.074178
241700,0.114554,0.074178
241800,0.126761,0.074178
241900,0.147418,0.074178
242000,0.149296,0.074178
242100,0.123005,0.074178
242200,0.133333,0.074178
242300,0.125822,0.074178
242400,0.130516,0.074178
242500,0.156808,0.074178
242600,0.116432,0.074178
242700,0.130516,0.074178
242800,0.127700,0.074178
242900,0.122066,0.074178
243000,0.113615,0.074178
243100,0.127700,0.074178
243200,0.132394,0.074178
243300,0.117371,0.074178
243400,0.124883,0.074178
243500,0.108920,0.074178
243600,0.107981,0.074178
243700,0.118310,0.074178
243800,0.123944,0.074178
243900,0.114554,0.074178
244000,0.119249,0.074178
244100,0.133333,0.074178
244200,0.128638,0.074178
244300,0.120188,0.074178
244400,0.136150,0.074178
244500,0.109859,0.074178
244600,0.142723,0.074178
244700,0.127700,0.074178
244800,0.138967,0.074178
244900,0.108920,0.074178
245000,0.140845,0.074178
245100,0.118310,0.074178
245200,0.107042,0.074178
245300,0.129577,0.074178
245400,0.133333,0.074178
245500,0.129577,0.074178
245600,0.117371,0.074178
245700,0.131455,0.074178
245800,0.121127,0.074178
245900,0.142723,0.074178
246000,0.111737,0.074178
246100,0.123005,0.074178
246200,0.131455,0.074178
246300,0.123944,0.074178
246400,0.137089,0.074178
246500,0.110798,0.074178
246600,0.133333,0.074178
246700,0.121127,0.074178
246800,0.117371,0.074178
246900,0.094836,0.074178
247000,0.116432,0.074178
247100,0.136150,0.074178
247200,0.111737,0.074178
247300,0.127700,0.074178
247400,0.105164,0.074178
247500,0.124883,0.074178
247600,0.126761,0.074178
247700,0.132394,0.074178
247800,0.119249,0.074178
247900,0.123944,0.074178
248000,0.128638,0.074178
248100,0.111737,0.074178
248200,0.117371,0.074178
248300,0.131455,0.074178
248400,0.138967,0.074178
248500,0.127700,0.074178
248600,0.134272,0.074178
248700,0.115493,0.074178
248800,0.123005,0.074178
248900,0.111737,0.074178
249000,0.115493,0.074178
249100,0.123005,0.074178
249200,0.138967,0.074178
249300,0.115493,0.074178
249400,0.109859,0.074178
249500,0.111737,0.074178
249600,0.117371,0.074178
249700,0.136150,0.074178
249800,0.105164,0.074178
249900,0.111737,0.074178
250000,0.133333,0.074178
250100,0.138967,0.074178
250200,0.115493,0.074178
250300,0.105164,0.074178
250400,0.127700,0.074178
250500,0.124883,0.074178
250600,0.146479,0.074178
250700,0.130516,0.074178
250800,0.142723,0.074178
250900,0.121127,0.074178
251000,0.139906,0.074178
251100,0.133333,0.074178
251200,0.124883,0.074178
251300,0.123005,0.074178
251400,0.130516,0.074178
251500,0.139906,0.074178
251600,0.138028,0.074178
251700,0.131455,0.074178
251800,0.115493,0.074178
251900,0.126761,0.074178
252000,0.116432,0.074178
252100,0.107042,0.074178
252200,0.112676,0.074178
252300,0.135211,0.074178
252400,0.130516,0.074178
252500,0.124883,0.074178
252600,0.134272,0.074178
252700,0.138028,0.074178
252800,0.123005,0.074178
252900,0.135211,0.074178
253000,0.114554,0.074178
253100,0.131455,0.074178
253200,0.141784,0.074178
253300,0.128638,0.074178
253400,0.140845,0.074178
253500,0.125822,0.074178
253600,0.107981,0.074178
253700,0.111737,0.074178
253800,0.108920,0.074178
253900,0.110798,0.074178
254000,0.123005,0.074178
254100,0.120188,0.074178
254200,0.127700,0.074178
254300,0.125822,0.074178
254400,0.128638,0.074178
254500,0.119249,0.074178
254600,0.107981,0.074178
254700,0.120188,0.074178
254800,0.120188,0.074178
254900,0.117371,0.074178
255000,0.118310,0.074178
255100,0.142723,0.074178
255200,0.131455,0.074178
255300,0.123005,0.074178
255400,0.122066,0.074178
255500,0.112676,0.074178
255600,0.113615,0.074178
255700,0.107042,0.074178
255800,0.119249,0.074178
255900,0.123944,0.074178
256000,0.124883,0.074178
256100,0.108920,0.074178
256200,0.144601,0.074178
256300,0.139906,0.074178
256400,0.144601,0.074178
256500,0.113615,0.074178
256600,0.127700,0.074178
256700,0.117371,0.074178
256800,0.130516,0.074178
256900,0.121127,0.074178
257000,0.139906,0.074178
257100,0.119249,0.074178
257200,0.136150,0.074178
257300,0.128638,0.074178
257400,0.108920,0.074178
257500,0.117371,0.074178
257600,0.115493,0.074178
257700,0.120188,0.074178
257800,0.127700,0.074178
257900,0.120188,0.074178
258000,0.132394,0.074178
258100,0.128638,0.074178
258200,0.105164,0.074178
258300,0.121127,0.074178
258400,0.108920,0.074178
258500,0.127700,0.074178
258600,0.135211,0.074178
258700,0.130516,0.074178
258800,0.110798,0.074178
258900,0.124883,0.074178
259000,0.126761,0.074178
259100,0.124883,0.074178
259200,0.121127,0.074178
259300,0.131455,0.074178
259400,0.138028,0.074178
259500,0.100469,0.074178
259600,0.123005,0.074178
259700,0.134272,0.074178
259800,0.122066,0.074178
259900,0.102347,0.074178
260000,0.131455,0.074178
260100,0.114554,0.074178
260200,0.131455,0.074178
260300,0.127700,0.074178
260400,0.127700,0.074178
260500,0.127700,0.074178
260600,0.121127,0.074178
260700,0.132394,0.074178
260800,0.128638,0.074178
260900,0.138028,0.074178
261000,0.120188,0.074178
261100,0.119249,0.074178
261200,0.121127,0.074178
261300,0.123944,0.074178
261400,0.111737,0.074178
261500,0.137089,0.074178
261600,0.128638,0.074178
261700,0.123944,0.074178
261800,0.107981,0.074178
261900,0.126761,0.074178
262000,0.108920,0.074178
262100,0.124883,0.074178
262200,0.123944,0.074178
262300,0.123944,0.074178
262400,0.118310,0.074178
262500,0.126761,0.074178
262600,0.129577,0.074178
262700,0.104225,0.074178
262800,0.117371,0.074178
262900,0.121127,0.074178
263000,0.128638,0.074178
263100,0.141784,0.074178
263200,0.127700,0.074178
263300,0.119249,0.074178
263400,0.126761,0.074178
263500,0.127700,0.074178
263600,0.100469,0.074178
263700,0.130516,0.074178
263800,0.124883,0.074178
263900,0.130516,0.074178
264000,0.130516,0.074178
264100,0.148357,0.074178
264200,0.137089,0.074178
264300,0.134272,0.074178
264400,0.143662,0.074178
264500,0.140845,0.074178
264600,0.130516,0.074178
264700,0.129577,0.074178
264800,0.144601,0.074178
264900,0.142723,0.074178
265000,0.118310,0.074178
265100,0.136150,0.074178
265200,0.136150,0.074178
265300,0.119249,0.074178
265400,0.116432,0.074178
265500,0.107042,0.074178
265600,0.115493,0.074178
265700,0.113615,0.074178
265800,0.125822,0.074178
265900,0.137089,0.074178
266000,0.123944,0.074178
266100,0.121127,0.074178
266200,0.128638,0.074178
266300,0.108920,0.074178
266400,0.118310,0.074178
266500,0.120188,0.074178
266600,0.131455,0.074178
266700,0.129577,0.074178
266800,0.127700,0.074178
266900,0.139906,0.074178
267000,0.109859,0.074178
267100,0.126761,0.074178
267200,0.141784,0.074178
267300,0.119249,0.074178
267400,0.131455,0.074178
267500,0.134272,0.074178
267600,0.123005,0.074178
267700,0.112676,0.074178
267800,0.123005,0.074178
267900,0.121127,0.074178
268000,0.143662,0.074178
268100,0.132394,0.074178
268200,0.130516,0.074178
268300,0.117371,0.074178
268400,0.123005,0.074178
268500,0.130516,0.074178
268600,0.128638,0.074178
268700,0.115493,0.074178
268800,0.117371,0.074178
268900,0.123005,0.074178
269000,0.137089,0.074178
269100,0.137089,0.074178
269200,0.124883,0.074178
269300,0.133333,0.074178
269400,0.123944,0.074178
269500,0.130516,0.074178
269600,0.116432,0.074178
269700,0.118310,0.074178
269800,0.126761,0.074178
269900,0.118310,0.074178
270000,0.124883,0.074178
270100,0.112676,0.074178
270200,0.131455,0.074178
270300,0.132394,0.074178
270400,0.123944,0.074178
270500,0.119249,0.074178
270600,0.130516,0.074178
270700,0.117371,0.074178
270800,0.132394,0.074178
270900,0.137089,0.074178
271000,0.109859,0.074178
271100,0.125822,0.074178
271200,0.134272,0.074178
271300,0.154930,0.074178
271400,0.126761,0.074178
271500,0.133333,0.074178
271600,0.132394,0.074178
271700,0.130516,0.074178
271800,0.136150,0.074178
271900,0.110798,0.074178
272000,0.123005,0.074178
272100,0.111737,0.074178
272200,0.109859,0.074178
272300,0.130516,0.074178
272400,0.107042,0.074178
272500,0.118310,0.074178
272600,0.143662,0.074178
272700,0.123944,0.074178
272800,0.115493,0.074178
272900,0.108920,0.074178
273000,0.130516,0.074178
273100,0.109859,0.074178
273200,0.136150,0.074178
273300,0.141784,0.074178
273400,0.116432,0.074178
273500,0.135211,0.074178
273600,0.143662,0.074178
273700,0.132394,0.074178
273800,0.124883,0.074178
273900,0.132394,0.074178
274000,0.114554,0.074178
274100,0.114554,0.074178
274200,0.137089,0.074178
274300,0.149296,0.074178
274400,0.123005,0.074178
274500,0.138028,0.074178
274600,0.133333,0.074178
274700,0.123005,0.074178
274800,0.116432,0.074178
274900,0.111737,0.074178
275000,0.111737,0.074178
275100,0.119249,0.074178
275200,0.111737,0.074178
275300,0.123944,0.074178
275400,0.112676,0.074178
275500,0.132394,0.074178
275600,0.123005,0.074178
275700,0.124883,0.074178
275800,0.101408,0.074178
275900,0.094836,0.074178
276000,0.121127,0.074178
276100,0.125822,0.074178
276200,0.132394,0.074178
276300,0.123005,0.074178
276400,0.134272,0.074178
276500,0.124883,0.074178
276600,0.134272,0.074178
276700,0.123005,0.074178
276800,0.124883,0.074178
276900,0.113615,0.074178
277000,0.128638,0.074178
277100,0.121127,0.074178
277200,0.124883,0.074178
277300,0.131455,0.074178
277400,0.122066,0.074178
277500,0.124883,0.074178
277600,0.131455,0.074178
277700,0.124883,0.074178
277800,0.132394,0.074178
277900,0.123005,0.074178
278000,0.113615,0.074178
278100,0.138028,0.074178
278200,0.142723,0.074178
278300,0.113615,0.074178
278400,0.136150,0.074178
278500,0.104225,0.074178
278600,0.112676,0.074178
278700,0.123944,0.074178
278800,0.116432,0.074178
278900,0.118310,0.074178
279000,0.136150,0.074178
279100,0.127700,0.074178
279200,0.123005,0.074178
279300,0.130516,0.074178
279400,0.130516,0.074178
279500,0.095775,0.074178
279600,0.116432,0.074178
279700,0.116432,0.074178
279800,0.118310,0.074178
279900,0.094836,0.074178
280000,0.118310,0.074178
280100,0.132394,0.074178
280200,0.136150,0.074178
280300,0.141784,0.074178
280400,0.149296,0.074178
280500,0.123944,0.074178
280600,0.108920,0.074178
280700,0.124883,0.074178
280800,0.121127,0.074178
280900,0.127700,0.074178
281000,0.117371,0.074178
281100,0.126761,0.074178
281200,0.140845,0.074178
281300,0.128638,0.074178
281400,0.121127,0.074178
281500,0.124883,0.074178
281600,0.124883,0.074178
281700,0.126761,0.074178
281800,0.131455,0.074178
281900,0.123944,0.074178
282000,0.107042,0.074178
282100,0.122066,0.074178
282200,0.113615,0.074178
282300,0.123005,0.074178
282400,0.123944,0.074178
282500,0.116432,0.074178
282600,0.123944,0.074178
282700,0.130516,0.074178
282800,0.132394,0.074178
282900,0.129577,0.074178
283000,0.140845,0.074178
283100,0.133333,0.074178
283200,0.146479,0.074178
283300,0.138967,0.074178
283400,0.121127,0.074178
283500,0.112676,0.074178
283600,0.120188,0.074178
283700,0.124883,0.074178
283800,0.121127,0.074178
283900,0.108920,0.074178
284000,0.107042,0.074178
284100,0.121127,0.074178
284200,0.114554,0.074178
284300,0.152113,0.074178
284400,0.136150,0.074178
284500,0.114554,0.074178
284600,0.143662,0.074178
284700,0.134272,0.074178
284800,0.138967,0.074178
284900,0.131455,0.074178
285000,0.139906,0.074178
285100,0.124883,0.074178
285200,0.144601,0.074178
285300,0.144601,0.074178
285400,0.153052,0.074178
285500,0.138967,0.074178
285600,0.122066,0.074178
285700,0.123005,0.074178
285800,0.123005,0.074178
285900,0.120188,0.074178
286000,0.123944,0.074178
286100,0.109859,0.074178
286200,0.116432,0.074178
286300,0.127700,0.074178
286400,0.123944,0.074178
286500,0.131455,0.074178
286600,0.132394,0.074178
286700,0.128638,0.074178
286800,0.125822,0.074178
286900,0.117371,0.074178
287000,0.111737,0.074178
287100,0.129577,0.074178
287200,0.134272,0.074178
287300,0.131455,0.074178
287400,0.133333,0.074178
287500,0.145540,0.074178
287600,0.128638,0.074178
287700,0.101408,0.074178
287800,0.114554,0.074178
287900,0.133333,0.074178
288000,0.107042,0.074178
288100,0.112676,0.074178
288200,0.109859,0.074178
288300,0.113615,0.074178
288400,0.127700,0.074178
288500,0.112676,0.074178
288600,0.128638,0.074178
288700,0.124883,0.074178
288800,0.117371,0.074178
288900,0.134272,0.074178
289000,0.142723,0.074178
289100,0.141784,0.074178
289200,0.112676,0.074178
289300,0.111737,0.074178
289400,0.130516,0.074178
289500,0.114554,0.074178
289600,0.122066,0.074178
289700,0.116432,0.074178
289800,0.136150,0.074178
289900,0.129577,0.074178
290000,0.130516,0.074178
290100,0.125822,0.074178
290200,0.126761,0.074178
290300,0.116432,0.074178
290400,0.130516,0.074178
290500,0.125822,0.074178
290600,0.099531,0.074178
290700,0.111737,0.074178
290800,0.122066,0.074178
290900,0.122066,0.074178
291000,0.135211,0.074178
291100,0.123944,0.074178
291200,0.116432,0.074178
291300,0.126761,0.074178
291400,0.120188,0.074178
291500,0.119249,0.074178
291600,0.128638,0.074178
291700,0.128638,0.074178
291800,0.107042,0.074178
291900,0.094836,0.074178
292000,0.107981,0.074178
292100,0.113615,0.074178
292200,0.119249,0.074178
292300,0.122066,0.074178
292400,0.105164,0.074178
292500,0.125822,0.074178
292600,0.119249,0.074178
292700,0.114554,0.074178
292800,0.121127,0.074178
292900,0.118310,0.074178
293000,0.144601,0.074178
293100,0.116432,0.074178
293200,0.125822,0.074178
293300,0.118310,0.074178
293400,0.123005,0.074178
293500,0.123005,0.074178
293600,0.133333,0.074178
293700,0.137089,0.074178
293800,0.130516,0.074178
293900,0.124883,0.074178
294000,0.135211,0.074178
294100,0.116432,0.074178
294200,0.129577,0.074178
294300,0.129577,0.074178
294400,0.121127,0.074178
294500,0.119249,0.074178
294600,0.118310,0.074178
294700,0.134272,0.074178
294800,0.125822,0.074178
294900,0.108920,0.074178
295000,0.126761,0.074178
295100,0.120188,0.074178
295200,0.120188,0.074178
295300,0.125822,0.074178
295400,0.135211,0.074178
295500,0.108920,0.074178
295600,0.108920,0.074178
295700,0.119249,0.074178
295800,0.133333,0.074178
295900,0.127700,0.074178
296000,0.117371,0.074178
296100,0.127700,0.074178
296200,0.118310,0.074178
296300,0.110798,0.074178
296400,0.116432,0.074178
296500,0.129577,0.074178
296600,0.114554,0.074178
296700,0.126761,0.074178
296800,0.111737,0.074178
296900,0.124883,0.074178
297000,0.124883,0.074178
297100,0.126761,0.074178
297200,0.122066,0.074178
297300,0.115493,0.074178
297400,0.112676,0.074178
297500,0.115493,0.074178
297600,0.120188,0.074178
297700,0.108920,0.074178
297800,0.117371,0.074178
297900,0.114554,0.074178
298000,0.119249,0.074178
298100,0.130516,0.074178
298200,0.120188,0.074178
298300,0.107981,0.074178
298400,0.125822,0.074178
298500,0.120188,0.074178
298600,0.106103,0.074178
298700,0.107981,0.074178
298800,0.111737,0.074178
298900,0.120188,0.074178
299000,0.121127,0.074178
299100,0.119249,0.074178
299200,0.111737,0.074178
299300,0.107981,0.074178
299400,0.120188,0.074178
299500,0.121127,0.074178
299600,0.121127,0.074178
299700,0.117371,0.074178
299800,0.115493,0.074178
299900,0.118310,0.074178
300000,0.123005,0.074178
300100,0.136150,0.074178
300200,0.121127,0.074178
300300,0.144601,0.074178
300400,0.125822,0.074178
300500,0.139906,0.074178
300600,0.145540,0.074178
300700,0.121127,0.074178
300800,0.126761,0.074178
300900,0.127700,0.074178
301000,0.126761,0.074178
301100,0.111737,0.074178
301200,0.125822,0.074178
301300,0.120188,0.074178
301400,0.129577,0.074178
301500,0.134272,0.074178
301600,0.129577,0.074178
301700,0.138028,0.074178
301800,0.119249,0.074178
301900,0.122066,0.074178
302000,0.136150,0.074178
302100,0.124883,0.074178
302200,0.139906,0.074178
302300,0.132394,0.074178
302400,0.139906,0.074178
302500,0.129577,0.074178
302600,0.116432,0.074178
302700,0.119249,0.074178
302800,0.138028,0.074178
302900,0.132394,0.074178
303000,0.118310,0.074178
303100,0.111737,0.074178
303200,0.123944,0.074178
303300,0.126761,0.074178
303400,0.107042,0.074178
303500,0.108920,0.074178
303600,0.110798,0.074178
303700,0.119249,0.074178
303800,0.115493,0.074178
303900,0.108920,0.074178
304000,0.111737,0.074178
304100,0.105164,0.074178
304200,0.115493,0.074178
304300,0.127700,0.074178
304400,0.133333,0.074178
304500,0.136150,0.074178
304600,0.125822,0.074178
304700,0.111737,0.074178
304800,0.098592,0.074178
304900,0.107981,0.074178
305000,0.123944,0.074178
305100,0.132394,0.074178
305200,0.125822,0.074178
305300,0.136150,0.074178
305400,0.138967,0.074178
305500,0.111737,0.074178
305600,0.122066,0.074178
305700,0.132394,0.074178
305800,0.122066,0.074178
305900,0.132394,0.074178
306000,0.107981,0.074178
306100,0.118310,0.074178
306200,0.127700,0.074178
306300,0.120188,0.074178
306400,0.110798,0.074178
306500,0.101408,0.074178
306600,0.108920,0.074178
306700,0.124883,0.074178
306800,0.117371,0.074178
306900,0.126761,0.074178
307000,0.120188,0.074178
307100,0.125822,0.074178
307200,0.127700,0.074178
307300,0.120188,0.074178
307400,0.126761,0.074178
307500,0.123005,0.074178
307600,0.116432,0.074178
307700,0.124883,0.074178
307800,0.123944,0.074178
307900,0.134272,0.074178
308000,0.115493,0.074178
308100,0.121127,0.074178
308200,0.112676,0.074178
308300,0.121127,0.074178
308400,0.131455,0.074178
308500,0.120188,0.074178
308600,0.134272,0.074178
308700,0.106103,0.074178
308800,0.105164,0.074178
308900,0.120188,0.074178
309000,0.126761,0.074178
309100,0.118310,0.074178
309200,0.125822,0.074178
309300,0.133333,0.074178
309400,0.112676,0.074178
309500,0.128638,0.074178
309600,0.110798,0.074178
309700,0.125822,0.074178
309800,0.121127,0.074178
309900,0.107042,0.074178
310000,0.114554,0.074178
310100,0.120188,0.074178
310200,0.116432,0.074178
310300,0.124883,0.074178
310400,0.112676,0.074178
310500,0.104225,0.074178
310600,0.115493,0.074178
310700,0.123944,0.074178
310800,0.128638,0.074178
310900,0.118310,0.074178
311000,0.131455,0.074178
311100,0.128638,0.074178
311200,0.113615,0.074178
311300,0.133333,0.074178
311400,0.143662,0.074178
311500,0.131455,0.074178
311600,0.138028,0.074178
311700,0.118310,0.074178
311800,0.125822,0.074178
311900,0.132394,0.074178
312000,0.112676,0.074178
312100,0.134272,0.074178
312200,0.146479,0.074178
312300,0.138028,0.074178
312400,0.143662,0.074178
312500,0.142723,0.074178
312600,0.127700,0.074178
312700,0.131455,0.074178
312800,0.122066,0.074178
312900,0.114554,0.074178
313000,0.131455,0.074178
313100,0.118310,0.074178
313200,0.124883,0.074178
313300,0.114554,0.074178
313400,0.137089,0.074178
313500,0.138028,0.074178
313600,0.135211,0.074178
313700,0.134272,0.074178
313800,0.128638,0.074178
313900,0.114554,0.074178
314000,0.118310,0.074178
314100,0.135211,0.074178
314200,0.130516,0.074178
314300,0.127700,0.074178
314400,0.129577,0.074178
314500,0.107981,0.074178
314600,0.127700,0.074178
314700,0.109859,0.074178
314800,0.107042,0.074178
314900,0.112676,0.074178
315000,0.132394,0.074178
315100,0.110798,0.074178
315200,0.119249,0.074178
315300,0.113615,0.074178
315400,0.110798,0.074178
315500,0.115493,0.074178
315600,0.118310,0.074178
315700,0.114554,0.074178
315800,0.133333,0.074178
315900,0.119249,0.074178
316000,0.137089,0.074178
316100,0.124883,0.074178
316200,0.131455,0.074178
316300,0.130516,0.074178
316400,0.127700,0.074178
316500,0.126761,0.074178
316600,0.129577,0.074178
316700,0.106103,0.074178
316800,0.114554,0.074178
316900,0.118310,0.074178
317000,0.138028,0.074178
317100,0.130516,0.074178
317200,0.112676,0.074178
317300,0.124883,0.074178
317400,0.114554,0.074178
317500,0.113615,0.074178
317600,0.113615,0.074178
317700,0.134272,0.074178
317800,0.130516,0.074178
317900,0.112676,0.074178
318000,0.127700,0.074178
318100,0.142723,0.074178
318200,0.120188,0.074178
318300,0.118310,0.074178
318400,0.126761,0.074178
318500,0.111737,0.074178
318600,0.121127,0.074178
318700,0.139906,0.074178
318800,0.111737,0.074178
318900,0.110798,0.074178
319000,0.142723,0.074178
319100,0.121127,0.074178
319200,0.144601,0.074178
319300,0.138028,0.074178
319400,0.120188,0.074178
319500,0.130516,0.074178
319600,0.130516,0.074178
319700,0.113615,0.074178
319800,0.133333,0.074178
319900,0.114554,0.074178
320000,0.105164,0.074178
320100,0.112676,0.074178
320200,0.112676,0.074178
320300,0.129577,0.074178
320400,0.133333,0.074178
320500,0.120188,0.074178
320600,0.108920,0.074178
320700,0.115493,0.074178
320800,0.119249,0.074178
320900,0.122066,0.074178
321000,0.113615,0.074178
321100,0.123944,0.074178
321200,0.103286,0.074178
321300,0.122066,0.074178
321400,0.120188,0.074178
321500,0.142723,0.074178
321600,0.123944,0.074178
321700,0.121127,0.074178
321800,0.121127,0.074178
321900,0.126761,0.074178
322000,0.123005,0.074178
322100,0.123944,0.074178
322200,0.127700,0.074178
322300,0.134272,0.074178
322400,0.118310,0.074178
322500,0.125822,0.074178
322600,0.111737,0.074178
322700,0.135211,0.074178
322800,0.120188,0.074178
322900,0.114554,0.074178
323000,0.112676,0.074178
323100,0.129577,0.074178
323200,0.130516,0.074178
323300,0.123005,0.074178
323400,0.118310,0.074178
323500,0.116432,0.074178
323600,0.149296,0.074178
323700,0.124883,0.074178
323800,0.111737,0.074178
323900,0.143662,0.074178
324000,0.122066,0.074178
324100,0.127700,0.074178
324200,0.135211,0.074178
324300,0.126761,0.074178
324400,0.123944,0.074178
324500,0.119249,0.074178
324600,0.119249,0.074178
324700,0.105164,0.074178
324800,0.128638,0.074178
324900,0.142723,0.074178
325000,0.120188,0.074178
325100,0.141784,0.074178
325200,0.136150,0.074178
325300,0.134272,0.074178
325400,0.112676,0.074178
325500,0.119249,0.074178
325600,0.126761,0.074178
325700,0.139906,0.074178
325800,0.129577,0.074178
325900,0.120188,0.074178
326000,0.110798,0.074178
326100,0.121127,0.074178
326200,0.106103,0.074178
326300,0.114554,0.074178
326400,0.124883,0.074178
326500,0.128638,0.074178
326600,0.122066,0.074178
326700,0.123005,0.074178
326800,0.118310,0.074178
326900,0.119249,0.074178
327000,0.109859,0.074178
327100,0.110798,0.074178
327200,0.117371,0.074178
327300,0.133333,0.074178
327400,0.140845,0.074178
327500,0.136150,0.074178
327600,0.110798,0.074178
327700,0.123944,0.074178
327800,0.122066,0.074178
327900,0.136150,0.074178
328000,0.101408,0.074178
328100,0.112676,0.074178
328200,0.111737,0.074178
328300,0.125822,0.074178
328400,0.123005,0.074178
328500,0.130516,0.074178
328600,0.132394,0.074178
328700,0.133333,0.074178
328800,0.130516,0.074178
328900,0.106103,0.074178
329000,0.126761,0.074178
329100,0.120188,0.074178
329200,0.114554,0.074178
329300,0.125822,0.074178
329400,0.119249,0.074178
329500,0.126761,0.074178
329600,0.104225,0.074178
329700,0.112676,0.074178
329800,0.117371,0.074178
329900,0.120188,0.074178
330000,0.122066,0.074178
330100,0.108920,0.074178
330200,0.138967,0.074178
330300,0.135211,0.074178
330400,0.133333,0.074178
330500,0.120188,0.074178
330600,0.124883,0.074178
330700,0.124883,0.074178
330800,0.119249,0.074178
330900,0.120188,0.074178
331000,0.146479,0.074178
331100,0.136150,0.074178
331200,0.129577,0.074178
331300,0.134272,0.074178
331400,0.126761,0.074178
331500,0.112676,0.074178
331600,0.133333,0.074178
331700,0.139906,0.074178
331800,0.125822,0.074178
331900,0.138967,0.074178
332000,0.115493,0.074178
332100,0.117371,0.074178
332200,0.113615,0.074178
332300,0.119249,0.074178
332400,0.126761,0.074178
332500,0.115493,0.074178
332600,0.143662,0.074178
332700,0.123005,0.074178
332800,0.113615,0.074178
332900,0.119249,0.074178
333000,0.122066,0.074178
333100,0.140845,0.074178
333200,0.126761,0.074178
333300,0.124883,0.074178
333400,0.115493,0.074178
333500,0.123944,0.074178
333600,0.132394,0.074178
333700,0.118310,0.074178
333800,0.123005,0.074178
333900,0.122066,0.074178
334000,0.138967,0.074178
334100,0.123005,0.074178
334200,0.132394,0.074178
334300,0.120188,0.074178
334400,0.106103,0.074178
334500,0.107042,0.074178
334600,0.124883,0.074178
334700,0.151174,0.074178
334800,0.139906,0.074178
334900,0.130516,0.074178
335000,0.115493,0.074178
335100,0.116432,0.074178
335200,0.127700,0.074178
335300,0.129577,0.074178
335400,0.124883,0.074178
335500,0.114554,0.074178
335600,0.128638,0.074178
335700,0.137089,0.074178
335800,0.114554,0.074178
335900,0.139906,0.074178
336000,0.144601,0.074178
336100,0.137089,0.074178
336200,0.144601,0.074178
336300,0.138967,0.074178
336400,0.136150,0.074178
336500,0.123005,0.074178
336600,0.113615,0.074178
336700,0.101408,0.074178
336800,0.113615,0.074178
336900,0.104225,0.074178
337000,0.108920,0.074178
337100,0.141784,0.074178
337200,0.118310,0.074178
337300,0.114554,0.074178
337400,0.123944,0.074178
337500,0.125822,0.074178
337600,0.121127,0.074178
337700,0.128638,0.074178
337800,0.132394,0.074178
337900,0.110798,0.074178
338000,0.118310,0.074178
338100,0.114554,0.074178
338200,0.112676,0.074178
338300,0.114554,0.074178
338400,0.125822,0.074178
338500,0.130516,0.074178
338600,0.138967,0.074178
338700,0.149296,0.074178
338800,0.125822,0.074178
338900,0.140845,0.074178
339000,0.119249,0.074178
339100,0.131455,0.074178
339200,0.138028,0.074178
339300,0.120188,0.074178
339400,0.135211,0.074178
339500,0.138967,0.074178
339600,0.122066,0.074178
339700,0.125822,0.074178
339800,0.136150,0.074178
339900,0.120188,0.074178
340000,0.107042,0.074178
340100,0.123944,0.074178
340200,0.125822,0.074178
340300,0.138028,0.074178
340400,0.113615,0.074178
340500,0.124883,0.074178
340600,0.103286,0.074178
340700,0.146479,0.074178
340800,0.131455,0.074178
340900,0.131455,0.074178
341000,0.127700,0.074178
341100,0.120188,0.074178
341200,0.123005,0.074178
341300,0.136150,0.074178
341400,0.133333,0.074178
341500,0.121127,0.074178
341600,0.134272,0.074178
341700,0.141784,0.074178
341800,0.136150,0.074178
341900,0.137089,0.074178
342000,0.136150,0.074178
342100,0.124883,0.074178
342200,0.117371,0.074178
342300,0.123005,0.074178
342400,0.122066,0.074178
342500,0.118310,0.074178
342600,0.114554,0.074178
342700,0.129577,0.074178
342800,0.110798,0.074178
342900,0.128638,0.074178
343000,0.112676,0.074178
343100,0.110798,0.074178
343200,0.115493,0.074178
343300,0.115493,0.074178
343400,0.110798,0.074178
343500,0.103286,0.074178
343600,0.113615,0.074178
343700,0.123005,0.074178
343800,0.117371,0.074178
343900,0.113615,0.074178
344000,0.133333,0.074178
344100,0.138028,0.074178
344200,0.135211,0.074178
344300,0.135211,0.074178
344400,0.123005,0.074178
344500,0.127700,0.074178
344600,0.110798,0.074178
344700,0.136150,0.074178
344800,0.127700,0.074178
344900,0.151174,0.074178
345000,0.133333,0.074178
345100,0.123005,0.074178
345200,0.109859,0.074178
345300,0.108920,0.074178
345400,0.109859,0.074178
345500,0.134272,0.074178
345600,0.143662,0.074178
345700,0.109859,0.074178
345800,0.136150,0.074178
345900,0.126761,0.074178
346000,0.137089,0.074178
346100,0.106103,0.074178
346200,0.123005,0.074178
346300,0.124883,0.074178
346400,0.129577,0.074178
346500,0.123944,0.074178
346600,0.123005,0.074178
346700,0.120188,0.074178
346800,0.128638,0.074178
346900,0.130516,0.074178
347000,0.120188,0.074178
347100,0.135211,0.074178
347200,0.112676,0.074178
347300,0.119249,0.074178
347400,0.109859,0.074178
347500,0.129577,0.074178
347600,0.123005,0.074178
347700,0.115493,0.074178
347800,0.105164,0.074178
347900,0.124883,0.074178
348000,0.126761,0.074178
348100,0.116432,0.074178
348200,0.106103,0.074178
348300,0.123005,0.074178
348400,0.107042,0.074178
348500,0.114554,0.074178
348600,0.113615,0.074178
348700,0.117371,0.074178
348800,0.124883,0.074178
348900,0.119249,0.074178
349000,0.137089,0.074178
349100,0.115493,0.074178
349200,0.118310,0.074178
349300,0.107042,0.074178
349400,0.105164,0.074178
349500,0.126761,0.074178
349600,0.123005,0.074178
349700,0.125822,0.074178
349800,0.112676,0.074178
349900,0.116432,0.074178
350000,0.125822,0.074178
350100,0.126761,0.074178
350200,0.124883,0.074178
350300,0.121127,0.074178
350400,0.137089,0.074178
350500,0.126761,0.074178
350600,0.116432,0.074178
350700,0.122066,0.074178
350800,0.123005,0.074178
350900,0.123944,0.074178
351000,0.124883,0.074178
351100,0.133333,0.074178
351200,0.124883,0.074178
351300,0.102347,0.074178
351400,0.121127,0.074178
351500,0.125822,0.074178
351600,0.123944,0.074178
351700,0.116432,0.074178
351800,0.115493,0.074178
351900,0.115493,0.074178
352000,0.117371,0.074178
352100,0.109859,0.074178
352200,0.124883,0.074178
352300,0.141784,0.074178
352400,0.133333,0.074178
352500,0.122066,0.074178
352600,0.148357,0.074178
352700,0.107042,0.074178
352800,0.110798,0.074178
352900,0.119249,0.074178
353000,0.103286,0.074178
353100,0.117371,0.074178
353200,0.121127,0.074178
353300,0.134272,0.074178
353400,0.126761,0.074178
353500,0.121127,0.074178
353600,0.129577,0.074178
353700,0.132394,0.074178
353800,0.121127,0.074178
353900,0.151174,0.074178
354000,0.123005,0.074178
354100,0.140845,0.074178
354200,0.111737,0.074178
354300,0.125822,0.074178
354400,0.129577,0.074178
354500,0.128638,0.074178
354600,0.107042,0.074178
354700,0.115493,0.074178
354800,0.122066,0.074178
354900,0.114554,0.074178
355000,0.114554,0.074178
355100,0.109859,0.074178
355200,0.094836,0.074178
355300,0.107042,0.074178
355400,0.118310,0.074178
355500,0.107042,0.074178
355600,0.115493,0.074178
355700,0.114554,0.074178
355800,0.122066,0.074178
355900,0.118310,0.074178
356000,0.133333,0.074178
356100,0.112676,0.074178
356200,0.127700,0.074178
356300,0.126761,0.074178
356400,0.126761,0.074178
356500,0.121127,0.074178
356600,0.114554,0.074178
356700,0.133333,0.074178
356800,0.138967,0.074178
356900,0.147418,0.074178
357000,0.120188,0.074178
357100,0.104225,0.074178
357200,0.123005,0.074178
357300,0.110798,0.074178
357400,0.125822,0.074178
357500,0.126761,0.074178
357600,0.120188,0.074178
357700,0.139906,0.074178
357800,0.127700,0.074178
357900,0.116432,0.074178
358000,0.113615,0.074178
358100,0.119249,0.074178
358200,0.110798,0.074178
358300,0.114554,0.074178
358400,0.117371,0.074178
358500,0.116432,0.074178
358600,0.130516,0.074178
358700,0.160563,0.074178
358800,0.140845,0.074178
358900,0.143662,0.074178
359000,0.131455,0.074178
359100,0.146479,0.074178
359200,0.120188,0.074178
359300,0.112676,0.074178
359400,0.121127,0.074178
359500,0.134272,0.074178
359600,0.119249,0.074178
359700,0.118310,0.074178
359800,0.138028,0.074178
359900,0.124883,0.074178
360000,0.122066,0.074178
360100,0.140845,0.074178
360200,0.128638,0.074178
360300,0.138967,0.074178
360400,0.108920,0.074178
360500,0.119249,0.074178
360600,0.115493,0.074178
360700,0.126761,0.074178
360800,0.120188,0.074178
360900,0.127700,0.074178
361000,0.119249,0.074178
361100,0.122066,0.074178
361200,0.123005,0.074178
361300,0.118310,0.074178
361400,0.126761,0.074178
361500,0.116432,0.074178
361600,0.107981,0.074178
361700,0.114554,0.074178
361800,0.122066,0.074178
361900,0.116432,0.074178
362000,0.131455,0.074178
362100,0.130516,0.074178
362200,0.133333,0.074178
362300,0.122066,0.074178
362400,0.118310,0.074178
362500,0.129577,0.074178
362600,0.120188,0.074178
362700,0.121127,0.074178
362800,0.107042,0.074178
362900,0.123005,0.074178
363000,0.107042,0.074178
363100,0.128638,0.074178
363200,0.125822,0.074178
363300,0.126761,0.074178
363400,0.123944,0.074178
363500,0.122066,0.074178
363600,0.132394,0.074178
363700,0.121127,0.074178
363800,0.123944,0.074178
363900,0.125822,0.074178
364000,0.127700,0.074178
364100,0.113615,0.074178
364200,0.127700,0.074178
364300,0.116432,0.074178
364400,0.123944,0.074178
364500,0.122066,0.074178
364600,0.111737,0.074178
364700,0.120188,0.074178
364800,0.134272,0.074178
364900,0.107042,0.074178
365000,0.123944,0.074178
365100,0.132394,0.074178
365200,0.114554,0.074178
365300,0.117371,0.074178
365400,0.119249,0.074178
365500,0.123944,0.074178
365600,0.107981,0.074178
365700,0.126761,0.074178
365800,0.125822,0.074178
365900,0.128638,0.074178
366000,0.123944,0.074178
366100,0.126761,0.074178
366200,0.104225,0.074178
366300,0.126761,0.074178
366400,0.121127,0.074178
366500,0.120188,0.074178
366600,0.132394,0.074178
366700,0.149296,0.074178
366800,0.132394,0.074178
366900,0.128638,0.074178
367000,0.134272,0.074178
367100,0.138967,0.074178
367200,0.123944,0.074178
367300,0.119249,0.074178
367400,0.148357,0.074178
367500,0.122066,0.074178
367600,0.101408,0.074178
367700,0.104225,0.074178
367800,0.122066,0.074178
367900,0.105164,0.074178
368000,0.122066,0.074178
368100,0.137089,0.074178
368200,0.127700,0.074178
368300,0.123005,0.074178
368400,0.149296,0.074178
368500,0.146479,0.074178
368600,0.126761,0.074178
368700,0.147418,0.074178
368800,0.117371,0.074178
368900,0.102347,0.074178
369000,0.107042,0.074178
369100,0.127700,0.074178
369200,0.139906,0.074178
369300,0.109859,0.074178
369400,0.109859,0.074178
369500,0.110798,0.074178
369600,0.126761,0.074178
369700,0.123944,0.074178
369800,0.138028,0.074178
369900,0.145540,0.074178
370000,0.123005,0.074178
370100,0.138967,0.074178
370200,0.123005,0.074178
370300,0.120188,0.074178
370400,0.123944,0.074178
370500,0.106103,0.074178
370600,0.092019,0.074178
370700,0.116432,0.074178
370800,0.115493,0.074178
370900,0.124883,0.074178
371000,0.124883,0.074178
371100,0.120188,0.074178
371200,0.128638,0.074178
371300,0.104225,0.074178
371400,0.120188,0.074178
371500,0.111737,0.074178
371600,0.118310,0.074178
371700,0.132394,0.074178
371800,0.117371,0.074178
371900,0.111737,0.074178
372000,0.115493,0.074178
372100,0.107981,0.074178
372200,0.107981,0.074178
372300,0.122066,0.074178
372400,0.115493,0.074178
372500,0.113615,0.074178
372600,0.109859,0.074178
372700,0.113615,0.074178
372800,0.117371,0.074178
372900,0.137089,0.074178
373000,0.129577,0.074178
373100,0.119249,0.074178
373200,0.115493,0.074178
373300,0.126761,0.074178
373400,0.122066,0.074178
373500,0.116432,0.074178
373600,0.112676,0.074178
373700,0.117371,0.074178
373800,0.122066,0.074178
373900,0.137089,0.074178
374000,0.132394,0.074178
374100,0.134272,0.074178
374200,0.129577,0.074178
374300,0.128638,0.074178
374400,0.112676,0.074178
374500,0.109859,0.074178
374600,0.136150,0.074178
374700,0.122066,0.074178
374800,0.140845,0.074178
374900,0.126761,0.074178
375000,0.114554,0.074178
375100,0.135211,0.074178
375200,0.117371,0.074178
375300,0.123005,0.074178
375400,0.123005,0.074178
375500,0.122066,0.074178
375600,0.118310,0.074178
375700,0.116432,0.074178
375800,0.145540,0.074178
375900,0.132394,0.074178
376000,0.131455,0.074178
376100,0.120188,0.074178
376200,0.114554,0.074178
376300,0.128638,0.074178
376400,0.117371,0.074178
376500,0.102347,0.074178
376600,0.106103,0.074178
376700,0.122066,0.074178
376800,0.122066,0.074178
376900,0.127700,0.074178
377000,0.123005,0.074178
377100,0.104225,0.074178
377200,0.133333,0.074178
377300,0.119249,0.074178
377400,0.107981,0.074178
377500,0.112676,0.074178
377600,0.120188,0.074178
377700,0.113615,0.074178
377800,0.125822,0.074178
377900,0.113615,0.074178
378000,0.118310,0.074178
378100,0.115493,0.074178
378200,0.118310,0.074178
378300,0.111737,0.074178
378400,0.115493,0.074178
378500,0.118310,0.074178
378600,0.127700,0.074178
378700,0.123005,0.074178
378800,0.130516,0.074178
378900,0.118310,0.074178
379000,0.123005,0.074178
379100,0.100469,0.074178
379200,0.115493,0.074178
379300,0.123944,0.074178
379400,0.117371,0.074178
379500,0.135211,0.074178
379600,0.116432,0.074178
379700,0.107042,0.074178
379800,0.133333,0.074178
379900,0.125822,0.074178
380000,0.136150,0.074178
380100,0.138967,0.074178
380200,0.127700,0.074178
380300,0.127700,0.074178
380400,0.118310,0.074178
380500,0.098592,0.074178
380600,0.119249,0.074178
380700,0.103286,0.074178
380800,0.126761,0.074178
380900,0.125822,0.074178
381000,0.111737,0.074178
381100,0.133333,0.074178
381200,0.134272,0.074178
381300,0.120188,0.074178
381400,0.120188,0.074178
381500,0.121127,0.074178
381600,0.105164,0.074178
381700,0.117371,0.074178
381800,0.120188,0.074178
381900,0.128638,0.074178
382000,0.123005,0.074178
382100,0.140845,0.074178
382200,0.118310,0.074178
382300,0.122066,0.074178
382400,0.126761,0.074178
382500,0.125822,0.074178
382600,0.146479,0.074178
382700,0.138028,0.074178
382800,0.145540,0.074178
382900,0.139906,0.074178
383000,0.126761,0.074178
383100,0.110798,0.074178
383200,0.118310,0.074178
383300,0.133333,0.074178
383400,0.121127,0.074178
383500,0.134272,0.074178
383600,0.128638,0.074178
383700,0.130516,0.074178
383800,0.142723,0.074178
383900,0.152113,0.074178
384000,0.138967,0.074178
384100,0.119249,0.074178
384200,0.112676,0.074178
384300,0.131455,0.074178
384400,0.115493,0.074178
384500,0.129577,0.074178
384600,0.115493,0.074178
384700,0.150235,0.074178
384800,0.142723,0.074178
384900,0.108920,0.074178
385000,0.112676,0.074178
385100,0.135211,0.074178
385200,0.127700,0.074178
385300,0.123005,0.074178
385400,0.131455,0.074178
385500,0.128638,0.074178
385600,0.119249,0.074178
385700,0.130516,0.074178
385800,0.117371,0.074178
385900,0.117371,0.074178
386000,0.129577,0.074178
386100,0.126761,0.074178
386200,0.127700,0.074178
386300,0.121127,0.074178
386400,0.109859,0.074178
386500,0.128638,0.074178
386600,0.134272,0.074178
386700,0.138028,0.074178
386800,0.153052,0.074178
386900,0.160563,0.074178
387000,0.121127,0.074178
387100,0.107042,0.074178
387200,0.131455,0.074178
387300,0.126761,0.074178
387400,0.144601,0.074178
387500,0.129577,0.074178
387600,0.123944,0.074178
387700,0.126761,0.074178
387800,0.136150,0.074178
387900,0.132394,0.074178
388000,0.133333,0.074178
388100,0.126761,0.074178
388200,0.109859,0.074178
388300,0.115493,0.074178
388400,0.123944,0.074178
388500,0.129577,0.074178
388600,0.105164,0.074178
388700,0.113615,0.074178
388800,0.124883,0.074178
388900,0.105164,0.074178
389000,0.123005,0.074178
389100,0.114554,0.074178
389200,0.094836,0.074178
389300,0.103286,0.074178
389400,0.120188,0.074178
389500,0.124883,0.074178
389600,0.127700,0.074178
389700,0.139906,0.074178
389800,0.135211,0.074178
389900,0.117371,0.074178
390000,0.132394,0.074178
390100,0.123944,0.074178
390200,0.121127,0.074178
390300,0.130516,0.074178
390400,0.136150,0.074178
390500,0.131455,0.074178
390600,0.109859,0.074178
390700,0.119249,0.074178
390800,0.126761,0.074178
390900,0.130516,0.074178
391000,0.136150,0.074178
391100,0.134272,0.074178
391200,0.136150,0.074178
391300,0.139906,0.074178
391400,0.137089,0.074178
391500,0.121127,0.074178
391600,0.123944,0.074178
391700,0.125822,0.074178
391800,0.138028,0.074178
391900,0.113615,0.074178
392000,0.118310,0.074178
392100,0.123005,0.074178
392200,0.115493,0.074178
392300,0.108920,0.074178
392400,0.124883,0.074178
392500,0.111737,0.074178
392600,0.132394,0.074178
392700,0.141784,0.074178
392800,0.133333,0.074178
392900,0.127700,0.074178
393000,0.110798,0.074178
393100,0.139906,0.074178
393200,0.138967,0.074178
393300,0.104225,0.074178
393400,0.095775,0.074178
393500,0.102347,0.074178
393600,0.097653,0.074178
393700,0.102347,0.074178
393800,0.117371,0.074178
393900,0.124883,0.074178
394000,0.102347,0.074178
394100,0.134272,0.074178
394200,0.130516,0.074178
394300,0.117371,0.074178
394400,0.124883,0.074178
394500,0.133333,0.074178
394600,0.107042,0.074178
394700,0.135211,0.074178
394800,0.123944,0.074178
394900,0.124883,0.074178
395000,0.120188,0.074178
395100,0.121127,0.074178
395200,0.116432,0.074178
395300,0.133333,0.074178
395400,0.121127,0.074178
395500,0.107981,0.074178
395600,0.100469,0.074178
395700,0.146479,0.074178
395800,0.118310,0.074178
395900,0.111737,0.074178
396000,0.119249,0.074178
396100,0.132394,0.074178
396200,0.134272,0.074178
396300,0.121127,0.074178
396400,0.122066,0.074178
396500,0.113615,0.074178
396600,0.123944,0.074178
396700,0.133333,0.074178
396800,0.124883,0.074178
396900,0.132394,0.074178
397000,0.140845,0.074178
397100,0.121127,0.074178
397200,0.119249,0.074178
397300,0.107042,0.074178
397400,0.107981,0.074178
397500,0.116432,0.074178
397600,0.131455,0.074178
397700,0.120188,0.074178
397800,0.116432,0.074178
397900,0.115493,0.074178
398000,0.126761,0.074178
398100,0.132394,0.074178
398200,0.125822,0.074178
398300,0.108920,0.074178
398400,0.123005,0.074178
398500,0.118310,0.074178
398600,0.120188,0.074178
398700,0.126761,0.074178
398800,0.122066,0.074178
398900,0.128638,0.074178
399000,0.111737,0.074178
399100,0.112676,0.074178
399200,0.110798,0.074178
399300,0.125822,0.074178
399400,0.133333,0.074178
399500,0.119249,0.074178
399600,0.139906,0.074178
399700,0.151174,0.074178
399800,0.138967,0.074178
399900,0.119249,0.074178
400000,0.118310,0.074178
400100,0.123944,0.074178
400200,0.113615,0.074178
400300,0.121127,0.074178
400400,0.129577,0.074178
400500,0.109859,0.074178
400600,0.118310,0.074178
400700,0.117371,0.074178
400800,0.124883,0.074178
400900,0.110798,0.074178
401000,0.119249,0.074178
401100,0.119249,0.074178
401200,0.137089,0.074178
401300,0.134272,0.074178
401400,0.136150,0.074178
401500,0.126761,0.074178
401600,0.106103,0.074178
401700,0.113615,0.074178
401800,0.119249,0.074178
401900,0.124883,0.074178
402000,0.124883,0.074178
402100,0.128638,0.074178
402200,0.123005,0.074178
402300,0.110798,0.074178
402400,0.114554,0.074178
402500,0.141784,0.074178
402600,0.137089,0.074178
402700,0.136150,0.074178
402800,0.132394,0.074178
402900,0.123944,0.074178
403000,0.122066,0.074178
403100,0.131455,0.074178
403200,0.128638,0.074178
403300,0.114554,0.074178
403400,0.124883,0.074178
403500,0.129577,0.074178
403600,0.112676,0.074178
403700,0.119249,0.074178
403800,0.125822,0.074178
403900,0.125822,0.074178
404000,0.121127,0.074178
404100,0.125822,0.074178
404200,0.118310,0.074178
404300,0.119249,0.074178
404400,0.117371,0.074178
404500,0.125822,0.074178
404600,0.122066,0.074178
404700,0.116432,0.074178
404800,0.153991,0.074178
404900,0.121127,0.074178
405000,0.110798,0.074178
405100,0.096714,0.074178
405200,0.111737,0.074178
405300,0.130516,0.074178
405400,0.123005,0.074178
405500,0.109859,0.074178
405600,0.122066,0.074178
405700,0.118310,0.074178
405800,0.116432,0.074178
405900,0.097653,0.074178
406000,0.120188,0.074178
406100,0.112676,0.074178
406200,0.120188,0.074178
406300,0.136150,0.074178
406400,0.133333,0.074178
406500,0.113615,0.074178
406600,0.120188,0.074178
406700,0.137089,0.074178
406800,0.134272,0.074178
406900,0.120188,0.074178
407000,0.138028,0.074178
407100,0.112676,0.074178
407200,0.108920,0.074178
407300,0.128638,0.074178
407400,0.135211,0.074178
407500,0.138967,0.074178
407600,0.126761,0.074178
407700,0.142723,0.074178
407800,0.156808,0.074178
407900,0.130516,0.074178
408000,0.132394,0.074178
408100,0.113615,0.074178
408200,0.113615,0.074178
408300,0.129577,0.074178
408400,0.129577,0.074178
408500,0.125822,0.074178
408600,0.131455,0.074178
408700,0.142723,0.074178
408800,0.136150,0.074178
408900,0.151174,0.074178
409000,0.137089,0.074178
409100,0.127700,0.074178
409200,0.138028,0.074178
409300,0.111737,0.074178
409400,0.112676,0.074178
409500,0.114554,0.074178
409600,0.123944,0.074178
409700,0.128638,0.074178
409800,0.137089,0.074178
409900,0.123005,0.074178
410000,0.115493,0.074178
410100,0.128638,0.074178
410200,0.133333,0.074178
410300,0.117371,0.074178
410400,0.118310,0.074178
410500,0.119249,0.074178
410600,0.122066,0.074178
410700,0.102347,0.074178
410800,0.122066,0.074178
410900,0.118310,0.074178
411000,0.124883,0.074178
411100,0.122066,0.074178
411200,0.118310,0.074178
411300,0.106103,0.074178
411400,0.127700,0.074178
411500,0.116432,0.074178
411600,0.116432,0.074178
411700,0.126761,0.074178
411800,0.117371,0.074178
411900,0.117371,0.074178
412000,0.135211,0.074178
412100,0.136150,0.074178
412200,0.130516,0.074178
412300,0.137089,0.074178
412400,0.115493,0.074178
412500,0.120188,0.074178
412600,0.129577,0.074178
412700,0.117371,0.074178
412800,0.121127,0.074178
412900,0.123944,0.074178
413000,0.136150,0.074178
413100,0.133333,0.074178
413200,0.122066,0.074178
413300,0.129577,0.074178
413400,0.118310,0.074178
413500,0.124883,0.074178
413600,0.117371,0.074178
413700,0.108920,0.074178
413800,0.112676,0.074178
413900,0.105164,0.074178
414000,0.123944,0.074178
414100,0.129577,0.074178
414200,0.138967,0.074178
414300,0.140845,0.074178
414400,0.121127,0.074178
414500,0.129577,0.074178
414600,0.123944,0.074178
414700,0.133333,0.074178
414800,0.136150,0.074178
414900,0.137089,0.074178
415000,0.126761,0.074178
415100,0.111737,0.074178
415200,0.118310,0.074178
415300,0.116432,0.074178
415400,0.123005,0.074178
415500,0.111737,0.074178
415600,0.118310,0.074178
415700,0.108920,0.074178
415800,0.127700,0.074178
415900,0.110798,0.074178
416000,0.121127,0.074178
416100,0.117371,0.074178
416200,0.120188,0.074178
416300,0.125822,0.074178
416400,0.128638,0.074178
416500,0.119249,0.074178
416600,0.117371,0.074178
416700,0.111737,0.074178
416800,0.114554,0.074178
416900,0.144601,0.074178
417000,0.112676,0.074178
417100,0.124883,0.074178
417200,0.138028,0.074178
417300,0.144601,0.074178
417400,0.126761,0.074178
417500,0.128638,0.074178
417600,0.115493,0.074178
417700,0.153052,0.074178
417800,0.124883,0.074178
417900,0.132394,0.074178
418000,0.124883,0.074178
418100,0.123005,0.074178
418200,0.115493,0.074178
418300,0.119249,0.074178
418400,0.121127,0.074178
418500,0.121127,0.074178
418600,0.123944,0.074178
418700,0.129577,0.074178
418800,0.130516,0.074178
418900,0.120188,0.074178
419000,0.136150,0.074178
419100,0.138967,0.074178
419200,0.119249,0.074178
419300,0.123005,0.074178
419400,0.121127,0.074178
419500,0.118310,0.074178
419600,0.129577,0.074178
419700,0.115493,0.074178
419800,0.123944,0.074178
419900,0.123005,0.074178
420000,0.137089,0.074178
420100,0.137089,0.074178
420200,0.131455,0.074178
420300,0.126761,0.074178
420400,0.125822,0.074178
420500,0.104225,0.074178
420600,0.133333,0.074178
420700,0.120188,0.074178
420800,0.128638,0.074178
420900,0.116432,0.074178
421000,0.115493,0.074178
421100,0.123944,0.074178
421200,0.132394,0.074178
421300,0.122066,0.074178
421400,0.123944,0.074178
421500,0.126761,0.074178
421600,0.136150,0.074178
421700,0.120188,0.074178
421800,0.112676,0.074178
421900,0.122066,0.074178
422000,0.122066,0.074178
422100,0.123944,0.074178
422200,0.122066,0.074178
422300,0.125822,0.074178
422400,0.122066,0.074178
422500,0.120188,0.074178
422600,0.115493,0.074178
422700,0.116432,0.074178
422800,0.124883,0.074178
422900,0.113615,0.074178
423000,0.128638,0.074178
423100,0.134272,0.074178
423200,0.130516,0.074178
423300,0.137089,0.074178
423400,0.107042,0.074178
423500,0.114554,0.074178
423600,0.096714,0.074178
423700,0.102347,0.074178
423800,0.122066,0.074178
423900,0.129577,0.074178
424000,0.138967,0.074178
424100,0.125822,0.074178
424200,0.150235,0.074178
424300,0.123944,0.074178
424400,0.130516,0.074178
424500,0.113615,0.074178
424600,0.113615,0.074178
424700,0.121127,0.074178
424800,0.109859,0.074178
424900,0.123005,0.074178
425000,0.127700,0.074178
425100,0.097653,0.074178
425200,0.117371,0.074178
425300,0.122066,0.074178
425400,0.114554,0.074178
425500,0.105164,0.074178
425600,0.134272,0.074178
425700,0.131455,0.074178
425800,0.128638,0.074178
425900,0.126761,0.074178
426000,0.121127,0.074178
426100,0.154930,0.074178
426200,0.133333,0.074178
426300,0.118310,0.074178
426400,0.120188,0.074178
426500,0.128638,0.074178
426600,0.123005,0.074178
426700,0.129577,0.074178
426800,0.129577,0.074178
426900,0.119249,0.074178
427000,0.115493,0.074178
427100,0.117371,0.074178
427200,0.122066,0.074178
427300,0.127700,0.074178
427400,0.140845,0.074178
427500,0.143662,0.074178
427600,0.126761,0.074178
427700,0.131455,0.074178
427800,0.125822,0.074178
427900,0.122066,0.074178
428000,0.120188,0.074178
428100,0.118310,0.074178
428200,0.117371,0.074178
428300,0.116432,0.074178
428400,0.128638,0.074178
428500,0.123005,0.074178
428600,0.123944,0.074178
428700,0.112676,0.074178
428800,0.103286,0.074178
428900,0.106103,0.074178
429000,0.126761,0.074178
429100,0.135211,0.074178
429200,0.136150,0.074178
429300,0.123944,0.074178
429400,0.123005,0.074178
429500,0.132394,0.074178
429600,0.143662,0.074178
429700,0.114554,0.074178
429800,0.115493,0.074178
429900,0.129577,0.074178
430000,0.110798,0.074178
430100,0.111737,0.074178
430200,0.101408,0.074178
430300,0.100469,0.074178
430400,0.118310,0.074178
430500,0.139906,0.074178
430600,0.119249,0.074178
430700,0.121127,0.074178
430800,0.136150,0.074178
430900,0.122066,0.074178
431000,0.109859,0.074178
431100,0.126761,0.074178
431200,0.113615,0.074178
431300,0.133333,0.074178
431400,0.136150,0.074178
431500,0.129577,0.074178
431600,0.140845,0.074178
431700,0.109859,0.074178
431800,0.134272,0.074178
431900,0.137089,0.074178
432000,0.130516,0.074178
432100,0.116432,0.074178
432200,0.123944,0.074178
432300,0.122066,0.074178
432400,0.116432,0.074178
432500,0.137089,0.074178
432600,0.116432,0.074178
432700,0.131455,0.074178
432800,0.136150,0.074178
432900,0.120188,0.074178
433000,0.129577,0.074178
433100,0.125822,0.074178
433200,0.099531,0.074178
433300,0.128638,0.074178
433400,0.126761,0.074178
433500,0.112676,0.074178
433600,0.114554,0.074178
433700,0.124883,0.074178
433800,0.141784,0.074178
433900,0.134272,0.074178
434000,0.126761,0.074178
434100,0.131455,0.074178
434200,0.125822,0.074178
434300,0.112676,0.074178
434400,0.110798,0.074178
434500,0.123944,0.074178
434600,0.121127,0.074178
434700,0.131455,0.074178
434800,0.127700,0.074178
434900,0.130516,0.074178
435000,0.122066,0.074178
435100,0.114554,0.074178
435200,0.113615,0.074178
435300,0.138967,0.074178
435400,0.120188,0.074178
435500,0.106103,0.074178
435600,0.125822,0.074178
435700,0.117371,0.074178
435800,0.111737,0.074178
435900,0.123005,0.074178
436000,0.135211,0.074178
436100,0.113615,0.074178
436200,0.137089,0.074178
436300,0.119249,0.074178
436400,0.118310,0.074178
436500,0.119249,0.074178
436600,0.099531,0.074178
436700,0.127700,0.074178
436800,0.131455,0.074178
436900,0.126761,0.074178
437000,0.120188,0.074178
437100,0.131455,0.074178
437200,0.128638,0.074178
437300,0.127700,0.074178
437400,0.131455,0.074178
437500,0.114554,0.074178
437600,0.121127,0.074178
437700,0.134272,0.074178
437800,0.123005,0.074178
437900,0.128638,0.074178
438000,0.134272,0.074178
438100,0.144601,0.074178
438200,0.123005,0.074178
438300,0.116432,0.074178
438400,0.116432,0.074178
438500,0.119249,0.074178
438600,0.124883,0.074178
438700,0.123944,0.074178
438800,0.115493,0.074178
438900,0.128638,0.074178
439000,0.140845,0.074178
439100,0.117371,0.074178
439200,0.128638,0.074178
439300,0.112676,0.074178
439400,0.129577,0.074178
439500,0.112676,0.074178
439600,0.109859,0.074178
439700,0.139906,0.074178
439800,0.129577,0.074178
439900,0.136150,0.074178
440000,0.135211,0.074178
440100,0.111737,0.074178
440200,0.126761,0.074178
440300,0.121127,0.074178
440400,0.137089,0.074178
440500,0.127700,0.074178
440600,0.122066,0.074178
440700,0.136150,0.074178
440800,0.125822,0.074178
440900,0.120188,0.074178
441000,0.137089,0.074178
441100,0.113615,0.074178
441200,0.121127,0.074178
441300,0.127700,0.074178
441400,0.130516,0.074178
441500,0.121127,0.074178
441600,0.118310,0.074178
441700,0.117371,0.074178
441800,0.116432,0.074178
441900,0.124883,0.074178
442000,0.136150,0.074178
442100,0.120188,0.074178
442200,0.118310,0.074178
442300,0.119249,0.074178
442400,0.114554,0.074178
442500,0.108920,0.074178
442600,0.105164,0.074178
442700,0.120188,0.074178
442800,0.126761,0.074178
442900,0.119249,0.074178
443000,0.116432,0.074178
443100,0.127700,0.074178
443200,0.113615,0.074178
443300,0.126761,0.074178
443400,0.120188,0.074178
443500,0.138028,0.074178
443600,0.126761,0.074178
443700,0.135211,0.074178
443800,0.157746,0.074178
443900,0.136150,0.074178
444000,0.136150,0.074178
444100,0.149296,0.074178
444200,0.143662,0.074178
444300,0.121127,0.074178
444400,0.123944,0.074178
444500,0.134272,0.074178
444600,0.148357,0.074178
444700,0.122066,0.074178
444800,0.129577,0.074178
444900,0.123005,0.074178
445000,0.134272,0.074178
445100,0.123005,0.074178
445200,0.138028,0.074178
445300,0.110798,0.074178
445400,0.119249,0.074178
445500,0.128638,0.074178
445600,0.107981,0.074178
445700,0.110798,0.074178
445800,0.123005,0.074178
445900,0.121127,0.074178
446000,0.121127,0.074178
446100,0.131455,0.074178
446200,0.131455,0.074178
446300,0.107042,0.074178
446400,0.124883,0.074178
446500,0.116432,0.074178
446600,0.133333,0.074178
446700,0.122066,0.074178
446800,0.130516,0.074178
446900,0.124883,0.074178
447000,0.115493,0.074178
447100,0.118310,0.074178
447200,0.135211,0.074178
447300,0.130516,0.074178
447400,0.095775,0.074178
447500,0.120188,0.074178
447600,0.113615,0.074178
447700,0.114554,0.074178
447800,0.113615,0.074178
447900,0.092958,0.074178
448000,0.116432,0.074178
448100,0.123005,0.074178
448200,0.126761,0.074178
448300,0.127700,0.074178
448400,0.128638,0.074178
448500,0.134272,0.074178
448600,0.129577,0.074178
448700,0.116432,0.074178
448800,0.128638,0.074178
448900,0.128638,0.074178
449000,0.115493,0.074178
449100,0.124883,0.074178
449200,0.119249,0.074178
449300,0.116432,0.074178
449400,0.104225,0.074178
449500,0.132394,0.074178
449600,0.117371,0.074178
449700,0.140845,0.074178
449800,0.123944,0.074178
449900,0.130516,0.074178
450000,0.120188,0.074178
450100,0.128638,0.074178
450200,0.118310,0.074178
450300,0.125822,0.074178
450400,0.130516,0.074178
450500,0.115493,0.074178
450600,0.123005,0.074178
450700,0.125822,0.074178
450800,0.121127,0.074178
450900,0.134272,0.074178
451000,0.107981,0.074178
451100,0.123005,0.074178
451200,0.128638,0.074178
451300,0.133333,0.074178
451400,0.116432,0.074178
451500,0.123005,0.074178
451600,0.125822,0.074178
451700,0.127700,0.074178
451800,0.124883,0.074178
451900,0.123005,0.074178
452000,0.109859,0.074178
452100,0.130516,0.074178
452200,0.132394,0.074178
452300,0.140845,0.074178
452400,0.138028,0.074178
452500,0.114554,0.074178
452600,0.120188,0.074178
452700,0.115493,0.074178
452800,0.112676,0.074178
452900,0.127700,0.074178
453000,0.131455,0.074178
453100,0.139906,0.074178
453200,0.127700,0.074178
453300,0.110798,0.074178
453400,0.122066,0.074178
453500,0.142723,0.074178
453600,0.141784,0.074178
453700,0.143662,0.074178
453800,0.115493,0.074178
453900,0.106103,0.074178
454000,0.137089,0.074178
454100,0.130516,0.074178
454200,0.131455,0.074178
454300,0.138967,0.074178
454400,0.116432,0.074178
454500,0.135211,0.074178
454600,0.106103,0.074178
454700,0.115493,0.074178
454800,0.123944,0.074178
454900,0.130516,0.074178
455000,0.118310,0.074178
455100,0.118310,0.074178
455200,0.113615,0.074178
455300,0.125822,0.074178
455400,0.120188,0.074178
455500,0.126761,0.074178
455600,0.126761,0.074178
455700,0.127700,0.074178
455800,0.150235,0.074178
455900,0.108920,0.074178
456000,0.124883,0.074178
456100,0.136150,0.074178
456200,0.137089,0.074178
456300,0.131455,0.074178
456400,0.105164,0.074178
456500,0.123005,0.074178
456600,0.114554,0.074178
456700,0.136150,0.074178
456800,0.123005,0.074178
456900,0.139906,0.074178
457000,0.123005,0.074178
457100,0.123005,0.074178
457200,0.135211,0.074178
457300,0.113615,0.074178
457400,0.123005,0.074178
457500,0.127700,0.074178
457600,0.110798,0.074178
457700,0.123005,0.074178
457800,0.137089,0.074178
457900,0.126761,0.074178
458000,0.134272,0.074178
458100,0.140845,0.074178
458200,0.123944,0.074178
458300,0.142723,0.074178
458400,0.127700,0.074178
458500,0.122066,0.074178
458600,0.123005,0.074178
458700,0.125822,0.074178
458800,0.123944,0.074178
458900,0.122066,0.074178
459000,0.136150,0.074178
459100,0.128638,0.074178
459200,0.123944,0.074178
459300,0.140845,0.074178
459400,0.131455,0.074178
459500,0.124883,0.074178
459600,0.130516,0.074178
459700,0.122066,0.074178
459800,0.114554,0.074178
459900,0.118310,0.074178
460000,0.132394,0.074178
460100,0.101408,0.074178
460200,0.106103,0.074178
460300,0.107042,0.074178
460400,0.109859,0.074178
460500,0.124883,0.074178
460600,0.122066,0.074178
460700,0.117371,0.074178
460800,0.123005,0.074178
460900,0.151174,0.074178
461000,0.134272,0.074178
461100,0.137089,0.074178
461200,0.133333,0.074178
461300,0.132394,0.074178
461400,0.140845,0.074178
461500,0.106103,0.074178
461600,0.123005,0.074178
461700,0.126761,0.074178
461800,0.139906,0.074178
461900,0.133333,0.074178
462000,0.120188,0.074178
462100,0.129577,0.074178
462200,0.123944,0.074178
462300,0.132394,0.074178
462400,0.132394,0.074178
462500,0.120188,0.074178
462600,0.114554,0.074178
462700,0.109859,0.074178
462800,0.133333,0.074178
462900,0.123944,0.074178
463000,0.111737,0.074178
463100,0.125822,0.074178
463200,0.126761,0.074178
463300,0.121127,0.074178
463400,0.121127,0.074178
463500,0.131455,0.074178
463600,0.121127,0.074178
463700,0.128638,0.074178
463800,0.115493,0.074178
463900,0.104225,0.074178
464000,0.138028,0.074178
464100,0.138028,0.074178
464200,0.131455,0.074178
464300,0.116432,0.074178
464400,0.107042,0.074178
464500,0.109859,0.074178
464600,0.127700,0.074178
464700,0.141784,0.074178
464800,0.123005,0.074178
464900,0.130516,0.074178
465000,0.131455,0.074178
465100,0.136150,0.074178
465200,0.126761,0.074178
465300,0.131455,0.074178
465400,0.117371,0.074178
465500,0.110798,0.074178
465600,0.117371,0.074178
465700,0.121127,0.074178
465800,0.123944,0.074178
465900,0.135211,0.074178
466000,0.138028,0.074178
466100,0.134272,0.074178
466200,0.139906,0.074178
466300,0.132394,0.074178
466400,0.137089,0.074178
466500,0.122066,0.074178
466600,0.126761,0.074178
466700,0.139906,0.074178
466800,0.123005,0.074178
466900,0.109859,0.074178
467000,0.123944,0.074178
467100,0.128638,0.074178
467200,0.123005,0.074178
467300,0.101408,0.074178
467400,0.138967,0.074178
467500,0.116432,0.074178
467600,0.111737,0.074178
467700,0.119249,0.074178
467800,0.134272,0.074178
467900,0.138967,0.074178
468000,0.128638,0.074178
468100,0.124883,0.074178
468200,0.117371,0.074178
468300,0.117371,0.074178
468400,0.119249,0.074178
468500,0.120188,0.074178
468600,0.130516,0.074178
468700,0.112676,0.074178
468800,0.087324,0.074178
468900,0.089202,0.074178
469000,0.116432,0.074178
469100,0.121127,0.074178
469200,0.134272,0.074178
469300,0.133333,0.074178
469400,0.106103,0.074178
469500,0.108920,0.074178
469600,0.126761,0.074178
469700,0.158685,0.074178
469800,0.137089,0.074178
469900,0.135211,0.074178
470000,0.140845,0.074178
470100,0.123005,0.074178
470200,0.119249,0.074178
470300,0.132394,0.074178
470400,0.113615,0.074178
470500,0.116432,0.074178
470600,0.121127,0.074178
470700,0.104225,0.074178
470800,0.111737,0.074178
470900,0.129577,0.074178
471000,0.127700,0.074178
471100,0.127700,0.074178
471200,0.143662,0.074178
471300,0.141784,0.074178
471400,0.121127,0.074178
471500,0.147418,0.074178
471600,0.121127,0.074178
471700,0.134272,0.074178
471800,0.123005,0.074178
471900,0.128638,0.074178
472000,0.127700,0.074178
472100,0.130516,0.074178
472200,0.123005,0.074178
472300,0.138967,0.074178
472400,0.132394,0.074178
472500,0.129577,0.074178
472600,0.126761,0.074178
472700,0.125822,0.074178
472800,0.123005,0.074178
472900,0.127700,0.074178
473000,0.121127,0.074178
473100,0.123944,0.074178
473200,0.120188,0.074178
473300,0.126761,0.074178
473400,0.103286,0.074178
473500,0.111737,0.074178
473600,0.122066,0.074178
473700,0.118310,0.074178
473800,0.128638,0.074178
473900,0.123005,0.074178
474000,0.119249,0.074178
474100,0.124883,0.074178
474200,0.119249,0.074178
474300,0.132394,0.074178
474400,0.115493,0.074178
474500,0.132394,0.074178
474600,0.123944,0.074178
474700,0.129577,0.074178
474800,0.117371,0.074178
474900,0.126761,0.074178
475000,0.122066,0.074178
475100,0.121127,0.074178
475200,0.120188,0.074178
475300,0.132394,0.074178
475400,0.127700,0.074178
475500,0.128638,0.074178
475600,0.128638,0.074178
475700,0.128638,0.074178
475800,0.123944,0.074178
475900,0.109859,0.074178
476000,0.126761,0.074178
476100,0.107042,0.074178
476200,0.102347,0.074178
476300,0.121127,0.074178
476400,0.130516,0.074178
476500,0.134272,0.074178
476600,0.134272,0.074178
476700,0.130516,0.074178
476800,0.138967,0.074178
476900,0.127700,0.074178
477000,0.122066,0.074178
477100,0.123944,0.074178
477200,0.132394,0.074178
477300,0.126761,0.074178
477400,0.141784,0.074178
477500,0.124883,0.074178
477600,0.130516,0.074178
477700,0.133333,0.074178
477800,0.121127,0.074178
477900,0.110798,0.074178
478000,0.124883,0.074178
478100,0.114554,0.074178
478200,0.121127,0.074178
478300,0.128638,0.074178
478400,0.116432,0.074178
478500,0.104225,0.074178
478600,0.105164,0.074178
478700,0.111737,0.074178
478800,0.127700,0.074178
478900,0.144601,0.074178
479000,0.137089,0.074178
479100,0.120188,0.074178
479200,0.116432,0.074178
479300,0.102347,0.074178
479400,0.115493,0.074178
479500,0.100469,0.074178
479600,0.118310,0.074178
479700,0.113615,0.074178
479800,0.124883,0.074178
479900,0.119249,0.074178
480000,0.138967,0.074178
480100,0.151174,0.074178
480200,0.127700,0.074178
480300,0.104225,0.074178
480400,0.127700,0.074178
480500,0.103286,0.074178
480600,0.111737,0.074178
480700,0.116432,0.074178
480800,0.116432,0.074178
480900,0.128638,0.074178
481000,0.120188,0.074178
481100,0.121127,0.074178
481200,0.115493,0.074178
481300,0.126761,0.074178
481400,0.134272,0.074178
481500,0.115493,0.074178
481600,0.119249,0.074178
481700,0.101408,0.074178
481800,0.128638,0.074178
481900,0.115493,0.074178
482000,0.107042,0.074178
482100,0.127700,0.074178
482200,0.110798,0.074178
482300,0.125822,0.074178
482400,0.125822,0.074178
482500,0.144601,0.074178
482600,0.127700,0.074178
482700,0.110798,0.074178
482800,0.125822,0.074178
482900,0.123944,0.074178
483000,0.117371,0.074178
483100,0.130516,0.074178
483200,0.161502,0.074178
483300,0.144601,0.074178
483400,0.134272,0.074178
483500,0.144601,0.074178
483600,0.124883,0.074178
483700,0.144601,0.074178
483800,0.131455,0.074178
483900,0.128638,0.074178
484000,0.132394,0.074178
484100,0.122066,0.074178
484200,0.129577,0.074178
484300,0.128638,0.074178
484400,0.123005,0.074178
484500,0.134272,0.074178
484600,0.131455,0.074178
484700,0.130516,0.074178
484800,0.124883,0.074178
484900,0.122066,0.074178
485000,0.129577,0.074178
485100,0.117371,0.074178
485200,0.104225,0.074178
485300,0.123944,0.074178
485400,0.118310,0.074178
485500,0.137089,0.074178
485600,0.133333,0.074178
485700,0.106103,0.074178
485800,0.129577,0.074178
485900,0.125822,0.074178
486000,0.103286,0.074178
486100,0.124883,0.074178
486200,0.134272,0.074178
486300,0.137089,0.074178
486400,0.125822,0.074178
486500,0.124883,0.074178
486600,0.118310,0.074178
486700,0.119249,0.074178
486800,0.133333,0.074178
486900,0.148357,0.074178
487000,0.139906,0.074178
487100,0.118310,0.074178
487200,0.110798,0.074178
487300,0.135211,0.074178
487400,0.132394,0.074178
487500,0.125822,0.074178
487600,0.123005,0.074178
487700,0.126761,0.074178
487800,0.128638,0.074178
487900,0.132394,0.074178
488000,0.124883,0.074178
488100,0.127700,0.074178
488200,0.121127,0.074178
488300,0.129577,0.074178
488400,0.133333,0.074178
488500,0.124883,0.074178
488600,0.126761,0.074178
488700,0.115493,0.074178
488800,0.128638,0.074178
488900,0.126761,0.074178
489000,0.107981,0.074178
489100,0.126761,0.074178
489200,0.113615,0.074178
489300,0.128638,0.074178
489400,0.132394,0.074178
489500,0.104225,0.074178
489600,0.119249,0.074178
489700,0.132394,0.074178
489800,0.126761,0.074178
489900,0.104225,0.074178
490000,0.101408,0.074178
490100,0.104225,0.074178
490200,0.110798,0.074178
490300,0.115493,0.074178
490400,0.131455,0.074178
490500,0.118310,0.074178
490600,0.121127,0.074178
490700,0.120188,0.074178
490800,0.112676,0.074178
490900,0.115493,0.074178
491000,0.117371,0.074178
491100,0.123005,0.074178
491200,0.108920,0.074178
491300,0.131455,0.074178
491400,0.127700,0.074178
491500,0.117371,0.074178
491600,0.141784,0.074178
491700,0.115493,0.074178
491800,0.146479,0.074178
491900,0.131455,0.074178
492000,0.112676,0.074178
492100,0.137089,0.074178
492200,0.129577,0.074178
492300,0.123944,0.074178
492400,0.130516,0.074178
492500,0.131455,0.074178
492600,0.133333,0.074178
492700,0.138028,0.074178
492800,0.132394,0.074178
492900,0.111737,0.074178
493000,0.110798,0.074178
493100,0.124883,0.074178
493200,0.131455,0.074178
493300,0.123005,0.074178
493400,0.148357,0.074178
493500,0.128638,0.074178
493600,0.125822,0.074178
493700,0.124883,0.074178
493800,0.123944,0.074178
493900,0.115493,0.074178
494000,0.120188,0.074178
494100,0.116432,0.074178
494200,0.115493,0.074178
494300,0.124883,0.074178
494400,0.115493,0.074178
494500,0.143662,0.074178
494600,0.133333,0.074178
494700,0.121127,0.074178
494800,0.123944,0.074178
494900,0.110798,0.074178
495000,0.119249,0.074178
495100,0.135211,0.074178
495200,0.133333,0.074178
495300,0.138028,0.074178
495400,0.112676,0.074178
495500,0.129577,0.074178
495600,0.121127,0.074178
495700,0.132394,0.074178
495800,0.122066,0.074178
495900,0.123944,0.074178
496000,0.124883,0.074178
496100,0.123944,0.074178
496200,0.104225,0.074178
496300,0.114554,0.074178
496400,0.140845,0.074178
496500,0.142723,0.074178
496600,0.124883,0.074178
496700,0.131455,0.074178
496800,0.125822,0.074178
496900,0.127700,0.074178
497000,0.111737,0.074178
497100,0.127700,0.074178
497200,0.123005,0.074178
497300,0.119249,0.074178
497400,0.110798,0.074178
497500,0.113615,0.074178
497600,0.137089,0.074178
497700,0.111737,0.074178
497800,0.104225,0.074178
497900,0.138967,0.074178
498000,0.126761,0.074178
498100,0.138028,0.074178
498200,0.117371,0.074178
498300,0.123005,0.074178
498400,0.135211,0.074178
498500,0.123944,0.074178
498600,0.114554,0.074178
498700,0.117371,0.074178
498800,0.118310,0.074178
498900,0.131455,0.074178
499000,0.134272,0.074178
499100,0.110798,0.074178
499200,0.119249,0.074178
499300,0.111737,0.074178
499400,0.121127,0.074178
499500,0.146479,0.074178
499600,0.138028,0.074178
499700,0.138028,0.074178
499800,0.122066,0.074178
499900,0.125822,0.074178
500000,0.125822,0.074178
500100,0.136150,0.074178
500200,0.139906,0.074178
500300,0.125822,0.074178
500400,0.129577,0.074178
500500,0.130516,0.074178
500600,0.124883,0.074178
500700,0.133333,0.074178
500800,0.140845,0.074178
500900,0.130516,0.074178
501000,0.120188,0.074178
501100,0.116432,0.074178
501200,0.119249,0.074178
501300,0.133333,0.074178
501400,0.140845,0.074178
501500,0.130516,0.074178
501600,0.116432,0.074178
501700,0.128638,0.074178
501800,0.127700,0.074178
501900,0.120188,0.074178
502000,0.119249,0.074178
502100,0.112676,0.074178
502200,0.128638,0.074178
502300,0.126761,0.074178
502400,0.153991,0.074178
502500,0.125822,0.074178
502600,0.135211,0.074178
502700,0.117371,0.074178
502800,0.123944,0.074178
502900,0.133333,0.074178
503000,0.143662,0.074178
503100,0.141784,0.074178
503200,0.113615,0.074178
503300,0.129577,0.074178
503400,0.120188,0.074178
503500,0.121127,0.074178
503600,0.136150,0.074178
503700,0.134272,0.074178
503800,0.127700,0.074178
503900,0.148357,0.074178
504000,0.148357,0.074178
504100,0.128638,0.074178
504200,0.109859,0.074178
504300,0.132394,0.074178
504400,0.126761,0.074178
504500,0.117371,0.074178
504600,0.114554,0.074178
504700,0.116432,0.074178
504800,0.131455,0.074178
504900,0.118310,0.074178
505000,0.126761,0.074178
505100,0.127700,0.074178
505200,0.125822,0.074178
505300,0.117371,0.074178
505400,0.124883,0.074178
505500,0.116432,0.074178
505600,0.130516,0.074178
505700,0.126761,0.074178
505800,0.130516,0.074178
505900,0.119249,0.074178
506000,0.109859,0.074178
506100,0.139906,0.074178
506200,0.136150,0.074178
506300,0.139906,0.074178
506400,0.123005,0.074178
506500,0.116432,0.074178
506600,0.128638,0.074178
506700,0.136150,0.074178
506800,0.140845,0.074178
506900,0.114554,0.074178
507000,0.130516,0.074178
507100,0.121127,0.074178
507200,0.113615,0.074178
507300,0.139906,0.074178
507400,0.140845,0.074178
507500,0.118310,0.074178
507600,0.103286,0.074178
507700,0.123005,0.074178
507800,0.123944,0.074178
507900,0.112676,0.074178
508000,0.130516,0.074178
508100,0.125822,0.074178
508200,0.123005,0.074178
508300,0.132394,0.074178
508400,0.120188,0.074178
508500,0.114554,0.074178
508600,0.132394,0.074178
508700,0.123944,0.074178
508800,0.110798,0.074178
508900,0.134272,0.074178
509000,0.133333,0.074178
509100,0.148357,0.074178
509200,0.123005,0.074178
509300,0.129577,0.074178
509400,0.143662,0.074178
509500,0.137089,0.074178
509600,0.121127,0.074178
509700,0.133333,0.074178
509800,0.138967,0.074178
509900,0.105164,0.074178
510000,0.135211,0.074178
510100,0.130516,0.074178
510200,0.143662,0.074178
510300,0.126761,0.074178
510400,0.130516,0.074178
510500,0.112676,0.074178
510600,0.117371,0.074178
510700,0.134272,0.074178
510800,0.114554,0.074178
510900,0.117371,0.074178
511000,0.119249,0.074178
511100,0.112676,0.074178
511200,0.112676,0.074178
511300,0.112676,0.074178
511400,0.128638,0.074178
511500,0.128638,0.074178
511600,0.117371,0.074178
511700,0.115493,0.074178
511800,0.123005,0.074178
511900,0.111737,0.074178
512000,0.112676,0.074178
512100,0.125822,0.074178
512200,0.132394,0.074178
512300,0.106103,0.074178
512400,0.115493,0.074178
512500,0.128638,0.074178
512600,0.119249,0.074178
512700,0.108920,0.074178
512800,0.110798,0.074178
512900,0.123944,0.074178
513000,0.126761,0.074178
513100,0.108920,0.074178
513200,0.119249,0.074178
513300,0.123944,0.074178
513400,0.125822,0.074178
513500,0.130516,0.074178
513600,0.132394,0.074178
513700,0.123944,0.074178
513800,0.122066,0.074178
513900,0.136150,0.074178
514000,0.104225,0.074178
514100,0.120188,0.074178
514200,0.123005,0.074178
514300,0.107042,0.074178
514400,0.108920,0.074178
514500,0.107042,0.074178
514600,0.123005,0.074178
514700,0.121127,0.074178
514800,0.108920,0.074178
514900,0.116432,0.074178
515000,0.130516,0.074178
515100,0.147418,0.074178
515200,0.153991,0.074178
515300,0.158685,0.074178
515400,0.147418,0.074178
515500,0.128638,0.074178
515600,0.135211,0.074178
515700,0.129577,0.074178
515800,0.138967,0.074178
515900,0.126761,0.074178
516000,0.137089,0.074178
516100,0.130516,0.074178
516200,0.146479,0.074178
516300,0.115493,0.074178
516400,0.116432,0.074178
516500,0.136150,0.074178
516600,0.126761,0.074178
516700,0.123005,0.074178
516800,0.143662,0.074178
516900,0.125822,0.074178
517000,0.154930,0.074178
517100,0.138028,0.074178
517200,0.126761,0.074178
517300,0.125822,0.074178
517400,0.115493,0.074178
517500,0.119249,0.074178
517600,0.108920,0.074178
517700,0.112676,0.074178
517800,0.120188,0.074178
517900,0.149296,0.074178
518000,0.130516,0.074178
518100,0.141784,0.074178
518200,0.118310,0.074178
518300,0.098592,0.074178
518400,0.130516,0.074178
518500,0.119249,0.074178
518600,0.105164,0.074178
518700,0.102347,0.074178
518800,0.119249,0.074178
518900,0.109859,0.074178
519000,0.103286,0.074178
519100,0.131455,0.074178
519200,0.119249,0.074178
519300,0.135211,0.074178
519400,0.133333,0.074178
519500,0.125822,0.074178
519600,0.109859,0.074178
519700,0.132394,0.074178
519800,0.126761,0.074178
519900,0.131455,0.074178
520000,0.153052,0.074178
520100,0.145540,0.074178
520200,0.130516,0.074178
520300,0.117371,0.074178
520400,0.114554,0.074178
520500,0.128638,0.074178
520600,0.122066,0.074178
520700,0.114554,0.074178
520800,0.104225,0.074178
520900,0.107042,0.074178
521000,0.137089,0.074178
521100,0.136150,0.074178
521200,0.131455,0.074178
521300,0.133333,0.074178
521400,0.126761,0.074178
521500,0.125822,0.074178
521600,0.114554,0.074178
521700,0.128638,0.074178
521800,0.122066,0.074178
521900,0.124883,0.074178
522000,0.126761,0.074178
522100,0.126761,0.074178
522200,0.122066,0.074178
522300,0.107042,0.074178
522400,0.107981,0.074178
522500,0.133333,0.074178
522600,0.113615,0.074178
522700,0.106103,0.074178
522800,0.110798,0.074178
522900,0.120188,0.074178
523000,0.125822,0.074178
523100,0.116432,0.074178
523200,0.126761,0.074178
523300,0.128638,0.074178
523400,0.115493,0.074178
523500,0.148357,0.074178
523600,0.116432,0.074178
523700,0.114554,0.074178
523800,0.131455,0.074178
523900,0.130516,0.074178
524000,0.141784,0.074178
524100,0.123944,0.074178
524200,0.123005,0.074178
524300,0.122066,0.074178
524400,0.129577,0.074178
524500,0.136150,0.074178
524600,0.134272,0.074178
524700,0.118310,0.074178
524800,0.120188,0.074178
524900,0.118310,0.074178
525000,0.131455,0.074178
525100,0.117371,0.074178
525200,0.105164,0.074178
525300,0.106103,0.074178
525400,0.115493,0.074178
525500,0.122066,0.074178
525600,0.135211,0.074178
525700,0.127700,0.074178
525800,0.134272,0.074178
525900,0.133333,0.074178
526000,0.125822,0.074178
526100,0.123944,0.074178
526200,0.136150,0.074178
526300,0.151174,0.074178
526400,0.131455,0.074178
526500,0.137089,0.074178
526600,0.153052,0.074178
526700,0.138967,0.074178
526800,0.138028,0.074178
526900,0.132394,0.074178
527000,0.141784,0.074178
527100,0.123944,0.074178
527200,0.125822,0.074178
527300,0.111737,0.074178
527400,0.128638,0.074178
527500,0.117371,0.074178
527600,0.123005,0.074178
527700,0.130516,0.074178
527800,0.108920,0.074178
527900,0.113615,0.074178
528000,0.122066,0.074178
528100,0.134272,0.074178
528200,0.135211,0.074178
528300,0.144601,0.074178
528400,0.123005,0.074178
528500,0.129577,0.074178
528600,0.136150,0.074178
528700,0.117371,0.074178
528800,0.119249,0.074178
528900,0.130516,0.074178
529000,0.135211,0.074178
529100,0.132394,0.074178
529200,0.117371,0.074178
529300,0.129577,0.074178
529400,0.139906,0.074178
529500,0.138028,0.074178
529600,0.127700,0.074178
529700,0.114554,0.074178
529800,0.126761,0.074178
529900,0.138028,0.074178
530000,0.106103,0.074178
530100,0.110798,0.074178
530200,0.119249,0.074178
530300,0.120188,0.074178
530400,0.128638,0.074178
530500,0.127700,0.074178
530600,0.121127,0.074178
530700,0.101408,0.074178
530800,0.122066,0.074178
530900,0.128638,0.074178
531000,0.114554,0.074178
531100,0.133333,0.074178
531200,0.127700,0.074178
531300,0.123005,0.074178
531400,0.140845,0.074178
531500,0.112676,0.074178
531600,0.111737,0.074178
531700,0.125822,0.074178
531800,0.113615,0.074178
531900,0.114554,0.074178
532000,0.107042,0.074178
532100,0.125822,0.074178
532200,0.125822,0.074178
532300,0.129577,0.074178
532400,0.124883,0.074178
532500,0.112676,0.074178
532600,0.108920,0.074178
532700,0.117371,0.074178
532800,0.131455,0.074178
532900,0.126761,0.074178
533000,0.128638,0.074178
533100,0.123005,0.074178
533200,0.126761,0.074178
533300,0.102347,0.074178
533400,0.118310,0.074178
533500,0.125822,0.074178
533600,0.124883,0.074178
533700,0.132394,0.074178
533800,0.112676,0.074178
533900,0.123005,0.074178
534000,0.127700,0.074178
534100,0.122066,0.074178
534200,0.117371,0.074178
534300,0.132394,0.074178
534400,0.129577,0.074178
534500,0.136150,0.074178
534600,0.123944,0.074178
534700,0.127700,0.074178
534800,0.118310,0.074178
534900,0.124883,0.074178
535000,0.116432,0.074178
535100,0.131455,0.074178
535200,0.117371,0.074178
535300,0.101408,0.074178
535400,0.118310,0.074178
535500,0.131455,0.074178
535600,0.131455,0.074178
535700,0.124883,0.074178
535800,0.121127,0.074178
535900,0.129577,0.074178
536000,0.123005,0.074178
536100,0.116432,0.074178
536200,0.123944,0.074178
536300,0.116432,0.074178
536400,0.116432,0.074178
536500,0.115493,0.074178
536600,0.117371,0.074178
536700,0.116432,0.074178
536800,0.113615,0.074178
536900,0.128638,0.074178
537000,0.128638,0.074178
537100,0.108920,0.074178
537200,0.129577,0.074178
537300,0.117371,0.074178
537400,0.134272,0.074178
537500,0.147418,0.074178
537600,0.139906,0.074178
537700,0.119249,0.074178
537800,0.107042,0.074178
537900,0.122066,0.074178
538000,0.121127,0.074178
538100,0.142723,0.074178
538200,0.121127,0.074178
538300,0.127700,0.074178
538400,0.138967,0.074178
538500,0.122066,0.074178
538600,0.137089,0.074178
538700,0.124883,0.074178
538800,0.125822,0.074178
538900,0.131455,0.074178
539000,0.113615,0.074178
539100,0.113615,0.074178
539200,0.134272,0.074178
539300,0.114554,0.074178
539400,0.126761,0.074178
539500,0.129577,0.074178
539600,0.116432,0.074178
539700,0.119249,0.074178
539800,0.132394,0.074178
539900,0.128638,0.074178
540000,0.121127,0.074178
540100,0.132394,0.074178
540200,0.132394,0.074178
540300,0.133333,0.074178
540400,0.121127,0.074178
540500,0.115493,0.074178
540600,0.105164,0.074178
540700,0.133333,0.074178
540800,0.142723,0.074178
540900,0.133333,0.074178
541000,0.129577,0.074178
541100,0.123005,0.074178
541200,0.125822,0.074178
541300,0.139906,0.074178
541400,0.111737,0.074178
541500,0.121127,0.074178
541600,0.111737,0.074178
541700,0.118310,0.074178
541800,0.113615,0.074178
541900,0.123005,0.074178
542000,0.136150,0.074178
542100,0.123005,0.074178
542200,0.130516,0.074178
542300,0.132394,0.074178
542400,0.127700,0.074178
542500,0.119249,0.074178
542600,0.116432,0.074178
542700,0.132394,0.074178
542800,0.126761,0.074178
542900,0.119249,0.074178
543000,0.118310,0.074178
543100,0.127700,0.074178
543200,0.115493,0.074178
543300,0.113615,0.074178
543400,0.114554,0.074178
543500,0.121127,0.074178
543600,0.109859,0.074178
543700,0.101408,0.074178
543800,0.118310,0.074178
543900,0.129577,0.074178
544000,0.129577,0.074178
544100,0.136150,0.074178
544200,0.116432,0.074178
544300,0.115493,0.074178
544400,0.118310,0.074178
544500,0.119249,0.074178
544600,0.122066,0.074178
544700,0.113615,0.074178
544800,0.131455,0.074178
544900,0.124883,0.074178
545000,0.126761,0.074178
545100,0.124883,0.074178
545200,0.137089,0.074178
545300,0.135211,0.074178
545400,0.119249,0.074178
545500,0.107981,0.074178
545600,0.122066,0.074178
545700,0.122066,0.074178
545800,0.126761,0.074178
545900,0.149296,0.074178
546000,0.144601,0.074178
546100,0.132394,0.074178
546200,0.123944,0.074178
546300,0.148357,0.074178
546400,0.137089,0.074178
546500,0.118310,0.074178
546600,0.118310,0.074178
546700,0.118310,0.074178
546800,0.109859,0.074178
546900,0.114554,0.074178
547000,0.136150,0.074178
547100,0.130516,0.074178
547200,0.136150,0.074178
547300,0.117371,0.074178
547400,0.098592,0.074178
547500,0.120188,0.074178
547600,0.112676,0.074178
547700,0.132394,0.074178
547800,0.142723,0.074178
547900,0.133333,0.074178
548000,0.137089,0.074178
548100,0.132394,0.074178
548200,0.138967,0.074178
548300,0.128638,0.074178
548400,0.131455,0.074178
548500,0.095775,0.074178
548600,0.124883,0.074178
548700,0.115493,0.074178
548800,0.123944,0.074178
548900,0.117371,0.074178
549000,0.118310,0.074178
549100,0.121127,0.074178
549200,0.111737,0.074178
549300,0.138028,0.074178
549400,0.110798,0.074178
549500,0.110798,0.074178
549600,0.112676,0.074178
549700,0.108920,0.074178
549800,0.118310,0.074178
549900,0.093897,0.074178
550000,0.123005,0.074178
550100,0.113615,0.074178
550200,0.111737,0.074178
550300,0.108920,0.074178
550400,0.116432,0.074178
550500,0.112676,0.074178
550600,0.111737,0.074178
550700,0.123005,0.074178
550800,0.117371,0.074178
550900,0.128638,0.074178
551000,0.123944,0.074178
551100,0.127700,0.074178
551200,0.125822,0.074178
551300,0.113615,0.074178
551400,0.108920,0.074178
551500,0.115493,0.074178
551600,0.120188,0.074178
551700,0.123005,0.074178
551800,0.113615,0.074178
551900,0.118310,0.074178
552000,0.110798,0.074178
552100,0.114554,0.074178
552200,0.123005,0.074178
552300,0.101408,0.074178
552400,0.109859,0.074178
552500,0.113615,0.074178
552600,0.132394,0.074178
552700,0.133333,0.074178
552800,0.123944,0.074178
552900,0.134272,0.074178
553000,0.144601,0.074178
553100,0.130516,0.074178
553200,0.126761,0.074178
553300,0.115493,0.074178
553400,0.119249,0.074178
553500,0.119249,0.074178
553600,0.120188,0.074178
553700,0.110798,0.074178
553800,0.131455,0.074178
553900,0.125822,0.074178
554000,0.142723,0.074178
554100,0.136150,0.074178
554200,0.107981,0.074178
554300,0.109859,0.074178
554400,0.118310,0.074178
554500,0.117371,0.074178
554600,0.115493,0.074178
554700,0.117371,0.074178
554800,0.114554,0.074178
554900,0.130516,0.074178
555000,0.131455,0.074178
555100,0.119249,0.074178
555200,0.130516,0.074178
555300,0.131455,0.074178
555400,0.109859,0.074178
555500,0.125822,0.074178
555600,0.123005,0.074178
555700,0.135211,0.074178
555800,0.136150,0.074178
555900,0.138028,0.074178
556000,0.131455,0.074178
556100,0.138967,0.074178
556200,0.123944,0.074178
556300,0.129577,0.074178
556400,0.123005,0.074178
556500,0.117371,0.074178
556600,0.120188,0.074178
556700,0.104225,0.074178
556800,0.107042,0.074178
556900,0.123944,0.074178
557000,0.101408,0.074178
557100,0.091080,0.074178
557200,0.110798,0.074178
557300,0.122066,0.074178
557400,0.109859,0.074178
557500,0.117371,0.074178
557600,0.121127,0.074178
557700,0.122066,0.074178
557800,0.131455,0.074178
557900,0.103286,0.074178
558000,0.110798,0.074178
558100,0.119249,0.074178
558200,0.117371,0.074178
558300,0.099531,0.074178
558400,0.117371,0.074178
558500,0.126761,0.074178
558600,0.131455,0.074178
558700,0.105164,0.074178
558800,0.118310,0.074178
558900,0.116432,0.074178
559000,0.135211,0.074178
559100,0.133333,0.074178
559200,0.144601,0.074178
559300,0.123944,0.074178
559400,0.121127,0.074178
559500,0.131455,0.074178
559600,0.118310,0.074178
559700,0.101408,0.074178
559800,0.107981,0.074178
559900,0.106103,0.074178
560000,0.138967,0.074178
560100,0.115493,0.074178
560200,0.112676,0.074178
560300,0.115493,0.074178
560400,0.113615,0.074178
560500,0.119249,0.074178
560600,0.122066,0.074178
560700,0.138028,0.074178
560800,0.132394,0.074178
560900,0.131455,0.074178
561000,0.123944,0.074178
561100,0.128638,0.074178
561200,0.099531,0.074178
561300,0.128638,0.074178
561400,0.132394,0.074178
561500,0.122066,0.074178
561600,0.120188,0.074178
561700,0.119249,0.074178
561800,0.113615,0.074178
561900,0.102347,0.074178
562000,0.114554,0.074178
562100,0.112676,0.074178
562200,0.113615,0.074178
562300,0.119249,0.074178
562400,0.132394,0.074178
562500,0.136150,0.074178
562600,0.144601,0.074178
562700,0.136150,0.074178
562800,0.124883,0.074178
562900,0.120188,0.074178
563000,0.123005,0.074178
563100,0.120188,0.074178
563200,0.113615,0.074178
563300,0.099531,0.074178
563400,0.120188,0.074178
563500,0.105164,0.074178
563600,0.113615,0.074178
563700,0.125822,0.074178
563800,0.132394,0.074178
563900,0.121127,0.074178
564000,0.123944,0.074178
564100,0.107981,0.074178
564200,0.137089,0.074178
564300,0.136150,0.074178
564400,0.123005,0.074178
564500,0.113615,0.074178
564600,0.109859,0.074178
564700,0.106103,0.074178
564800,0.117371,0.074178
564900,0.124883,0.074178
565000,0.114554,0.074178
565100,0.114554,0.074178
565200,0.125822,0.074178
565300,0.123005,0.074178
565400,0.133333,0.074178
565500,0.134272,0.074178
565600,0.132394,0.074178
565700,0.106103,0.074178
565800,0.103286,0.074178
565900,0.125822,0.074178
566000,0.126761,0.074178
566100,0.120188,0.074178
566200,0.132394,0.074178
566300,0.113615,0.074178
566400,0.131455,0.074178
566500,0.134272,0.074178
566600,0.136150,0.074178
566700,0.119249,0.074178
566800,0.116432,0.074178
566900,0.121127,0.074178
567000,0.113615,0.074178
567100,0.113615,0.074178
567200,0.118310,0.074178
567300,0.134272,0.074178
567400,0.106103,0.074178
567500,0.123944,0.074178
567600,0.121127,0.074178
567700,0.130516,0.074178
567800,0.126761,0.074178
567900,0.124883,0.074178
568000,0.122066,0.074178
568100,0.144601,0.074178
568200,0.110798,0.074178
568300,0.100469,0.074178
568400,0.125822,0.074178
568500,0.135211,0.074178
568600,0.133333,0.074178
568700,0.122066,0.074178
568800,0.108920,0.074178
568900,0.120188,0.074178
569000,0.115493,0.074178
569100,0.117371,0.074178
569200,0.123005,0.074178
569300,0.123005,0.074178
569400,0.133333,0.074178
569500,0.107042,0.074178
569600,0.113615,0.074178
569700,0.123944,0.074178
569800,0.106103,0.074178
569900,0.111737,0.074178
570000,0.142723,0.074178
570100,0.127700,0.074178
570200,0.152113,0.074178
570300,0.149296,0.074178
570400,0.138028,0.074178
570500,0.137089,0.074178
570600,0.152113,0.074178
570700,0.116432,0.074178
570800,0.102347,0.074178
570900,0.117371,0.074178
571000,0.130516,0.074178
571100,0.124883,0.074178
571200,0.124883,0.074178
571300,0.125822,0.074178
571400,0.117371,0.074178
571500,0.121127,0.074178
571600,0.131455,0.074178
571700,0.128638,0.074178
571800,0.133333,0.074178
571900,0.126761,0.074178
572000,0.123944,0.074178
572100,0.126761,0.074178
572200,0.123005,0.074178
572300,0.119249,0.074178
572400,0.125822,0.074178
572500,0.132394,0.074178
572600,0.120188,0.074178
572700,0.116432,0.074178
572800,0.115493,0.074178
572900,0.120188,0.074178
573000,0.117371,0.074178
573100,0.123944,0.074178
573200,0.138028,0.074178
573300,0.127700,0.074178
573400,0.126761,0.074178
573500,0.131455,0.074178
573600,0.123944,0.074178
573700,0.123005,0.074178
573800,0.124883,0.074178
573900,0.126761,0.074178
574000,0.101408,0.074178
574100,0.123944,0.074178
574200,0.134272,0.074178
574300,0.135211,0.074178
574400,0.132394,0.074178
574500,0.125822,0.074178
574600,0.111737,0.074178
574700,0.115493,0.074178
574800,0.104225,0.074178
574900,0.121127,0.074178
575000,0.136150,0.074178
575100,0.121127,0.074178
575200,0.148357,0.074178
575300,0.134272,0.074178
575400,0.151174,0.074178
575500,0.124883,0.074178
575600,0.127700,0.074178
575700,0.127700,0.074178
575800,0.133333,0.074178
575900,0.140845,0.074178
576000,0.138967,0.074178
576100,0.115493,0.074178
576200,0.120188,0.074178
576300,0.132394,0.074178
576400,0.115493,0.074178
576500,0.120188,0.074178
576600,0.133333,0.074178
576700,0.127700,0.074178
576800,0.123005,0.074178
576900,0.121127,0.074178
577000,0.119249,0.074178
577100,0.117371,0.074178
577200,0.112676,0.074178
577300,0.124883,0.074178
577400,0.115493,0.074178
577500,0.123944,0.074178
577600,0.133333,0.074178
577700,0.111737,0.074178
577800,0.139906,0.074178
577900,0.123944,0.074178
578000,0.122066,0.074178
578100,0.139906,0.074178
578200,0.133333,0.074178
578300,0.129577,0.074178
578400,0.123944,0.074178
578500,0.113615,0.074178
578600,0.140845,0.074178
578700,0.152113,0.074178
578800,0.137089,0.074178
578900,0.112676,0.074178
579000,0.125822,0.074178
579100,0.107981,0.074178
579200,0.118310,0.074178
579300,0.126761,0.074178
579400,0.132394,0.074178
579500,0.140845,0.074178
579600,0.126761,0.074178
579700,0.128638,0.074178
579800,0.126761,0.074178
579900,0.121127,0.074178
580000,0.135211,0.074178
580100,0.130516,0.074178
580200,0.109859,0.074178
580300,0.123005,0.074178
580400,0.127700,0.074178
580500,0.126761,0.074178
580600,0.132394,0.074178
580700,0.118310,0.074178
580800,0.123944,0.074178
580900,0.113615,0.074178
581000,0.124883,0.074178
581100,0.118310,0.074178
581200,0.122066,0.074178
581300,0.116432,0.074178
581400,0.129577,0.074178
581500,0.117371,0.074178
581600,0.138967,0.074178
581700,0.127700,0.074178
581800,0.116432,0.074178
581900,0.125822,0.074178
582000,0.118310,0.074178
582100,0.128638,0.074178
582200,0.117371,0.074178
582300,0.110798,0.074178
582400,0.118310,0.074178
582500,0.118310,0.074178
582600,0.118310,0.074178
582700,0.119249,0.074178
582800,0.111737,0.074178
582900,0.109859,0.074178
583000,0.116432,0.074178
583100,0.117371,0.074178
583200,0.107042,0.074178
583300,0.123005,0.074178
583400,0.119249,0.074178
583500,0.116432,0.074178
583600,0.117371,0.074178
583700,0.114554,0.074178
583800,0.126761,0.074178
583900,0.106103,0.074178
584000,0.118310,0.074178
584100,0.128638,0.074178
584200,0.113615,0.074178
584300,0.124883,0.074178
584400,0.124883,0.074178
584500,0.129577,0.074178
584600,0.120188,0.074178
584700,0.135211,0.074178
584800,0.118310,0.074178
584900,0.120188,0.074178
585000,0.126761,0.074178
585100,0.143662,0.074178
585200,0.125822,0.074178
585300,0.128638,0.074178
585400,0.120188,0.074178
585500,0.130516,0.074178
585600,0.129577,0.074178
585700,0.122066,0.074178
585800,0.119249,0.074178
585900,0.125822,0.074178
586000,0.132394,0.074178
586100,0.108920,0.074178
586200,0.113615,0.074178
586300,0.088263,0.074178
586400,0.102347,0.074178
586500,0.094836,0.074178
586600,0.114554,0.074178
586700,0.119249,0.074178
586800,0.123005,0.074178
586900,0.114554,0.074178
587000,0.120188,0.074178
587100,0.139906,0.074178
587200,0.137089,0.074178
587300,0.111737,0.074178
587400,0.123944,0.074178
587500,0.119249,0.074178
587600,0.114554,0.074178
587700,0.119249,0.074178
587800,0.114554,0.074178
587900,0.112676,0.074178
588000,0.095775,0.074178
588100,0.114554,0.074178
588200,0.134272,0.074178
588300,0.131455,0.074178
588400,0.115493,0.074178
588500,0.135211,0.074178
588600,0.120188,0.074178
588700,0.112676,0.074178
588800,0.106103,0.074178
588900,0.120188,0.074178
589000,0.123005,0.074178
589100,0.123005,0.074178
589200,0.138028,0.074178
589300,0.132394,0.074178
589400,0.118310,0.074178
589500,0.104225,0.074178
589600,0.101408,0.074178
589700,0.136150,0.074178
589800,0.136150,0.074178
589900,0.149296,0.074178
590000,0.138028,0.074178
590100,0.129577,0.074178
590200,0.149296,0.074178
590300,0.126761,0.074178
590400,0.117371,0.074178
590500,0.126761,0.074178
590600,0.116432,0.074178
590700,0.117371,0.074178
590800,0.106103,0.074178
590900,0.123944,0.074178
591000,0.117371,0.074178
591100,0.120188,0.074178
591200,0.117371,0.074178
591300,0.128638,0.074178
591400,0.099531,0.074178
591500,0.114554,0.074178
591600,0.130516,0.074178
591700,0.126761,0.074178
591800,0.107981,0.074178
591900,0.127700,0.074178
592000,0.132394,0.074178
592100,0.130516,0.074178
592200,0.124883,0.074178
592300,0.134272,0.074178
592400,0.123005,0.074178
592500,0.127700,0.074178
592600,0.111737,0.074178
592700,0.122066,0.074178
592800,0.125822,0.074178
592900,0.136150,0.074178
593000,0.118310,0.074178
593100,0.129577,0.074178
593200,0.142723,0.074178
593300,0.125822,0.074178
593400,0.139906,0.074178
593500,0.116432,0.074178
593600,0.130516,0.074178
593700,0.133333,0.074178
593800,0.138028,0.074178
593900,0.128638,0.074178
594000,0.123005,0.074178
594100,0.125822,0.074178
594200,0.135211,0.074178
594300,0.109859,0.074178
594400,0.126761,0.074178
594500,0.133333,0.074178
594600,0.122066,0.074178
594700,0.122066,0.074178
594800,0.119249,0.074178
594900,0.125822,0.074178
595000,0.117371,0.074178
595100,0.115493,0.074178
595200,0.133333,0.074178
595300,0.129577,0.074178
595400,0.122066,0.074178
595500,0.115493,0.074178
595600,0.115493,0.074178
595700,0.124883,0.074178
595800,0.129577,0.074178
595900,0.121127,0.074178
596000,0.131455,0.074178
596100,0.125822,0.074178
596200,0.140845,0.074178
596300,0.126761,0.074178
596400,0.138967,0.074178
596500,0.127700,0.074178
596600,0.130516,0.074178
596700,0.123005,0.074178
596800,0.120188,0.074178
596900,0.125822,0.074178
597000,0.110798,0.074178
597100,0.120188,0.074178
597200,0.129577,0.074178
597300,0.129577,0.074178
597400,0.117371,0.074178
597500,0.096714,0.074178
597600,0.126761,0.074178
597700,0.138028,0.074178
597800,0.121127,0.074178
597900,0.139906,0.074178
598000,0.140845,0.074178
598100,0.110798,0.074178
598200,0.118310,0.074178
598300,0.116432,0.074178
598400,0.116432,0.074178
598500,0.117371,0.074178
598600,0.124883,0.074178
598700,0.143662,0.074178
598800,0.139906,0.074178
598900,0.143662,0.074178
599000,0.122066,0.074178
599100,0.128638,0.074178
599200,0.132394,0.074178
599300,0.143662,0.074178
599400,0.128638,0.074178
599500,0.128638,0.074178
599600,0.130516,0.074178
599700,0.141784,0.074178
599800,0.123944,0.074178
599900,0.133333,0.074178
600000,0.118310,0.074178
600100,0.119249,0.074178
600200,0.131455,0.074178
600300,0.130516,0.074178
600400,0.123944,0.074178
600500,0.130516,0.074178
600600,0.138967,0.074178
600700,0.109859,0.074178
600800,0.116432,0.074178
600900,0.112676,0.074178
601000,0.098592,0.074178
601100,0.110798,0.074178
601200,0.114554,0.074178
601300,0.110798,0.074178
601400,0.127700,0.074178
601500,0.123944,0.074178
601600,0.137089,0.074178
601700,0.137089,0.074178
601800,0.130516,0.074178
601900,0.137089,0.074178
602000,0.127700,0.074178
602100,0.125822,0.074178
602200,0.129577,0.074178
602300,0.116432,0.074178
602400,0.134272,0.074178
602500,0.122066,0.074178
602600,0.149296,0.074178
602700,0.110798,0.074178
602800,0.114554,0.074178
602900,0.119249,0.074178
603000,0.110798,0.074178
603100,0.114554,0.074178
603200,0.109859,0.074178
603300,0.133333,0.074178
603400,0.120188,0.074178
603500,0.139906,0.074178
603600,0.122066,0.074178
603700,0.126761,0.074178
603800,0.126761,0.074178
603900,0.135211,0.074178
604000,0.132394,0.074178
604100,0.128638,0.074178
604200,0.135211,0.074178
604300,0.139906,0.074178
604400,0.107042,0.074178
604500,0.119249,0.074178
604600,0.132394,0.074178
604700,0.127700,0.074178
604800,0.103286,0.074178
604900,0.122066,0.074178
605000,0.103286,0.074178
605100,0.113615,0.074178
605200,0.116432,0.074178
605300,0.113615,0.074178
605400,0.123005,0.074178
605500,0.118310,0.074178
605600,0.126761,0.074178
605700,0.120188,0.074178
605800,0.127700,0.074178
605900,0.118310,0.074178
606000,0.128638,0.074178
606100,0.114554,0.074178
606200,0.137089,0.074178
606300,0.131455,0.074178
606400,0.130516,0.074178
606500,0.139906,0.074178
606600,0.132394,0.074178
606700,0.121127,0.074178
606800,0.123005,0.074178
606900,0.128638,0.074178
607000,0.122066,0.074178
607100,0.120188,0.074178
607200,0.117371,0.074178
607300,0.128638,0.074178
607400,0.117371,0.074178
607500,0.133333,0.074178
607600,0.114554,0.074178
607700,0.129577,0.074178
607800,0.114554,0.074178
607900,0.105164,0.074178
608000,0.115493,0.074178
608100,0.111737,0.074178
608200,0.121127,0.074178
608300,0.119249,0.074178
608400,0.130516,0.074178
608500,0.122066,0.074178
608600,0.124883,0.074178
608700,0.130516,0.074178
608800,0.151174,0.074178
608900,0.122066,0.074178
609000,0.117371,0.074178
609100,0.129577,0.074178
609200,0.121127,0.074178
609300,0.131455,0.074178
609400,0.118310,0.074178
609500,0.126761,0.074178
609600,0.131455,0.074178
609700,0.143662,0.074178
609800,0.144601,0.074178
609900,0.120188,0.074178
610000,0.114554,0.074178
610100,0.118310,0.074178
610200,0.106103,0.074178
610300,0.123005,0.074178
610400,0.114554,0.074178
610500,0.117371,0.074178
610600,0.125822,0.074178
610700,0.112676,0.074178
610800,0.125822,0.074178
610900,0.109859,0.074178
611000,0.110798,0.074178
611100,0.118310,0.074178
611200,0.124883,0.074178
611300,0.105164,0.074178
611400,0.128638,0.074178
611500,0.121127,0.074178
611600,0.111737,0.074178
611700,0.116432,0.074178
611800,0.141784,0.074178
611900,0.123005,0.074178
612000,0.113615,0.074178
612100,0.111737,0.074178
612200,0.117371,0.074178
612300,0.133333,0.074178
612400,0.142723,0.074178
612500,0.111737,0.074178
612600,0.108920,0.074178
612700,0.116432,0.074178
612800,0.098592,0.074178
612900,0.122066,0.074178
613000,0.121127,0.074178
613100,0.113615,0.074178
613200,0.126761,0.074178
613300,0.120188,0.074178
613400,0.116432,0.074178
613500,0.127700,0.074178
613600,0.114554,0.074178
613700,0.122066,0.074178
613800,0.130516,0.074178
613900,0.132394,0.074178
614000,0.115493,0.074178
614100,0.124883,0.074178
614200,0.123005,0.074178
614300,0.125822,0.074178
614400,0.122066,0.074178
614500,0.126761,0.074178
614600,0.127700,0.074178
614700,0.131455,0.074178
614800,0.119249,0.074178
614900,0.114554,0.074178
615000,0.107981,0.074178
615100,0.127700,0.074178
615200,0.123944,0.074178
615300,0.124883,0.074178
615400,0.149296,0.074178
615500,0.123005,0.074178
615600,0.128638,0.074178
615700,0.119249,0.074178
615800,0.132394,0.074178
615900,0.126761,0.074178
616000,0.115493,0.074178
616100,0.112676,0.074178
616200,0.123005,0.074178
616300,0.121127,0.074178
616400,0.118310,0.074178
616500,0.107042,0.074178
616600,0.119249,0.074178
616700,0.123005,0.074178
616800,0.122066,0.074178
616900,0.124883,0.074178
617000,0.123005,0.074178
617100,0.110798,0.074178
617200,0.109859,0.074178
617300,0.132394,0.074178
617400,0.155869,0.074178
617500,0.148357,0.074178
617600,0.121127,0.074178
617700,0.127700,0.074178
617800,0.114554,0.074178
617900,0.120188,0.074178
618000,0.126761,0.074178
618100,0.129577,0.074178
618200,0.135211,0.074178
618300,0.108920,0.074178
618400,0.110798,0.074178
618500,0.121127,0.074178
618600,0.139906,0.074178
618700,0.127700,0.074178
618800,0.153991,0.074178
618900,0.134272,0.074178
619000,0.135211,0.074178
619100,0.142723,0.074178
619200,0.138028,0.074178
619300,0.119249,0.074178
619400,0.115493,0.074178
619500,0.124883,0.074178
619600,0.107981,0.074178
619700,0.129577,0.074178
619800,0.128638,0.074178
619900,0.116432,0.074178
620000,0.122066,0.074178
620100,0.135211,0.074178
620200,0.124883,0.074178
620300,0.123005,0.074178
620400,0.124883,0.074178
620500,0.123005,0.074178
620600,0.132394,0.074178
620700,0.125822,0.074178
620800,0.129577,0.074178
620900,0.133333,0.074178
621000,0.134272,0.074178
621100,0.121127,0.074178
621200,0.119249,0.074178
621300,0.125822,0.074178
621400,0.123944,0.074178
621500,0.122066,0.074178
621600,0.132394,0.074178
621700,0.126761,0.074178
621800,0.127700,0.074178
621900,0.137089,0.074178
622000,0.129577,0.074178
622100,0.118310,0.074178
622200,0.129577,0.074178
622300,0.131455,0.074178
622400,0.124883,0.074178
622500,0.098592,0.074178
622600,0.108920,0.074178
622700,0.094836,0.074178
622800,0.105164,0.074178
622900,0.114554,0.074178
623000,0.107042,0.074178
623100,0.117371,0.074178
623200,0.138028,0.074178
623300,0.122066,0.074178
623400,0.123005,0.074178
623500,0.130516,0.074178
623600,0.128638,0.074178
623700,0.129577,0.074178
623800,0.120188,0.074178
623900,0.138967,0.074178
624000,0.128638,0.074178
624100,0.123005,0.074178
624200,0.121127,0.074178
624300,0.108920,0.074178
624400,0.112676,0.074178
624500,0.120188,0.074178
624600,0.108920,0.074178
624700,0.134272,0.074178
624800,0.122066,0.074178
624900,0.140845,0.074178
625000,0.119249,0.074178
625100,0.116432,0.074178
625200,0.119249,0.074178
625300,0.128638,0.074178
625400,0.131455,0.074178
625500,0.122066,0.074178
625600,0.131455,0.074178
625700,0.115493,0.074178
625800,0.106103,0.074178
625900,0.101408,0.074178
626000,0.113615,0.074178
626100,0.107981,0.074178
626200,0.115493,0.074178
626300,0.113615,0.074178
626400,0.127700,0.074178
626500,0.122066,0.074178
626600,0.119249,0.074178
626700,0.107042,0.074178
626800,0.128638,0.074178
626900,0.118310,0.074178
627000,0.119249,0.074178
627100,0.102347,0.074178
627200,0.117371,0.074178
627300,0.130516,0.074178
627400,0.126761,0.074178
627500,0.124883,0.074178
627600,0.130516,0.074178
627700,0.138028,0.074178
627800,0.136150,0.074178
627900,0.125822,0.074178
628000,0.132394,0.074178
628100,0.136150,0.074178
628200,0.126761,0.074178
628300,0.127700,0.074178
628400,0.127700,0.074178
628500,0.122066,0.074178
628600,0.127700,0.074178
628700,0.133333,0.074178
628800,0.120188,0.074178
628900,0.113615,0.074178
629000,0.118310,0.074178
629100,0.118310,0.074178
629200,0.100469,0.074178
629300,0.123005,0.074178
629400,0.123944,0.074178
629500,0.123944,0.074178
629600,0.125822,0.074178
629700,0.119249,0.074178
629800,0.141784,0.074178
629900,0.116432,0.074178
630000,0.105164,0.074178
630100,0.124883,0.074178
630200,0.118310,0.074178
630300,0.123005,0.074178
630400,0.129577,0.074178
630500,0.140845,0.074178
630600,0.108920,0.074178
630700,0.102347,0.074178
630800,0.133333,0.074178
630900,0.129577,0.074178
631000,0.122066,0.074178
631100,0.110798,0.074178
631200,0.112676,0.074178
631300,0.112676,0.074178
631400,0.124883,0.074178
631500,0.123005,0.074178
631600,0.115493,0.074178
631700,0.128638,0.074178
631800,0.119249,0.074178
631900,0.120188,0.074178
632000,0.097653,0.074178
632100,0.118310,0.074178
632200,0.107042,0.074178
632300,0.127700,0.074178
632400,0.111737,0.074178
632500,0.109859,0.074178
632600,0.135211,0.074178
632700,0.121127,0.074178
632800,0.126761,0.074178
632900,0.134272,0.074178
633000,0.123005,0.074178
633100,0.129577,0.074178
633200,0.138028,0.074178
633300,0.131455,0.074178
633400,0.113615,0.074178
633500,0.111737,0.074178
633600,0.112676,0.074178
633700,0.126761,0.074178
633800,0.126761,0.074178
633900,0.118310,0.074178
634000,0.121127,0.074178
634100,0.107981,0.074178
634200,0.106103,0.074178
634300,0.115493,0.074178
634400,0.107042,0.074178
634500,0.136150,0.074178
634600,0.132394,0.074178
634700,0.118310,0.074178
634800,0.111737,0.074178
634900,0.124883,0.074178
635000,0.134272,0.074178
635100,0.125822,0.074178
635200,0.128638,0.074178
635300,0.130516,0.074178
635400,0.133333,0.074178
635500,0.121127,0.074178
635600,0.123944,0.074178
635700,0.127700,0.074178
635800,0.124883,0.074178
635900,0.119249,0.074178
636000,0.139906,0.074178
636100,0.121127,0.074178
636200,0.116432,0.074178
636300,0.122066,0.074178
636400,0.139906,0.074178
636500,0.132394,0.074178
636600,0.117371,0.074178
636700,0.133333,0.074178
636800,0.132394,0.074178
636900,0.131455,0.074178
637000,0.130516,0.074178
637100,0.109859,0.074178
637200,0.105164,0.074178
637300,0.108920,0.074178
637400,0.116432,0.074178
637500,0.119249,0.074178
637600,0.144601,0.074178
637700,0.134272,0.074178
637800,0.107042,0.074178
637900,0.123944,0.074178
638000,0.125822,0.074178
638100,0.129577,0.074178
638200,0.137089,0.074178
638300,0.107042,0.074178
638400,0.118310,0.074178
638500,0.123944,0.074178
638600,0.153991,0.074178
638700,0.132394,0.074178
638800,0.118310,0.074178
638900,0.137089,0.074178
639000,0.145540,0.074178
639100,0.110798,0.074178
639200,0.132394,0.074178
639300,0.135211,0.074178
639400,0.138028,0.074178
639500,0.129577,0.074178
639600,0.130516,0.074178
639700,0.144601,0.074178
639800,0.134272,0.074178
639900,0.117371,0.074178
640000,0.137089,0.074178
640100,0.126761,0.074178
640200,0.129577,0.074178
640300,0.104225,0.074178
640400,0.108920,0.074178
640500,0.099531,0.074178
640600,0.120188,0.074178
640700,0.121127,0.074178
640800,0.121127,0.074178
640900,0.134272,0.074178
641000,0.130516,0.074178
641100,0.139906,0.074178
641200,0.141784,0.074178
641300,0.123944,0.074178
641400,0.125822,0.074178
641500,0.136150,0.074178
641600,0.129577,0.074178
641700,0.118310,0.074178
641800,0.131455,0.074178
641900,0.122066,0.074178
642000,0.133333,0.074178
642100,0.123005,0.074178
642200,0.117371,0.074178
642300,0.123944,0.074178
642400,0.111737,0.074178
642500,0.141784,0.074178
642600,0.139906,0.074178
642700,0.128638,0.074178
642800,0.116432,0.074178
642900,0.122066,0.074178
643000,0.117371,0.074178
643100,0.144601,0.074178
643200,0.135211,0.074178
643300,0.137089,0.074178
643400,0.134272,0.074178
643500,0.136150,0.074178
643600,0.118310,0.074178
643700,0.128638,0.074178
643800,0.120188,0.074178
643900,0.120188,0.074178
644000,0.108920,0.074178
644100,0.105164,0.074178
644200,0.124883,0.074178
644300,0.132394,0.074178
644400,0.118310,0.074178
644500,0.123944,0.074178
644600,0.127700,0.074178
644700,0.114554,0.074178
644800,0.125822,0.074178
644900,0.116432,0.074178
645000,0.113615,0.074178
645100,0.118310,0.074178
645200,0.123005,0.074178
645300,0.111737,0.074178
645400,0.113615,0.074178
645500,0.122066,0.074178
645600,0.122066,0.074178
645700,0.137089,0.074178
645800,0.137089,0.074178
645900,0.116432,0.074178
646000,0.108920,0.074178
646100,0.109859,0.074178
646200,0.133333,0.074178
646300,0.136150,0.074178
646400,0.121127,0.074178
646500,0.120188,0.074178
646600,0.115493,0.074178
646700,0.114554,0.074178
646800,0.113615,0.074178
646900,0.123005,0.074178
647000,0.120188,0.074178
647100,0.127700,0.074178
647200,0.119249,0.074178
647300,0.110798,0.074178
647400,0.118310,0.074178
647500,0.130516,0.074178
647600,0.112676,0.074178
647700,0.118310,0.074178
647800,0.112676,0.074178
647900,0.102347,0.074178
648000,0.120188,0.074178
648100,0.114554,0.074178
648200,0.122066,0.074178
648300,0.105164,0.074178
648400,0.119249,0.074178
648500,0.126761,0.074178
648600,0.122066,0.074178
648700,0.107981,0.074178
648800,0.129577,0.074178
648900,0.126761,0.074178
649000,0.127700,0.074178
649100,0.121127,0.074178
649200,0.126761,0.074178
649300,0.138028,0.074178
649400,0.125822,0.074178
649500,0.124883,0.074178
649600,0.131455,0.074178
649700,0.123944,0.074178
649800,0.115493,0.074178
649900,0.104225,0.074178
650000,0.115493,0.074178
650100,0.122066,0.074178
650200,0.124883,0.074178
650300,0.133333,0.074178
650400,0.119249,0.074178
650500,0.116432,0.074178
650600,0.127700,0.074178
650700,0.123005,0.074178
650800,0.124883,0.074178
650900,0.127700,0.074178
651000,0.111737,0.074178
651100,0.155869,0.074178
651200,0.140845,0.074178
651300,0.135211,0.074178
651400,0.123944,0.074178
651500,0.138028,0.074178
651600,0.138028,0.074178
651700,0.111737,0.074178
651800,0.115493,0.074178
651900,0.117371,0.074178
652000,0.122066,0.074178
652100,0.107981,0.074178
652200,0.122066,0.074178
652300,0.140845,0.074178
652400,0.131455,0.074178
652500,0.130516,0.074178
652600,0.138028,0.074178
652700,0.138967,0.074178
652800,0.118310,0.074178
652900,0.128638,0.074178
653000,0.141784,0.074178
653100,0.128638,0.074178
653200,0.118310,0.074178
653300,0.098592,0.074178
653400,0.127700,0.074178
653500,0.124883,0.074178
653600,0.116432,0.074178
653700,0.148357,0.074178
653800,0.122066,0.074178
653900,0.116432,0.074178
654000,0.126761,0.074178
654100,0.132394,0.074178
654200,0.122066,0.074178
654300,0.117371,0.074178
654400,0.106103,0.074178
654500,0.123005,0.074178
654600,0.113615,0.074178
654700,0.122066,0.074178
654800,0.123005,0.074178
654900,0.130516,0.074178
655000,0.138028,0.074178
655100,0.131455,0.074178
655200,0.123944,0.074178
655300,0.133333,0.074178
655400,0.143662,0.074178
655500,0.130516,0.074178
655600,0.115493,0.074178
655700,0.127700,0.074178
655800,0.116432,0.074178
655900,0.112676,0.074178
656000,0.128638,0.074178
656100,0.129577,0.074178
656200,0.136150,0.074178
656300,0.140845,0.074178
656400,0.130516,0.074178
656500,0.115493,0.074178
656600,0.125822,0.074178
656700,0.122066,0.074178
656800,0.113615,0.074178
656900,0.096714,0.074178
657000,0.122066,0.074178
657100,0.121127,0.074178
657200,0.092019,0.074178
657300,0.107042,0.074178
657400,0.127700,0.074178
657500,0.120188,0.074178
657600,0.118310,0.074178
657700,0.133333,0.074178
657800,0.117371,0.074178
657900,0.111737,0.074178
658000,0.103286,0.074178
658100,0.102347,0.074178
658200,0.106103,0.074178
658300,0.120188,0.074178
658400,0.115493,0.074178
658500,0.118310,0.074178
658600,0.103286,0.074178
658700,0.112676,0.074178
658800,0.093897,0.074178
658900,0.119249,0.074178
659000,0.122066,0.074178
659100,0.112676,0.074178
659200,0.133333,0.074178
659300,0.125822,0.074178
659400,0.123005,0.074178
659500,0.117371,0.074178
659600,0.121127,0.074178
659700,0.116432,0.074178
659800,0.091080,0.074178
659900,0.121127,0.074178
660000,0.118310,0.074178
660100,0.128638,0.074178
660200,0.133333,0.074178
660300,0.138028,0.074178
660400,0.117371,0.074178
660500,0.112676,0.074178
660600,0.120188,0.074178
660700,0.115493,0.074178
660800,0.133333,0.074178
660900,0.123005,0.074178
661000,0.123944,0.074178
661100,0.126761,0.074178
661200,0.125822,0.074178
661300,0.126761,0.074178
661400,0.116432,0.074178
661500,0.139906,0.074178
661600,0.129577,0.074178
661700,0.114554,0.074178
661800,0.117371,0.074178
661900,0.121127,0.074178
662000,0.109859,0.074178
662100,0.112676,0.074178
662200,0.125822,0.074178
662300,0.123005,0.074178
662400,0.128638,0.074178
662500,0.124883,0.074178
662600,0.105164,0.074178
662700,0.116432,0.074178
662800,0.119249,0.074178
662900,0.130516,0.074178
663000,0.145540,0.074178
663100,0.133333,0.074178
663200,0.145540,0.074178
663300,0.133333,0.074178
663400,0.135211,0.074178
663500,0.118310,0.074178
663600,0.126761,0.074178
663700,0.114554,0.074178
663800,0.128638,0.074178
663900,0.130516,0.074178
664000,0.125822,0.074178
664100,0.130516,0.074178
664200,0.120188,0.074178
664300,0.134272,0.074178
664400,0.127700,0.074178
664500,0.128638,0.074178
664600,0.113615,0.074178
664700,0.107981,0.074178
664800,0.123944,0.074178
664900,0.108920,0.074178
665000,0.100469,0.074178
665100,0.126761,0.074178
665200,0.113615,0.074178
665300,0.107981,0.074178
665400,0.128638,0.074178
665500,0.123005,0.074178
665600,0.134272,0.074178
665700,0.129577,0.074178
665800,0.107981,0.074178
665900,0.134272,0.074178
666000,0.136150,0.074178
666100,0.139906,0.074178
666200,0.115493,0.074178
666300,0.114554,0.074178
666400,0.122066,0.074178
666500,0.121127,0.074178
666600,0.139906,0.074178
666700,0.137089,0.074178
666800,0.138028,0.074178
666900,0.117371,0.074178
667000,0.138028,0.074178
667100,0.117371,0.074178
667200,0.126761,0.074178
667300,0.133333,0.074178
667400,0.109859,0.074178
667500,0.121127,0.074178
667600,0.132394,0.074178
667700,0.127700,0.074178
667800,0.105164,0.074178
667900,0.097653,0.074178
668000,0.107042,0.074178
668100,0.128638,0.074178
668200,0.147418,0.074178
668300,0.137089,0.074178
668400,0.118310,0.074178
668500,0.132394,0.074178
668600,0.135211,0.074178
668700,0.112676,0.074178
668800,0.129577,0.074178
668900,0.106103,0.074178
669000,0.110798,0.074178
669100,0.132394,0.074178
669200,0.124883,0.074178
669300,0.143662,0.074178
669400,0.138028,0.074178
669500,0.145540,0.074178
669600,0.128638,0.074178
669700,0.122066,0.074178
669800,0.132394,0.074178
669900,0.114554,0.074178
670000,0.134272,0.074178
670100,0.108920,0.074178
670200,0.112676,0.074178
670300,0.129577,0.074178
670400,0.128638,0.074178
670500,0.136150,0.074178
670600,0.123005,0.074178
670700,0.136150,0.074178
670800,0.120188,0.074178
670900,0.126761,0.074178
671000,0.125822,0.074178
671100,0.110798,0.074178
671200,0.109859,0.074178
671300,0.122066,0.074178
671400,0.123944,0.074178
671500,0.111737,0.074178
671600,0.120188,0.074178
671700,0.128638,0.074178
671800,0.123944,0.074178
671900,0.128638,0.074178
672000,0.133333,0.074178
672100,0.111737,0.074178
672200,0.111737,0.074178
672300,0.107042,0.074178
672400,0.118310,0.074178
672500,0.118310,0.074178
672600,0.140845,0.074178
672700,0.125822,0.074178
672800,0.132394,0.074178
672900,0.123944,0.074178
673000,0.143662,0.074178
673100,0.130516,0.074178
673200,0.124883,0.074178
673300,0.130516,0.074178
673400,0.125822,0.074178
673500,0.121127,0.074178
673600,0.129577,0.074178
673700,0.141784,0.074178
673800,0.141784,0.074178
673900,0.111737,0.074178
674000,0.108920,0.074178
674100,0.117371,0.074178
674200,0.106103,0.074178
674300,0.121127,0.074178
674400,0.131455,0.074178
674500,0.130516,0.074178
674600,0.131455,0.074178
674700,0.118310,0.074178
674800,0.114554,0.074178
674900,0.117371,0.074178
675000,0.129577,0.074178
675100,0.097653,0.074178
675200,0.141784,0.074178
675300,0.131455,0.074178
675400,0.104225,0.074178
675500,0.123944,0.074178
675600,0.120188,0.074178
675700,0.135211,0.074178
675800,0.132394,0.074178
675900,0.129577,0.074178
676000,0.122066,0.074178
676100,0.116432,0.074178
676200,0.117371,0.074178
676300,0.124883,0.074178
676400,0.123944,0.074178
676500,0.119249,0.074178
676600,0.120188,0.074178
676700,0.100469,0.074178
676800,0.095775,0.074178
676900,0.101408,0.074178
677000,0.113615,0.074178
677100,0.134272,0.074178
677200,0.128638,0.074178
677300,0.132394,0.074178
677400,0.123944,0.074178
677500,0.127700,0.074178
677600,0.118310,0.074178
677700,0.121127,0.074178
677800,0.128638,0.074178
677900,0.116432,0.074178
678000,0.132394,0.074178
678100,0.114554,0.074178
678200,0.114554,0.074178
678300,0.121127,0.074178
678400,0.126761,0.074178
678500,0.109859,0.074178
678600,0.127700,0.074178
678700,0.113615,0.074178
678800,0.131455,0.074178
678900,0.123005,0.074178
679000,0.120188,0.074178
679100,0.121127,0.074178
679200,0.112676,0.074178
679300,0.119249,0.074178
679400,0.102347,0.074178
679500,0.112676,0.074178
679600,0.139906,0.074178
679700,0.138967,0.074178
679800,0.114554,0.074178
679900,0.128638,0.074178
680000,0.131455,0.074178
680100,0.122066,0.074178
680200,0.111737,0.074178
680300,0.120188,0.074178
680400,0.113615,0.074178
680500,0.124883,0.074178
680600,0.135211,0.074178
680700,0.137089,0.074178
680800,0.142723,0.074178
680900,0.148357,0.074178
681000,0.139906,0.074178
681100,0.118310,0.074178
681200,0.118310,0.074178
681300,0.123005,0.074178
681400,0.117371,0.074178
681500,0.123005,0.074178
681600,0.132394,0.074178
681700,0.120188,0.074178
681800,0.116432,0.074178
681900,0.116432,0.074178
682000,0.123944,0.074178
682100,0.120188,0.074178
682200,0.149296,0.074178
682300,0.129577,0.074178
682400,0.131455,0.074178
682500,0.129577,0.074178
682600,0.124883,0.074178
682700,0.129577,0.074178
682800,0.143662,0.074178
682900,0.118310,0.074178
683000,0.125822,0.074178
683100,0.113615,0.074178
683200,0.122066,0.074178
683300,0.126761,0.074178
683400,0.126761,0.074178
683500,0.118310,0.074178
683600,0.104225,0.074178
683700,0.102347,0.074178
683800,0.130516,0.074178
683900,0.133333,0.074178
684000,0.111737,0.074178
684100,0.141784,0.074178
684200,0.141784,0.074178
684300,0.122066,0.074178
684400,0.138028,0.074178
684500,0.118310,0.074178
684600,0.131455,0.074178
684700,0.123005,0.074178
684800,0.103286,0.074178
684900,0.123944,0.074178
685000,0.123005,0.074178
685100,0.129577,0.074178
685200,0.138967,0.074178
685300,0.131455,0.074178
685400,0.114554,0.074178
685500,0.115493,0.074178
685600,0.113615,0.074178
685700,0.130516,0.074178
685800,0.126761,0.074178
685900,0.120188,0.074178
686000,0.126761,0.074178
686100,0.148357,0.074178
686200,0.132394,0.074178
686300,0.110798,0.074178
686400,0.104225,0.074178
686500,0.124883,0.074178
686600,0.132394,0.074178
686700,0.126761,0.074178
686800,0.120188,0.074178
686900,0.110798,0.074178
687000,0.119249,0.074178
687100,0.111737,0.074178
687200,0.123005,0.074178
687300,0.125822,0.074178
687400,0.129577,0.074178
687500,0.117371,0.074178
687600,0.112676,0.074178
687700,0.129577,0.074178
687800,0.152113,0.074178
687900,0.143662,0.074178
688000,0.142723,0.074178
688100,0.125822,0.074178
688200,0.109859,0.074178
688300,0.136150,0.074178
688400,0.134272,0.074178
688500,0.122066,0.074178
688600,0.133333,0.074178
688700,0.120188,0.074178
688800,0.128638,0.074178
688900,0.119249,0.074178
689000,0.132394,0.074178
689100,0.127700,0.074178
689200,0.109859,0.074178
689300,0.115493,0.074178
689400,0.116432,0.074178
689500,0.126761,0.074178
689600,0.132394,0.074178
689700,0.124883,0.074178
689800,0.118310,0.074178
689900,0.113615,0.074178
690000,0.115493,0.074178
690100,0.108920,0.074178
690200,0.104225,0.074178
690300,0.129577,0.074178
690400,0.135211,0.074178
690500,0.137089,0.074178
690600,0.120188,0.074178
690700,0.119249,0.074178
690800,0.129577,0.074178
690900,0.123944,0.074178
691000,0.145540,0.074178
691100,0.152113,0.074178
691200,0.137089,0.074178
691300,0.114554,0.074178
691400,0.127700,0.074178
691500,0.116432,0.074178
691600,0.119249,0.074178
691700,0.125822,0.074178
691800,0.107981,0.074178
691900,0.123005,0.074178
692000,0.110798,0.074178
692100,0.114554,0.074178
692200,0.122066,0.074178
692300,0.123005,0.074178
692400,0.118310,0.074178
692500,0.126761,0.074178
692600,0.136150,0.074178
692700,0.128638,0.074178
692800,0.116432,0.074178
692900,0.129577,0.074178
693000,0.119249,0.074178
693100,0.140845,0.074178
693200,0.133333,0.074178
693300,0.125822,0.074178
693400,0.141784,0.074178
693500,0.147418,0.074178
693600,0.149296,0.074178
693700,0.137089,0.074178
693800,0.123944,0.074178
693900,0.121127,0.074178
694000,0.136150,0.074178
694100,0.121127,0.074178
694200,0.127700,0.074178
694300,0.117371,0.074178
694400,0.109859,0.074178
694500,0.113615,0.074178
694600,0.113615,0.074178
694700,0.129577,0.074178
694800,0.131455,0.074178
694900,0.119249,0.074178
695000,0.123944,0.074178
695100,0.128638,0.074178
695200,0.138967,0.074178
695300,0.121127,0.074178
695400,0.115493,0.074178
695500,0.107981,0.074178
695600,0.132394,0.074178
695700,0.128638,0.074178
695800,0.127700,0.074178
695900,0.138028,0.074178
696000,0.126761,0.074178
696100,0.111737,0.074178
696200,0.112676,0.074178
696300,0.124883,0.074178
696400,0.124883,0.074178
696500,0.127700,0.074178
696600,0.115493,0.074178
696700,0.101408,0.074178
696800,0.124883,0.074178
696900,0.137089,0.074178
697000,0.147418,0.074178
697100,0.135211,0.074178
697200,0.131455,0.074178
697300,0.132394,0.074178
697400,0.119249,0.074178
697500,0.118310,0.074178
697600,0.131455,0.074178
697700,0.138028,0.074178
697800,0.113615,0.074178
697900,0.135211,0.074178
698000,0.125822,0.074178
698100,0.134272,0.074178
698200,0.136150,0.074178
698300,0.125822,0.074178
698400,0.131455,0.074178
698500,0.108920,0.074178
698600,0.107042,0.074178
698700,0.114554,0.074178
698800,0.106103,0.074178
698900,0.098592,0.074178
699000,0.119249,0.074178
699100,0.133333,0.074178
699200,0.132394,0.074178
699300,0.131455,0.074178
699400,0.105164,0.074178
699500,0.107981,0.074178
699600,0.111737,0.074178
699700,0.118310,0.074178
699800,0.114554,0.074178
699900,0.122066,0.074178
700000,0.135211,0.074178
700100,0.132394,0.074178
700200,0.125822,0.074178
700300,0.121127,0.074178
700400,0.109859,0.074178
700500,0.114554,0.074178
700600,0.111737,0.074178
700700,0.146479,0.074178
700800,0.123005,0.074178
700900,0.119249,0.074178
701000,0.114554,0.074178
701100,0.123005,0.074178
701200,0.114554,0.074178
701300,0.119249,0.074178
701400,0.123005,0.074178
701500,0.142723,0.074178
701600,0.131455,0.074178
701700,0.125822,0.074178
701800,0.131455,0.074178
701900,0.128638,0.074178
702000,0.126761,0.074178
702100,0.136150,0.074178
702200,0.133333,0.074178
702300,0.119249,0.074178
702400,0.123944,0.074178
702500,0.129577,0.074178
702600,0.105164,0.074178
702700,0.123005,0.074178
702800,0.132394,0.074178
702900,0.126761,0.074178
703000,0.112676,0.074178
703100,0.124883,0.074178
703200,0.127700,0.074178
703300,0.100469,0.074178
703400,0.108920,0.074178
703500,0.115493,0.074178
703600,0.123005,0.074178
703700,0.136150,0.074178
703800,0.110798,0.074178
703900,0.132394,0.074178
704000,0.139906,0.074178
704100,0.123944,0.074178
704200,0.115493,0.074178
704300,0.127700,0.074178
704400,0.122066,0.074178
704500,0.127700,0.074178
704600,0.133333,0.074178
704700,0.130516,0.074178
704800,0.125822,0.074178
704900,0.129577,0.074178
705000,0.128638,0.074178
705100,0.129577,0.074178
705200,0.140845,0.074178
705300,0.131455,0.074178
705400,0.128638,0.074178
705500,0.122066,0.074178
705600,0.114554,0.074178
705700,0.125822,0.074178
705800,0.121127,0.074178
705900,0.131455,0.074178
706000,0.133333,0.074178
706100,0.139906,0.074178
706200,0.121127,0.074178
706300,0.118310,0.074178
706400,0.113615,0.074178
706500,0.133333,0.074178
706600,0.107981,0.074178
706700,0.095775,0.074178
706800,0.100469,0.074178
706900,0.129577,0.074178
707000,0.108920,0.074178
707100,0.121127,0.074178
707200,0.109859,0.074178
707300,0.118310,0.074178
707400,0.115493,0.074178
707500,0.128638,0.074178
707600,0.137089,0.074178
707700,0.134272,0.074178
707800,0.127700,0.074178
707900,0.131455,0.074178
708000,0.144601,0.074178
708100,0.130516,0.074178
708200,0.132394,0.074178
708300,0.115493,0.074178
708400,0.114554,0.074178
708500,0.116432,0.074178
708600,0.127700,0.074178
708700,0.132394,0.074178
708800,0.107981,0.074178
708900,0.123005,0.074178
709000,0.118310,0.074178
709100,0.115493,0.074178
709200,0.098592,0.074178
709300,0.124883,0.074178
709400,0.127700,0.074178
709500,0.135211,0.074178
709600,0.123005,0.074178
709700,0.119249,0.074178
709800,0.124883,0.074178
709900,0.114554,0.074178
710000,0.124883,0.074178
710100,0.119249,0.074178
710200,0.119249,0.074178
710300,0.127700,0.074178
710400,0.111737,0.074178
710500,0.119249,0.074178
710600,0.135211,0.074178
710700,0.123005,0.074178
710800,0.114554,0.074178
710900,0.124883,0.074178
711000,0.136150,0.074178
711100,0.138028,0.074178
711200,0.112676,0.074178
711300,0.127700,0.074178
711400,0.113615,0.074178
711500,0.132394,0.074178
711600,0.126761,0.074178
711700,0.122066,0.074178
711800,0.117371,0.074178
711900,0.124883,0.074178
712000,0.115493,0.074178
712100,0.133333,0.074178
712200,0.129577,0.074178
712300,0.143662,0.074178
712400,0.112676,0.074178
712500,0.109859,0.074178
712600,0.114554,0.074178
712700,0.115493,0.074178
712800,0.103286,0.074178
712900,0.132394,0.074178
713000,0.135211,0.074178
713100,0.112676,0.074178
713200,0.115493,0.074178
713300,0.103286,0.074178
713400,0.134272,0.074178
713500,0.123944,0.074178
713600,0.115493,0.074178
713700,0.147418,0.074178
713800,0.133333,0.074178
713900,0.119249,0.074178
714000,0.126761,0.074178
714100,0.121127,0.074178
714200,0.124883,0.074178
714300,0.117371,0.074178
714400,0.120188,0.074178
714500,0.113615,0.074178
714600,0.121127,0.074178
714700,0.106103,0.074178
714800,0.115493,0.074178
714900,0.129577,0.074178
715000,0.118310,0.074178
715100,0.121127,0.074178
715200,0.111737,0.074178
715300,0.111737,0.074178
715400,0.129577,0.074178
715500,0.120188,0.074178
715600,0.118310,0.074178
715700,0.138028,0.074178
715800,0.132394,0.074178
715900,0.137089,0.074178
716000,0.130516,0.074178
716100,0.138967,0.074178
716200,0.123005,0.074178
716300,0.119249,0.074178
716400,0.107042,0.074178
716500,0.124883,0.074178
716600,0.132394,0.074178
716700,0.158685,0.074178
716800,0.153991,0.074178
716900,0.146479,0.074178
717000,0.138967,0.074178
717100,0.133333,0.074178
717200,0.135211,0.074178
717300,0.112676,0.074178
717400,0.129577,0.074178
717500,0.122066,0.074178
717600,0.139906,0.074178
717700,0.123944,0.074178
717800,0.120188,0.074178
717900,0.132394,0.074178
718000,0.121127,0.074178
718100,0.106103,0.074178
718200,0.107042,0.074178
718300,0.110798,0.074178
718400,0.123005,0.074178
718500,0.139906,0.074178
718600,0.143662,0.074178
718700,0.120188,0.074178
718800,0.137089,0.074178
718900,0.138967,0.074178
719000,0.114554,0.074178
719100,0.122066,0.074178
719200,0.130516,0.074178
719300,0.132394,0.074178
719400,0.136150,0.074178
719500,0.127700,0.074178
719600,0.137089,0.074178
719700,0.136150,0.074178
719800,0.144601,0.074178
719900,0.117371,0.074178
720000,0.111737,0.074178
720100,0.117371,0.074178
720200,0.117371,0.074178
720300,0.107042,0.074178
720400,0.104225,0.074178
720500,0.115493,0.074178
720600,0.118310,0.074178
720700,0.120188,0.074178
720800,0.131455,0.074178
720900,0.136150,0.074178
721000,0.123005,0.074178
721100,0.113615,0.074178
721200,0.119249,0.074178
721300,0.133333,0.074178
721400,0.131455,0.074178
721500,0.129577,0.074178
721600,0.125822,0.074178
721700,0.105164,0.074178
721800,0.109859,0.074178
721900,0.119249,0.074178
722000,0.122066,0.074178
722100,0.107042,0.074178
722200,0.117371,0.074178
722300,0.109859,0.074178
722400,0.111737,0.074178
722500,0.121127,0.074178
722600,0.126761,0.074178
722700,0.123944,0.074178
722800,0.115493,0.074178
722900,0.109859,0.074178
723000,0.126761,0.074178
723100,0.122066,0.074178
723200,0.110798,0.074178
723300,0.122066,0.074178
723400,0.120188,0.074178
723500,0.137089,0.074178
723600,0.133333,0.074178
723700,0.123944,0.074178
723800,0.126761,0.074178
723900,0.128638,0.074178
724000,0.135211,0.074178
724100,0.138967,0.074178
724200,0.117371,0.074178
724300,0.124883,0.074178
724400,0.107981,0.074178
724500,0.131455,0.074178
724600,0.120188,0.074178
724700,0.135211,0.074178
724800,0.138028,0.074178
724900,0.117371,0.074178
725000,0.121127,0.074178
725100,0.169014,0.074178
725200,0.138028,0.074178
725300,0.129577,0.074178
725400,0.138028,0.074178
725500,0.116432,0.074178
725600,0.116432,0.074178
725700,0.130516,0.074178
725800,0.133333,0.074178
725900,0.133333,0.074178
726000,0.120188,0.074178
726100,0.118310,0.074178
726200,0.117371,0.074178
726300,0.121127,0.074178
726400,0.112676,0.074178
726500,0.110798,0.074178
726600,0.123944,0.074178
726700,0.105164,0.074178
726800,0.122066,0.074178
726900,0.126761,0.074178
727000,0.132394,0.074178
727100,0.123944,0.074178
727200,0.119249,0.074178
727300,0.120188,0.074178
727400,0.102347,0.074178
727500,0.107042,0.074178
727600,0.109859,0.074178
727700,0.115493,0.074178
727800,0.129577,0.074178
727900,0.123005,0.074178
728000,0.121127,0.074178
728100,0.108920,0.074178
728200,0.109859,0.074178
728300,0.134272,0.074178
728400,0.126761,0.074178
728500,0.117371,0.074178
728600,0.124883,0.074178
728700,0.138028,0.074178
728800,0.121127,0.074178
728900,0.125822,0.074178
729000,0.130516,0.074178
729100,0.111737,0.074178
729200,0.139906,0.074178
729300,0.116432,0.074178
729400,0.107981,0.074178
729500,0.104225,0.074178
729600,0.112676,0.074178
729700,0.113615,0.074178
729800,0.104225,0.074178
729900,0.131455,0.074178
730000,0.121127,0.074178
730100,0.124883,0.074178
730200,0.123944,0.074178
730300,0.123005,0.074178
730400,0.125822,0.074178
730500,0.124883,0.074178
730600,0.123005,0.074178
730700,0.119249,0.074178
730800,0.118310,0.074178
730900,0.130516,0.074178
731000,0.139906,0.074178
731100,0.126761,0.074178
731200,0.125822,0.074178
731300,0.116432,0.074178
731400,0.122066,0.074178
731500,0.141784,0.074178
731600,0.125822,0.074178
731700,0.126761,0.074178
731800,0.134272,0.074178
731900,0.123944,0.074178
732000,0.115493,0.074178
732100,0.107981,0.074178
732200,0.116432,0.074178
732300,0.129577,0.074178
732400,0.138028,0.074178
732500,0.121127,0.074178
732600,0.120188,0.074178
732700,0.132394,0.074178
732800,0.122066,0.074178
732900,0.128638,0.074178
733000,0.124883,0.074178
733100,0.138028,0.074178
733200,0.124883,0.074178
733300,0.127700,0.074178
733400,0.097653,0.074178
733500,0.116432,0.074178
733600,0.123944,0.074178
733700,0.118310,0.074178
733800,0.134272,0.074178
733900,0.121127,0.074178
734000,0.125822,0.074178
734100,0.137089,0.074178
734200,0.141784,0.074178
734300,0.131455,0.074178
734400,0.139906,0.074178
734500,0.126761,0.074178
734600,0.135211,0.074178
734700,0.127700,0.074178
734800,0.137089,0.074178
734900,0.123944,0.074178
735000,0.135211,0.074178
735100,0.114554,0.074178
735200,0.112676,0.074178
735300,0.126761,0.074178
735400,0.121127,0.074178
735500,0.128638,0.074178
735600,0.120188,0.074178
735700,0.132394,0.074178
735800,0.127700,0.074178
735900,0.123005,0.074178
736000,0.133333,0.074178
736100,0.145540,0.074178
736200,0.121127,0.074178
736300,0.119249,0.074178
736400,0.116432,0.074178
736500,0.127700,0.074178
736600,0.114554,0.074178
736700,0.139906,0.074178
736800,0.119249,0.074178
736900,0.111737,0.074178
737000,0.122066,0.074178
737100,0.117371,0.074178
737200,0.133333,0.074178
737300,0.122066,0.074178
737400,0.136150,0.074178
737500,0.145540,0.074178
737600,0.115493,0.074178
737700,0.126761,0.074178
737800,0.122066,0.074178
737900,0.129577,0.074178
738000,0.134272,0.074178
738100,0.125822,0.074178
738200,0.103286,0.074178
738300,0.117371,0.074178
738400,0.122066,0.074178
738500,0.127700,0.074178
738600,0.128638,0.074178
738700,0.114554,0.074178
738800,0.129577,0.074178
738900,0.135211,0.074178
739000,0.141784,0.074178
739100,0.145540,0.074178
739200,0.125822,0.074178
739300,0.135211,0.074178
739400,0.128638,0.074178
739500,0.135211,0.074178
739600,0.133333,0.074178
739700,0.120188,0.074178
739800,0.116432,0.074178
739900,0.113615,0.074178
740000,0.104225,0.074178
740100,0.124883,0.074178
740200,0.127700,0.074178
740300,0.125822,0.074178
740400,0.135211,0.074178
740500,0.123944,0.074178
740600,0.106103,0.074178
740700,0.107042,0.074178
740800,0.115493,0.074178
740900,0.121127,0.074178
741000,0.131455,0.074178
741100,0.145540,0.074178
741200,0.109859,0.074178
741300,0.107042,0.074178
741400,0.114554,0.074178
741500,0.107981,0.074178
741600,0.125822,0.074178
741700,0.141784,0.074178
741800,0.109859,0.074178
741900,0.115493,0.074178
742000,0.114554,0.074178
742100,0.137089,0.074178
742200,0.147418,0.074178
742300,0.137089,0.074178
742400,0.123005,0.074178
742500,0.132394,0.074178
742600,0.122066,0.074178
742700,0.117371,0.074178
742800,0.133333,0.074178
742900,0.120188,0.074178
743000,0.116432,0.074178
743100,0.112676,0.074178
743200,0.108920,0.074178
743300,0.108920,0.074178
743400,0.121127,0.074178
743500,0.124883,0.074178
743600,0.135211,0.074178
743700,0.128638,0.074178
743800,0.119249,0.074178
743900,0.143662,0.074178
744000,0.138028,0.074178
744100,0.130516,0.074178
744200,0.140845,0.074178
744300,0.129577,0.074178
744400,0.126761,0.074178
744500,0.117371,0.074178
744600,0.124883,0.074178
744700,0.116432,0.074178
744800,0.137089,0.074178
744900,0.145540,0.074178
745000,0.116432,0.074178
745100,0.121127,0.074178
745200,0.137089,0.074178
745300,0.111737,0.074178
745400,0.131455,0.074178
745500,0.131455,0.074178
745600,0.123005,0.074178
745700,0.122066,0.074178
745800,0.124883,0.074178
745900,0.123005,0.074178
746000,0.127700,0.074178
746100,0.143662,0.074178
746200,0.124883,0.074178
746300,0.126761,0.074178
746400,0.110798,0.074178
746500,0.107981,0.074178
746600,0.115493,0.074178
746700,0.124883,0.074178
746800,0.127700,0.074178
746900,0.119249,0.074178
747000,0.112676,0.074178
747100,0.111737,0.074178
747200,0.102347,0.074178
747300,0.124883,0.074178
747400,0.121127,0.074178
747500,0.121127,0.074178
747600,0.114554,0.074178
747700,0.139906,0.074178
747800,0.141784,0.074178
747900,0.118310,0.074178
748000,0.118310,0.074178
748100,0.107042,0.074178
748200,0.127700,0.074178
748300,0.114554,0.074178
748400,0.116432,0.074178
748500,0.134272,0.074178
748600,0.131455,0.074178
748700,0.132394,0.074178
748800,0.132394,0.074178
748900,0.117371,0.074178
749000,0.144601,0.074178
749100,0.140845,0.074178
749200,0.124883,0.074178
749300,0.115493,0.074178
749400,0.119249,0.074178
749500,0.120188,0.074178
749600,0.110798,0.074178
749700,0.134272,0.074178
749800,0.122066,0.074178
749900,0.126761,0.074178
750000,0.135211,0.074178
750100,0.121127,0.074178
750200,0.119249,0.074178
750300,0.113615,0.074178
750400,0.113615,0.074178
750500,0.126761,0.074178
750600,0.116432,0.074178
750700,0.124883,0.074178
750800,0.151174,0.074178
750900,0.138967,0.074178
751000,0.134272,0.074178
751100,0.129577,0.074178
751200,0.137089,0.074178
751300,0.113615,0.074178
751400,0.124883,0.074178
751500,0.138028,0.074178
751600,0.123944,0.074178
751700,0.133333,0.074178
751800,0.128638,0.074178
751900,0.121127,0.074178
752000,0.115493,0.074178
752100,0.109859,0.074178
752200,0.121127,0.074178
752300,0.113615,0.074178
752400,0.117371,0.074178
752500,0.106103,0.074178
752600,0.109859,0.074178
752700,0.103286,0.074178
752800,0.111737,0.074178
752900,0.109859,0.074178
753000,0.135211,0.074178
753100,0.122066,0.074178
753200,0.117371,0.074178
753300,0.121127,0.074178
753400,0.132394,0.074178
753500,0.121127,0.074178
753600,0.118310,0.074178
753700,0.121127,0.074178
753800,0.122066,0.074178
753900,0.121127,0.074178
754000,0.125822,0.074178
754100,0.100469,0.074178
754200,0.094836,0.074178
754300,0.105164,0.074178
754400,0.111737,0.074178
754500,0.107042,0.074178
754600,0.111737,0.074178
754700,0.118310,0.074178
754800,0.123944,0.074178
754900,0.126761,0.074178
755000,0.120188,0.074178
755100,0.120188,0.074178
755200,0.118310,0.074178
755300,0.122066,0.074178
755400,0.114554,0.074178
755500,0.112676,0.074178
755600,0.138967,0.074178
755700,0.126761,0.074178
755800,0.107042,0.074178
755900,0.107981,0.074178
756000,0.121127,0.074178
756100,0.115493,0.074178
756200,0.110798,0.074178
756300,0.119249,0.074178
756400,0.108920,0.074178
756500,0.098592,0.074178
756600,0.105164,0.074178
756700,0.111737,0.074178
756800,0.127700,0.074178
756900,0.122066,0.074178
757000,0.139906,0.074178
757100,0.135211,0.074178
757200,0.122066,0.074178
757300,0.126761,0.074178
757400,0.129577,0.074178
757500,0.134272,0.074178
757600,0.131455,0.074178
757700,0.115493,0.074178
757800,0.096714,0.074178
757900,0.098592,0.074178
758000,0.103286,0.074178
758100,0.118310,0.074178
758200,0.138967,0.074178
758300,0.133333,0.074178
758400,0.109859,0.074178
758500,0.130516,0.074178
758600,0.119249,0.074178
758700,0.110798,0.074178
758800,0.119249,0.074178
758900,0.136150,0.074178
759000,0.138028,0.074178
759100,0.148357,0.074178
759200,0.125822,0.074178
759300,0.127700,0.074178
759400,0.136150,0.074178
759500,0.131455,0.074178
759600,0.133333,0.074178
759700,0.125822,0.074178
759800,0.123944,0.074178
759900,0.120188,0.074178
760000,0.117371,0.074178
760100,0.111737,0.074178
760200,0.123005,0.074178
760300,0.134272,0.074178
760400,0.115493,0.074178
760500,0.109859,0.074178
760600,0.131455,0.074178
760700,0.123005,0.074178
760800,0.133333,0.074178
760900,0.121127,0.074178
761000,0.119249,0.074178
761100,0.133333,0.074178
761200,0.126761,0.074178
761300,0.115493,0.074178
761400,0.114554,0.074178
761500,0.117371,0.074178
761600,0.112676,0.074178
761700,0.102347,0.074178
761800,0.139906,0.074178
761900,0.129577,0.074178
762000,0.138028,0.074178
762100,0.117371,0.074178
762200,0.113615,0.074178
762300,0.126761,0.074178
762400,0.118310,0.074178
762500,0.127700,0.074178
762600,0.117371,0.074178
762700,0.128638,0.074178
762800,0.114554,0.074178
762900,0.125822,0.074178
763000,0.138028,0.074178
763100,0.117371,0.074178
763200,0.130516,0.074178
763300,0.123005,0.074178
763400,0.140845,0.074178
763500,0.132394,0.074178
763600,0.135211,0.074178
763700,0.126761,0.074178
763800,0.117371,0.074178
763900,0.129577,0.074178
764000,0.117371,0.074178
764100,0.135211,0.074178
764200,0.139906,0.074178
764300,0.117371,0.074178
764400,0.115493,0.074178
764500,0.123005,0.074178
764600,0.139906,0.074178
764700,0.142723,0.074178
764800,0.138967,0.074178
764900,0.126761,0.074178
765000,0.129577,0.074178
765100,0.131455,0.074178
765200,0.115493,0.074178
765300,0.125822,0.074178
765400,0.138967,0.074178
765500,0.135211,0.074178
765600,0.123005,0.074178
765700,0.107981,0.074178
765800,0.116432,0.074178
765900,0.125822,0.074178
766000,0.123005,0.074178
766100,0.115493,0.074178
766200,0.109859,0.074178
766300,0.143662,0.074178
766400,0.124883,0.074178
766500,0.127700,0.074178
766600,0.145540,0.074178
766700,0.136150,0.074178
766800,0.123944,0.074178
766900,0.123944,0.074178
767000,0.128638,0.074178
767100,0.117371,0.074178
767200,0.161502,0.074178
767300,0.138028,0.074178
767400,0.134272,0.074178
767500,0.140845,0.074178
767600,0.141784,0.074178
767700,0.141784,0.074178
767800,0.138967,0.074178
767900,0.123944,0.074178
768000,0.129577,0.074178
768100,0.126761,0.074178
768200,0.130516,0.074178
768300,0.137089,0.074178
768400,0.142723,0.074178
768500,0.116432,0.074178
768600,0.120188,0.074178
768700,0.111737,0.074178
768800,0.118310,0.074178
768900,0.112676,0.074178
769000,0.126761,0.074178
769100,0.128638,0.074178
769200,0.134272,0.074178
769300,0.133333,0.074178
769400,0.135211,0.074178
769500,0.115493,0.074178
769600,0.118310,0.074178
769700,0.132394,0.074178
769800,0.120188,0.074178
769900,0.112676,0.074178
770000,0.115493,0.074178
770100,0.119249,0.074178
770200,0.139906,0.074178
770300,0.136150,0.074178
770400,0.124883,0.074178
770500,0.123944,0.074178
770600,0.128638,0.074178
770700,0.118310,0.074178
770800,0.131455,0.074178
770900,0.129577,0.074178
771000,0.120188,0.074178
771100,0.126761,0.074178
771200,0.126761,0.074178
771300,0.114554,0.074178
771400,0.128638,0.074178
771500,0.121127,0.074178
771600,0.134272,0.074178
771700,0.119249,0.074178
771800,0.116432,0.074178
771900,0.119249,0.074178
772000,0.125822,0.074178
772100,0.121127,0.074178
772200,0.135211,0.074178
772300,0.133333,0.074178
772400,0.117371,0.074178
772500,0.101408,0.074178
772600,0.107981,0.074178
772700,0.102347,0.074178
772800,0.108920,0.074178
772900,0.103286,0.074178
773000,0.103286,0.074178
773100,0.120188,0.074178
773200,0.123944,0.074178
773300,0.127700,0.074178
773400,0.128638,0.074178
773500,0.125822,0.074178
773600,0.106103,0.074178
773700,0.119249,0.074178
773800,0.125822,0.074178
773900,0.138967,0.074178
774000,0.132394,0.074178
774100,0.124883,0.074178
774200,0.120188,0.074178
774300,0.129577,0.074178
774400,0.111737,0.074178
774500,0.134272,0.074178
774600,0.133333,0.074178
774700,0.129577,0.074178
774800,0.126761,0.074178
774900,0.116432,0.074178
775000,0.122066,0.074178
775100,0.123944,0.074178
775200,0.123005,0.074178
775300,0.122066,0.074178
775400,0.109859,0.074178
775500,0.124883,0.074178
775600,0.114554,0.074178
775700,0.113615,0.074178
775800,0.093897,0.074178
775900,0.110798,0.074178
776000,0.128638,0.074178
776100,0.116432,0.074178
776200,0.126761,0.074178
776300,0.142723,0.074178
776400,0.123944,0.074178
776500,0.125822,0.074178
776600,0.113615,0.074178
776700,0.129577,0.074178
776800,0.131455,0.074178
776900,0.139906,0.074178
777000,0.123944,0.074178
777100,0.113615,0.074178
777200,0.131455,0.074178
777300,0.156808,0.074178
777400,0.137089,0.074178
777500,0.124883,0.074178
777600,0.132394,0.074178
777700,0.125822,0.074178
777800,0.120188,0.074178
777900,0.107042,0.074178
778000,0.132394,0.074178
778100,0.138028,0.074178
778200,0.126761,0.074178
778300,0.134272,0.074178
778400,0.142723,0.074178
778500,0.132394,0.074178
778600,0.133333,0.074178
778700,0.122066,0.074178
778800,0.116432,0.074178
778900,0.115493,0.074178
779000,0.117371,0.074178
779100,0.116432,0.074178
779200,0.138028,0.074178
779300,0.123944,0.074178
779400,0.123944,0.074178
779500,0.130516,0.074178
779600,0.111737,0.074178
779700,0.109859,0.074178
779800,0.108920,0.074178
779900,0.128638,0.074178
780000,0.110798,0.074178
780100,0.113615,0.074178
780200,0.116432,0.074178
780300,0.114554,0.074178
780400,0.122066,0.074178
780500,0.128638,0.074178
780600,0.122066,0.074178
780700,0.111737,0.074178
780800,0.119249,0.074178
780900,0.121127,0.074178
781000,0.112676,0.074178
781100,0.127700,0.074178
781200,0.132394,0.074178
781300,0.131455,0.074178
781400,0.119249,0.074178
781500,0.127700,0.074178
781600,0.118310,0.074178
781700,0.143662,0.074178
781800,0.120188,0.074178
781900,0.121127,0.074178
782000,0.107981,0.074178
782100,0.113615,0.074178
782200,0.123944,0.074178
782300,0.100469,0.074178
782400,0.120188,0.074178
782500,0.128638,0.074178
782600,0.133333,0.074178
782700,0.123944,0.074178
782800,0.136150,0.074178
782900,0.132394,0.074178
783000,0.132394,0.074178
783100,0.115493,0.074178
783200,0.117371,0.074178
783300,0.111737,0.074178
783400,0.124883,0.074178
783500,0.126761,0.074178
783600,0.111737,0.074178
783700,0.116432,0.074178
783800,0.110798,0.074178
783900,0.100469,0.074178
784000,0.106103,0.074178
784100,0.105164,0.074178
784200,0.126761,0.074178
784300,0.120188,0.074178
784400,0.097653,0.074178
784500,0.107042,0.074178
784600,0.115493,0.074178
784700,0.111737,0.074178
784800,0.128638,0.074178
784900,0.137089,0.074178
785000,0.131455,0.074178
785100,0.127700,0.074178
785200,0.137089,0.074178
785300,0.134272,0.074178
785400,0.122066,0.074178
785500,0.133333,0.074178
785600,0.138028,0.074178
785700,0.141784,0.074178
785800,0.141784,0.074178
785900,0.120188,0.074178
786000,0.112676,0.074178
786100,0.133333,0.074178
786200,0.132394,0.074178
786300,0.119249,0.074178
786400,0.115493,0.074178
786500,0.111737,0.074178
786600,0.114554,0.074178
786700,0.117371,0.074178
786800,0.110798,0.074178
786900,0.105164,0.074178
787000,0.125822,0.074178
787100,0.120188,0.074178
787200,0.124883,0.074178
787300,0.129577,0.074178
787400,0.105164,0.074178
787500,0.119249,0.074178
787600,0.115493,0.074178
787700,0.117371,0.074178
787800,0.133333,0.074178
787900,0.123005,0.074178
788000,0.096714,0.074178
788100,0.110798,0.074178
788200,0.119249,0.074178
788300,0.127700,0.074178
788400,0.134272,0.074178
788500,0.127700,0.074178
788600,0.120188,0.074178
788700,0.136150,0.074178
788800,0.131455,0.074178
788900,0.119249,0.074178
789000,0.121127,0.074178
789100,0.104225,0.074178
789200,0.109859,0.074178
789300,0.126761,0.074178
789400,0.129577,0.074178
789500,0.130516,0.074178
789600,0.123944,0.074178
789700,0.128638,0.074178
789800,0.111737,0.074178
789900,0.126761,0.074178
790000,0.109859,0.074178
790100,0.099531,0.074178
790200,0.106103,0.074178
790300,0.115493,0.074178
790400,0.132394,0.074178
790500,0.124883,0.074178
790600,0.128638,0.074178
790700,0.126761,0.074178
790800,0.126761,0.074178
790900,0.136150,0.074178
791000,0.138028,0.074178
791100,0.129577,0.074178
791200,0.128638,0.074178
791300,0.101408,0.074178
791400,0.118310,0.074178
791500,0.109859,0.074178
791600,0.106103,0.074178
791700,0.122066,0.074178
791800,0.117371,0.074178
791900,0.109859,0.074178
792000,0.116432,0.074178
792100,0.113615,0.074178
792200,0.120188,0.074178
792300,0.111737,0.074178
792400,0.117371,0.074178
792500,0.122066,0.074178
792600,0.121127,0.074178
792700,0.129577,0.074178
792800,0.118310,0.074178
792900,0.132394,0.074178
793000,0.126761,0.074178
793100,0.124883,0.074178
793200,0.119249,0.074178
793300,0.122066,0.074178
793400,0.125822,0.074178
793500,0.143662,0.074178
793600,0.138967,0.074178
793700,0.120188,0.074178
793800,0.107042,0.074178
793900,0.130516,0.074178
794000,0.106103,0.074178
794100,0.126761,0.074178
794200,0.116432,0.074178
794300,0.106103,0.074178
794400,0.123005,0.074178
794500,0.107981,0.074178
794600,0.122066,0.074178
794700,0.122066,0.074178
794800,0.103286,0.074178
794900,0.105164,0.074178
795000,0.123944,0.074178
795100,0.122066,0.074178
795200,0.120188,0.074178
795300,0.125822,0.074178
795400,0.112676,0.074178
795500,0.131455,0.074178
795600,0.129577,0.074178
795700,0.121127,0.074178
795800,0.113615,0.074178
795900,0.123944,0.074178
796000,0.112676,0.074178
796100,0.134272,0.074178
796200,0.128638,0.074178
796300,0.130516,0.074178
796400,0.116432,0.074178
796500,0.123005,0.074178
796600,0.128638,0.074178
796700,0.151174,0.074178
796800,0.153991,0.074178
796900,0.140845,0.074178
797000,0.128638,0.074178
797100,0.131455,0.074178
797200,0.133333,0.074178
797300,0.125822,0.074178
797400,0.123944,0.074178
797500,0.115493,0.074178
797600,0.124883,0.074178
797700,0.123005,0.074178
797800,0.127700,0.074178
797900,0.139906,0.074178
798000,0.123005,0.074178
798100,0.118310,0.074178
798200,0.123944,0.074178
798300,0.120188,0.074178
798400,0.112676,0.074178
798500,0.122066,0.074178
798600,0.123005,0.074178
798700,0.118310,0.074178
798800,0.116432,0.074178
798900,0.112676,0.074178
799000,0.119249,0.074178
799100,0.117371,0.074178
799200,0.115493,0.074178
799300,0.106103,0.074178
799400,0.110798,0.074178
799500,0.119249,0.074178
799600,0.118310,0.074178
799700,0.128638,0.074178
799800,0.128638,0.074178
799900,0.103286,0.074178
800000,0.124883,0.074178
800100,0.118310,0.074178
800200,0.112676,0.074178
800300,0.128638,0.074178
800400,0.124883,0.074178
800500,0.122066,0.074178
800600,0.116432,0.074178
800700,0.121127,0.074178
800800,0.114554,0.074178
800900,0.114554,0.074178
801000,0.124883,0.074178
801100,0.129577,0.074178
801200,0.137089,0.074178
801300,0.137089,0.074178
801400,0.134272,0.074178
801500,0.135211,0.074178
801600,0.136150,0.074178
801700,0.125822,0.074178
801800,0.121127,0.074178
801900,0.121127,0.074178
802000,0.138967,0.074178
802100,0.124883,0.074178
802200,0.130516,0.074178
802300,0.128638,0.074178
802400,0.128638,0.074178
802500,0.115493,0.074178
802600,0.115493,0.074178
802700,0.106103,0.074178
802800,0.111737,0.074178
802900,0.101408,0.074178
803000,0.118310,0.074178
803100,0.115493,0.074178
803200,0.133333,0.074178
803300,0.144601,0.074178
803400,0.145540,0.074178
803500,0.140845,0.074178
803600,0.122066,0.074178
803700,0.125822,0.074178
803800,0.123944,0.074178
803900,0.123944,0.074178
804000,0.124883,0.074178
804100,0.112676,0.074178
804200,0.119249,0.074178
804300,0.113615,0.074178
804400,0.123944,0.074178
804500,0.123005,0.074178
804600,0.115493,0.074178
804700,0.118310,0.074178
804800,0.115493,0.074178
804900,0.140845,0.074178
805000,0.134272,0.074178
805100,0.120188,0.074178
805200,0.123005,0.074178
805300,0.133333,0.074178
805400,0.121127,0.074178
805500,0.118310,0.074178
805600,0.119249,0.074178
805700,0.121127,0.074178
805800,0.126761,0.074178
805900,0.110798,0.074178
806000,0.138967,0.074178
806100,0.125822,0.074178
806200,0.132394,0.074178
806300,0.135211,0.074178
806400,0.144601,0.074178
806500,0.122066,0.074178
806600,0.126761,0.074178
806700,0.123944,0.074178
806800,0.121127,0.074178
806900,0.128638,0.074178
807000,0.125822,0.074178
807100,0.110798,0.074178
807200,0.103286,0.074178
807300,0.098592,0.074178
807400,0.128638,0.074178
807500,0.118310,0.074178
807600,0.114554,0.074178
807700,0.124883,0.074178
807800,0.125822,0.074178
807900,0.123944,0.074178
808000,0.129577,0.074178
808100,0.125822,0.074178
808200,0.123005,0.074178
808300,0.116432,0.074178
808400,0.120188,0.074178
808500,0.125822,0.074178
808600,0.127700,0.074178
808700,0.122066,0.074178
808800,0.115493,0.074178
808900,0.124883,0.074178
809000,0.127700,0.074178
809100,0.123005,0.074178
809200,0.123005,0.074178
809300,0.120188,0.074178
809400,0.136150,0.074178
809500,0.110798,0.074178
809600,0.115493,0.074178
809700,0.111737,0.074178
809800,0.131455,0.074178
809900,0.131455,0.074178
810000,0.139906,0.074178
810100,0.115493,0.074178
810200,0.114554,0.074178
810300,0.118310,0.074178
810400,0.134272,0.074178
810500,0.116432,0.074178
810600,0.099531,0.074178
810700,0.111737,0.074178
810800,0.105164,0.074178
810900,0.126761,0.074178
811000,0.125822,0.074178
811100,0.123005,0.074178
811200,0.119249,0.074178
811300,0.119249,0.074178
811400,0.131455,0.074178
811500,0.133333,0.074178
811600,0.117371,0.074178
811700,0.116432,0.074178
811800,0.111737,0.074178
811900,0.147418,0.074178
812000,0.127700,0.074178
812100,0.120188,0.074178
812200,0.103286,0.074178
812300,0.123944,0.074178
812400,0.133333,0.074178
812500,0.138028,0.074178
812600,0.122066,0.074178
812700,0.124883,0.074178
812800,0.140845,0.074178
812900,0.118310,0.074178
813000,0.123005,0.074178
813100,0.123944,0.074178
813200,0.112676,0.074178
813300,0.109859,0.074178
813400,0.127700,0.074178
813500,0.129577,0.074178
813600,0.115493,0.074178
813700,0.119249,0.074178
813800,0.112676,0.074178
813900,0.103286,0.074178
814000,0.147418,0.074178
814100,0.135211,0.074178
814200,0.137089,0.074178
814300,0.115493,0.074178
814400,0.112676,0.074178
814500,0.119249,0.074178
814600,0.132394,0.074178
814700,0.130516,0.074178
814800,0.125822,0.074178
814900,0.113615,0.074178
815000,0.127700,0.074178
815100,0.119249,0.074178
815200,0.124883,0.074178
815300,0.110798,0.074178
815400,0.093897,0.074178
815500,0.125822,0.074178
815600,0.119249,0.074178
815700,0.108920,0.074178
815800,0.120188,0.074178
815900,0.134272,0.074178
816000,0.130516,0.074178
816100,0.120188,0.074178
816200,0.116432,0.074178
816300,0.107981,0.074178
816400,0.108920,0.074178
816500,0.114554,0.074178
816600,0.131455,0.074178
816700,0.138028,0.074178
816800,0.142723,0.074178
816900,0.131455,0.074178
817000,0.112676,0.074178
817100,0.123944,0.074178
817200,0.121127,0.074178
817300,0.125822,0.074178
817400,0.126761,0.074178
817500,0.135211,0.074178
817600,0.135211,0.074178
817700,0.138967,0.074178
817800,0.123944,0.074178
817900,0.119249,0.074178
818000,0.109859,0.074178
818100,0.134272,0.074178
818200,0.123944,0.074178
818300,0.115493,0.074178
818400,0.146479,0.074178
818500,0.132394,0.074178
818600,0.138028,0.074178
818700,0.127700,0.074178
818800,0.116432,0.074178
818900,0.092019,0.074178
819000,0.107981,0.074178
819100,0.107981,0.074178
819200,0.127700,0.074178
819300,0.127700,0.074178
819400,0.140845,0.074178
819500,0.129577,0.074178
819600,0.126761,0.074178
819700,0.114554,0.074178
819800,0.109859,0.074178
819900,0.106103,0.074178
820000,0.104225,0.074178
820100,0.113615,0.074178
820200,0.120188,0.074178
820300,0.113615,0.074178
820400,0.112676,0.074178
820500,0.111737,0.074178
820600,0.115493,0.074178
820700,0.105164,0.074178
820800,0.143662,0.074178
820900,0.125822,0.074178
821000,0.132394,0.074178
821100,0.124883,0.074178
821200,0.132394,0.074178
821300,0.133333,0.074178
821400,0.134272,0.074178
821500,0.127700,0.074178
821600,0.135211,0.074178
821700,0.119249,0.074178
821800,0.124883,0.074178
821900,0.120188,0.074178
822000,0.118310,0.074178
822100,0.117371,0.074178
822200,0.107981,0.074178
822300,0.106103,0.074178
822400,0.138028,0.074178
822500,0.137089,0.074178
822600,0.132394,0.074178
822700,0.137089,0.074178
822800,0.139906,0.074178
822900,0.123005,0.074178
823000,0.121127,0.074178
823100,0.134272,0.074178
823200,0.130516,0.074178
823300,0.129577,0.074178
823400,0.122066,0.074178
823500,0.123005,0.074178
823600,0.116432,0.074178
823700,0.116432,0.074178
823800,0.147418,0.074178
823900,0.120188,0.074178
824000,0.122066,0.074178
824100,0.118310,0.074178
824200,0.116432,0.074178
824300,0.107042,0.074178
824400,0.110798,0.074178
824500,0.131455,0.074178
824600,0.134272,0.074178
824700,0.124883,0.074178
824800,0.137089,0.074178
824900,0.144601,0.074178
825000,0.145540,0.074178
825100,0.141784,0.074178
825200,0.131455,0.074178
825300,0.114554,0.074178
825400,0.129577,0.074178
825500,0.123005,0.074178
825600,0.123944,0.074178
825700,0.111737,0.074178
825800,0.107042,0.074178
825900,0.111737,0.074178
826000,0.119249,0.074178
826100,0.118310,0.074178
826200,0.112676,0.074178
826300,0.124883,0.074178
826400,0.112676,0.074178
826500,0.120188,0.074178
826600,0.130516,0.074178
826700,0.131455,0.074178
826800,0.127700,0.074178
826900,0.140845,0.074178
827000,0.123005,0.074178
827100,0.151174,0.074178
827200,0.122066,0.074178
827300,0.116432,0.074178
827400,0.121127,0.074178
827500,0.132394,0.074178
827600,0.131455,0.074178
827700,0.134272,0.074178
827800,0.131455,0.074178
827900,0.116432,0.074178
828000,0.121127,0.074178
828100,0.140845,0.074178
828200,0.120188,0.074178
828300,0.130516,0.074178
828400,0.129577,0.074178
828500,0.126761,0.074178
828600,0.123005,0.074178
828700,0.124883,0.074178
828800,0.136150,0.074178
828900,0.126761,0.074178
829000,0.109859,0.074178
829100,0.107981,0.074178
829200,0.111737,0.074178
829300,0.127700,0.074178
829400,0.151174,0.074178
829500,0.121127,0.074178
829600,0.135211,0.074178
829700,0.118310,0.074178
829800,0.110798,0.074178
829900,0.126761,0.074178
830000,0.138028,0.074178
830100,0.129577,0.074178
830200,0.137089,0.074178
830300,0.126761,0.074178
830400,0.111737,0.074178
830500,0.127700,0.074178
830600,0.117371,0.074178
830700,0.136150,0.074178
830800,0.110798,0.074178
830900,0.138967,0.074178
831000,0.134272,0.074178
831100,0.132394,0.074178
831200,0.108920,0.074178
831300,0.126761,0.074178
831400,0.112676,0.074178
831500,0.115493,0.074178
831600,0.119249,0.074178
831700,0.112676,0.074178
831800,0.121127,0.074178
831900,0.141784,0.074178
832000,0.114554,0.074178
832100,0.104225,0.074178
832200,0.108920,0.074178
832300,0.102347,0.074178
832400,0.123944,0.074178
832500,0.153991,0.074178
832600,0.130516,0.074178
832700,0.116432,0.074178
832800,0.126761,0.074178
832900,0.116432,0.074178
833000,0.132394,0.074178
833100,0.130516,0.074178
833200,0.126761,0.074178
833300,0.138028,0.074178
833400,0.128638,0.074178
833500,0.120188,0.074178
833600,0.115493,0.074178
833700,0.109859,0.074178
833800,0.125822,0.074178
833900,0.124883,0.074178
834000,0.126761,0.074178
834100,0.123944,0.074178
834200,0.111737,0.074178
834300,0.116432,0.074178
834400,0.142723,0.074178
834500,0.123005,0.074178
834600,0.129577,0.074178
834700,0.125822,0.074178
834800,0.135211,0.074178
834900,0.119249,0.074178
835000,0.116432,0.074178
835100,0.126761,0.074178
835200,0.121127,0.074178
835300,0.135211,0.074178
835400,0.132394,0.074178
835500,0.116432,0.074178
835600,0.113615,0.074178
835700,0.115493,0.074178
835800,0.132394,0.074178
835900,0.141784,0.074178
836000,0.157746,0.074178
836100,0.119249,0.074178
836200,0.124883,0.074178
836300,0.125822,0.074178
836400,0.124883,0.074178
836500,0.123944,0.074178
836600,0.128638,0.074178
836700,0.123005,0.074178
836800,0.123005,0.074178
836900,0.107042,0.074178
837000,0.119249,0.074178
837100,0.111737,0.074178
837200,0.125822,0.074178
837300,0.104225,0.074178
837400,0.118310,0.074178
837500,0.111737,0.074178
837600,0.106103,0.074178
837700,0.129577,0.074178
837800,0.131455,0.074178
837900,0.134272,0.074178
838000,0.135211,0.074178
838100,0.132394,0.074178
838200,0.121127,0.074178
838300,0.115493,0.074178
838400,0.111737,0.074178
838500,0.123005,0.074178
838600,0.132394,0.074178
838700,0.130516,0.074178
838800,0.117371,0.074178
838900,0.107042,0.074178
839000,0.111737,0.074178
839100,0.130516,0.074178
839200,0.131455,0.074178
839300,0.132394,0.074178
839400,0.131455,0.074178
839500,0.116432,0.074178
839600,0.126761,0.074178
839700,0.114554,0.074178
839800,0.124883,0.074178
839900,0.129577,0.074178
840000,0.120188,0.074178
840100,0.138028,0.074178
840200,0.127700,0.074178
840300,0.113615,0.074178
840400,0.108920,0.074178
840500,0.108920,0.074178
840600,0.110798,0.074178
840700,0.120188,0.074178
840800,0.127700,0.074178
840900,0.114554,0.074178
841000,0.118310,0.074178
841100,0.121127,0.074178
841200,0.114554,0.074178
841300,0.133333,0.074178
841400,0.109859,0.074178
841500,0.108920,0.074178
841600,0.119249,0.074178
841700,0.122066,0.074178
841800,0.140845,0.074178
841900,0.116432,0.074178
842000,0.113615,0.074178
842100,0.120188,0.074178
842200,0.123005,0.074178
842300,0.144601,0.074178
842400,0.151174,0.074178
842500,0.145540,0.074178
842600,0.145540,0.074178
842700,0.106103,0.074178
842800,0.105164,0.074178
842900,0.111737,0.074178
843000,0.102347,0.074178
843100,0.109859,0.074178
843200,0.103286,0.074178
843300,0.111737,0.074178
843400,0.102347,0.074178
843500,0.125822,0.074178
843600,0.132394,0.074178
843700,0.128638,0.074178
843800,0.124883,0.074178
843900,0.118310,0.074178
844000,0.133333,0.074178
844100,0.113615,0.074178
844200,0.125822,0.074178
844300,0.133333,0.074178
844400,0.135211,0.074178
844500,0.107042,0.074178
844600,0.125822,0.074178
844700,0.126761,0.074178
844800,0.106103,0.074178
844900,0.126761,0.074178
845000,0.123005,0.074178
845100,0.118310,0.074178
845200,0.131455,0.074178
845300,0.116432,0.074178
845400,0.121127,0.074178
845500,0.110798,0.074178
845600,0.117371,0.074178
845700,0.120188,0.074178
845800,0.119249,0.074178
845900,0.107981,0.074178
846000,0.127700,0.074178
846100,0.137089,0.074178
846200,0.126761,0.074178
846300,0.140845,0.074178
846400,0.141784,0.074178
846500,0.128638,0.074178
846600,0.125822,0.074178
846700,0.115493,0.074178
846800,0.106103,0.074178
846900,0.115493,0.074178
847000,0.107042,0.074178
847100,0.123005,0.074178
847200,0.123005,0.074178
847300,0.109859,0.074178
847400,0.124883,0.074178
847500,0.125822,0.074178
847600,0.118310,0.074178
847700,0.131455,0.074178
847800,0.136150,0.074178
847900,0.144601,0.074178
848000,0.133333,0.074178
848100,0.125822,0.074178
848200,0.123005,0.074178
848300,0.142723,0.074178
848400,0.137089,0.074178
848500,0.127700,0.074178
848600,0.120188,0.074178
848700,0.122066,0.074178
848800,0.108920,0.074178
848900,0.137089,0.074178
849000,0.125822,0.074178
849100,0.136150,0.074178
849200,0.129577,0.074178
849300,0.117371,0.074178
849400,0.141784,0.074178
849500,0.129577,0.074178
849600,0.121127,0.074178
849700,0.126761,0.074178
849800,0.126761,0.074178
849900,0.133333,0.074178
850000,0.133333,0.074178
850100,0.144601,0.074178
850200,0.124883,0.074178
850300,0.116432,0.074178
850400,0.107042,0.074178
850500,0.127700,0.074178
850600,0.119249,0.074178
850700,0.121127,0.074178
850800,0.107981,0.074178
850900,0.112676,0.074178
851000,0.129577,0.074178
851100,0.123944,0.074178
851200,0.110798,0.074178
851300,0.114554,0.074178
851400,0.111737,0.074178
851500,0.129577,0.074178
851600,0.115493,0.074178
851700,0.134272,0.074178
851800,0.108920,0.074178
851900,0.119249,0.074178
852000,0.123005,0.074178
852100,0.125822,0.074178
852200,0.127700,0.074178
852300,0.127700,0.074178
852400,0.119249,0.074178
852500,0.123005,0.074178
852600,0.124883,0.074178
852700,0.138028,0.074178
852800,0.119249,0.074178
852900,0.128638,0.074178
853000,0.116432,0.074178
853100,0.123005,0.074178
853200,0.125822,0.074178
853300,0.137089,0.074178
853400,0.131455,0.074178
853500,0.107042,0.074178
853600,0.117371,0.074178
853700,0.120188,0.074178
853800,0.112676,0.074178
853900,0.109859,0.074178
854000,0.111737,0.074178
854100,0.123005,0.074178
854200,0.122066,0.074178
854300,0.114554,0.074178
854400,0.118310,0.074178
854500,0.136150,0.074178
854600,0.108920,0.074178
854700,0.114554,0.074178
854800,0.123005,0.074178
854900,0.131455,0.074178
855000,0.113615,0.074178
855100,0.099531,0.074178
855200,0.107981,0.074178
855300,0.125822,0.074178
855400,0.110798,0.074178
855500,0.119249,0.074178
855600,0.115493,0.074178
855700,0.121127,0.074178
855800,0.120188,0.074178
855900,0.132394,0.074178
856000,0.132394,0.074178
856100,0.115493,0.074178
856200,0.115493,0.074178
856300,0.110798,0.074178
856400,0.133333,0.074178
856500,0.138967,0.074178
856600,0.137089,0.074178
856700,0.133333,0.074178
856800,0.139906,0.074178
856900,0.118310,0.074178
857000,0.119249,0.074178
857100,0.118310,0.074178
857200,0.115493,0.074178
857300,0.130516,0.074178
857400,0.120188,0.074178
857500,0.123005,0.074178
857600,0.119249,0.074178
857700,0.126761,0.074178
857800,0.137089,0.074178
857900,0.136150,0.074178
858000,0.128638,0.074178
858100,0.132394,0.074178
858200,0.131455,0.074178
858300,0.131455,0.074178
858400,0.103286,0.074178
858500,0.109859,0.074178
858600,0.122066,0.074178
858700,0.120188,0.074178
858800,0.146479,0.074178
858900,0.140845,0.074178
859000,0.137089,0.074178
859100,0.140845,0.074178
859200,0.134272,0.074178
859300,0.136150,0.074178
859400,0.132394,0.074178
859500,0.113615,0.074178
859600,0.114554,0.074178
859700,0.130516,0.074178
859800,0.122066,0.074178
859900,0.108920,0.074178
860000,0.117371,0.074178
860100,0.114554,0.074178
860200,0.117371,0.074178
860300,0.114554,0.074178
860400,0.104225,0.074178
860500,0.120188,0.074178
860600,0.123005,0.074178
860700,0.131455,0.074178
860800,0.123005,0.074178
860900,0.108920,0.074178
861000,0.127700,0.074178
861100,0.125822,0.074178
861200,0.130516,0.074178
861300,0.132394,0.074178
861400,0.126761,0.074178
861500,0.126761,0.074178
861600,0.116432,0.074178
861700,0.126761,0.074178
861800,0.126761,0.074178
861900,0.100469,0.074178
862000,0.125822,0.074178
862100,0.127700,0.074178
862200,0.123944,0.074178
862300,0.117371,0.074178
862400,0.127700,0.074178
862500,0.125822,0.074178
862600,0.124883,0.074178
862700,0.123005,0.074178
862800,0.129577,0.074178
862900,0.143662,0.074178
863000,0.132394,0.074178
863100,0.123005,0.074178
863200,0.134272,0.074178
863300,0.111737,0.074178
863400,0.123944,0.074178
863500,0.128638,0.074178
863600,0.116432,0.074178
863700,0.123944,0.074178
863800,0.119249,0.074178
863900,0.121127,0.074178
864000,0.124883,0.074178
864100,0.140845,0.074178
864200,0.117371,0.074178
864300,0.126761,0.074178
864400,0.124883,0.074178
864500,0.123005,0.074178
864600,0.129577,0.074178
864700,0.116432,0.074178
864800,0.116432,0.074178
864900,0.118310,0.074178
865000,0.123944,0.074178
865100,0.126761,0.074178
865200,0.134272,0.074178
865300,0.134272,0.074178
865400,0.137089,0.074178
865500,0.114554,0.074178
865600,0.114554,0.074178
865700,0.129577,0.074178
865800,0.115493,0.074178
865900,0.124883,0.074178
866000,0.121127,0.074178
866100,0.129577,0.074178
866200,0.108920,0.074178
866300,0.117371,0.074178
866400,0.129577,0.074178
866500,0.116432,0.074178
866600,0.134272,0.074178
866700,0.116432,0.074178
866800,0.113615,0.074178
866900,0.107042,0.074178
867000,0.114554,0.074178
867100,0.132394,0.074178
867200,0.128638,0.074178
867300,0.128638,0.074178
867400,0.128638,0.074178
867500,0.144601,0.074178
867600,0.117371,0.074178
867700,0.138028,0.074178
867800,0.122066,0.074178
867900,0.121127,0.074178
868000,0.117371,0.074178
868100,0.128638,0.074178
868200,0.147418,0.074178
868300,0.143662,0.074178
868400,0.137089,0.074178
868500,0.110798,0.074178
868600,0.107042,0.074178
868700,0.111737,0.074178
868800,0.120188,0.074178
868900,0.121127,0.074178
869000,0.123944,0.074178
869100,0.119249,0.074178
869200,0.106103,0.074178
869300,0.119249,0.074178
869400,0.138028,0.074178
869500,0.137089,0.074178
869600,0.123005,0.074178
869700,0.133333,0.074178
869800,0.103286,0.074178
869900,0.120188,0.074178
870000,0.104225,0.074178
870100,0.108920,0.074178
870200,0.116432,0.074178
870300,0.123944,0.074178
870400,0.108920,0.074178
870500,0.109859,0.074178
870600,0.116432,0.074178
870700,0.122066,0.074178
870800,0.143662,0.074178
870900,0.138028,0.074178
871000,0.147418,0.074178
871100,0.132394,0.074178
871200,0.124883,0.074178
871300,0.121127,0.074178
871400,0.101408,0.074178
871500,0.107981,0.074178
871600,0.138028,0.074178
871700,0.129577,0.074178
871800,0.131455,0.074178
871900,0.109859,0.074178
872000,0.105164,0.074178
872100,0.123944,0.074178
872200,0.107042,0.074178
872300,0.121127,0.074178
872400,0.106103,0.074178
872500,0.124883,0.074178
872600,0.141784,0.074178
872700,0.118310,0.074178
872800,0.143662,0.074178
872900,0.135211,0.074178
873000,0.123005,0.074178
873100,0.113615,0.074178
873200,0.113615,0.074178
873300,0.116432,0.074178
873400,0.110798,0.074178
873500,0.122066,0.074178
873600,0.131455,0.074178
873700,0.142723,0.074178
873800,0.135211,0.074178
873900,0.122066,0.074178
874000,0.132394,0.074178
874100,0.131455,0.074178
874200,0.113615,0.074178
874300,0.134272,0.074178
874400,0.138028,0.074178
874500,0.126761,0.074178
874600,0.138967,0.074178
874700,0.118310,0.074178
874800,0.113615,0.074178
874900,0.119249,0.074178
875000,0.120188,0.074178
875100,0.124883,0.074178
875200,0.129577,0.074178
875300,0.114554,0.074178
875400,0.131455,0.074178
875500,0.112676,0.074178
875600,0.126761,0.074178
875700,0.123944,0.074178
875800,0.138028,0.074178
875900,0.142723,0.074178
876000,0.117371,0.074178
876100,0.118310,0.074178
876200,0.123005,0.074178
876300,0.124883,0.074178
876400,0.128638,0.074178
876500,0.111737,0.074178
876600,0.118310,0.074178
876700,0.108920,0.074178
876800,0.127700,0.074178
876900,0.129577,0.074178
877000,0.114554,0.074178
877100,0.110798,0.074178
877200,0.118310,0.074178
877300,0.115493,0.074178
877400,0.122066,0.074178
877500,0.133333,0.074178
877600,0.110798,0.074178
877700,0.134272,0.074178
877800,0.130516,0.074178
877900,0.126761,0.074178
878000,0.112676,0.074178
878100,0.130516,0.074178
878200,0.108920,0.074178
878300,0.103286,0.074178
878400,0.123944,0.074178
878500,0.117371,0.074178
878600,0.123005,0.074178
878700,0.114554,0.074178
878800,0.109859,0.074178
878900,0.103286,0.074178
879000,0.129577,0.074178
879100,0.133333,0.074178
879200,0.137089,0.074178
879300,0.126761,0.074178
879400,0.127700,0.074178
879500,0.111737,0.074178
879600,0.113615,0.074178
879700,0.117371,0.074178
879800,0.122066,0.074178
879900,0.126761,0.074178
880000,0.118310,0.074178
880100,0.117371,0.074178
880200,0.117371,0.074178
880300,0.133333,0.074178
880400,0.122066,0.074178
880500,0.137089,0.074178
880600,0.137089,0.074178
880700,0.133333,0.074178
880800,0.126761,0.074178
880900,0.132394,0.074178
881000,0.137089,0.074178
881100,0.123944,0.074178
881200,0.123944,0.074178
881300,0.118310,0.074178
881400,0.108920,0.074178
881500,0.124883,0.074178
881600,0.142723,0.074178
881700,0.143662,0.074178
881800,0.121127,0.074178
881900,0.102347,0.074178
882000,0.123005,0.074178
882100,0.135211,0.074178
882200,0.130516,0.074178
882300,0.126761,0.074178
882400,0.132394,0.074178
882500,0.109859,0.074178
882600,0.123005,0.074178
882700,0.121127,0.074178
882800,0.124883,0.074178
882900,0.113615,0.074178
883000,0.109859,0.074178
883100,0.118310,0.074178
883200,0.129577,0.074178
883300,0.118310,0.074178
883400,0.123005,0.074178
883500,0.117371,0.074178
883600,0.120188,0.074178
883700,0.132394,0.074178
883800,0.122066,0.074178
883900,0.111737,0.074178
884000,0.123944,0.074178
884100,0.131455,0.074178
884200,0.120188,0.074178
884300,0.131455,0.074178
884400,0.129577,0.074178
884500,0.113615,0.074178
884600,0.121127,0.074178
884700,0.132394,0.074178
884800,0.120188,0.074178
884900,0.117371,0.074178
885000,0.125822,0.074178
885100,0.110798,0.074178
885200,0.112676,0.074178
885300,0.148357,0.074178
885400,0.126761,0.074178
885500,0.135211,0.074178
885600,0.127700,0.074178
885700,0.130516,0.074178
885800,0.125822,0.074178
885900,0.114554,0.074178
886000,0.111737,0.074178
886100,0.143662,0.074178
886200,0.135211,0.074178
886300,0.127700,0.074178
886400,0.129577,0.074178
886500,0.124883,0.074178
886600,0.106103,0.074178
886700,0.115493,0.074178
886800,0.130516,0.074178
886900,0.129577,0.074178
887000,0.111737,0.074178
887100,0.123005,0.074178
887200,0.132394,0.074178
887300,0.121127,0.074178
887400,0.122066,0.074178
887500,0.110798,0.074178
887600,0.114554,0.074178
887700,0.130516,0.074178
887800,0.120188,0.074178
887900,0.103286,0.074178
888000,0.116432,0.074178
888100,0.123005,0.074178
888200,0.130516,0.074178
888300,0.139906,0.074178
888400,0.120188,0.074178
888500,0.129577,0.074178
888600,0.125822,0.074178
888700,0.134272,0.074178
888800,0.116432,0.074178
888900,0.097653,0.074178
889000,0.101408,0.074178
889100,0.113615,0.074178
889200,0.097653,0.074178
889300,0.129577,0.074178
889400,0.109859,0.074178
889500,0.112676,0.074178
889600,0.128638,0.074178
889700,0.116432,0.074178
889800,0.119249,0.074178
889900,0.120188,0.074178
890000,0.113615,0.074178
890100,0.134272,0.074178
890200,0.134272,0.074178
890300,0.124883,0.074178
890400,0.113615,0.074178
890500,0.129577,0.074178
890600,0.123944,0.074178
890700,0.110798,0.074178
890800,0.120188,0.074178
890900,0.145540,0.074178
891000,0.114554,0.074178
891100,0.098592,0.074178
891200,0.116432,0.074178
891300,0.104225,0.074178
891400,0.121127,0.074178
891500,0.120188,0.074178
891600,0.114554,0.074178
891700,0.101408,0.074178
891800,0.113615,0.074178
891900,0.121127,0.074178
892000,0.097653,0.074178
892100,0.117371,0.074178
892200,0.128638,0.074178
892300,0.133333,0.074178
892400,0.133333,0.074178
892500,0.131455,0.074178
892600,0.125822,0.074178
892700,0.115493,0.074178
892800,0.110798,0.074178
892900,0.118310,0.074178
893000,0.119249,0.074178
893100,0.113615,0.074178
893200,0.131455,0.074178
893300,0.123005,0.074178
893400,0.132394,0.074178
893500,0.130516,0.074178
893600,0.136150,0.074178
893700,0.137089,0.074178
893800,0.130516,0.074178
893900,0.130516,0.074178
894000,0.138967,0.074178
894100,0.126761,0.074178
894200,0.118310,0.074178
894300,0.134272,0.074178
894400,0.131455,0.074178
894500,0.133333,0.074178
894600,0.123944,0.074178
894700,0.121127,0.074178
894800,0.128638,0.074178
894900,0.121127,0.074178
895000,0.113615,0.074178
895100,0.126761,0.074178
895200,0.141784,0.074178
895300,0.122066,0.074178
895400,0.116432,0.074178
895500,0.115493,0.074178
895600,0.123944,0.074178
895700,0.122066,0.074178
895800,0.107042,0.074178
895900,0.131455,0.074178
896000,0.118310,0.074178
896100,0.123005,0.074178
896200,0.107981,0.074178
896300,0.136150,0.074178
896400,0.133333,0.074178
896500,0.140845,0.074178
896600,0.122066,0.074178
896700,0.123005,0.074178
896800,0.101408,0.074178
896900,0.129577,0.074178
897000,0.141784,0.074178
897100,0.130516,0.074178
897200,0.118310,0.074178
897300,0.113615,0.074178
897400,0.107042,0.074178
897500,0.107042,0.074178
897600,0.113615,0.074178
897700,0.123944,0.074178
897800,0.124883,0.074178
897900,0.129577,0.074178
898000,0.123005,0.074178
898100,0.130516,0.074178
898200,0.136150,0.074178
898300,0.111737,0.074178
898400,0.099531,0.074178
898500,0.116432,0.074178
898600,0.130516,0.074178
898700,0.117371,0.074178
898800,0.124883,0.074178
898900,0.132394,0.074178
899000,0.125822,0.074178
899100,0.120188,0.074178
899200,0.122066,0.074178
899300,0.104225,0.074178
899400,0.092958,0.074178
899500,0.110798,0.074178
899600,0.123005,0.074178
899700,0.128638,0.074178
899800,0.135211,0.074178
899900,0.124883,0.074178
900000,0.123005,0.074178
900100,0.119249,0.074178
900200,0.122066,0.074178
900300,0.143662,0.074178
900400,0.131455,0.074178
900500,0.129577,0.074178
900600,0.135211,0.074178
900700,0.109859,0.074178
900800,0.136150,0.074178
900900,0.133333,0.074178
901000,0.112676,0.074178
901100,0.116432,0.074178
901200,0.127700,0.074178
901300,0.118310,0.074178
901400,0.117371,0.074178
901500,0.112676,0.074178
901600,0.124883,0.074178
901700,0.125822,0.074178
901800,0.126761,0.074178
901900,0.109859,0.074178
902000,0.123005,0.074178
902100,0.111737,0.074178
902200,0.121127,0.074178
902300,0.115493,0.074178
902400,0.140845,0.074178
902500,0.139906,0.074178
902600,0.118310,0.074178
902700,0.117371,0.074178
902800,0.122066,0.074178
902900,0.128638,0.074178
903000,0.116432,0.074178
903100,0.123005,0.074178
903200,0.142723,0.074178
903300,0.137089,0.074178
903400,0.122066,0.074178
903500,0.151174,0.074178
903600,0.122066,0.074178
903700,0.108920,0.074178
903800,0.149296,0.074178
903900,0.138028,0.074178
904000,0.141784,0.074178
904100,0.132394,0.074178
904200,0.138028,0.074178
904300,0.126761,0.074178
904400,0.126761,0.074178
904500,0.122066,0.074178
904600,0.112676,0.074178
904700,0.121127,0.074178
904800,0.125822,0.074178
904900,0.113615,0.074178
905000,0.118310,0.074178
905100,0.118310,0.074178
905200,0.127700,0.074178
905300,0.120188,0.074178
905400,0.128638,0.074178
905500,0.100469,0.074178
905600,0.112676,0.074178
905700,0.117371,0.074178
905800,0.111737,0.074178
905900,0.109859,0.074178
906000,0.125822,0.074178
906100,0.114554,0.074178
906200,0.135211,0.074178
906300,0.120188,0.074178
906400,0.145540,0.074178
906500,0.141784,0.074178
906600,0.129577,0.074178
906700,0.131455,0.074178
906800,0.134272,0.074178
906900,0.111737,0.074178
907000,0.138967,0.074178
907100,0.119249,0.074178
907200,0.136150,0.074178
907300,0.128638,0.074178
907400,0.124883,0.074178
907500,0.108920,0.074178
907600,0.101408,0.074178
907700,0.092019,0.074178
907800,0.107981,0.074178
907900,0.116432,0.074178
908000,0.128638,0.074178
908100,0.129577,0.074178
908200,0.131455,0.074178
908300,0.130516,0.074178
908400,0.131455,0.074178
908500,0.121127,0.074178
908600,0.129577,0.074178
908700,0.117371,0.074178
908800,0.135211,0.074178
908900,0.135211,0.074178
909000,0.117371,0.074178
909100,0.131455,0.074178
909200,0.132394,0.074178
909300,0.105164,0.074178
909400,0.120188,0.074178
909500,0.138028,0.074178
909600,0.129577,0.074178
909700,0.131455,0.074178
909800,0.122066,0.074178
909900,0.116432,0.074178
910000,0.119249,0.074178
910100,0.116432,0.074178
910200,0.111737,0.074178
910300,0.122066,0.074178
910400,0.112676,0.074178
910500,0.119249,0.074178
910600,0.100469,0.074178
910700,0.105164,0.074178
910800,0.130516,0.074178
910900,0.129577,0.074178
911000,0.110798,0.074178
911100,0.125822,0.074178
911200,0.123944,0.074178
911300,0.115493,0.074178
911400,0.130516,0.074178
911500,0.113615,0.074178
911600,0.104225,0.074178
911700,0.128638,0.074178
911800,0.109859,0.074178
911900,0.123944,0.074178
912000,0.123005,0.074178
912100,0.132394,0.074178
912200,0.122066,0.074178
912300,0.121127,0.074178
912400,0.119249,0.074178
912500,0.102347,0.074178
912600,0.140845,0.074178
912700,0.103286,0.074178
912800,0.105164,0.074178
912900,0.105164,0.074178
913000,0.107042,0.074178
913100,0.118310,0.074178
913200,0.100469,0.074178
913300,0.120188,0.074178
913400,0.105164,0.074178
913500,0.100469,0.074178
913600,0.107981,0.074178
913700,0.124883,0.074178
913800,0.119249,0.074178
913900,0.134272,0.074178
914000,0.141784,0.074178
914100,0.136150,0.074178
914200,0.123944,0.074178
914300,0.138967,0.074178
914400,0.128638,0.074178
914500,0.113615,0.074178
914600,0.110798,0.074178
914700,0.123005,0.074178
914800,0.121127,0.074178
914900,0.121127,0.074178
915000,0.114554,0.074178
915100,0.120188,0.074178
915200,0.124883,0.074178
915300,0.129577,0.074178
915400,0.114554,0.074178
915500,0.117371,0.074178
915600,0.111737,0.074178
915700,0.122066,0.074178
915800,0.122066,0.074178
915900,0.119249,0.074178
916000,0.104225,0.074178
916100,0.118310,0.074178
916200,0.133333,0.074178
916300,0.123944,0.074178
916400,0.114554,0.074178
916500,0.123005,0.074178
916600,0.116432,0.074178
916700,0.128638,0.074178
916800,0.126761,0.074178
916900,0.117371,0.074178
917000,0.110798,0.074178
917100,0.102347,0.074178
917200,0.104225,0.074178
917300,0.107042,0.074178
917400,0.112676,0.074178
917500,0.111737,0.074178
917600,0.115493,0.074178
917700,0.123944,0.074178
917800,0.121127,0.074178
917900,0.120188,0.074178
918000,0.114554,0.074178
918100,0.113615,0.074178
918200,0.135211,0.074178
918300,0.130516,0.074178
918400,0.124883,0.074178
918500,0.115493,0.074178
918600,0.125822,0.074178
918700,0.120188,0.074178
918800,0.121127,0.074178
918900,0.125822,0.074178
919000,0.132394,0.074178
919100,0.107981,0.074178
919200,0.118310,0.074178
919300,0.107042,0.074178
919400,0.120188,0.074178
919500,0.120188,0.074178
919600,0.123944,0.074178
919700,0.127700,0.074178
919800,0.107981,0.074178
919900,0.110798,0.074178
920000,0.115493,0.074178
920100,0.117371,0.074178
920200,0.131455,0.074178
920300,0.134272,0.074178
920400,0.123944,0.074178
920500,0.129577,0.074178
920600,0.135211,0.074178
920700,0.133333,0.074178
920800,0.109859,0.074178
920900,0.136150,0.074178
921000,0.123005,0.074178
921100,0.124883,0.074178
921200,0.123005,0.074178
921300,0.116432,0.074178
921400,0.116432,0.074178
921500,0.128638,0.074178
921600,0.134272,0.074178
921700,0.142723,0.074178
921800,0.124883,0.074178
921900,0.132394,0.074178
922000,0.113615,0.074178
922100,0.123005,0.074178
922200,0.138967,0.074178
922300,0.103286,0.074178
922400,0.120188,0.074178
922500,0.136150,0.074178
922600,0.130516,0.074178
922700,0.138028,0.074178
922800,0.118310,0.074178
922900,0.132394,0.074178
923000,0.136150,0.074178
923100,0.124883,0.074178
923200,0.111737,0.074178
923300,0.104225,0.074178
923400,0.131455,0.074178
923500,0.124883,0.074178
923600,0.134272,0.074178
923700,0.122066,0.074178
923800,0.117371,0.074178
923900,0.122066,0.074178
924000,0.122066,0.074178
924100,0.117371,0.074178
924200,0.110798,0.074178
924300,0.114554,0.074178
924400,0.122066,0.074178
924500,0.137089,0.074178
924600,0.114554,0.074178
924700,0.133333,0.074178
924800,0.134272,0.074178
924900,0.116432,0.074178
925000,0.106103,0.074178
925100,0.106103,0.074178
925200,0.124883,0.074178
925300,0.132394,0.074178
925400,0.136150,0.074178
925500,0.136150,0.074178
925600,0.130516,0.074178
925700,0.123005,0.074178
925800,0.129577,0.074178
925900,0.122066,0.074178
926000,0.124883,0.074178
926100,0.137089,0.074178
926200,0.131455,0.074178
926300,0.108920,0.074178
926400,0.123944,0.074178
926500,0.125822,0.074178
926600,0.114554,0.074178
926700,0.104225,0.074178
926800,0.120188,0.074178
926900,0.123944,0.074178
927000,0.142723,0.074178
927100,0.126761,0.074178
927200,0.123944,0.074178
927300,0.111737,0.074178
927400,0.110798,0.074178
927500,0.142723,0.074178
927600,0.138967,0.074178
927700,0.133333,0.074178
927800,0.121127,0.074178
927900,0.110798,0.074178
928000,0.106103,0.074178
928100,0.123005,0.074178
928200,0.112676,0.074178
928300,0.118310,0.074178
928400,0.126761,0.074178
928500,0.134272,0.074178
928600,0.120188,0.074178
928700,0.126761,0.074178
928800,0.130516,0.074178
928900,0.113615,0.074178
929000,0.122066,0.074178
929100,0.118310,0.074178
929200,0.118310,0.074178
929300,0.125822,0.074178
929400,0.123944,0.074178
929500,0.121127,0.074178
929600,0.139906,0.074178
929700,0.131455,0.074178
929800,0.123944,0.074178
929900,0.133333,0.074178
930000,0.135211,0.074178
930100,0.133333,0.074178
930200,0.138028,0.074178
930300,0.138028,0.074178
930400,0.132394,0.074178
930500,0.127700,0.074178
930600,0.110798,0.074178
930700,0.125822,0.074178
930800,0.127700,0.074178
930900,0.119249,0.074178
931000,0.110798,0.074178
931100,0.126761,0.074178
931200,0.118310,0.074178
931300,0.117371,0.074178
931400,0.132394,0.074178
931500,0.107042,0.074178
931600,0.126761,0.074178
931700,0.124883,0.074178
931800,0.118310,0.074178
931900,0.128638,0.074178
932000,0.127700,0.074178
932100,0.104225,0.074178
932200,0.107981,0.074178
932300,0.101408,0.074178
932400,0.123944,0.074178
932500,0.115493,0.074178
932600,0.114554,0.074178
932700,0.137089,0.074178
932800,0.126761,0.074178
932900,0.121127,0.074178
933000,0.118310,0.074178
933100,0.132394,0.074178
933200,0.129577,0.074178
933300,0.134272,0.074178
933400,0.127700,0.074178
933500,0.126761,0.074178
933600,0.130516,0.074178
933700,0.141784,0.074178
933800,0.138967,0.074178
933900,0.143662,0.074178
934000,0.132394,0.074178
934100,0.118310,0.074178
934200,0.133333,0.074178
934300,0.114554,0.074178
934400,0.111737,0.074178
934500,0.127700,0.074178
934600,0.136150,0.074178
934700,0.144601,0.074178
934800,0.125822,0.074178
934900,0.125822,0.074178
935000,0.123005,0.074178
935100,0.112676,0.074178
935200,0.114554,0.074178
935300,0.109859,0.074178
935400,0.133333,0.074178
935500,0.138028,0.074178
935600,0.125822,0.074178
935700,0.144601,0.074178
935800,0.131455,0.074178
935900,0.113615,0.074178
936000,0.121127,0.074178
936100,0.137089,0.074178
936200,0.138028,0.074178
936300,0.128638,0.074178
936400,0.126761,0.074178
936500,0.123005,0.074178
936600,0.123005,0.074178
936700,0.128638,0.074178
936800,0.146479,0.074178
936900,0.129577,0.074178
937000,0.121127,0.074178
937100,0.123944,0.074178
937200,0.140845,0.074178
937300,0.132394,0.074178
937400,0.146479,0.074178
937500,0.125822,0.074178
937600,0.121127,0.074178
937700,0.139906,0.074178
937800,0.122066,0.074178
937900,0.121127,0.074178
938000,0.116432,0.074178
938100,0.123944,0.074178
938200,0.111737,0.074178
938300,0.110798,0.074178
938400,0.110798,0.074178
938500,0.110798,0.074178
938600,0.109859,0.074178
938700,0.104225,0.074178
938800,0.119249,0.074178
938900,0.124883,0.074178
939000,0.131455,0.074178
939100,0.119249,0.074178
939200,0.117371,0.074178
939300,0.122066,0.074178
939400,0.116432,0.074178
939500,0.113615,0.074178
939600,0.129577,0.074178
939700,0.119249,0.074178
939800,0.129577,0.074178
939900,0.124883,0.074178
940000,0.130516,0.074178
940100,0.115493,0.074178
940200,0.138028,0.074178
940300,0.123005,0.074178
940400,0.127700,0.074178
940500,0.113615,0.074178
940600,0.114554,0.074178
940700,0.114554,0.074178
940800,0.110798,0.074178
940900,0.117371,0.074178
941000,0.123944,0.074178
941100,0.135211,0.074178
941200,0.129577,0.074178
941300,0.121127,0.074178
941400,0.142723,0.074178
941500,0.118310,0.074178
941600,0.126761,0.074178
941700,0.123005,0.074178
941800,0.104225,0.074178
941900,0.105164,0.074178
942000,0.120188,0.074178
942100,0.123005,0.074178
942200,0.119249,0.074178
942300,0.126761,0.074178
942400,0.128638,0.074178
942500,0.130516,0.074178
942600,0.108920,0.074178
942700,0.139906,0.074178
942800,0.126761,0.074178
942900,0.116432,0.074178
943000,0.101408,0.074178
943100,0.132394,0.074178
943200,0.110798,0.074178
943300,0.124883,0.074178
943400,0.139906,0.074178
943500,0.125822,0.074178
943600,0.112676,0.074178
943700,0.104225,0.074178
943800,0.110798,0.074178
943900,0.129577,0.074178
944000,0.130516,0.074178
944100,0.123944,0.074178
944200,0.130516,0.074178
944300,0.118310,0.074178
944400,0.115493,0.074178
944500,0.143662,0.074178
944600,0.123005,0.074178
944700,0.133333,0.074178
944800,0.105164,0.074178
944900,0.142723,0.074178
945000,0.122066,0.074178
945100,0.132394,0.074178
945200,0.116432,0.074178
945300,0.122066,0.074178
945400,0.128638,0.074178
945500,0.129577,0.074178
945600,0.098592,0.074178
945700,0.118310,0.074178
945800,0.123944,0.074178
945900,0.119249,0.074178
946000,0.124883,0.074178
946100,0.118310,0.074178
946200,0.138028,0.074178
946300,0.116432,0.074178
946400,0.104225,0.074178
946500,0.098592,0.074178
946600,0.119249,0.074178
946700,0.132394,0.074178
946800,0.127700,0.074178
946900,0.118310,0.074178
947000,0.101408,0.074178
947100,0.116432,0.074178
947200,0.130516,0.074178
947300,0.123944,0.074178
947400,0.130516,0.074178
947500,0.119249,0.074178
947600,0.136150,0.074178
947700,0.130516,0.074178
947800,0.114554,0.074178
947900,0.123005,0.074178
948000,0.144601,0.074178
948100,0.123005,0.074178
948200,0.121127,0.074178
948300,0.122066,0.074178
948400,0.113615,0.074178
948500,0.129577,0.074178
948600,0.124883,0.074178
948700,0.127700,0.074178
948800,0.130516,0.074178
948900,0.127700,0.074178
949000,0.134272,0.074178
949100,0.139906,0.074178
949200,0.126761,0.074178
949300,0.124883,0.074178
949400,0.140845,0.074178
949500,0.135211,0.074178
949600,0.128638,0.074178
949700,0.134272,0.074178
949800,0.119249,0.074178
949900,0.109859,0.074178
950000,0.123005,0.074178
950100,0.137089,0.074178
950200,0.098592,0.074178
950300,0.105164,0.074178
950400,0.119249,0.074178
950500,0.119249,0.074178
950600,0.109859,0.074178
950700,0.118310,0.074178
950800,0.116432,0.074178
950900,0.119249,0.074178
951000,0.135211,0.074178
951100,0.121127,0.074178
951200,0.108920,0.074178
951300,0.118310,0.074178
951400,0.115493,0.074178
951500,0.120188,0.074178
951600,0.138028,0.074178
951700,0.138028,0.074178
951800,0.143662,0.074178
951900,0.135211,0.074178
952000,0.122066,0.074178
952100,0.125822,0.074178
952200,0.117371,0.074178
952300,0.106103,0.074178
952400,0.122066,0.074178
952500,0.108920,0.074178
952600,0.129577,0.074178
952700,0.132394,0.074178
952800,0.109859,0.074178
952900,0.124883,0.074178
953000,0.136150,0.074178
953100,0.118310,0.074178
953200,0.120188,0.074178
953300,0.117371,0.074178
953400,0.124883,0.074178
953500,0.138967,0.074178
953600,0.144601,0.074178
953700,0.121127,0.074178
953800,0.128638,0.074178
953900,0.127700,0.074178
954000,0.126761,0.074178
954100,0.129577,0.074178
954200,0.139906,0.074178
954300,0.133333,0.074178
954400,0.128638,0.074178
954500,0.127700,0.074178
954600,0.115493,0.074178
954700,0.119249,0.074178
954800,0.116432,0.074178
954900,0.121127,0.074178
955000,0.137089,0.074178
955100,0.114554,0.074178
955200,0.100469,0.074178
955300,0.123944,0.074178
955400,0.114554,0.074178
955500,0.134272,0.074178
955600,0.112676,0.074178
955700,0.122066,0.074178
955800,0.103286,0.074178
955900,0.129577,0.074178
956000,0.125822,0.074178
956100,0.132394,0.074178
956200,0.112676,0.074178
956300,0.142723,0.074178
956400,0.119249,0.074178
956500,0.115493,0.074178
956600,0.138028,0.074178
956700,0.126761,0.074178
956800,0.122066,0.074178
956900,0.108920,0.074178
957000,0.117371,0.074178
957100,0.139906,0.074178
957200,0.133333,0.074178
957300,0.121127,0.074178
957400,0.106103,0.074178
957500,0.128638,0.074178
957600,0.121127,0.074178
957700,0.117371,0.074178
957800,0.116432,0.074178
957900,0.111737,0.074178
958000,0.125822,0.074178
958100,0.134272,0.074178
958200,0.121127,0.074178
958300,0.124883,0.074178
958400,0.114554,0.074178
958500,0.121127,0.074178
958600,0.129577,0.074178
958700,0.120188,0.074178
958800,0.129577,0.074178
958900,0.126761,0.074178
959000,0.103286,0.074178
959100,0.115493,0.074178
959200,0.118310,0.074178
959300,0.109859,0.074178
959400,0.107042,0.074178
959500,0.121127,0.074178
959600,0.107042,0.074178
959700,0.119249,0.074178
959800,0.119249,0.074178
959900,0.110798,0.074178
960000,0.102347,0.074178
960100,0.117371,0.074178
960200,0.131455,0.074178
960300,0.129577,0.074178
960400,0.136150,0.074178
960500,0.130516,0.074178
960600,0.122066,0.074178
960700,0.126761,0.074178
960800,0.124883,0.074178
960900,0.124883,0.074178
961000,0.116432,0.074178
961100,0.128638,0.074178
961200,0.121127,0.074178
961300,0.121127,0.074178
961400,0.116432,0.074178
961500,0.111737,0.074178
961600,0.097653,0.074178
961700,0.119249,0.074178
961800,0.110798,0.074178
961900,0.107981,0.074178
962000,0.129577,0.074178
962100,0.114554,0.074178
962200,0.121127,0.074178
962300,0.129577,0.074178
962400,0.131455,0.074178
962500,0.128638,0.074178
962600,0.106103,0.074178
962700,0.125822,0.074178
962800,0.118310,0.074178
962900,0.106103,0.074178
963000,0.104225,0.074178
963100,0.130516,0.074178
963200,0.119249,0.074178
963300,0.105164,0.074178
963400,0.113615,0.074178
963500,0.134272,0.074178
963600,0.119249,0.074178
963700,0.115493,0.074178
963800,0.136150,0.074178
963900,0.131455,0.074178
964000,0.122066,0.074178
964100,0.124883,0.074178
964200,0.132394,0.074178
964300,0.121127,0.074178
964400,0.118310,0.074178
964500,0.122066,0.074178
964600,0.123005,0.074178
964700,0.130516,0.074178
964800,0.121127,0.074178
964900,0.110798,0.074178
965000,0.120188,0.074178
965100,0.106103,0.074178
965200,0.102347,0.074178
965300,0.113615,0.074178
965400,0.109859,0.074178
965500,0.142723,0.074178
965600,0.129577,0.074178
965700,0.107981,0.074178
965800,0.107042,0.074178
965900,0.133333,0.074178
966000,0.121127,0.074178
966100,0.118310,0.074178
966200,0.142723,0.074178
966300,0.119249,0.074178
966400,0.117371,0.074178
966500,0.126761,0.074178
966600,0.123944,0.074178
966700,0.134272,0.074178
966800,0.132394,0.074178
966900,0.118310,0.074178
967000,0.131455,0.074178
967100,0.132394,0.074178
967200,0.106103,0.074178
967300,0.123944,0.074178
967400,0.115493,0.074178
967500,0.108920,0.074178
967600,0.137089,0.074178
967700,0.123944,0.074178
967800,0.128638,0.074178
967900,0.126761,0.074178
968000,0.118310,0.074178
968100,0.108920,0.074178
968200,0.102347,0.074178
968300,0.124883,0.074178
968400,0.121127,0.074178
968500,0.121127,0.074178
968600,0.127700,0.074178
968700,0.116432,0.074178
968800,0.105164,0.074178
968900,0.116432,0.074178
969000,0.124883,0.074178
969100,0.107981,0.074178
969200,0.113615,0.074178
969300,0.119249,0.074178
969400,0.122066,0.074178
969500,0.123005,0.074178
969600,0.106103,0.074178
969700,0.115493,0.074178
969800,0.124883,0.074178
969900,0.131455,0.074178
970000,0.135211,0.074178
970100,0.121127,0.074178
970200,0.103286,0.074178
970300,0.110798,0.074178
970400,0.142723,0.074178
970500,0.131455,0.074178
970600,0.124883,0.074178
970700,0.125822,0.074178
970800,0.110798,0.074178
970900,0.119249,0.074178
971000,0.115493,0.074178
971100,0.115493,0.074178
971200,0.119249,0.074178
971300,0.130516,0.074178
971400,0.119249,0.074178
971500,0.130516,0.074178
971600,0.126761,0.074178
971700,0.132394,0.074178
971800,0.119249,0.074178
971900,0.106103,0.074178
972000,0.118310,0.074178
972100,0.098592,0.074178
972200,0.118310,0.074178
972300,0.113615,0.074178
972400,0.132394,0.074178
972500,0.111737,0.074178
972600,0.119249,0.074178
972700,0.113615,0.074178
972800,0.116432,0.074178
972900,0.109859,0.074178
973000,0.127700,0.074178
973100,0.123005,0.074178
973200,0.110798,0.074178
973300,0.123944,0.074178
973400,0.112676,0.074178
973500,0.114554,0.074178
973600,0.121127,0.074178
973700,0.116432,0.074178
973800,0.128638,0.074178
973900,0.121127,0.074178
974000,0.121127,0.074178
974100,0.132394,0.074178
974200,0.124883,0.074178
974300,0.126761,0.074178
974400,0.136150,0.074178
974500,0.128638,0.074178
974600,0.123005,0.074178
974700,0.123005,0.074178
974800,0.106103,0.074178
974900,0.123005,0.074178
975000,0.129577,0.074178
975100,0.119249,0.074178
975200,0.119249,0.074178
975300,0.116432,0.074178
975400,0.104225,0.074178
975500,0.104225,0.074178
975600,0.103286,0.074178
975700,0.123944,0.074178
975800,0.123944,0.074178
975900,0.107981,0.074178
976000,0.106103,0.074178
976100,0.131455,0.074178
976200,0.142723,0.074178
976300,0.123944,0.074178
976400,0.123005,0.074178
976500,0.123944,0.074178
976600,0.107981,0.074178
976700,0.113615,0.074178
976800,0.107981,0.074178
976900,0.128638,0.074178
977000,0.127700,0.074178
977100,0.125822,0.074178
977200,0.118310,0.074178
977300,0.110798,0.074178
977400,0.129577,0.074178
977500,0.114554,0.074178
977600,0.107981,0.074178
977700,0.113615,0.074178
977800,0.115493,0.074178
977900,0.120188,0.074178
978000,0.121127,0.074178
978100,0.131455,0.074178
978200,0.116432,0.074178
978300,0.121127,0.074178
978400,0.117371,0.074178
978500,0.117371,0.074178
978600,0.140845,0.074178
978700,0.128638,0.074178
978800,0.133333,0.074178
978900,0.129577,0.074178
979000,0.118310,0.074178
979100,0.119249,0.074178
979200,0.142723,0.074178
979300,0.134272,0.074178
979400,0.134272,0.074178
979500,0.117371,0.074178
979600,0.113615,0.074178
979700,0.125822,0.074178
979800,0.125822,0.074178
979900,0.127700,0.074178
980000,0.121127,0.074178
980100,0.135211,0.074178
980200,0.109859,0.074178
980300,0.109859,0.074178
980400,0.127700,0.074178
980500,0.116432,0.074178
980600,0.119249,0.074178
980700,0.120188,0.074178
980800,0.120188,0.074178
980900,0.110798,0.074178
981000,0.123944,0.074178
981100,0.119249,0.074178
981200,0.132394,0.074178
981300,0.130516,0.074178
981400,0.122066,0.074178
981500,0.106103,0.074178
981600,0.107042,0.074178
981700,0.122066,0.074178
981800,0.141784,0.074178
981900,0.138028,0.074178
982000,0.140845,0.074178
982100,0.126761,0.074178
982200,0.131455,0.074178
982300,0.130516,0.074178
982400,0.118310,0.074178
982500,0.113615,0.074178
982600,0.109859,0.074178
982700,0.112676,0.074178
982800,0.113615,0.074178
982900,0.113615,0.074178
983000,0.117371,0.074178
983100,0.134272,0.074178
983200,0.117371,0.074178
983300,0.128638,0.074178
983400,0.126761,0.074178
983500,0.123944,0.074178
983600,0.122066,0.074178
983700,0.120188,0.074178
983800,0.102347,0.074178
983900,0.123005,0.074178
984000,0.107042,0.074178
984100,0.106103,0.074178
984200,0.111737,0.074178
984300,0.128638,0.074178
984400,0.137089,0.074178
984500,0.124883,0.074178
984600,0.121127,0.074178
984700,0.122066,0.074178
984800,0.114554,0.074178
984900,0.123944,0.074178
985000,0.125822,0.074178
985100,0.138967,0.074178
985200,0.131455,0.074178
985300,0.127700,0.074178
985400,0.126761,0.074178
985500,0.112676,0.074178
985600,0.118310,0.074178
985700,0.128638,0.074178
985800,0.123944,0.074178
985900,0.138967,0.074178
986000,0.140845,0.074178
986100,0.119249,0.074178
986200,0.122066,0.074178
986300,0.124883,0.074178
986400,0.128638,0.074178
986500,0.124883,0.074178
986600,0.121127,0.074178
986700,0.120188,0.074178
986800,0.138028,0.074178
986900,0.113615,0.074178
987000,0.120188,0.074178
987100,0.129577,0.074178
987200,0.114554,0.074178
987300,0.139906,0.074178
987400,0.105164,0.074178
987500,0.111737,0.074178
987600,0.100469,0.074178
987700,0.106103,0.074178
987800,0.124883,0.074178
987900,0.127700,0.074178
988000,0.135211,0.074178
988100,0.123944,0.074178
988200,0.122066,0.074178
988300,0.135211,0.074178
988400,0.129577,0.074178
988500,0.141784,0.074178
988600,0.113615,0.074178
988700,0.109859,0.074178
988800,0.133333,0.074178
988900,0.126761,0.074178
989000,0.130516,0.074178
989100,0.141784,0.074178
989200,0.120188,0.074178
989300,0.112676,0.074178
989400,0.107042,0.074178
989500,0.123005,0.074178
989600,0.143662,0.074178
989700,0.118310,0.074178
989800,0.132394,0.074178
989900,0.122066,0.074178
990000,0.122066,0.074178
990100,0.102347,0.074178
990200,0.114554,0.074178
990300,0.118310,0.074178
990400,0.099531,0.074178
990500,0.127700,0.074178
990600,0.131455,0.074178
990700,0.121127,0.074178
990800,0.117371,0.074178
990900,0.137089,0.074178
991000,0.128638,0.074178
991100,0.131455,0.074178
991200,0.129577,0.074178
991300,0.138967,0.074178
991400,0.124883,0.074178
991500,0.121127,0.074178
991600,0.114554,0.074178
991700,0.123944,0.074178
991800,0.123944,0.074178
991900,0.123005,0.074178
992000,0.134272,0.074178
992100,0.138028,0.074178
992200,0.124883,0.074178
992300,0.111737,0.074178
992400,0.126761,0.074178
992500,0.111737,0.074178
992600,0.119249,0.074178
992700,0.131455,0.074178
992800,0.128638,0.074178
992900,0.118310,0.074178
993000,0.132394,0.074178
993100,0.133333,0.074178
993200,0.106103,0.074178
993300,0.105164,0.074178
993400,0.127700,0.074178
993500,0.126761,0.074178
993600,0.123005,0.074178
993700,0.122066,0.074178
993800,0.117371,0.074178
993900,0.125822,0.074178
994000,0.130516,0.074178
994100,0.126761,0.074178
994200,0.125822,0.074178
994300,0.115493,0.074178
994400,0.123005,0.074178
994500,0.116432,0.074178
994600,0.117371,0.074178
994700,0.113615,0.074178
994800,0.112676,0.074178
994900,0.106103,0.074178
995000,0.115493,0.074178
995100,0.129577,0.074178
995200,0.142723,0.074178
995300,0.118310,0.074178
995400,0.116432,0.074178
995500,0.122066,0.074178
995600,0.134272,0.074178
995700,0.125822,0.074178
995800,0.123944,0.074178
995900,0.122066,0.074178
996000,0.127700,0.074178
996100,0.124883,0.074178
996200,0.107981,0.074178
996300,0.114554,0.074178
996400,0.136150,0.074178
996500,0.123005,0.074178
996600,0.122066,0.074178
996700,0.119249,0.074178
996800,0.115493,0.074178
996900,0.113615,0.074178
997000,0.109859,0.074178
997100,0.116432,0.074178
997200,0.115493,0.074178
997300,0.106103,0.074178
997400,0.119249,0.074178
997500,0.109859,0.074178
997600,0.114554,0.074178
997700,0.126761,0.074178
997800,0.124883,0.074178
997900,0.123005,0.074178
998000,0.124883,0.074178
998100,0.127700,0.074178
998200,0.113615,0.074178
998300,0.128638,0.074178
998400,0.126761,0.074178
998500,0.135211,0.074178
998600,0.119249,0.074178
998700,0.133333,0.074178
998800,0.117371,0.074178
998900,0.113615,0.074178
999000,0.108920,0.074178
999100,0.121127,0.074178
999200,0.104225,0.074178
999300,0.127700,0.074178
999400,0.124883,0.074178
999500,0.133333,0.074178
999600,0.121127,0.074178
999700,0.111737,0.074178
999800,0.123944,0.074178
999900,0.116432,0.074178
1000000,0.113615,0.074178
1000100,0.123005,0.074178
1000200,0.118310,0.074178
1000300,0.123944,0.074178
1000400,0.131455,0.074178
1000500,0.107042,0.074178
1000600,0.095775,0.074178
1000700,0.123944,0.074178
1000800,0.130516,0.074178
1000900,0.151174,0.074178
1001000,0.161502,0.074178
1001100,0.135211,0.074178
1001200,0.123005,0.074178
1001300,0.127700,0.074178
1001400,0.110798,0.074178
1001500,0.112676,0.074178
1001600,0.107042,0.074178
1001700,0.117371,0.074178
1001800,0.125822,0.074178
1001900,0.131455,0.074178
1002000,0.131455,0.074178
1002100,0.123005,0.074178
1002200,0.119249,0.074178
1002300,0.135211,0.074178
1002400,0.129577,0.074178
1002500,0.141784,0.074178
1002600,0.115493,0.074178
1002700,0.123944,0.074178
1002800,0.118310,0.074178
1002900,0.113615,0.074178
1003000,0.132394,0.074178
1003100,0.124883,0.074178
1003200,0.108920,0.074178
1003300,0.117371,0.074178
1003400,0.104225,0.074178
1003500,0.097653,0.074178
1003600,0.117371,0.074178
1003700,0.116432,0.074178
1003800,0.113615,0.074178
1003900,0.132394,0.074178
1004000,0.129577,0.074178
1004100,0.118310,0.074178
1004200,0.135211,0.074178
1004300,0.131455,0.074178
1004400,0.109859,0.074178
1004500,0.140845,0.074178
1004600,0.132394,0.074178
1004700,0.138028,0.074178
1004800,0.133333,0.074178
1004900,0.118310,0.074178
1005000,0.122066,0.074178
1005100,0.123944,0.074178
1005200,0.121127,0.074178
1005300,0.122066,0.074178
1005400,0.125822,0.074178
1005500,0.125822,0.074178
1005600,0.138028,0.074178
1005700,0.134272,0.074178
1005800,0.123944,0.074178
1005900,0.117371,0.074178
1006000,0.118310,0.074178
1006100,0.110798,0.074178
1006200,0.118310,0.074178
1006300,0.124883,0.074178
1006400,0.138967,0.074178
1006500,0.127700,0.074178
1006600,0.124883,0.074178
1006700,0.115493,0.074178
1006800,0.121127,0.074178
1006900,0.114554,0.074178
1007000,0.114554,0.074178
1007100,0.111737,0.074178
1007200,0.126761,0.074178
1007300,0.138028,0.074178
1007400,0.111737,0.074178
1007500,0.114554,0.074178
1007600,0.125822,0.074178
1007700,0.107981,0.074178
1007800,0.132394,0.074178
1007900,0.130516,0.074178
1008000,0.123005,0.074178
1008100,0.107981,0.074178
1008200,0.106103,0.074178
1008300,0.121127,0.074178
1008400,0.124883,0.074178
1008500,0.121127,0.074178
1008600,0.111737,0.074178
1008700,0.123005,0.074178
1008800,0.124883,0.074178
1008900,0.107042,0.074178
1009000,0.104225,0.074178
1009100,0.118310,0.074178
1009200,0.128638,0.074178
1009300,0.138967,0.074178
1009400,0.138028,0.074178
1009500,0.119249,0.074178
1009600,0.123005,0.074178
1009700,0.101408,0.074178
1009800,0.134272,0.074178
1009900,0.131455,0.074178
1010000,0.121127,0.074178
1010100,0.120188,0.074178
1010200,0.129577,0.074178
1010300,0.140845,0.074178
1010400,0.131455,0.074178
1010500,0.137089,0.074178
1010600,0.111737,0.074178
1010700,0.120188,0.074178
1010800,0.112676,0.074178
1010900,0.111737,0.074178
1011000,0.123005,0.074178
1011100,0.124883,0.074178
1011200,0.141784,0.074178
1011300,0.144601,0.074178
1011400,0.121127,0.074178
1011500,0.119249,0.074178
1011600,0.122066,0.074178
1011700,0.111737,0.074178
1011800,0.120188,0.074178
1011900,0.123005,0.074178
1012000,0.130516,0.074178
1012100,0.123944,0.074178
1012200,0.113615,0.074178
1012300,0.122066,0.074178
1012400,0.117371,0.074178
1012500,0.133333,0.074178
1012600,0.128638,0.074178
1012700,0.132394,0.074178
1012800,0.134272,0.074178
1012900,0.137089,0.074178
1013000,0.105164,0.074178
1013100,0.127700,0.074178
1013200,0.121127,0.074178
1013300,0.123944,0.074178
1013400,0.128638,0.074178
1013500,0.123005,0.074178
1013600,0.119249,0.074178
1013700,0.139906,0.074178
1013800,0.143662,0.074178
1013900,0.148357,0.074178
1014000,0.113615,0.074178
1014100,0.124883,0.074178
1014200,0.122066,0.074178
1014300,0.138028,0.074178
1014400,0.137089,0.074178
1014500,0.125822,0.074178
1014600,0.120188,0.074178
1014700,0.112676,0.074178
1014800,0.122066,0.074178
1014900,0.140845,0.074178
1015000,0.127700,0.074178
1015100,0.129577,0.074178
1015200,0.121127,0.074178
1015300,0.118310,0.074178
1015400,0.132394,0.074178
1015500,0.126761,0.074178
1015600,0.128638,0.074178
1015700,0.129577,0.074178
1015800,0.124883,0.074178
1015900,0.123005,0.074178
1016000,0.120188,0.074178
1016100,0.122066,0.074178
1016200,0.115493,0.074178
1016300,0.121127,0.074178
1016400,0.116432,0.074178
1016500,0.122066,0.074178
1016600,0.122066,0.074178
1016700,0.126761,0.074178
1016800,0.115493,0.074178
1016900,0.099531,0.074178
1017000,0.109859,0.074178
1017100,0.105164,0.074178
1017200,0.118310,0.074178
1017300,0.126761,0.074178
1017400,0.098592,0.074178
1017500,0.109859,0.074178
1017600,0.121127,0.074178
1017700,0.125822,0.074178
1017800,0.124883,0.074178
1017900,0.137089,0.074178
1018000,0.121127,0.074178
1018100,0.119249,0.074178
1018200,0.107042,0.074178
1018300,0.114554,0.074178
1018400,0.105164,0.074178
1018500,0.121127,0.074178
1018600,0.125822,0.074178
1018700,0.116432,0.074178
1018800,0.124883,0.074178
1018900,0.134272,0.074178
1019000,0.124883,0.074178
1019100,0.130516,0.074178
1019200,0.112676,0.074178
1019300,0.115493,0.074178
1019400,0.129577,0.074178
1019500,0.116432,0.074178
1019600,0.129577,0.074178
1019700,0.121127,0.074178
1019800,0.128638,0.074178
1019900,0.104225,0.074178
1020000,0.123005,0.074178
1020100,0.129577,0.074178
1020200,0.113615,0.074178
1020300,0.112676,0.074178
1020400,0.116432,0.074178
1020500,0.114554,0.074178
1020600,0.109859,0.074178
1020700,0.121127,0.074178
1020800,0.132394,0.074178
1020900,0.130516,0.074178
1021000,0.127700,0.074178
1021100,0.111737,0.074178
1021200,0.129577,0.074178
1021300,0.113615,0.074178
1021400,0.128638,0.074178
1021500,0.129577,0.074178
1021600,0.131455,0.074178
1021700,0.138028,0.074178
1021800,0.133333,0.074178
1021900,0.123005,0.074178
1022000,0.123944,0.074178
1022100,0.123944,0.074178
1022200,0.104225,0.074178
1022300,0.112676,0.074178
1022400,0.116432,0.074178
1022500,0.116432,0.074178
1022600,0.115493,0.074178
1022700,0.133333,0.074178
1022800,0.122066,0.074178
1022900,0.118310,0.074178
1023000,0.128638,0.074178
1023100,0.128638,0.074178
1023200,0.110798,0.074178
1023300,0.093897,0.074178
1023400,0.112676,0.074178
1023500,0.136150,0.074178
1023600,0.123005,0.074178
1023700,0.146479,0.074178
1023800,0.119249,0.074178
1023900,0.115493,0.074178
1024000,0.137089,0.074178
1024100,0.109859,0.074178
1024200,0.122066,0.074178
1024300,0.133333,0.074178
1024400,0.123944,0.074178
1024500,0.132394,0.074178
1024600,0.122066,0.074178
1024700,0.136150,0.074178
1024800,0.132394,0.074178
1024900,0.128638,0.074178
1025000,0.121127,0.074178
1025100,0.123005,0.074178
1025200,0.147418,0.074178
1025300,0.121127,0.074178
1025400,0.127700,0.074178
1025500,0.118310,0.074178
1025600,0.101408,0.074178
1025700,0.122066,0.074178
1025800,0.140845,0.074178
1025900,0.126761,0.074178
1026000,0.123944,0.074178
1026100,0.124883,0.074178
1026200,0.124883,0.074178
1026300,0.108920,0.074178
1026400,0.119249,0.074178
1026500,0.120188,0.074178
1026600,0.101408,0.074178
1026700,0.108920,0.074178
1026800,0.134272,0.074178
1026900,0.141784,0.074178
1027000,0.136150,0.074178
1027100,0.123944,0.074178
1027200,0.126761,0.074178
1027300,0.127700,0.074178
1027400,0.122066,0.074178
1027500,0.108920,0.074178
1027600,0.133333,0.074178
1027700,0.122066,0.074178
1027800,0.125822,0.074178
1027900,0.111737,0.074178
1028000,0.109859,0.074178
1028100,0.106103,0.074178
1028200,0.117371,0.074178
1028300,0.144601,0.074178
1028400,0.128638,0.074178
1028500,0.111737,0.074178
1028600,0.125822,0.074178
1028700,0.109859,0.074178
1028800,0.115493,0.074178
1028900,0.119249,0.074178
1029000,0.122066,0.074178
1029100,0.121127,0.074178
1029200,0.121127,0.074178
1029300,0.107042,0.074178
1029400,0.125822,0.074178
1029500,0.124883,0.074178
1029600,0.129577,0.074178
1029700,0.135211,0.074178
1029800,0.120188,0.074178
1029900,0.116432,0.074178
1030000,0.108920,0.074178
1030100,0.115493,0.074178
1030200,0.117371,0.074178
1030300,0.104225,0.074178
1030400,0.105164,0.074178
1030500,0.115493,0.074178
1030600,0.126761,0.074178
1030700,0.131455,0.074178
1030800,0.124883,0.074178
1030900,0.110798,0.074178
1031000,0.122066,0.074178
1031100,0.110798,0.074178
1031200,0.138028,0.074178
1031300,0.126761,0.074178
1031400,0.123944,0.074178
1031500,0.127700,0.074178
1031600,0.131455,0.074178
1031700,0.122066,0.074178
1031800,0.122066,0.074178
1031900,0.122066,0.074178
1032000,0.122066,0.074178
1032100,0.133333,0.074178
1032200,0.115493,0.074178
1032300,0.121127,0.074178
1032400,0.121127,0.074178
1032500,0.126761,0.074178
1032600,0.121127,0.074178
1032700,0.108920,0.074178
1032800,0.134272,0.074178
1032900,0.121127,0.074178
1033000,0.108920,0.074178
1033100,0.115493,0.074178
1033200,0.109859,0.074178
1033300,0.129577,0.074178
1033400,0.143662,0.074178
1033500,0.116432,0.074178
1033600,0.126761,0.074178
1033700,0.129577,0.074178
1033800,0.137089,0.074178
1033900,0.135211,0.074178
1034000,0.128638,0.074178
1034100,0.126761,0.074178
1034200,0.135211,0.074178
1034300,0.113615,0.074178
1034400,0.107042,0.074178
1034500,0.134272,0.074178
1034600,0.124883,0.074178
1034700,0.124883,0.074178
1034800,0.100469,0.074178
1034900,0.125822,0.074178
1035000,0.120188,0.074178
1035100,0.104225,0.074178
1035200,0.115493,0.074178
1035300,0.123005,0.074178
1035400,0.117371,0.074178
1035500,0.106103,0.074178
1035600,0.101408,0.074178
1035700,0.116432,0.074178
1035800,0.130516,0.074178
1035900,0.107981,0.074178
1036000,0.120188,0.074178
1036100,0.122066,0.074178
1036200,0.105164,0.074178
1036300,0.107042,0.074178
1036400,0.109859,0.074178
1036500,0.108920,0.074178
1036600,0.119249,0.074178
1036700,0.125822,0.074178
1036800,0.124883,0.074178
1036900,0.129577,0.074178
1037000,0.118310,0.074178
1037100,0.128638,0.074178
1037200,0.105164,0.074178
1037300,0.133333,0.074178
1037400,0.123944,0.074178
1037500,0.128638,0.074178
1037600,0.112676,0.074178
1037700,0.123005,0.074178
1037800,0.125822,0.074178
1037900,0.125822,0.074178
1038000,0.132394,0.074178
1038100,0.144601,0.074178
1038200,0.125822,0.074178
1038300,0.121127,0.074178
1038400,0.121127,0.074178
1038500,0.114554,0.074178
1038600,0.101408,0.074178
1038700,0.118310,0.074178
1038800,0.118310,0.074178
1038900,0.117371,0.074178
1039000,0.107981,0.074178
1039100,0.113615,0.074178
1039200,0.125822,0.074178
1039300,0.126761,0.074178
1039400,0.103286,0.074178
1039500,0.119249,0.074178
1039600,0.112676,0.074178
1039700,0.113615,0.074178
1039800,0.114554,0.074178
1039900,0.117371,0.074178
1040000,0.124883,0.074178
1040100,0.126761,0.074178
1040200,0.114554,0.074178
1040300,0.124883,0.074178
1040400,0.113615,0.074178
1040500,0.121127,0.074178
1040600,0.101408,0.074178
1040700,0.100469,0.074178
1040800,0.095775,0.074178
1040900,0.121127,0.074178
1041000,0.125822,0.074178
1041100,0.118310,0.074178
1041200,0.123944,0.074178
1041300,0.112676,0.074178
1041400,0.115493,0.074178
1041500,0.116432,0.074178
1041600,0.122066,0.074178
1041700,0.135211,0.074178
1041800,0.125822,0.074178
1041900,0.143662,0.074178
1042000,0.140845,0.074178
1042100,0.126761,0.074178
1042200,0.114554,0.074178
1042300,0.107042,0.074178
1042400,0.116432,0.074178
1042500,0.125822,0.074178
1042600,0.131455,0.074178
1042700,0.125822,0.074178
1042800,0.121127,0.074178
1042900,0.110798,0.074178
1043000,0.121127,0.074178
1043100,0.124883,0.074178
1043200,0.117371,0.074178
1043300,0.125822,0.074178
1043400,0.119249,0.074178
1043500,0.134272,0.074178
1043600,0.123944,0.074178
1043700,0.116432,0.074178
1043800,0.111737,0.074178
1043900,0.107981,0.074178
1044000,0.096714,0.074178
1044100,0.124883,0.074178
1044200,0.116432,0.074178
1044300,0.123944,0.074178
1044400,0.112676,0.074178
1044500,0.127700,0.074178
1044600,0.132394,0.074178
1044700,0.123005,0.074178
1044800,0.118310,0.074178
1044900,0.131455,0.074178
1045000,0.119249,0.074178
1045100,0.128638,0.074178
1045200,0.138028,0.074178
1045300,0.123005,0.074178
1045400,0.118310,0.074178
1045500,0.132394,0.074178
1045600,0.116432,0.074178
1045700,0.124883,0.074178
1045800,0.126761,0.074178
1045900,0.125822,0.074178
1046000,0.108920,0.074178
1046100,0.117371,0.074178
1046200,0.144601,0.074178
1046300,0.138028,0.074178
1046400,0.114554,0.074178
1046500,0.118310,0.074178
1046600,0.122066,0.074178
1046700,0.113615,0.074178
1046800,0.118310,0.074178
1046900,0.167136,0.074178
1047000,0.127700,0.074178
1047100,0.123005,0.074178
1047200,0.135211,0.074178
1047300,0.103286,0.074178
1047400,0.120188,0.074178
1047500,0.122066,0.074178
1047600,0.112676,0.074178
1047700,0.118310,0.074178
1047800,0.123005,0.074178
1047900,0.145540,0.074178
1048000,0.134272,0.074178
1048100,0.116432,0.074178
1048200,0.118310,0.074178
1048300,0.135211,0.074178
1048400,0.124883,0.074178
1048500,0.121127,0.074178
1048600,0.113615,0.074178
1048700,0.104225,0.074178
1048800,0.130516,0.074178
1048900,0.115493,0.074178
1049000,0.117371,0.074178
1049100,0.110798,0.074178
1049200,0.121127,0.074178
1049300,0.119249,0.074178
1049400,0.100469,0.074178
1049500,0.127700,0.074178
1049600,0.112676,0.074178
1049700,0.119249,0.074178
1049800,0.115493,0.074178
1049900,0.126761,0.074178
1050000,0.112676,0.074178
1050100,0.101408,0.074178
1050200,0.105164,0.074178
1050300,0.097653,0.074178
1050400,0.106103,0.074178
1050500,0.111737,0.074178
1050600,0.127700,0.074178
1050700,0.116432,0.074178
1050800,0.142723,0.074178
1050900,0.127700,0.074178
1051000,0.121127,0.074178
1051100,0.108920,0.074178
1051200,0.115493,0.074178
1051300,0.144601,0.074178
1051400,0.124883,0.074178
1051500,0.125822,0.074178
1051600,0.122066,0.074178
1051700,0.131455,0.074178
1051800,0.126761,0.074178
1051900,0.125822,0.074178
1052000,0.126761,0.074178
1052100,0.125822,0.074178
1052200,0.123944,0.074178
1052300,0.132394,0.074178
1052400,0.123944,0.074178
1052500,0.119249,0.074178
1052600,0.123944,0.074178
1052700,0.121127,0.074178
1052800,0.116432,0.074178
1052900,0.123005,0.074178
1053000,0.116432,0.074178
1053100,0.121127,0.074178
1053200,0.129577,0.074178
1053300,0.121127,0.074178
1053400,0.132394,0.074178
1053500,0.127700,0.074178
1053600,0.126761,0.074178
1053700,0.121127,0.074178
1053800,0.113615,0.074178
1053900,0.113615,0.074178
1054000,0.102347,0.074178
1054100,0.114554,0.074178
1054200,0.104225,0.074178
1054300,0.109859,0.074178
1054400,0.121127,0.074178
1054500,0.107042,0.074178
1054600,0.103286,0.074178
1054700,0.135211,0.074178
1054800,0.119249,0.074178
1054900,0.117371,0.074178
1055000,0.123005,0.074178
1055100,0.102347,0.074178
1055200,0.136150,0.074178
1055300,0.124883,0.074178
1055400,0.119249,0.074178
1055500,0.115493,0.074178
1055600,0.107042,0.074178
1055700,0.131455,0.074178
1055800,0.129577,0.074178
1055900,0.129577,0.074178
1056000,0.133333,0.074178
1056100,0.127700,0.074178
1056200,0.132394,0.074178
1056300,0.116432,0.074178
1056400,0.130516,0.074178
1056500,0.123005,0.074178
1056600,0.111737,0.074178
1056700,0.126761,0.074178
1056800,0.116432,0.074178
1056900,0.115493,0.074178
1057000,0.127700,0.074178
1057100,0.133333,0.074178
1057200,0.120188,0.074178
1057300,0.119249,0.074178
1057400,0.124883,0.074178
1057500,0.111737,0.074178
1057600,0.119249,0.074178
1057700,0.120188,0.074178
1057800,0.119249,0.074178
1057900,0.112676,0.074178
1058000,0.109859,0.074178
1058100,0.121127,0.074178
1058200,0.112676,0.074178
1058300,0.118310,0.074178
1058400,0.113615,0.074178
1058500,0.131455,0.074178
1058600,0.119249,0.074178
1058700,0.125822,0.074178
1058800,0.114554,0.074178
1058900,0.120188,0.074178
1059000,0.140845,0.074178
1059100,0.122066,0.074178
1059200,0.104225,0.074178
1059300,0.122066,0.074178
1059400,0.129577,0.074178
1059500,0.132394,0.074178
1059600,0.128638,0.074178
1059700,0.124883,0.074178
1059800,0.134272,0.074178
1059900,0.106103,0.074178
1060000,0.113615,0.074178
1060100,0.120188,0.074178
1060200,0.123944,0.074178
1060300,0.117371,0.074178
1060400,0.134272,0.074178
1060500,0.122066,0.074178
1060600,0.126761,0.074178
1060700,0.129577,0.074178
1060800,0.137089,0.074178
1060900,0.144601,0.074178
1061000,0.152113,0.074178
1061100,0.122066,0.074178
1061200,0.118310,0.074178
1061300,0.128638,0.074178
1061400,0.143662,0.074178
1061500,0.129577,0.074178
1061600,0.123944,0.074178
1061700,0.135211,0.074178
1061800,0.128638,0.074178
1061900,0.134272,0.074178
1062000,0.101408,0.074178
1062100,0.117371,0.074178
1062200,0.125822,0.074178
1062300,0.116432,0.074178
1062400,0.120188,0.074178
1062500,0.123005,0.074178
1062600,0.123005,0.074178
1062700,0.122066,0.074178
1062800,0.105164,0.074178
1062900,0.120188,0.074178
1063000,0.117371,0.074178
1063100,0.127700,0.074178
1063200,0.138028,0.074178
1063300,0.132394,0.074178
1063400,0.115493,0.074178
1063500,0.122066,0.074178
1063600,0.112676,0.074178
1063700,0.148357,0.074178
1063800,0.129577,0.074178
1063900,0.128638,0.074178
1064000,0.111737,0.074178
1064100,0.117371,0.074178
1064200,0.119249,0.074178
1064300,0.115493,0.074178
1064400,0.114554,0.074178
1064500,0.123944,0.074178
1064600,0.130516,0.074178
1064700,0.104225,0.074178
1064800,0.102347,0.074178
1064900,0.107042,0.074178
1065000,0.135211,0.074178
1065100,0.114554,0.074178
1065200,0.119249,0.074178
1065300,0.124883,0.074178
1065400,0.124883,0.074178
1065500,0.138028,0.074178
1065600,0.132394,0.074178
1065700,0.129577,0.074178
1065800,0.123944,0.074178
1065900,0.116432,0.074178
1066000,0.119249,0.074178
1066100,0.097653,0.074178
1066200,0.115493,0.074178
1066300,0.111737,0.074178
1066400,0.149296,0.074178
1066500,0.123005,0.074178
1066600,0.111737,0.074178
1066700,0.133333,0.074178
1066800,0.119249,0.074178
1066900,0.147418,0.074178
1067000,0.127700,0.074178
1067100,0.132394,0.074178
1067200,0.134272,0.074178
1067300,0.116432,0.074178
1067400,0.118310,0.074178
1067500,0.133333,0.074178
1067600,0.124883,0.074178
1067700,0.133333,0.074178
1067800,0.117371,0.074178
1067900,0.128638,0.074178
1068000,0.130516,0.074178
1068100,0.126761,0.074178
1068200,0.120188,0.074178
1068300,0.142723,0.074178
1068400,0.137089,0.074178
1068500,0.132394,0.074178
1068600,0.138028,0.074178
1068700,0.129577,0.074178
1068800,0.110798,0.074178
1068900,0.116432,0.074178
1069000,0.118310,0.074178
1069100,0.127700,0.074178
1069200,0.108920,0.074178
1069300,0.110798,0.074178
1069400,0.115493,0.074178
1069500,0.117371,0.074178
1069600,0.123944,0.074178
1069700,0.126761,0.074178
1069800,0.130516,0.074178
1069900,0.113615,0.074178
1070000,0.119249,0.074178
1070100,0.119249,0.074178
1070200,0.142723,0.074178
1070300,0.130516,0.074178
1070400,0.126761,0.074178
1070500,0.108920,0.074178
1070600,0.124883,0.074178
1070700,0.143662,0.074178
1070800,0.118310,0.074178
1070900,0.122066,0.074178
1071000,0.111737,0.074178
1071100,0.104225,0.074178
1071200,0.123944,0.074178
1071300,0.112676,0.074178
1071400,0.143662,0.074178
1071500,0.112676,0.074178
1071600,0.136150,0.074178
1071700,0.119249,0.074178
1071800,0.094836,0.074178
1071900,0.113615,0.074178
1072000,0.121127,0.074178
1072100,0.137089,0.074178
1072200,0.119249,0.074178
1072300,0.125822,0.074178
1072400,0.122066,0.074178
1072500,0.127700,0.074178
1072600,0.107981,0.074178
1072700,0.117371,0.074178
1072800,0.103286,0.074178
1072900,0.113615,0.074178
1073000,0.110798,0.074178
1073100,0.103286,0.074178
1073200,0.119249,0.074178
1073300,0.136150,0.074178
1073400,0.121127,0.074178
1073500,0.122066,0.074178
1073600,0.106103,0.074178
1073700,0.118310,0.074178
1073800,0.141784,0.074178
1073900,0.115493,0.074178
1074000,0.130516,0.074178
1074100,0.137089,0.074178
1074200,0.123005,0.074178
1074300,0.136150,0.074178
1074400,0.131455,0.074178
1074500,0.121127,0.074178
1074600,0.123005,0.074178
1074700,0.104225,0.074178
1074800,0.126761,0.074178
1074900,0.125822,0.074178
1075000,0.131455,0.074178
1075100,0.130516,0.074178
1075200,0.105164,0.074178
1075300,0.123005,0.074178
1075400,0.123005,0.074178
1075500,0.143662,0.074178
1075600,0.129577,0.074178
1075700,0.131455,0.074178
1075800,0.121127,0.074178
1075900,0.121127,0.074178
1076000,0.132394,0.074178
1076100,0.132394,0.074178
1076200,0.110798,0.074178
1076300,0.115493,0.074178
1076400,0.128638,0.074178
1076500,0.112676,0.074178
1076600,0.137089,0.074178
1076700,0.138967,0.074178
1076800,0.107981,0.074178
1076900,0.116432,0.074178
1077000,0.124883,0.074178
1077100,0.120188,0.074178
1077200,0.120188,0.074178
1077300,0.093897,0.074178
1077400,0.110798,0.074178
1077500,0.111737,0.074178
1077600,0.117371,0.074178
1077700,0.088263,0.074178
1077800,0.107981,0.074178
1077900,0.126761,0.074178
1078000,0.136150,0.074178
1078100,0.134272,0.074178
1078200,0.145540,0.074178
1078300,0.121127,0.074178
1078400,0.131455,0.074178
1078500,0.127700,0.074178
1078600,0.110798,0.074178
1078700,0.123944,0.074178
1078800,0.106103,0.074178
1078900,0.119249,0.074178
1079000,0.108920,0.074178
1079100,0.106103,0.074178
1079200,0.123005,0.074178
1079300,0.107042,0.074178
1079400,0.120188,0.074178
1079500,0.119249,0.074178
1079600,0.123005,0.074178
1079700,0.128638,0.074178
1079800,0.132394,0.074178
1079900,0.134272,0.074178
1080000,0.138028,0.074178
1080100,0.117371,0.074178
1080200,0.107981,0.074178
1080300,0.123005,0.074178
1080400,0.114554,0.074178
1080500,0.109859,0.074178
1080600,0.122066,0.074178
1080700,0.119249,0.074178
1080800,0.108920,0.074178
1080900,0.121127,0.074178
1081000,0.116432,0.074178
1081100,0.107042,0.074178
1081200,0.118310,0.074178
1081300,0.135211,0.074178
1081400,0.124883,0.074178
1081500,0.122066,0.074178
1081600,0.116432,0.074178
1081700,0.127700,0.074178
1081800,0.123005,0.074178
1081900,0.108920,0.074178
1082000,0.117371,0.074178
1082100,0.114554,0.074178
1082200,0.137089,0.074178
1082300,0.115493,0.074178
1082400,0.126761,0.074178
1082500,0.118310,0.074178
1082600,0.119249,0.074178
1082700,0.122066,0.074178
1082800,0.119249,0.074178
1082900,0.123944,0.074178
1083000,0.131455,0.074178
1083100,0.132394,0.074178
1083200,0.134272,0.074178
1083300,0.126761,0.074178
1083400,0.120188,0.074178
1083500,0.113615,0.074178
1083600,0.117371,0.074178
1083700,0.125822,0.074178
1083800,0.133333,0.074178
1083900,0.135211,0.074178
1084000,0.127700,0.074178
1084100,0.098592,0.074178
1084200,0.110798,0.074178
1084300,0.128638,0.074178
1084400,0.130516,0.074178
1084500,0.128638,0.074178
1084600,0.137089,0.074178
1084700,0.139906,0.074178
1084800,0.147418,0.074178
1084900,0.130516,0.074178
1085000,0.142723,0.074178
1085100,0.117371,0.074178
1085200,0.119249,0.074178
1085300,0.128638,0.074178
1085400,0.128638,0.074178
1085500,0.111737,0.074178
1085600,0.121127,0.074178
1085700,0.128638,0.074178
1085800,0.112676,0.074178
1085900,0.117371,0.074178
1086000,0.092958,0.074178
1086100,0.109859,0.074178
1086200,0.129577,0.074178
1086300,0.123005,0.074178
1086400,0.131455,0.074178
1086500,0.138967,0.074178
1086600,0.124883,0.074178
1086700,0.120188,0.074178
1086800,0.124883,0.074178
1086900,0.121127,0.074178
1087000,0.114554,0.074178
1087100,0.117371,0.074178
1087200,0.113615,0.074178
1087300,0.129577,0.074178
1087400,0.126761,0.074178
1087500,0.135211,0.074178
1087600,0.117371,0.074178
1087700,0.123005,0.074178
1087800,0.130516,0.074178
1087900,0.107042,0.074178
1088000,0.125822,0.074178
1088100,0.129577,0.074178
1088200,0.119249,0.074178
1088300,0.116432,0.074178
1088400,0.127700,0.074178
1088500,0.120188,0.074178
1088600,0.114554,0.074178
1088700,0.112676,0.074178
1088800,0.110798,0.074178
1088900,0.110798,0.074178
1089000,0.116432,0.074178
1089100,0.110798,0.074178
1089200,0.128638,0.074178
1089300,0.116432,0.074178
1089400,0.113615,0.074178
1089500,0.123944,0.074178
1089600,0.106103,0.074178
1089700,0.104225,0.074178
1089800,0.129577,0.074178
1089900,0.117371,0.074178
1090000,0.118310,0.074178
1090100,0.133333,0.074178
1090200,0.129577,0.074178
1090300,0.116432,0.074178
1090400,0.120188,0.074178
1090500,0.123005,0.074178
1090600,0.110798,0.074178
1090700,0.118310,0.074178
1090800,0.125822,0.074178
1090900,0.134272,0.074178
1091000,0.137089,0.074178
1091100,0.114554,0.074178
1091200,0.118310,0.074178
1091300,0.117371,0.074178
1091400,0.127700,0.074178
1091500,0.123005,0.074178
1091600,0.095775,0.074178
1091700,0.104225,0.074178
1091800,0.127700,0.074178
1091900,0.129577,0.074178
1092000,0.123944,0.074178
1092100,0.122066,0.074178
1092200,0.115493,0.074178
1092300,0.130516,0.074178
1092400,0.129577,0.074178
1092500,0.124883,0.074178
1092600,0.124883,0.074178
1092700,0.130516,0.074178
1092800,0.119249,0.074178
1092900,0.122066,0.074178
1093000,0.103286,0.074178
1093100,0.109859,0.074178
1093200,0.110798,0.074178
1093300,0.123005,0.074178
1093400,0.122066,0.074178
1093500,0.118310,0.074178
1093600,0.111737,0.074178
1093700,0.108920,0.074178
1093800,0.115493,0.074178
1093900,0.118310,0.074178
1094000,0.108920,0.074178
1094100,0.113615,0.074178
1094200,0.125822,0.074178
1094300,0.142723,0.074178
1094400,0.138967,0.074178
1094500,0.114554,0.074178
1094600,0.118310,0.074178
1094700,0.135211,0.074178
1094800,0.120188,0.074178
1094900,0.129577,0.074178
1095000,0.135211,0.074178
1095100,0.126761,0.074178
1095200,0.140845,0.074178
1095300,0.130516,0.074178
1095400,0.132394,0.074178
1095500,0.118310,0.074178
1095600,0.133333,0.074178
1095700,0.114554,0.074178
1095800,0.112676,0.074178
1095900,0.125822,0.074178
1096000,0.137089,0.074178
1096100,0.113615,0.074178
1096200,0.112676,0.074178
1096300,0.115493,0.074178
1096400,0.116432,0.074178
1096500,0.109859,0.074178
1096600,0.109859,0.074178
1096700,0.122066,0.074178
1096800,0.123944,0.074178
1096900,0.111737,0.074178
1097000,0.123944,0.074178
1097100,0.120188,0.074178
1097200,0.116432,0.074178
1097300,0.133333,0.074178
1097400,0.130516,0.074178
1097500,0.107981,0.074178
1097600,0.129577,0.074178
1097700,0.123944,0.074178
1097800,0.118310,0.074178
1097900,0.117371,0.074178
1098000,0.134272,0.074178
1098100,0.130516,0.074178
1098200,0.128638,0.074178
1098300,0.137089,0.074178
1098400,0.143662,0.074178
1098500,0.133333,0.074178
1098600,0.123005,0.074178
1098700,0.133333,0.074178
1098800,0.132394,0.074178
1098900,0.121127,0.074178
1099000,0.124883,0.074178
1099100,0.127700,0.074178
1099200,0.114554,0.074178
1099300,0.131455,0.074178
1099400,0.131455,0.074178
1099500,0.131455,0.074178
1099600,0.138967,0.074178
1099700,0.121127,0.074178
1099800,0.114554,0.074178
1099900,0.124883,0.074178
1100000,0.143662,0.074178
1100100,0.145540,0.074178
1100200,0.111737,0.074178
1100300,0.128638,0.074178
1100400,0.108920,0.074178
1100500,0.110798,0.074178
1100600,0.115493,0.074178
1100700,0.106103,0.074178
1100800,0.112676,0.074178
1100900,0.131455,0.074178
1101000,0.110798,0.074178
1101100,0.132394,0.074178
1101200,0.125822,0.074178
1101300,0.117371,0.074178
1101400,0.113615,0.074178
1101500,0.107981,0.074178
1101600,0.114554,0.074178
1101700,0.117371,0.074178
1101800,0.119249,0.074178
1101900,0.125822,0.074178
1102000,0.111737,0.074178
1102100,0.109859,0.074178
1102200,0.108920,0.074178
1102300,0.104225,0.074178
1102400,0.117371,0.074178
1102500,0.118310,0.074178
1102600,0.119249,0.074178
1102700,0.122066,0.074178
1102800,0.118310,0.074178
1102900,0.109859,0.074178
1103000,0.134272,0.074178
1103100,0.113615,0.074178
1103200,0.130516,0.074178
1103300,0.118310,0.074178
1103400,0.122066,0.074178
1103500,0.123005,0.074178
1103600,0.136150,0.074178
1103700,0.116432,0.074178
1103800,0.123944,0.074178
1103900,0.127700,0.074178
1104000,0.123944,0.074178
1104100,0.105164,0.074178
1104200,0.132394,0.074178
1104300,0.116432,0.074178
1104400,0.124883,0.074178
1104500,0.107042,0.074178
1104600,0.114554,0.074178
1104700,0.120188,0.074178
1104800,0.115493,0.074178
1104900,0.115493,0.074178
1105000,0.120188,0.074178
1105100,0.107042,0.074178
1105200,0.116432,0.074178
1105300,0.123005,0.074178
1105400,0.124883,0.074178
1105500,0.125822,0.074178
1105600,0.123005,0.074178
1105700,0.111737,0.074178
1105800,0.121127,0.074178
1105900,0.123944,0.074178
1106000,0.111737,0.074178
1106100,0.115493,0.074178
1106200,0.135211,0.074178
1106300,0.129577,0.074178
1106400,0.129577,0.074178
1106500,0.107042,0.074178
1106600,0.124883,0.074178
1106700,0.110798,0.074178
1106800,0.120188,0.074178
1106900,0.109859,0.074178
1107000,0.124883,0.074178
1107100,0.132394,0.074178
1107200,0.113615,0.074178
1107300,0.099531,0.074178
1107400,0.104225,0.074178
1107500,0.092958,0.074178
1107600,0.111737,0.074178
1107700,0.113615,0.074178
1107800,0.103286,0.074178
1107900,0.107042,0.074178
1108000,0.121127,0.074178
1108100,0.121127,0.074178
1108200,0.107042,0.074178
1108300,0.122066,0.074178
1108400,0.123944,0.074178
1108500,0.128638,0.074178
1108600,0.123944,0.074178
1108700,0.108920,0.074178
1108800,0.128638,0.074178
1108900,0.133333,0.074178
1109000,0.127700,0.074178
1109100,0.121127,0.074178
1109200,0.131455,0.074178
1109300,0.138028,0.074178
1109400,0.125822,0.074178
1109500,0.099531,0.074178
1109600,0.107042,0.074178
1109700,0.105164,0.074178
1109800,0.113615,0.074178
1109900,0.134272,0.074178
1110000,0.113615,0.074178
1110100,0.115493,0.074178
1110200,0.119249,0.074178
1110300,0.113615,0.074178
1110400,0.123944,0.074178
1110500,0.127700,0.074178
1110600,0.118310,0.074178
1110700,0.121127,0.074178
1110800,0.130516,0.074178
1110900,0.132394,0.074178
1111000,0.136150,0.074178
1111100,0.123944,0.074178
1111200,0.108920,0.074178
1111300,0.128638,0.074178
1111400,0.121127,0.074178
1111500,0.128638,0.074178
1111600,0.104225,0.074178
1111700,0.122066,0.074178
1111800,0.116432,0.074178
1111900,0.123005,0.074178
1112000,0.118310,0.074178
1112100,0.108920,0.074178
1112200,0.108920,0.074178
1112300,0.112676,0.074178
1112400,0.124883,0.074178
1112500,0.133333,0.074178
1112600,0.110798,0.074178
1112700,0.123005,0.074178
1112800,0.116432,0.074178
1112900,0.122066,0.074178
1113000,0.132394,0.074178
1113100,0.119249,0.074178
1113200,0.123005,0.074178
1113300,0.125822,0.074178
1113400,0.110798,0.074178
1113500,0.124883,0.074178
1113600,0.114554,0.074178
1113700,0.122066,0.074178
1113800,0.117371,0.074178
1113900,0.118310,0.074178
1114000,0.125822,0.074178
1114100,0.136150,0.074178
1114200,0.117371,0.074178
1114300,0.125822,0.074178
1114400,0.127700,0.074178
1114500,0.112676,0.074178
1114600,0.110798,0.074178
1114700,0.114554,0.074178
1114800,0.108920,0.074178
1114900,0.107981,0.074178
1115000,0.106103,0.074178
1115100,0.140845,0.074178
1115200,0.128638,0.074178
1115300,0.135211,0.074178
1115400,0.108920,0.074178
1115500,0.112676,0.074178
1115600,0.114554,0.074178
1115700,0.125822,0.074178
1115800,0.114554,0.074178
1115900,0.124883,0.074178
1116000,0.114554,0.074178
1116100,0.098592,0.074178
1116200,0.123005,0.074178
1116300,0.123005,0.074178
1116400,0.117371,0.074178
1116500,0.137089,0.074178
1116600,0.136150,0.074178
1116700,0.123944,0.074178
1116800,0.119249,0.074178
1116900,0.108920,0.074178
1117000,0.105164,0.074178
1117100,0.118310,0.074178
1117200,0.115493,0.074178
1117300,0.124883,0.074178
1117400,0.132394,0.074178
1117500,0.127700,0.074178
1117600,0.134272,0.074178
1117700,0.136150,0.074178
1117800,0.111737,0.074178
1117900,0.131455,0.074178
1118000,0.136150,0.074178
1118100,0.131455,0.074178
1118200,0.127700,0.074178
1118300,0.141784,0.074178
1118400,0.126761,0.074178
1118500,0.119249,0.074178
1118600,0.134272,0.074178
1118700,0.116432,0.074178
1118800,0.133333,0.074178
1118900,0.131455,0.074178
1119000,0.110798,0.074178
1119100,0.117371,0.074178
1119200,0.119249,0.074178
1119300,0.114554,0.074178
1119400,0.124883,0.074178
1119500,0.112676,0.074178
1119600,0.122066,0.074178
1119700,0.118310,0.074178
1119800,0.126761,0.074178
1119900,0.133333,0.074178
1120000,0.119249,0.074178
1120100,0.128638,0.074178
1120200,0.139906,0.074178
1120300,0.118310,0.074178
1120400,0.103286,0.074178
1120500,0.121127,0.074178
1120600,0.112676,0.074178
1120700,0.114554,0.074178
1120800,0.111737,0.074178
1120900,0.115493,0.074178
1121000,0.126761,0.074178
1121100,0.125822,0.074178
1121200,0.142723,0.074178
1121300,0.120188,0.074178
1121400,0.123944,0.074178
1121500,0.108920,0.074178
1121600,0.112676,0.074178
1121700,0.115493,0.074178
1121800,0.106103,0.074178
1121900,0.132394,0.074178
1122000,0.138967,0.074178
1122100,0.139906,0.074178
1122200,0.124883,0.074178
1122300,0.112676,0.074178
1122400,0.131455,0.074178
1122500,0.138967,0.074178
1122600,0.143662,0.074178
1122700,0.132394,0.074178
1122800,0.131455,0.074178
1122900,0.106103,0.074178
1123000,0.107981,0.074178
1123100,0.125822,0.074178
1123200,0.122066,0.074178
1123300,0.126761,0.074178
1123400,0.119249,0.074178
1123500,0.117371,0.074178
1123600,0.118310,0.074178
1123700,0.109859,0.074178
1123800,0.115493,0.074178
1123900,0.120188,0.074178
1124000,0.113615,0.074178
1124100,0.125822,0.074178
1124200,0.109859,0.074178
1124300,0.124883,0.074178
1124400,0.112676,0.074178
1124500,0.103286,0.074178
1124600,0.117371,0.074178
1124700,0.127700,0.074178
1124800,0.131455,0.074178
1124900,0.107042,0.074178
1125000,0.108920,0.074178
1125100,0.131455,0.074178
1125200,0.123944,0.074178
1125300,0.142723,0.074178
1125400,0.134272,0.074178
1125500,0.122066,0.074178
1125600,0.104225,0.074178
1125700,0.107981,0.074178
1125800,0.113615,0.074178
1125900,0.131455,0.074178
1126000,0.148357,0.074178
1126100,0.131455,0.074178
1126200,0.153052,0.074178
1126300,0.127700,0.074178
1126400,0.131455,0.074178
1126500,0.128638,0.074178
1126600,0.115493,0.074178
1126700,0.113615,0.074178
1126800,0.121127,0.074178
1126900,0.124883,0.074178
1127000,0.132394,0.074178
1127100,0.123005,0.074178
1127200,0.110798,0.074178
1127300,0.135211,0.074178
1127400,0.125822,0.074178
1127500,0.144601,0.074178
1127600,0.139906,0.074178
1127700,0.118310,0.074178
1127800,0.119249,0.074178
1127900,0.133333,0.074178
1128000,0.129577,0.074178
1128100,0.126761,0.074178
1128200,0.118310,0.074178
1128300,0.134272,0.074178
1128400,0.115493,0.074178
1128500,0.117371,0.074178
1128600,0.136150,0.074178
1128700,0.138028,0.074178
1128800,0.131455,0.074178
1128900,0.133333,0.074178
1129000,0.116432,0.074178
1129100,0.119249,0.074178
1129200,0.123005,0.074178
1129300,0.127700,0.074178
1129400,0.120188,0.074178
1129500,0.110798,0.074178
1129600,0.107042,0.074178
1129700,0.123944,0.074178
1129800,0.103286,0.074178
1129900,0.130516,0.074178
1130000,0.136150,0.074178
1130100,0.135211,0.074178
1130200,0.101408,0.074178
1130300,0.098592,0.074178
1130400,0.114554,0.074178
1130500,0.123944,0.074178
1130600,0.126761,0.074178
1130700,0.118310,0.074178
1130800,0.130516,0.074178
1130900,0.107981,0.074178
1131000,0.114554,0.074178
1131100,0.107042,0.074178
1131200,0.098592,0.074178
1131300,0.119249,0.074178
1131400,0.113615,0.074178
1131500,0.119249,0.074178
1131600,0.114554,0.074178
1131700,0.129577,0.074178
1131800,0.129577,0.074178
1131900,0.119249,0.074178
1132000,0.127700,0.074178
1132100,0.128638,0.074178
1132200,0.127700,0.074178
1132300,0.124883,0.074178
1132400,0.123944,0.074178
1132500,0.143662,0.074178
1132600,0.134272,0.074178
1132700,0.118310,0.074178
1132800,0.108920,0.074178
1132900,0.131455,0.074178
1133000,0.121127,0.074178
1133100,0.130516,0.074178
1133200,0.145540,0.074178
1133300,0.118310,0.074178
1133400,0.110798,0.074178
1133500,0.138028,0.074178
1133600,0.104225,0.074178
1133700,0.121127,0.074178
1133800,0.110798,0.074178
1133900,0.115493,0.074178
1134000,0.113615,0.074178
1134100,0.104225,0.074178
1134200,0.107042,0.074178
1134300,0.102347,0.074178
1134400,0.127700,0.074178
1134500,0.122066,0.074178
1134600,0.113615,0.074178
1134700,0.151174,0.074178
1134800,0.130516,0.074178
1134900,0.128638,0.074178
1135000,0.148357,0.074178
1135100,0.133333,0.074178
1135200,0.137089,0.074178
1135300,0.133333,0.074178
1135400,0.136150,0.074178
1135500,0.118310,0.074178
1135600,0.118310,0.074178
1135700,0.117371,0.074178
1135800,0.135211,0.074178
1135900,0.126761,0.074178
1136000,0.107981,0.074178
1136100,0.103286,0.074178
1136200,0.107042,0.074178
1136300,0.111737,0.074178
1136400,0.121127,0.074178
1136500,0.127700,0.074178
1136600,0.135211,0.074178
1136700,0.135211,0.074178
1136800,0.112676,0.074178
1136900,0.109859,0.074178
1137000,0.099531,0.074178
1137100,0.097653,0.074178
1137200,0.118310,0.074178
1137300,0.113615,0.074178
1137400,0.114554,0.074178
1137500,0.131455,0.074178
1137600,0.132394,0.074178
1137700,0.117371,0.074178
1137800,0.108920,0.074178
1137900,0.131455,0.074178
1138000,0.120188,0.074178
1138100,0.135211,0.074178
1138200,0.121127,0.074178
1138300,0.119249,0.074178
1138400,0.115493,0.074178
1138500,0.144601,0.074178
1138600,0.121127,0.074178
1138700,0.125822,0.074178
1138800,0.127700,0.074178
1138900,0.123944,0.074178
1139000,0.128638,0.074178
1139100,0.136150,0.074178
1139200,0.110798,0.074178
1139300,0.122066,0.074178
1139400,0.117371,0.074178
1139500,0.138028,0.074178
1139600,0.118310,0.074178
1139700,0.135211,0.074178
1139800,0.136150,0.074178
1139900,0.126761,0.074178
1140000,0.125822,0.074178
1140100,0.143662,0.074178
1140200,0.139906,0.074178
1140300,0.121127,0.074178
1140400,0.121127,0.074178
1140500,0.150235,0.074178
1140600,0.129577,0.074178
1140700,0.127700,0.074178
1140800,0.125822,0.074178
1140900,0.119249,0.074178
1141000,0.108920,0.074178
1141100,0.096714,0.074178
1141200,0.112676,0.074178
1141300,0.124883,0.074178
1141400,0.138967,0.074178
1141500,0.115493,0.074178
1141600,0.098592,0.074178
1141700,0.107981,0.074178
1141800,0.114554,0.074178
1141900,0.118310,0.074178
1142000,0.105164,0.074178
1142100,0.126761,0.074178
1142200,0.115493,0.074178
1142300,0.130516,0.074178
1142400,0.122066,0.074178
1142500,0.121127,0.074178
1142600,0.124883,0.074178
1142700,0.123005,0.074178
1142800,0.133333,0.074178
1142900,0.112676,0.074178
1143000,0.115493,0.074178
1143100,0.116432,0.074178
1143200,0.100469,0.074178
1143300,0.095775,0.074178
1143400,0.105164,0.074178
1143500,0.108920,0.074178
1143600,0.122066,0.074178
1143700,0.117371,0.074178
1143800,0.116432,0.074178
1143900,0.118310,0.074178
1144000,0.118310,0.074178
1144100,0.125822,0.074178
1144200,0.123005,0.074178
1144300,0.119249,0.074178
1144400,0.125822,0.074178
1144500,0.105164,0.074178
1144600,0.106103,0.074178
1144700,0.115493,0.074178
1144800,0.129577,0.074178
1144900,0.104225,0.074178
1145000,0.099531,0.074178
1145100,0.112676,0.074178
1145200,0.103286,0.074178
1145300,0.126761,0.074178
1145400,0.127700,0.074178
1145500,0.117371,0.074178
1145600,0.138028,0.074178
1145700,0.135211,0.074178
1145800,0.145540,0.074178
1145900,0.126761,0.074178
1146000,0.125822,0.074178
1146100,0.115493,0.074178
1146200,0.117371,0.074178
1146300,0.137089,0.074178
1146400,0.131455,0.074178
1146500,0.122066,0.074178
1146600,0.123944,0.074178
1146700,0.123944,0.074178
1146800,0.119249,0.074178
1146900,0.102347,0.074178
1147000,0.118310,0.074178
1147100,0.131455,0.074178
1147200,0.102347,0.074178
1147300,0.105164,0.074178
1147400,0.124883,0.074178
1147500,0.123944,0.074178
1147600,0.122066,0.074178
1147700,0.138028,0.074178
1147800,0.121127,0.074178
1147900,0.115493,0.074178
1148000,0.143662,0.074178
1148100,0.138967,0.074178
1148200,0.152113,0.074178
1148300,0.118310,0.074178
1148400,0.095775,0.074178
1148500,0.142723,0.074178
1148600,0.125822,0.074178
1148700,0.125822,0.074178
1148800,0.124883,0.074178
1148900,0.112676,0.074178
1149000,0.117371,0.074178
1149100,0.126761,0.074178
1149200,0.123944,0.074178
1149300,0.126761,0.074178
1149400,0.118310,0.074178
1149500,0.119249,0.074178
1149600,0.112676,0.074178
1149700,0.107981,0.074178
1149800,0.135211,0.074178
1149900,0.115493,0.074178
1150000,0.109859,0.074178
1150100,0.109859,0.074178
1150200,0.122066,0.074178
1150300,0.114554,0.074178
1150400,0.112676,0.074178
1150500,0.133333,0.074178
1150600,0.116432,0.074178
1150700,0.121127,0.074178
1150800,0.131455,0.074178
1150900,0.129577,0.074178
1151000,0.117371,0.074178
1151100,0.129577,0.074178
1151200,0.107981,0.074178
1151300,0.110798,0.074178
1151400,0.124883,0.074178
1151500,0.125822,0.074178
1151600,0.113615,0.074178
1151700,0.126761,0.074178
1151800,0.135211,0.074178
1151900,0.135211,0.074178
1152000,0.122066,0.074178
1152100,0.122066,0.074178
1152200,0.132394,0.074178
1152300,0.104225,0.074178
1152400,0.126761,0.074178
1152500,0.119249,0.074178
1152600,0.123944,0.074178
1152700,0.112676,0.074178
1152800,0.114554,0.074178
1152900,0.117371,0.074178
1153000,0.107042,0.074178
1153100,0.111737,0.074178
1153200,0.129577,0.074178
1153300,0.127700,0.074178
1153400,0.125822,0.074178
1153500,0.120188,0.074178
1153600,0.116432,0.074178
1153700,0.112676,0.074178
1153800,0.116432,0.074178
1153900,0.106103,0.074178
1154000,0.107981,0.074178
1154100,0.114554,0.074178
1154200,0.124883,0.074178
1154300,0.123944,0.074178
1154400,0.122066,0.074178
1154500,0.128638,0.074178
1154600,0.138028,0.074178
1154700,0.124883,0.074178
1154800,0.116432,0.074178
1154900,0.109859,0.074178
1155000,0.139906,0.074178
1155100,0.112676,0.074178
1155200,0.120188,0.074178
1155300,0.128638,0.074178
1155400,0.125822,0.074178
1155500,0.113615,0.074178
1155600,0.129577,0.074178
1155700,0.103286,0.074178
1155800,0.116432,0.074178
1155900,0.117371,0.074178
1156000,0.126761,0.074178
1156100,0.116432,0.074178
1156200,0.124883,0.074178
1156300,0.115493,0.074178
1156400,0.124883,0.074178
1156500,0.121127,0.074178
1156600,0.116432,0.074178
1156700,0.111737,0.074178
1156800,0.104225,0.074178
1156900,0.119249,0.074178
1157000,0.115493,0.074178
1157100,0.121127,0.074178
1157200,0.115493,0.074178
1157300,0.115493,0.074178
1157400,0.122066,0.074178
1157500,0.110798,0.074178
1157600,0.121127,0.074178
1157700,0.113615,0.074178
1157800,0.109859,0.074178
1157900,0.114554,0.074178
1158000,0.108920,0.074178
1158100,0.110798,0.074178
1158200,0.107981,0.074178
1158300,0.121127,0.074178
1158400,0.118310,0.074178
1158500,0.107981,0.074178
1158600,0.135211,0.074178
1158700,0.130516,0.074178
1158800,0.127700,0.074178
1158900,0.114554,0.074178
1159000,0.123944,0.074178
1159100,0.113615,0.074178
1159200,0.121127,0.074178
1159300,0.132394,0.074178
1159400,0.110798,0.074178
1159500,0.118310,0.074178
1159600,0.134272,0.074178
1159700,0.113615,0.074178
1159800,0.112676,0.074178
1159900,0.137089,0.074178
1160000,0.122066,0.074178
1160100,0.123005,0.074178
1160200,0.132394,0.074178
1160300,0.125822,0.074178
1160400,0.119249,0.074178
1160500,0.107981,0.074178
1160600,0.107042,0.074178
1160700,0.097653,0.074178
1160800,0.113615,0.074178
1160900,0.121127,0.074178
1161000,0.112676,0.074178
