iteracao,qualidade_atual,qualidade_melhor
0,0.135211,0.135211
100,0.130516,0.121127
200,0.125822,0.112676
300,0.123005,0.112676
400,0.131455,0.112676
500,0.135211,0.111737
600,0.120188,0.111737
700,0.127700,0.111737
800,0.120188,0.111737
900,0.109859,0.103286
1000,0.117371,0.100469
1100,0.124883,0.100469
1200,0.136150,0.100469
1300,0.144601,0.100469
1400,0.136150,0.100469
1500,0.123005,0.100469
1600,0.147418,0.100469
1700,0.128638,0.100469
1800,0.132394,0.100469
1900,0.128638,0.100469
2000,0.134272,0.100469
2100,0.114554,0.100469
2200,0.117371,0.100469
2300,0.125822,0.100469
2400,0.123005,0.100469
2500,0.111737,0.098592
2600,0.127700,0.098592
2700,0.139906,0.098592
2800,0.121127,0.098592
2900,0.123944,0.098592
3000,0.117371,0.098592
3100,0.122066,0.098592
3200,0.138028,0.098592
3300,0.137089,0.098592
3400,0.117371,0.098592
3500,0.130516,0.098592
3600,0.121127,0.098592
3700,0.122066,0.098592
3800,0.129577,0.098592
3900,0.119249,0.098592
4000,0.124883,0.098592
4100,0.136150,0.098592
4200,0.115493,0.098592
4300,0.125822,0.098592
4400,0.134272,0.098592
4500,0.139906,0.098592
4600,0.125822,0.098592
4700,0.138028,0.098592
4800,0.134272,0.098592
4900,0.133333,0.098592
5000,0.130516,0.098592
5100,0.119249,0.098592
5200,0.138967,0.098592
5300,0.134272,0.098592
5400,0.130516,0.098592
5500,0.146479,0.098592
5600,0.149296,0.098592
5700,0.128638,0.098592
5800,0.128638,0.098592
5900,0.126761,0.098592
6000,0.137089,0.098592
6100,0.133333,0.098592
6200,0.121127,0.098592
6300,0.112676,0.098592
6400,0.137089,0.098592
6500,0.135211,0.098592
6600,0.150235,0.098592
6700,0.121127,0.098592
6800,0.140845,0.098592
6900,0.121127,0.098592
7000,0.140845,0.098592
7100,0.123005,0.098592
7200,0.123944,0.098592
7300,0.132394,0.098592
7400,0.124883,0.098592
7500,0.114554,0.098592
7600,0.108920,0.098592
7700,0.112676,0.098592
7800,0.125822,0.098592
7900,0.128638,0.098592
8000,0.112676,0.098592
8100,0.111737,0.098592
8200,0.124883,0.098592
8300,0.121127,0.098592
8400,0.135211,0.098592
8500,0.144601,0.098592
8600,0.124883,0.098592
8700,0.126761,0.098592
8800,0.120188,0.098592
8900,0.130516,0.098592
9000,0.128638,0.098592
9100,0.135211,0.098592
9200,0.134272,0.098592
9300,0.137089,0.098592
9400,0.134272,0.098592
9500,0.131455,0.098592
9600,0.144601,0.098592
9700,0.138967,0.098592
9800,0.112676,0.098592
9900,0.116432,0.098592
10000,0.119249,0.098592
10100,0.118310,0.098592
10200,0.120188,0.098592
10300,0.127700,0.098592
10400,0.123944,0.098592
10500,0.115493,0.098592
10600,0.133333,0.098592
10700,0.118310,0.098592
10800,0.119249,0.098592
10900,0.128638,0.098592
11000,0.130516,0.098592
11100,0.141784,0.098592
11200,0.133333,0.098592
11300,0.121127,0.098592
11400,0.131455,0.098592
11500,0.134272,0.098592
11600,0.135211,0.098592
11700,0.124883,0.098592
11800,0.139906,0.098592
11900,0.153991,0.098592
12000,0.138967,0.098592
12100,0.147418,0.098592
12200,0.135211,0.098592
12300,0.130516,0.098592
12400,0.123005,0.098592
12500,0.115493,0.098592
12600,0.123005,0.095775
12700,0.140845,0.095775
12800,0.138967,0.095775
12900,0.139906,0.095775
13000,0.118310,0.095775
13100,0.121127,0.095775
13200,0.123944,0.095775
13300,0.123944,0.095775
13400,0.122066,0.095775
13500,0.097653,0.095775
13600,0.116432,0.095775
13700,0.127700,0.095775
13800,0.126761,0.095775
13900,0.116432,0.095775
14000,0.111737,0.095775
14100,0.114554,0.095775
14200,0.123944,0.095775
14300,0.120188,0.095775
14400,0.141784,0.095775
14500,0.128638,0.095775
14600,0.107981,0.095775
14700,0.120188,0.095775
14800,0.131455,0.095775
14900,0.136150,0.095775
15000,0.115493,0.095775
15100,0.113615,0.095775
15200,0.096714,0.089202
15300,0.107981,0.089202
15400,0.113615,0.089202
15500,0.124883,0.089202
15600,0.116432,0.089202
15700,0.121127,0.089202
15800,0.131455,0.089202
15900,0.135211,0.089202
16000,0.128638,0.089202
16100,0.125822,0.089202
16200,0.113615,0.089202
16300,0.109859,0.089202
16400,0.122066,0.089202
16500,0.125822,0.089202
16600,0.120188,0.089202
16700,0.114554,0.089202
16800,0.119249,0.089202
16900,0.145540,0.089202
17000,0.123005,0.089202
17100,0.116432,0.089202
17200,0.130516,0.089202
17300,0.123944,0.089202
17400,0.127700,0.089202
17500,0.120188,0.089202
17600,0.129577,0.089202
17700,0.125822,0.089202
17800,0.135211,0.089202
17900,0.150235,0.089202
18000,0.122066,0.089202
18100,0.133333,0.089202
18200,0.141784,0.089202
18300,0.113615,0.089202
18400,0.118310,0.089202
18500,0.133333,0.089202
18600,0.131455,0.089202
18700,0.129577,0.089202
18800,0.116432,0.089202
18900,0.107042,0.089202
19000,0.118310,0.089202
19100,0.125822,0.089202
19200,0.114554,0.089202
19300,0.130516,0.089202
19400,0.120188,0.089202
19500,0.115493,0.089202
19600,0.129577,0.089202
19700,0.108920,0.089202
19800,0.114554,0.089202
19900,0.127700,0.089202
20000,0.130516,0.089202
20100,0.125822,0.089202
20200,0.118310,0.089202
20300,0.127700,0.089202
20400,0.130516,0.089202
20500,0.140845,0.089202
20600,0.131455,0.089202
20700,0.134272,0.089202
20800,0.152113,0.089202
20900,0.137089,0.089202
21000,0.131455,0.089202
21100,0.128638,0.089202
21200,0.118310,0.089202
21300,0.119249,0.089202
21400,0.138028,0.089202
21500,0.136150,0.089202
21600,0.141784,0.089202
21700,0.123005,0.089202
21800,0.113615,0.089202
21900,0.137089,0.089202
22000,0.137089,0.089202
22100,0.138967,0.089202
22200,0.142723,0.089202
22300,0.136150,0.089202
22400,0.139906,0.089202
22500,0.153991,0.089202
22600,0.127700,0.089202
22700,0.134272,0.089202
22800,0.127700,0.089202
22900,0.123005,0.089202
23000,0.123005,0.089202
23100,0.124883,0.089202
23200,0.134272,0.089202
23300,0.110798,0.089202
23400,0.122066,0.089202
23500,0.116432,0.089202
23600,0.118310,0.089202
23700,0.120188,0.089202
23800,0.130516,0.089202
23900,0.137089,0.089202
24000,0.125822,0.089202
24100,0.128638,0.089202
24200,0.127700,0.089202
24300,0.126761,0.089202
24400,0.126761,0.089202
24500,0.147418,0.089202
24600,0.134272,0.089202
24700,0.107981,0.089202
24800,0.114554,0.089202
24900,0.114554,0.089202
25000,0.109859,0.089202
25100,0.107042,0.089202
25200,0.107042,0.089202
25300,0.113615,0.089202
25400,0.128638,0.089202
25500,0.136150,0.089202
25600,0.130516,0.089202
25700,0.128638,0.089202
25800,0.123944,0.089202
25900,0.133333,0.089202
26000,0.116432,0.089202
26100,0.133333,0.089202
26200,0.131455,0.089202
26300,0.128638,0.089202
26400,0.109859,0.089202
26500,0.138028,0.089202
26600,0.112676,0.089202
26700,0.119249,0.089202
26800,0.123005,0.089202
26900,0.131455,0.089202
27000,0.129577,0.089202
27100,0.121127,0.089202
27200,0.138028,0.089202
27300,0.133333,0.089202
27400,0.123005,0.089202
27500,0.128638,0.089202
27600,0.123005,0.089202
27700,0.122066,0.089202
27800,0.124883,0.089202
27900,0.136150,0.089202
28000,0.131455,0.089202
28100,0.130516,0.089202
28200,0.125822,0.089202
28300,0.122066,0.089202
28400,0.113615,0.089202
28500,0.109859,0.089202
28600,0.120188,0.089202
28700,0.134272,0.089202
28800,0.127700,0.089202
28900,0.123944,0.089202
29000,0.126761,0.089202
29100,0.119249,0.089202
29200,0.130516,0.089202
29300,0.136150,0.089202
29400,0.123944,0.089202
29500,0.116432,0.089202
29600,0.116432,0.089202
29700,0.117371,0.089202
29800,0.118310,0.089202
29900,0.118310,0.089202
30000,0.122066,0.089202
30100,0.126761,0.089202
30200,0.116432,0.089202
30300,0.121127,0.089202
30400,0.129577,0.089202
30500,0.115493,0.089202
30600,0.134272,0.089202
30700,0.123005,0.089202
30800,0.131455,0.089202
30900,0.138967,0.089202
31000,0.132394,0.089202
31100,0.123005,0.089202
31200,0.139906,0.089202
31300,0.145540,0.089202
31400,0.106103,0.089202
31500,0.123944,0.089202
31600,0.123944,0.089202
31700,0.128638,0.089202
31800,0.133333,0.089202
31900,0.125822,0.089202
32000,0.146479,0.089202
32100,0.139906,0.089202
32200,0.143662,0.089202
32300,0.139906,0.089202
32400,0.112676,0.089202
32500,0.133333,0.089202
32600,0.123944,0.089202
32700,0.117371,0.089202
32800,0.129577,0.089202
32900,0.125822,0.089202
33000,0.114554,0.089202
33100,0.123005,0.089202
33200,0.107981,0.089202
33300,0.117371,0.089202
33400,0.125822,0.089202
33500,0.128638,0.089202
33600,0.122066,0.089202
33700,0.134272,0.089202
33800,0.139906,0.089202
33900,0.125822,0.089202
34000,0.135211,0.089202
34100,0.123944,0.089202
34200,0.128638,0.089202
34300,0.117371,0.089202
34400,0.123005,0.089202
34500,0.111737,0.089202
34600,0.117371,0.089202
34700,0.130516,0.089202
34800,0.117371,0.089202
34900,0.129577,0.089202
35000,0.127700,0.089202
35100,0.131455,0.089202
35200,0.135211,0.089202
35300,0.126761,0.089202
35400,0.135211,0.089202
35500,0.141784,0.089202
35600,0.123005,0.089202
35700,0.119249,0.089202
35800,0.127700,0.089202
35900,0.121127,0.089202
36000,0.123944,0.089202
36100,0.126761,0.089202
36200,0.121127,0.089202
36300,0.127700,0.089202
36400,0.123944,0.089202
36500,0.115493,0.089202
36600,0.112676,0.089202
36700,0.142723,0.089202
36800,0.123005,0.089202
36900,0.125822,0.089202
37000,0.126761,0.089202
37100,0.134272,0.089202
37200,0.122066,0.089202
37300,0.123005,0.089202
37400,0.134272,0.089202
37500,0.116432,0.089202
37600,0.123005,0.089202
37700,0.116432,0.089202
37800,0.118310,0.089202
37900,0.115493,0.089202
38000,0.110798,0.089202
38100,0.120188,0.089202
38200,0.128638,0.089202
38300,0.125822,0.089202
38400,0.121127,0.089202
38500,0.136150,0.089202
38600,0.133333,0.089202
38700,0.134272,0.089202
38800,0.118310,0.089202
38900,0.121127,0.089202
39000,0.103286,0.089202
39100,0.110798,0.089202
39200,0.125822,0.089202
39300,0.114554,0.089202
39400,0.134272,0.089202
39500,0.147418,0.089202
39600,0.153052,0.089202
39700,0.138028,0.089202
39800,0.122066,0.089202
39900,0.137089,0.089202
40000,0.122066,0.089202
40100,0.139906,0.089202
40200,0.136150,0.089202
40300,0.145540,0.089202
40400,0.124883,0.089202
40500,0.109859,0.089202
40600,0.118310,0.089202
40700,0.108920,0.089202
40800,0.102347,0.089202
40900,0.127700,0.089202
41000,0.124883,0.089202
41100,0.127700,0.089202
41200,0.138967,0.089202
41300,0.113615,0.089202
41400,0.118310,0.089202
41500,0.124883,0.089202
41600,0.137089,0.089202
41700,0.136150,0.089202
41800,0.137089,0.089202
41900,0.141784,0.089202
42000,0.138967,0.089202
42100,0.124883,0.089202
42200,0.101408,0.089202
42300,0.137089,0.089202
42400,0.129577,0.089202
42500,0.119249,0.089202
42600,0.141784,0.089202
42700,0.124883,0.089202
42800,0.116432,0.089202
42900,0.128638,0.089202
43000,0.134272,0.089202
43100,0.125822,0.089202
43200,0.131455,0.089202
43300,0.132394,0.089202
43400,0.128638,0.089202
43500,0.131455,0.089202
43600,0.120188,0.089202
43700,0.116432,0.089202
43800,0.109859,0.089202
43900,0.106103,0.089202
44000,0.116432,0.089202
44100,0.123944,0.089202
44200,0.115493,0.089202
44300,0.113615,0.089202
44400,0.133333,0.089202
44500,0.124883,0.089202
44600,0.125822,0.089202
44700,0.125822,0.089202
44800,0.144601,0.089202
44900,0.138028,0.089202
45000,0.141784,0.089202
45100,0.130516,0.089202
45200,0.138967,0.089202
45300,0.115493,0.089202
45400,0.106103,0.089202
45500,0.097653,0.089202
45600,0.103286,0.089202
45700,0.109859,0.089202
45800,0.120188,0.089202
45900,0.138028,0.089202
46000,0.119249,0.089202
46100,0.119249,0.089202
46200,0.115493,0.089202
46300,0.124883,0.089202
46400,0.138028,0.089202
46500,0.121127,0.089202
46600,0.123005,0.089202
46700,0.126761,0.089202
46800,0.129577,0.089202
46900,0.129577,0.089202
47000,0.115493,0.089202
47100,0.121127,0.089202
47200,0.138028,0.089202
47300,0.135211,0.089202
47400,0.125822,0.089202
47500,0.115493,0.089202
47600,0.124883,0.089202
47700,0.131455,0.089202
47800,0.127700,0.089202
47900,0.138967,0.089202
48000,0.135211,0.089202
48100,0.126761,0.089202
48200,0.123944,0.089202
48300,0.119249,0.089202
48400,0.107042,0.089202
48500,0.112676,0.089202
48600,0.125822,0.089202
48700,0.121127,0.089202
48800,0.114554,0.089202
48900,0.131455,0.089202
49000,0.128638,0.089202
49100,0.125822,0.089202
49200,0.124883,0.089202
49300,0.123005,0.089202
49400,0.119249,0.089202
49500,0.123005,0.089202
49600,0.122066,0.089202
49700,0.127700,0.089202
49800,0.123944,0.089202
49900,0.114554,0.089202
50000,0.136150,0.089202
50100,0.115493,0.089202
50200,0.108920,0.089202
50300,0.123005,0.089202
50400,0.124883,0.089202
50500,0.123005,0.089202
50600,0.121127,0.089202
50700,0.133333,0.089202
50800,0.127700,0.089202
50900,0.141784,0.089202
51000,0.166197,0.089202
51100,0.130516,0.089202
51200,0.139906,0.089202
51300,0.113615,0.089202
51400,0.112676,0.089202
51500,0.111737,0.089202
51600,0.132394,0.089202
51700,0.109859,0.089202
51800,0.125822,0.089202
51900,0.113615,0.089202
52000,0.119249,0.089202
52100,0.135211,0.089202
52200,0.115493,0.089202
52300,0.138028,0.089202
52400,0.125822,0.089202
52500,0.119249,0.089202
52600,0.134272,0.089202
52700,0.119249,0.089202
52800,0.134272,0.089202
52900,0.128638,0.089202
53000,0.124883,0.089202
53100,0.124883,0.089202
53200,0.124883,0.089202
53300,0.140845,0.089202
53400,0.125822,0.089202
53500,0.113615,0.089202
53600,0.105164,0.089202
53700,0.115493,0.089202
53800,0.122066,0.089202
53900,0.120188,0.089202
54000,0.113615,0.089202
54100,0.126761,0.089202
54200,0.113615,0.089202
54300,0.123944,0.089202
54400,0.140845,0.089202
54500,0.125822,0.089202
54600,0.120188,0.089202
54700,0.123944,0.089202
54800,0.141784,0.089202
54900,0.132394,0.089202
55000,0.133333,0.089202
55100,0.118310,0.089202
55200,0.129577,0.089202
55300,0.137089,0.089202
55400,0.107981,0.089202
55500,0.116432,0.089202
55600,0.144601,0.089202
55700,0.116432,0.089202
55800,0.125822,0.089202
55900,0.101408,0.089202
56000,0.120188,0.089202
56100,0.114554,0.089202
56200,0.106103,0.089202
56300,0.123005,0.089202
56400,0.121127,0.089202
56500,0.123944,0.089202
56600,0.129577,0.089202
56700,0.120188,0.089202
56800,0.109859,0.089202
56900,0.122066,0.089202
57000,0.112676,0.089202
57100,0.127700,0.089202
57200,0.117371,0.089202
57300,0.127700,0.089202
57400,0.138967,0.089202
57500,0.156808,0.089202
57600,0.121127,0.089202
57700,0.116432,0.089202
57800,0.133333,0.089202
57900,0.126761,0.089202
58000,0.118310,0.089202
58100,0.121127,0.089202
58200,0.127700,0.089202
58300,0.132394,0.089202
58400,0.130516,0.089202
58500,0.131455,0.089202
58600,0.131455,0.089202
58700,0.126761,0.089202
58800,0.123944,0.089202
58900,0.120188,0.089202
59000,0.121127,0.089202
59100,0.125822,0.089202
59200,0.128638,0.089202
59300,0.102347,0.089202
59400,0.127700,0.089202
59500,0.123944,0.089202
59600,0.119249,0.089202
59700,0.135211,0.089202
59800,0.124883,0.089202
59900,0.133333,0.089202
60000,0.114554,0.089202
60100,0.138967,0.089202
60200,0.141784,0.089202
60300,0.136150,0.089202
60400,0.140845,0.089202
60500,0.123944,0.089202
60600,0.130516,0.089202
60700,0.137089,0.089202
60800,0.112676,0.089202
60900,0.126761,0.089202
61000,0.119249,0.089202
61100,0.115493,0.089202
61200,0.114554,0.089202
61300,0.130516,0.089202
61400,0.139906,0.089202
61500,0.129577,0.089202
61600,0.105164,0.089202
61700,0.104225,0.089202
61800,0.118310,0.089202
61900,0.143662,0.089202
62000,0.152113,0.089202
62100,0.138967,0.089202
62200,0.116432,0.089202
62300,0.126761,0.089202
62400,0.103286,0.089202
62500,0.129577,0.089202
62600,0.138967,0.089202
62700,0.122066,0.089202
62800,0.130516,0.089202
62900,0.123005,0.089202
63000,0.115493,0.089202
63100,0.110798,0.089202
63200,0.121127,0.089202
63300,0.121127,0.089202
63400,0.114554,0.089202
63500,0.125822,0.089202
63600,0.129577,0.089202
63700,0.138028,0.089202
63800,0.140845,0.089202
63900,0.126761,0.089202
64000,0.137089,0.089202
64100,0.148357,0.089202
64200,0.144601,0.089202
64300,0.137089,0.089202
64400,0.133333,0.089202
64500,0.112676,0.089202
64600,0.144601,0.089202
64700,0.122066,0.089202
64800,0.123005,0.089202
64900,0.108920,0.089202
65000,0.101408,0.089202
65100,0.133333,0.089202
65200,0.113615,0.089202
65300,0.138028,0.089202
65400,0.136150,0.089202
65500,0.123005,0.089202
65600,0.133333,0.089202
65700,0.099531,0.089202
65800,0.115493,0.089202
65900,0.107042,0.089202
66000,0.143662,0.089202
66100,0.127700,0.089202
66200,0.135211,0.089202
66300,0.131455,0.089202
66400,0.138028,0.089202
66500,0.135211,0.089202
66600,0.117371,0.089202
66700,0.130516,0.089202
66800,0.123944,0.089202
66900,0.132394,0.089202
67000,0.121127,0.089202
67100,0.132394,0.089202
67200,0.119249,0.089202
67300,0.124883,0.089202
67400,0.151174,0.089202
67500,0.115493,0.089202
67600,0.133333,0.089202
67700,0.127700,0.089202
67800,0.123944,0.089202
67900,0.114554,0.089202
68000,0.147418,0.089202
68100,0.131455,0.089202
68200,0.129577,0.089202
68300,0.124883,0.089202
68400,0.128638,0.089202
68500,0.134272,0.089202
68600,0.123005,0.089202
68700,0.122066,0.089202
68800,0.139906,0.089202
68900,0.128638,0.089202
69000,0.150235,0.089202
69100,0.134272,0.089202
69200,0.153052,0.089202
69300,0.140845,0.089202
69400,0.141784,0.089202
69500,0.132394,0.089202
69600,0.103286,0.089202
69700,0.102347,0.089202
69800,0.100469,0.089202
69900,0.100469,0.088263
70000,0.106103,0.088263
70100,0.119249,0.088263
70200,0.113615,0.088263
70300,0.117371,0.088263
70400,0.117371,0.088263
70500,0.130516,0.088263
70600,0.149296,0.088263
70700,0.127700,0.088263
70800,0.124883,0.088263
70900,0.131455,0.088263
71000,0.119249,0.088263
71100,0.115493,0.088263
71200,0.123944,0.088263
71300,0.126761,0.088263
71400,0.138028,0.088263
71500,0.135211,0.088263
71600,0.114554,0.088263
71700,0.113615,0.088263
71800,0.107981,0.088263
71900,0.119249,0.088263
72000,0.122066,0.088263
72100,0.137089,0.088263
72200,0.146479,0.088263
72300,0.120188,0.088263
72400,0.128638,0.088263
72500,0.132394,0.088263
72600,0.127700,0.088263
72700,0.149296,0.088263
72800,0.132394,0.088263
72900,0.115493,0.088263
73000,0.126761,0.088263
73100,0.123944,0.088263
73200,0.147418,0.088263
73300,0.133333,0.088263
73400,0.128638,0.088263
73500,0.133333,0.088263
73600,0.134272,0.088263
73700,0.126761,0.088263
73800,0.111737,0.088263
73900,0.118310,0.088263
74000,0.119249,0.088263
74100,0.132394,0.088263
74200,0.131455,0.088263
74300,0.136150,0.088263
74400,0.111737,0.088263
74500,0.126761,0.088263
74600,0.125822,0.088263
74700,0.138028,0.088263
74800,0.130516,0.088263
74900,0.122066,0.088263
75000,0.132394,0.088263
75100,0.125822,0.088263
75200,0.097653,0.088263
75300,0.116432,0.088263
75400,0.136150,0.088263
75500,0.128638,0.088263
75600,0.118310,0.088263
75700,0.136150,0.088263
75800,0.126761,0.088263
75900,0.110798,0.088263
76000,0.123005,0.088263
76100,0.123944,0.088263
76200,0.130516,0.088263
76300,0.138028,0.088263
76400,0.120188,0.088263
76500,0.132394,0.088263
76600,0.128638,0.088263
76700,0.119249,0.088263
76800,0.120188,0.088263
76900,0.120188,0.088263
77000,0.131455,0.088263
77100,0.131455,0.088263
77200,0.113615,0.088263
77300,0.118310,0.088263
77400,0.119249,0.088263
77500,0.132394,0.088263
77600,0.121127,0.088263
77700,0.129577,0.088263
77800,0.128638,0.088263
77900,0.102347,0.088263
78000,0.110798,0.088263
78100,0.129577,0.088263
78200,0.119249,0.088263
78300,0.135211,0.088263
78400,0.134272,0.088263
78500,0.128638,0.088263
78600,0.116432,0.088263
78700,0.129577,0.088263
78800,0.124883,0.088263
78900,0.116432,0.088263
79000,0.115493,0.088263
79100,0.128638,0.088263
79200,0.142723,0.088263
79300,0.129577,0.088263
79400,0.103286,0.088263
79500,0.120188,0.088263
79600,0.116432,0.088263
79700,0.112676,0.088263
79800,0.138028,0.088263
79900,0.148357,0.088263
80000,0.131455,0.088263
80100,0.126761,0.088263
80200,0.131455,0.088263
80300,0.134272,0.088263
80400,0.116432,0.088263
80500,0.138028,0.088263
80600,0.133333,0.088263
80700,0.125822,0.088263
80800,0.122066,0.088263
80900,0.144601,0.088263
81000,0.116432,0.088263
81100,0.112676,0.088263
81200,0.127700,0.088263
81300,0.127700,0.088263
81400,0.128638,0.088263
81500,0.126761,0.088263
81600,0.106103,0.088263
81700,0.123944,0.088263
81800,0.118310,0.088263
81900,0.134272,0.088263
82000,0.136150,0.088263
82100,0.129577,0.088263
82200,0.138967,0.088263
82300,0.138967,0.088263
82400,0.126761,0.088263
82500,0.125822,0.088263
82600,0.130516,0.088263
82700,0.132394,0.088263
82800,0.121127,0.088263
82900,0.135211,0.088263
83000,0.114554,0.088263
83100,0.104225,0.088263
83200,0.127700,0.088263
83300,0.145540,0.088263
83400,0.126761,0.088263
83500,0.129577,0.088263
83600,0.120188,0.088263
83700,0.122066,0.088263
83800,0.138028,0.088263
83900,0.130516,0.088263
84000,0.122066,0.088263
84100,0.142723,0.088263
84200,0.138967,0.088263
84300,0.104225,0.088263
84400,0.116432,0.088263
84500,0.114554,0.088263
84600,0.130516,0.088263
84700,0.142723,0.088263
84800,0.123005,0.088263
84900,0.123944,0.088263
85000,0.140845,0.088263
85100,0.123944,0.088263
85200,0.126761,0.088263
85300,0.107981,0.088263
85400,0.110798,0.088263
85500,0.100469,0.088263
85600,0.119249,0.088263
85700,0.122066,0.088263
85800,0.129577,0.088263
85900,0.119249,0.088263
86000,0.121127,0.088263
86100,0.122066,0.088263
86200,0.154930,0.088263
86300,0.135211,0.088263
86400,0.133333,0.088263
86500,0.128638,0.088263
86600,0.129577,0.088263
86700,0.125822,0.088263
86800,0.118310,0.088263
86900,0.130516,0.088263
87000,0.135211,0.088263
87100,0.142723,0.088263
87200,0.136150,0.088263
87300,0.139906,0.088263
87400,0.125822,0.088263
87500,0.131455,0.088263
87600,0.129577,0.088263
87700,0.111737,0.088263
87800,0.121127,0.088263
87900,0.119249,0.088263
88000,0.120188,0.088263
88100,0.123005,0.088263
88200,0.121127,0.088263
88300,0.127700,0.088263
88400,0.132394,0.088263
88500,0.125822,0.088263
88600,0.106103,0.088263
88700,0.133333,0.088263
88800,0.125822,0.088263
88900,0.121127,0.088263
89000,0.114554,0.088263
89100,0.118310,0.088263
89200,0.145540,0.088263
89300,0.122066,0.088263
89400,0.115493,0.088263
89500,0.125822,0.088263
89600,0.120188,0.088263
89700,0.134272,0.088263
89800,0.141784,0.088263
89900,0.114554,0.088263
90000,0.116432,0.088263
90100,0.103286,0.088263
90200,0.118310,0.088263
90300,0.128638,0.088263
90400,0.119249,0.088263
90500,0.135211,0.088263
90600,0.130516,0.088263
90700,0.136150,0.088263
90800,0.129577,0.088263
90900,0.125822,0.088263
91000,0.130516,0.088263
91100,0.127700,0.088263
91200,0.110798,0.088263
91300,0.136150,0.088263
91400,0.122066,0.088263
91500,0.139906,0.088263
91600,0.130516,0.088263
91700,0.123944,0.088263
91800,0.132394,0.088263
91900,0.126761,0.088263
92000,0.117371,0.088263
92100,0.112676,0.088263
92200,0.117371,0.088263
92300,0.138967,0.088263
92400,0.123944,0.088263
92500,0.115493,0.088263
92600,0.106103,0.088263
92700,0.118310,0.088263
92800,0.115493,0.088263
92900,0.110798,0.088263
93000,0.131455,0.088263
93100,0.116432,0.088263
93200,0.124883,0.088263
93300,0.112676,0.088263
93400,0.123005,0.088263
93500,0.124883,0.088263
93600,0.134272,0.088263
93700,0.132394,0.088263
93800,0.117371,0.088263
93900,0.138967,0.088263
94000,0.132394,0.088263
94100,0.123005,0.088263
94200,0.127700,0.088263
94300,0.126761,0.088263
94400,0.121127,0.088263
94500,0.111737,0.088263
94600,0.120188,0.088263
94700,0.123944,0.088263
94800,0.114554,0.088263
94900,0.106103,0.088263
95000,0.135211,0.088263
95100,0.140845,0.088263
95200,0.136150,0.088263
95300,0.131455,0.088263
95400,0.144601,0.088263
95500,0.134272,0.088263
95600,0.131455,0.088263
95700,0.125822,0.088263
95800,0.118310,0.088263
95900,0.123944,0.088263
96000,0.123005,0.088263
96100,0.113615,0.088263
96200,0.119249,0.086385
96300,0.106103,0.086385
96400,0.103286,0.086385
96500,0.113615,0.086385
96600,0.115493,0.086385
96700,0.115493,0.086385
96800,0.125822,0.086385
96900,0.123944,0.086385
97000,0.130516,0.086385
97100,0.134272,0.086385
97200,0.130516,0.086385
97300,0.123005,0.086385
97400,0.116432,0.086385
97500,0.123944,0.086385
97600,0.123005,0.086385
97700,0.123944,0.086385
97800,0.123005,0.086385
97900,0.127700,0.086385
98000,0.129577,0.086385
98100,0.130516,0.086385
98200,0.123005,0.086385
98300,0.118310,0.086385
98400,0.139906,0.086385
98500,0.118310,0.086385
98600,0.120188,0.086385
98700,0.108920,0.086385
98800,0.120188,0.086385
98900,0.122066,0.086385
99000,0.123944,0.086385
99100,0.126761,0.086385
99200,0.117371,0.086385
99300,0.125822,0.086385
99400,0.127700,0.086385
99500,0.140845,0.086385
99600,0.138028,0.086385
99700,0.152113,0.086385
99800,0.148357,0.086385
99900,0.130516,0.086385
100000,0.115493,0.086385
100100,0.137089,0.086385
100200,0.103286,0.086385
100300,0.122066,0.086385
100400,0.125822,0.086385
100500,0.118310,0.086385
100600,0.120188,0.086385
100700,0.131455,0.086385
100800,0.134272,0.086385
100900,0.137089,0.086385
101000,0.115493,0.086385
101100,0.120188,0.086385
101200,0.107981,0.086385
101300,0.098592,0.086385
101400,0.114554,0.085446
101500,0.119249,0.085446
101600,0.104225,0.085446
101700,0.099531,0.085446
101800,0.123944,0.085446
101900,0.113615,0.085446
102000,0.132394,0.085446
102100,0.114554,0.085446
102200,0.131455,0.085446
102300,0.131455,0.085446
102400,0.137089,0.085446
102500,0.147418,0.085446
102600,0.133333,0.085446
102700,0.113615,0.085446
102800,0.115493,0.085446
102900,0.132394,0.085446
103000,0.131455,0.085446
103100,0.137089,0.085446
103200,0.138967,0.085446
103300,0.130516,0.085446
103400,0.127700,0.085446
103500,0.117371,0.085446
103600,0.112676,0.085446
103700,0.125822,0.085446
103800,0.137089,0.085446
103900,0.131455,0.085446
104000,0.122066,0.085446
104100,0.138028,0.085446
104200,0.120188,0.085446
104300,0.129577,0.085446
104400,0.125822,0.085446
104500,0.120188,0.085446
104600,0.130516,0.085446
104700,0.132394,0.085446
104800,0.132394,0.085446
104900,0.145540,0.085446
105000,0.131455,0.085446
105100,0.140845,0.085446
105200,0.136150,0.085446
105300,0.116432,0.085446
105400,0.126761,0.085446
105500,0.136150,0.085446
105600,0.109859,0.085446
105700,0.128638,0.085446
105800,0.118310,0.085446
105900,0.123005,0.085446
106000,0.117371,0.085446
106100,0.144601,0.085446
106200,0.116432,0.085446
106300,0.109859,0.085446
106400,0.103286,0.085446
106500,0.109859,0.085446
106600,0.120188,0.085446
106700,0.125822,0.085446
106800,0.114554,0.085446
106900,0.116432,0.085446
107000,0.122066,0.085446
107100,0.122066,0.085446
107200,0.131455,0.085446
107300,0.118310,0.085446
107400,0.125822,0.085446
107500,0.134272,0.085446
107600,0.153052,0.085446
107700,0.131455,0.085446
107800,0.110798,0.085446
107900,0.128638,0.085446
108000,0.121127,0.085446
108100,0.138967,0.085446
108200,0.138028,0.085446
108300,0.133333,0.085446
108400,0.126761,0.085446
108500,0.110798,0.085446
108600,0.131455,0.085446
108700,0.117371,0.085446
108800,0.107042,0.085446
108900,0.127700,0.085446
109000,0.148357,0.085446
109100,0.151174,0.085446
109200,0.116432,0.085446
109300,0.124883,0.085446
109400,0.133333,0.085446
109500,0.145540,0.085446
109600,0.111737,0.085446
109700,0.125822,0.085446
109800,0.119249,0.085446
109900,0.117371,0.085446
110000,0.104225,0.085446
110100,0.109859,0.085446
110200,0.109859,0.085446
110300,0.111737,0.085446
110400,0.123944,0.085446
110500,0.116432,0.085446
110600,0.108920,0.085446
110700,0.135211,0.085446
110800,0.132394,0.085446
110900,0.116432,0.085446
111000,0.124883,0.085446
111100,0.118310,0.085446
111200,0.121127,0.085446
111300,0.126761,0.085446
111400,0.134272,0.085446
111500,0.122066,0.085446
111600,0.135211,0.085446
111700,0.121127,0.085446
111800,0.119249,0.085446
111900,0.123005,0.085446
112000,0.116432,0.085446
112100,0.131455,0.085446
112200,0.132394,0.085446
112300,0.130516,0.085446
112400,0.120188,0.085446
112500,0.135211,0.085446
112600,0.126761,0.085446
112700,0.137089,0.085446
112800,0.118310,0.085446
112900,0.122066,0.085446
113000,0.123005,0.085446
113100,0.135211,0.085446
113200,0.126761,0.085446
113300,0.126761,0.085446
113400,0.130516,0.085446
113500,0.127700,0.085446
113600,0.115493,0.085446
113700,0.110798,0.085446
113800,0.135211,0.085446
113900,0.118310,0.085446
114000,0.121127,0.085446
114100,0.119249,0.085446
114200,0.111737,0.085446
114300,0.109859,0.085446
114400,0.123944,0.085446
114500,0.101408,0.085446
114600,0.120188,0.085446
114700,0.143662,0.085446
114800,0.130516,0.085446
114900,0.122066,0.085446
115000,0.113615,0.085446
115100,0.114554,0.085446
115200,0.133333,0.085446
115300,0.132394,0.085446
115400,0.115493,0.085446
115500,0.112676,0.085446
115600,0.127700,0.085446
115700,0.138028,0.085446
115800,0.119249,0.085446
115900,0.137089,0.085446
116000,0.126761,0.085446
116100,0.130516,0.085446
116200,0.129577,0.085446
116300,0.129577,0.085446
116400,0.132394,0.085446
116500,0.123944,0.085446
116600,0.125822,0.085446
116700,0.122066,0.085446
116800,0.129577,0.085446
116900,0.131455,0.085446
117000,0.119249,0.085446
117100,0.130516,0.085446
117200,0.118310,0.085446
117300,0.130516,0.085446
117400,0.124883,0.085446
117500,0.119249,0.085446
117600,0.129577,0.085446
117700,0.134272,0.085446
117800,0.123944,0.085446
117900,0.132394,0.085446
118000,0.137089,0.085446
118100,0.118310,0.085446
118200,0.133333,0.085446
118300,0.126761,0.085446
118400,0.127700,0.085446
118500,0.109859,0.085446
118600,0.117371,0.085446
118700,0.130516,0.085446
118800,0.128638,0.085446
118900,0.137089,0.085446
119000,0.127700,0.085446
119100,0.141784,0.085446
119200,0.144601,0.085446
119300,0.128638,0.085446
119400,0.119249,0.085446
119500,0.116432,0.085446
119600,0.116432,0.085446
119700,0.130516,0.085446
119800,0.123005,0.085446
119900,0.115493,0.085446
120000,0.132394,0.085446
120100,0.126761,0.085446
120200,0.134272,0.085446
120300,0.136150,0.085446
120400,0.117371,0.085446
120500,0.124883,0.085446
120600,0.118310,0.085446
120700,0.128638,0.085446
120800,0.129577,0.085446
120900,0.120188,0.085446
121000,0.126761,0.085446
121100,0.108920,0.085446
121200,0.123005,0.085446
121300,0.124883,0.085446
121400,0.122066,0.085446
121500,0.141784,0.085446
121600,0.123005,0.085446
121700,0.122066,0.085446
121800,0.134272,0.085446
121900,0.132394,0.085446
122000,0.135211,0.085446
122100,0.139906,0.085446
122200,0.147418,0.085446
122300,0.130516,0.085446
122400,0.114554,0.085446
122500,0.106103,0.085446
122600,0.109859,0.085446
122700,0.117371,0.085446
122800,0.119249,0.085446
122900,0.116432,0.085446
123000,0.123944,0.085446
123100,0.110798,0.085446
123200,0.115493,0.085446
123300,0.130516,0.085446
123400,0.130516,0.085446
123500,0.131455,0.085446
123600,0.138028,0.085446
123700,0.153052,0.085446
123800,0.139906,0.085446
123900,0.143662,0.085446
124000,0.128638,0.085446
124100,0.125822,0.085446
124200,0.127700,0.085446
124300,0.119249,0.085446
124400,0.108920,0.085446
124500,0.134272,0.085446
124600,0.124883,0.085446
124700,0.110798,0.085446
124800,0.123005,0.085446
124900,0.138967,0.085446
125000,0.135211,0.085446
125100,0.117371,0.085446
125200,0.110798,0.085446
125300,0.139906,0.085446
125400,0.128638,0.085446
125500,0.129577,0.085446
125600,0.123005,0.085446
125700,0.113615,0.085446
125800,0.111737,0.085446
125900,0.109859,0.085446
126000,0.126761,0.085446
126100,0.114554,0.085446
126200,0.108920,0.085446
126300,0.104225,0.085446
126400,0.132394,0.085446
126500,0.135211,0.085446
126600,0.130516,0.085446
126700,0.135211,0.085446
126800,0.126761,0.085446
126900,0.131455,0.085446
127000,0.136150,0.085446
127100,0.137089,0.085446
127200,0.133333,0.085446
127300,0.128638,0.085446
127400,0.111737,0.085446
127500,0.127700,0.085446
127600,0.132394,0.085446
127700,0.117371,0.085446
127800,0.128638,0.085446
127900,0.120188,0.085446
128000,0.144601,0.085446
128100,0.147418,0.085446
128200,0.136150,0.085446
128300,0.134272,0.085446
128400,0.126761,0.085446
128500,0.115493,0.085446
128600,0.109859,0.085446
128700,0.113615,0.085446
128800,0.130516,0.085446
128900,0.116432,0.085446
129000,0.121127,0.085446
129100,0.097653,0.085446
129200,0.117371,0.085446
129300,0.138967,0.085446
129400,0.131455,0.085446
129500,0.146479,0.085446
129600,0.121127,0.085446
129700,0.130516,0.085446
129800,0.135211,0.085446
129900,0.112676,0.085446
130000,0.098592,0.085446
130100,0.105164,0.085446
130200,0.131455,0.085446
130300,0.107981,0.085446
130400,0.114554,0.085446
130500,0.118310,0.085446
130600,0.124883,0.085446
130700,0.114554,0.085446
130800,0.115493,0.085446
130900,0.113615,0.085446
131000,0.112676,0.085446
131100,0.141784,0.085446
131200,0.140845,0.085446
131300,0.107981,0.085446
131400,0.124883,0.085446
131500,0.125822,0.085446
131600,0.140845,0.085446
131700,0.115493,0.085446
131800,0.120188,0.085446
131900,0.098592,0.085446
132000,0.126761,0.085446
132100,0.116432,0.085446
132200,0.123005,0.085446
132300,0.136150,0.085446
132400,0.143662,0.085446
132500,0.129577,0.085446
132600,0.130516,0.085446
132700,0.123944,0.085446
132800,0.105164,0.085446
132900,0.132394,0.085446
133000,0.143662,0.085446
133100,0.136150,0.085446
133200,0.128638,0.085446
133300,0.121127,0.085446
133400,0.112676,0.085446
133500,0.125822,0.085446
133600,0.126761,0.085446
133700,0.127700,0.085446
133800,0.127700,0.085446
133900,0.131455,0.085446
134000,0.120188,0.085446
134100,0.119249,0.085446
134200,0.123944,0.085446
134300,0.134272,0.085446
134400,0.138028,0.085446
134500,0.142723,0.085446
134600,0.107981,0.085446
134700,0.134272,0.085446
134800,0.133333,0.085446
134900,0.132394,0.085446
135000,0.130516,0.085446
135100,0.123944,0.085446
135200,0.138028,0.085446
135300,0.124883,0.085446
135400,0.126761,0.085446
135500,0.132394,0.085446
135600,0.153991,0.085446
135700,0.136150,0.085446
135800,0.116432,0.085446
135900,0.107042,0.085446
136000,0.103286,0.085446
136100,0.125822,0.085446
136200,0.118310,0.085446
136300,0.132394,0.085446
136400,0.137089,0.085446
136500,0.137089,0.085446
136600,0.109859,0.085446
136700,0.120188,0.085446
136800,0.129577,0.085446
136900,0.112676,0.085446
137000,0.125822,0.085446
137100,0.118310,0.085446
137200,0.116432,0.085446
137300,0.118310,0.085446
137400,0.126761,0.085446
137500,0.127700,0.085446
137600,0.108920,0.085446
137700,0.122066,0.085446
137800,0.109859,0.085446
137900,0.121127,0.085446
138000,0.107042,0.085446
138100,0.122066,0.085446
138200,0.117371,0.085446
138300,0.127700,0.085446
138400,0.123944,0.085446
138500,0.138967,0.085446
138600,0.139906,0.085446
138700,0.122066,0.085446
138800,0.143662,0.085446
138900,0.129577,0.085446
139000,0.109859,0.085446
139100,0.104225,0.085446
139200,0.120188,0.085446
139300,0.126761,0.085446
139400,0.140845,0.085446
139500,0.117371,0.085446
139600,0.127700,0.085446
139700,0.109859,0.085446
139800,0.121127,0.085446
139900,0.115493,0.085446
140000,0.127700,0.085446
140100,0.130516,0.085446
140200,0.128638,0.085446
140300,0.127700,0.085446
140400,0.125822,0.085446
140500,0.112676,0.085446
140600,0.132394,0.085446
140700,0.126761,0.085446
140800,0.120188,0.085446
140900,0.123005,0.085446
141000,0.114554,0.085446
141100,0.112676,0.085446
141200,0.135211,0.085446
141300,0.116432,0.085446
141400,0.128638,0.085446
141500,0.124883,0.085446
141600,0.112676,0.085446
141700,0.125822,0.085446
141800,0.130516,0.085446
141900,0.122066,0.085446
142000,0.115493,0.085446
142100,0.117371,0.085446
142200,0.113615,0.085446
142300,0.108920,0.085446
142400,0.098592,0.085446
142500,0.116432,0.085446
142600,0.151174,0.085446
142700,0.123005,0.085446
142800,0.127700,0.085446
142900,0.131455,0.085446
143000,0.114554,0.085446
143100,0.112676,0.085446
143200,0.129577,0.085446
143300,0.113615,0.085446
143400,0.119249,0.085446
143500,0.131455,0.085446
143600,0.125822,0.085446
143700,0.138028,0.085446
143800,0.138028,0.085446
143900,0.123944,0.085446
144000,0.138967,0.085446
144100,0.133333,0.085446
144200,0.115493,0.085446
144300,0.119249,0.085446
144400,0.119249,0.085446
144500,0.126761,0.085446
144600,0.120188,0.085446
144700,0.133333,0.085446
144800,0.145540,0.085446
144900,0.147418,0.085446
145000,0.136150,0.085446
145100,0.112676,0.085446
145200,0.115493,0.085446
145300,0.117371,0.085446
145400,0.126761,0.085446
145500,0.115493,0.085446
145600,0.123005,0.085446
145700,0.133333,0.085446
145800,0.130516,0.085446
145900,0.119249,0.085446
146000,0.118310,0.085446
146100,0.138967,0.085446
146200,0.128638,0.085446
146300,0.116432,0.085446
146400,0.138028,0.085446
146500,0.135211,0.085446
146600,0.136150,0.085446
146700,0.130516,0.085446
146800,0.129577,0.085446
146900,0.116432,0.085446
147000,0.137089,0.085446
147100,0.123944,0.085446
147200,0.122066,0.085446
147300,0.125822,0.085446
147400,0.118310,0.085446
147500,0.104225,0.085446
147600,0.098592,0.085446
147700,0.107042,0.085446
147800,0.133333,0.085446
147900,0.116432,0.085446
148000,0.129577,0.085446
148100,0.124883,0.085446
148200,0.107981,0.085446
148300,0.116432,0.085446
148400,0.119249,0.085446
148500,0.123944,0.085446
148600,0.135211,0.085446
148700,0.121127,0.085446
148800,0.120188,0.085446
148900,0.127700,0.085446
149000,0.134272,0.085446
149100,0.114554,0.085446
149200,0.110798,0.085446
149300,0.112676,0.085446
149400,0.104225,0.085446
149500,0.118310,0.085446
149600,0.115493,0.085446
149700,0.125822,0.085446
149800,0.103286,0.085446
149900,0.116432,0.085446
150000,0.116432,0.085446
150100,0.120188,0.085446
150200,0.124883,0.085446
150300,0.127700,0.085446
150400,0.119249,0.085446
150500,0.118310,0.085446
150600,0.143662,0.085446
150700,0.134272,0.085446
150800,0.138028,0.085446
150900,0.140845,0.085446
151000,0.105164,0.085446
151100,0.127700,0.085446
151200,0.120188,0.085446
151300,0.137089,0.085446
151400,0.101408,0.085446
151500,0.115493,0.085446
151600,0.110798,0.085446
151700,0.119249,0.085446
151800,0.118310,0.085446
151900,0.109859,0.085446
152000,0.100469,0.085446
152100,0.119249,0.085446
152200,0.137089,0.085446
152300,0.101408,0.085446
152400,0.119249,0.085446
152500,0.138028,0.085446
152600,0.127700,0.085446
152700,0.129577,0.085446
152800,0.115493,0.085446
152900,0.118310,0.085446
153000,0.125822,0.085446
153100,0.138028,0.085446
153200,0.129577,0.085446
153300,0.121127,0.085446
153400,0.120188,0.085446
153500,0.119249,0.085446
153600,0.113615,0.085446
153700,0.100469,0.085446
153800,0.121127,0.085446
153900,0.109859,0.085446
154000,0.133333,0.085446
154100,0.127700,0.085446
154200,0.129577,0.085446
154300,0.112676,0.085446
154400,0.119249,0.085446
154500,0.106103,0.085446
154600,0.114554,0.085446
154700,0.122066,0.085446
154800,0.124883,0.085446
154900,0.112676,0.085446
155000,0.123944,0.085446
155100,0.123005,0.085446
155200,0.130516,0.085446
155300,0.127700,0.085446
155400,0.129577,0.085446
155500,0.146479,0.085446
155600,0.139906,0.085446
155700,0.117371,0.085446
155800,0.106103,0.085446
155900,0.127700,0.085446
156000,0.131455,0.085446
156100,0.134272,0.085446
156200,0.140845,0.085446
156300,0.126761,0.085446
156400,0.138967,0.085446
156500,0.123944,0.085446
156600,0.121127,0.085446
156700,0.121127,0.085446
156800,0.107981,0.085446
156900,0.117371,0.085446
157000,0.132394,0.085446
157100,0.141784,0.085446
157200,0.129577,0.085446
157300,0.129577,0.085446
157400,0.118310,0.085446
157500,0.134272,0.085446
157600,0.129577,0.085446
157700,0.135211,0.085446
157800,0.128638,0.085446
157900,0.152113,0.085446
158000,0.124883,0.085446
158100,0.139906,0.085446
158200,0.121127,0.085446
158300,0.145540,0.085446
158400,0.133333,0.085446
158500,0.129577,0.085446
158600,0.124883,0.085446
158700,0.132394,0.085446
158800,0.116432,0.085446
158900,0.138967,0.085446
159000,0.116432,0.085446
159100,0.125822,0.085446
159200,0.139906,0.085446
159300,0.101408,0.085446
159400,0.115493,0.085446
159500,0.128638,0.085446
159600,0.123944,0.085446
159700,0.131455,0.085446
159800,0.113615,0.085446
159900,0.113615,0.085446
160000,0.124883,0.085446
160100,0.110798,0.085446
160200,0.118310,0.085446
160300,0.107042,0.085446
160400,0.111737,0.085446
160500,0.112676,0.085446
160600,0.117371,0.085446
160700,0.126761,0.085446
160800,0.129577,0.085446
160900,0.128638,0.085446
161000,0.137089,0.085446
161100,0.132394,0.085446
161200,0.121127,0.085446
161300,0.119249,0.085446
161400,0.123944,0.085446
161500,0.123005,0.085446
161600,0.115493,0.085446
161700,0.123005,0.085446
161800,0.114554,0.085446
161900,0.122066,0.085446
162000,0.129577,0.085446
162100,0.125822,0.085446
162200,0.126761,0.085446
162300,0.119249,0.085446
162400,0.121127,0.085446
162500,0.123944,0.085446
162600,0.120188,0.085446
162700,0.129577,0.085446
162800,0.125822,0.085446
162900,0.132394,0.085446
163000,0.134272,0.085446
163100,0.119249,0.085446
163200,0.123944,0.085446
163300,0.125822,0.085446
163400,0.135211,0.085446
163500,0.125822,0.085446
163600,0.131455,0.085446
163700,0.121127,0.085446
163800,0.128638,0.085446
163900,0.136150,0.085446
164000,0.130516,0.085446
164100,0.102347,0.085446
164200,0.118310,0.085446
164300,0.112676,0.085446
164400,0.126761,0.085446
164500,0.126761,0.085446
164600,0.127700,0.085446
164700,0.127700,0.085446
164800,0.130516,0.085446
164900,0.142723,0.085446
165000,0.143662,0.085446
165100,0.124883,0.085446
165200,0.130516,0.085446
165300,0.123944,0.085446
165400,0.118310,0.085446
165500,0.113615,0.085446
165600,0.115493,0.085446
165700,0.153991,0.085446
165800,0.138028,0.085446
165900,0.144601,0.085446
166000,0.116432,0.085446
166100,0.114554,0.085446
166200,0.123944,0.085446
166300,0.119249,0.085446
166400,0.120188,0.085446
166500,0.116432,0.085446
166600,0.132394,0.085446
166700,0.138967,0.085446
166800,0.135211,0.085446
166900,0.149296,0.085446
167000,0.123005,0.085446
167100,0.132394,0.085446
167200,0.122066,0.085446
167300,0.121127,0.085446
167400,0.135211,0.085446
167500,0.149296,0.085446
167600,0.135211,0.085446
167700,0.141784,0.085446
167800,0.145540,0.085446
167900,0.138967,0.085446
168000,0.131455,0.085446
168100,0.111737,0.085446
168200,0.124883,0.085446
168300,0.123005,0.085446
168400,0.134272,0.085446
168500,0.135211,0.085446
168600,0.112676,0.085446
168700,0.133333,0.085446
168800,0.103286,0.085446
168900,0.145540,0.085446
169000,0.127700,0.085446
169100,0.113615,0.085446
169200,0.120188,0.085446
169300,0.125822,0.085446
169400,0.140845,0.085446
169500,0.135211,0.085446
169600,0.121127,0.085446
169700,0.119249,0.085446
169800,0.132394,0.085446
169900,0.107981,0.085446
170000,0.109859,0.085446
170100,0.109859,0.085446
170200,0.114554,0.085446
170300,0.126761,0.085446
170400,0.124883,0.085446
170500,0.115493,0.085446
170600,0.116432,0.085446
170700,0.114554,0.085446
170800,0.108920,0.085446
170900,0.137089,0.085446
171000,0.142723,0.085446
171100,0.129577,0.085446
171200,0.132394,0.085446
171300,0.122066,0.085446
171400,0.149296,0.085446
171500,0.130516,0.085446
171600,0.123005,0.085446
171700,0.109859,0.085446
171800,0.125822,0.085446
171900,0.121127,0.085446
172000,0.124883,0.085446
172100,0.126761,0.085446
172200,0.119249,0.085446
172300,0.123005,0.085446
172400,0.123005,0.085446
172500,0.097653,0.085446
172600,0.122066,0.085446
172700,0.117371,0.085446
172800,0.124883,0.085446
172900,0.121127,0.085446
173000,0.125822,0.085446
173100,0.131455,0.085446
173200,0.130516,0.085446
173300,0.136150,0.085446
173400,0.137089,0.085446
173500,0.130516,0.085446
173600,0.113615,0.085446
173700,0.135211,0.085446
173800,0.129577,0.085446
173900,0.123005,0.085446
174000,0.131455,0.085446
174100,0.114554,0.085446
174200,0.123944,0.085446
174300,0.121127,0.085446
174400,0.125822,0.085446
174500,0.130516,0.085446
174600,0.146479,0.085446
174700,0.111737,0.085446
174800,0.121127,0.085446
174900,0.134272,0.085446
175000,0.128638,0.085446
175100,0.121127,0.085446
175200,0.118310,0.085446
175300,0.098592,0.085446
175400,0.095775,0.085446
175500,0.128638,0.085446
175600,0.115493,0.085446
175700,0.139906,0.085446
175800,0.114554,0.085446
175900,0.123005,0.085446
176000,0.111737,0.085446
176100,0.123944,0.085446
176200,0.107042,0.085446
176300,0.113615,0.085446
176400,0.108920,0.085446
176500,0.139906,0.085446
176600,0.139906,0.085446
176700,0.139906,0.085446
176800,0.138028,0.085446
176900,0.116432,0.085446
177000,0.123005,0.085446
177100,0.109859,0.085446
177200,0.131455,0.085446
177300,0.120188,0.085446
177400,0.124883,0.085446
177500,0.122066,0.085446
177600,0.123944,0.085446
177700,0.117371,0.085446
177800,0.105164,0.085446
177900,0.097653,0.085446
178000,0.109859,0.085446
178100,0.122066,0.085446
178200,0.116432,0.085446
178300,0.125822,0.085446
178400,0.115493,0.085446
178500,0.128638,0.085446
178600,0.118310,0.085446
178700,0.123005,0.085446
178800,0.113615,0.085446
178900,0.116432,0.085446
179000,0.127700,0.085446
179100,0.121127,0.085446
179200,0.114554,0.085446
179300,0.144601,0.085446
179400,0.127700,0.085446
179500,0.118310,0.085446
179600,0.137089,0.085446
179700,0.138967,0.085446
179800,0.126761,0.085446
179900,0.116432,0.085446
180000,0.129577,0.085446
180100,0.122066,0.085446
180200,0.130516,0.085446
180300,0.141784,0.085446
180400,0.134272,0.085446
180500,0.136150,0.085446
180600,0.140845,0.085446
180700,0.111737,0.085446
180800,0.120188,0.085446
180900,0.118310,0.085446
181000,0.113615,0.085446
181100,0.108920,0.085446
181200,0.110798,0.085446
181300,0.124883,0.085446
181400,0.145540,0.085446
181500,0.126761,0.085446
181600,0.133333,0.085446
181700,0.127700,0.085446
181800,0.118310,0.085446
181900,0.125822,0.085446
182000,0.115493,0.085446
182100,0.123944,0.085446
182200,0.121127,0.085446
182300,0.132394,0.085446
182400,0.127700,0.085446
182500,0.121127,0.085446
182600,0.137089,0.085446
182700,0.126761,0.085446
182800,0.109859,0.085446
182900,0.104225,0.085446
183000,0.113615,0.085446
183100,0.111737,0.085446
183200,0.115493,0.085446
183300,0.123944,0.085446
183400,0.107042,0.085446
183500,0.095775,0.085446
183600,0.123944,0.085446
183700,0.131455,0.085446
183800,0.101408,0.085446
183900,0.106103,0.085446
184000,0.112676,0.085446
184100,0.121127,0.085446
184200,0.138028,0.085446
184300,0.137089,0.085446
184400,0.110798,0.085446
184500,0.120188,0.085446
184600,0.112676,0.085446
184700,0.122066,0.085446
184800,0.119249,0.085446
184900,0.122066,0.085446
185000,0.110798,0.085446
185100,0.119249,0.085446
185200,0.119249,0.085446
185300,0.109859,0.085446
185400,0.126761,0.085446
185500,0.154930,0.085446
185600,0.148357,0.085446
185700,0.138028,0.085446
185800,0.116432,0.085446
185900,0.097653,0.085446
186000,0.098592,0.085446
186100,0.110798,0.085446
186200,0.125822,0.085446
186300,0.115493,0.085446
186400,0.134272,0.085446
186500,0.114554,0.085446
186600,0.125822,0.085446
186700,0.123944,0.085446
186800,0.110798,0.085446
186900,0.127700,0.085446
187000,0.131455,0.085446
187100,0.120188,0.085446
187200,0.119249,0.085446
187300,0.142723,0.085446
187400,0.140845,0.085446
187500,0.123005,0.085446
187600,0.129577,0.085446
187700,0.120188,0.085446
187800,0.128638,0.085446
187900,0.121127,0.085446
188000,0.109859,0.085446
188100,0.128638,0.085446
188200,0.126761,0.085446
188300,0.114554,0.085446
188400,0.135211,0.085446
188500,0.125822,0.085446
188600,0.134272,0.085446
188700,0.126761,0.085446
188800,0.115493,0.085446
188900,0.123005,0.085446
189000,0.122066,0.085446
189100,0.112676,0.085446
189200,0.110798,0.085446
189300,0.124883,0.085446
189400,0.121127,0.085446
189500,0.114554,0.085446
189600,0.132394,0.085446
189700,0.141784,0.085446
189800,0.104225,0.085446
189900,0.132394,0.085446
190000,0.138967,0.085446
190100,0.135211,0.085446
190200,0.121127,0.085446
190300,0.123005,0.085446
190400,0.126761,0.085446
190500,0.140845,0.085446
190600,0.134272,0.085446
190700,0.129577,0.085446
190800,0.109859,0.085446
190900,0.126761,0.085446
191000,0.135211,0.085446
191100,0.134272,0.085446
191200,0.128638,0.085446
191300,0.117371,0.085446
191400,0.127700,0.085446
191500,0.128638,0.085446
191600,0.123944,0.085446
191700,0.123944,0.085446
191800,0.115493,0.085446
191900,0.122066,0.085446
192000,0.104225,0.085446
192100,0.120188,0.085446
192200,0.120188,0.085446
192300,0.141784,0.085446
192400,0.143662,0.085446
192500,0.130516,0.085446
192600,0.138028,0.085446
192700,0.138028,0.085446
192800,0.119249,0.085446
192900,0.128638,0.085446
193000,0.116432,0.085446
193100,0.106103,0.085446
193200,0.130516,0.085446
193300,0.123944,0.085446
193400,0.098592,0.085446
193500,0.110798,0.085446
193600,0.120188,0.085446
193700,0.122066,0.085446
193800,0.115493,0.085446
193900,0.114554,0.085446
194000,0.121127,0.085446
194100,0.130516,0.085446
194200,0.129577,0.085446
194300,0.095775,0.085446
194400,0.115493,0.085446
194500,0.122066,0.085446
194600,0.133333,0.085446
194700,0.135211,0.085446
194800,0.129577,0.085446
194900,0.117371,0.085446
195000,0.123005,0.085446
195100,0.123944,0.085446
195200,0.130516,0.085446
195300,0.115493,0.085446
195400,0.125822,0.085446
195500,0.114554,0.085446
195600,0.115493,0.085446
195700,0.123005,0.085446
195800,0.131455,0.085446
195900,0.137089,0.085446
196000,0.119249,0.085446
196100,0.123005,0.085446
196200,0.132394,0.085446
196300,0.107042,0.085446
196400,0.106103,0.085446
196500,0.143662,0.085446
196600,0.117371,0.085446
196700,0.115493,0.085446
196800,0.115493,0.085446
196900,0.126761,0.085446
197000,0.124883,0.085446
197100,0.113615,0.085446
197200,0.103286,0.085446
197300,0.128638,0.085446
197400,0.113615,0.085446
197500,0.123005,0.085446
197600,0.118310,0.085446
197700,0.123944,0.085446
197800,0.105164,0.085446
197900,0.130516,0.085446
198000,0.144601,0.085446
198100,0.125822,0.085446
198200,0.115493,0.085446
198300,0.124883,0.085446
198400,0.134272,0.085446
198500,0.129577,0.085446
198600,0.118310,0.085446
198700,0.101408,0.085446
198800,0.120188,0.085446
198900,0.123944,0.085446
199000,0.114554,0.085446
199100,0.110798,0.085446
199200,0.109859,0.085446
199300,0.122066,0.085446
199400,0.127700,0.085446
199500,0.134272,0.085446
199600,0.131455,0.085446
199700,0.123005,0.085446
199800,0.128638,0.085446
199900,0.123005,0.085446
200000,0.148357,0.085446
200100,0.123005,0.085446
200200,0.132394,0.085446
200300,0.143662,0.085446
200400,0.131455,0.085446
200500,0.131455,0.085446
200600,0.134272,0.085446
200700,0.127700,0.085446
200800,0.117371,0.085446
200900,0.132394,0.085446
201000,0.133333,0.085446
201100,0.142723,0.085446
201200,0.128638,0.085446
201300,0.133333,0.085446
201400,0.120188,0.085446
201500,0.117371,0.085446
201600,0.134272,0.085446
201700,0.123944,0.085446
201800,0.132394,0.085446
201900,0.121127,0.085446
202000,0.136150,0.085446
202100,0.144601,0.085446
202200,0.129577,0.085446
202300,0.125822,0.085446
202400,0.126761,0.085446
202500,0.111737,0.085446
202600,0.111737,0.085446
202700,0.129577,0.085446
202800,0.117371,0.085446
202900,0.124883,0.085446
203000,0.123944,0.085446
203100,0.123005,0.085446
203200,0.096714,0.085446
203300,0.121127,0.085446
203400,0.124883,0.085446
203500,0.126761,0.085446
203600,0.128638,0.085446
203700,0.124883,0.085446
203800,0.124883,0.085446
203900,0.120188,0.085446
204000,0.110798,0.085446
204100,0.125822,0.085446
204200,0.123944,0.085446
204300,0.104225,0.085446
204400,0.114554,0.085446
204500,0.121127,0.085446
204600,0.123944,0.085446
204700,0.122066,0.085446
204800,0.112676,0.085446
204900,0.148357,0.085446
205000,0.137089,0.085446
205100,0.133333,0.085446
205200,0.136150,0.085446
205300,0.128638,0.085446
205400,0.120188,0.085446
205500,0.128638,0.085446
205600,0.123005,0.085446
205700,0.131455,0.085446
205800,0.123005,0.085446
205900,0.115493,0.085446
206000,0.123944,0.085446
206100,0.119249,0.085446
206200,0.127700,0.085446
206300,0.123944,0.085446
206400,0.130516,0.085446
206500,0.130516,0.085446
206600,0.139906,0.085446
206700,0.132394,0.085446
206800,0.130516,0.085446
206900,0.126761,0.085446
207000,0.109859,0.085446
207100,0.114554,0.085446
207200,0.127700,0.085446
207300,0.133333,0.085446
207400,0.121127,0.085446
207500,0.133333,0.085446
207600,0.134272,0.085446
207700,0.122066,0.085446
207800,0.138967,0.085446
207900,0.113615,0.085446
208000,0.126761,0.085446
208100,0.125822,0.085446
208200,0.107981,0.085446
208300,0.108920,0.085446
208400,0.118310,0.085446
208500,0.108920,0.085446
208600,0.117371,0.085446
208700,0.112676,0.085446
208800,0.134272,0.085446
208900,0.133333,0.085446
209000,0.138967,0.085446
209100,0.131455,0.085446
209200,0.137089,0.085446
209300,0.131455,0.085446
209400,0.135211,0.085446
209500,0.126761,0.085446
209600,0.125822,0.085446
209700,0.121127,0.085446
209800,0.136150,0.085446
209900,0.141784,0.085446
210000,0.111737,0.085446
210100,0.136150,0.085446
210200,0.114554,0.085446
210300,0.112676,0.085446
210400,0.117371,0.085446
210500,0.123005,0.085446
210600,0.128638,0.085446
210700,0.110798,0.085446
210800,0.118310,0.085446
210900,0.129577,0.085446
211000,0.123944,0.085446
211100,0.108920,0.085446
211200,0.113615,0.085446
211300,0.125822,0.085446
211400,0.135211,0.085446
211500,0.147418,0.085446
211600,0.144601,0.085446
211700,0.115493,0.085446
211800,0.111737,0.085446
211900,0.122066,0.085446
212000,0.125822,0.085446
212100,0.134272,0.085446
212200,0.113615,0.085446
212300,0.136150,0.085446
212400,0.119249,0.085446
212500,0.135211,0.085446
212600,0.136150,0.085446
212700,0.133333,0.085446
212800,0.127700,0.085446
212900,0.102347,0.085446
213000,0.113615,0.085446
213100,0.128638,0.085446
213200,0.128638,0.085446
213300,0.128638,0.085446
213400,0.123005,0.085446
213500,0.130516,0.085446
213600,0.108920,0.085446
213700,0.113615,0.085446
213800,0.125822,0.085446
213900,0.101408,0.085446
214000,0.105164,0.085446
214100,0.113615,0.085446
214200,0.126761,0.085446
214300,0.123944,0.085446
214400,0.107981,0.085446
214500,0.123944,0.085446
214600,0.106103,0.085446
214700,0.117371,0.085446
214800,0.128638,0.085446
214900,0.127700,0.085446
215000,0.128638,0.085446
215100,0.128638,0.085446
215200,0.130516,0.085446
215300,0.125822,0.085446
215400,0.123005,0.085446
215500,0.122066,0.085446
215600,0.133333,0.085446
215700,0.131455,0.085446
215800,0.122066,0.085446
215900,0.140845,0.085446
216000,0.121127,0.085446
216100,0.118310,0.085446
216200,0.119249,0.085446
216300,0.134272,0.085446
216400,0.134272,0.085446
216500,0.130516,0.085446
216600,0.142723,0.085446
216700,0.114554,0.085446
216800,0.120188,0.085446
216900,0.121127,0.085446
217000,0.128638,0.085446
217100,0.131455,0.085446
217200,0.124883,0.085446
217300,0.117371,0.085446
217400,0.117371,0.085446
217500,0.135211,0.085446
217600,0.126761,0.085446
217700,0.118310,0.085446
217800,0.133333,0.085446
217900,0.124883,0.085446
218000,0.115493,0.085446
218100,0.145540,0.085446
218200,0.138967,0.085446
218300,0.110798,0.085446
218400,0.106103,0.085446
218500,0.123005,0.085446
218600,0.098592,0.085446
218700,0.115493,0.085446
218800,0.131455,0.085446
218900,0.117371,0.085446
219000,0.125822,0.085446
219100,0.124883,0.085446
219200,0.135211,0.085446
219300,0.123944,0.085446
219400,0.117371,0.085446
219500,0.115493,0.085446
219600,0.121127,0.085446
219700,0.125822,0.085446
219800,0.130516,0.085446
219900,0.134272,0.085446
220000,0.138028,0.085446
220100,0.130516,0.085446
220200,0.120188,0.085446
220300,0.117371,0.085446
220400,0.139906,0.085446
220500,0.128638,0.085446
220600,0.109859,0.085446
220700,0.128638,0.085446
220800,0.125822,0.085446
220900,0.124883,0.085446
221000,0.126761,0.085446
221100,0.125822,0.085446
221200,0.135211,0.085446
221300,0.141784,0.085446
221400,0.132394,0.085446
221500,0.126761,0.085446
221600,0.127700,0.085446
221700,0.117371,0.085446
221800,0.129577,0.085446
221900,0.107981,0.085446
222000,0.129577,0.085446
222100,0.121127,0.085446
222200,0.115493,0.085446
222300,0.120188,0.085446
222400,0.117371,0.085446
222500,0.134272,0.085446
222600,0.110798,0.085446
222700,0.119249,0.085446
222800,0.133333,0.085446
222900,0.144601,0.085446
223000,0.126761,0.085446
223100,0.138967,0.085446
223200,0.151174,0.085446
223300,0.134272,0.085446
223400,0.126761,0.085446
223500,0.112676,0.085446
223600,0.116432,0.085446
223700,0.114554,0.085446
223800,0.118310,0.085446
223900,0.120188,0.085446
224000,0.129577,0.085446
224100,0.127700,0.085446
224200,0.122066,0.085446
224300,0.114554,0.085446
224400,0.116432,0.085446
224500,0.114554,0.085446
224600,0.146479,0.085446
224700,0.110798,0.085446
224800,0.127700,0.085446
224900,0.125822,0.085446
225000,0.116432,0.085446
225100,0.110798,0.085446
225200,0.138028,0.085446
225300,0.128638,0.085446
225400,0.133333,0.085446
225500,0.100469,0.085446
225600,0.102347,0.083568
225700,0.134272,0.083568
225800,0.107981,0.083568
225900,0.096714,0.083568
226000,0.104225,0.083568
226100,0.111737,0.083568
226200,0.120188,0.083568
226300,0.127700,0.083568
226400,0.127700,0.083568
226500,0.146479,0.083568
226600,0.125822,0.083568
226700,0.123005,0.083568
226800,0.110798,0.083568
226900,0.112676,0.083568
227000,0.119249,0.083568
227100,0.123944,0.083568
227200,0.111737,0.083568
227300,0.129577,0.083568
227400,0.122066,0.083568
227500,0.120188,0.083568
227600,0.127700,0.083568
227700,0.128638,0.083568
227800,0.126761,0.083568
227900,0.132394,0.083568
228000,0.114554,0.083568
228100,0.137089,0.083568
228200,0.116432,0.083568
228300,0.122066,0.083568
228400,0.126761,0.083568
228500,0.121127,0.083568
228600,0.113615,0.083568
228700,0.125822,0.083568
228800,0.127700,0.083568
228900,0.126761,0.083568
229000,0.123005,0.083568
229100,0.124883,0.083568
229200,0.124883,0.083568
229300,0.119249,0.083568
229400,0.114554,0.083568
229500,0.112676,0.083568
229600,0.128638,0.083568
229700,0.121127,0.083568
229800,0.120188,0.083568
229900,0.107042,0.083568
230000,0.127700,0.083568
230100,0.128638,0.083568
230200,0.143662,0.083568
230300,0.144601,0.083568
230400,0.129577,0.083568
230500,0.113615,0.083568
230600,0.127700,0.083568
230700,0.126761,0.083568
230800,0.124883,0.083568
230900,0.123005,0.083568
231000,0.125822,0.083568
231100,0.141784,0.083568
231200,0.123005,0.083568
231300,0.133333,0.083568
231400,0.129577,0.083568
231500,0.135211,0.083568
231600,0.111737,0.083568
231700,0.129577,0.083568
231800,0.120188,0.083568
231900,0.127700,0.083568
232000,0.125822,0.083568
232100,0.118310,0.083568
232200,0.125822,0.083568
232300,0.123944,0.083568
232400,0.142723,0.083568
232500,0.128638,0.083568
232600,0.108920,0.083568
232700,0.116432,0.083568
232800,0.111737,0.083568
232900,0.131455,0.083568
233000,0.122066,0.083568
233100,0.130516,0.083568
233200,0.123944,0.083568
233300,0.124883,0.083568
233400,0.126761,0.083568
233500,0.117371,0.083568
233600,0.145540,0.083568
233700,0.125822,0.083568
233800,0.137089,0.083568
233900,0.134272,0.083568
234000,0.127700,0.083568
234100,0.138967,0.083568
234200,0.133333,0.083568
234300,0.146479,0.083568
234400,0.127700,0.083568
234500,0.126761,0.083568
234600,0.120188,0.083568
234700,0.130516,0.083568
234800,0.100469,0.083568
234900,0.118310,0.083568
235000,0.109859,0.083568
235100,0.138967,0.083568
235200,0.120188,0.083568
235300,0.124883,0.083568
235400,0.114554,0.083568
235500,0.117371,0.083568
235600,0.110798,0.083568
235700,0.131455,0.083568
235800,0.118310,0.083568
235900,0.125822,0.083568
236000,0.116432,0.083568
236100,0.120188,0.083568
236200,0.122066,0.083568
236300,0.134272,0.083568
236400,0.115493,0.083568
236500,0.122066,0.083568
236600,0.107981,0.083568
236700,0.109859,0.083568
236800,0.128638,0.083568
236900,0.113615,0.083568
237000,0.125822,0.083568
237100,0.122066,0.083568
237200,0.118310,0.083568
237300,0.111737,0.083568
237400,0.105164,0.083568
237500,0.130516,0.083568
237600,0.130516,0.083568
237700,0.126761,0.083568
237800,0.115493,0.083568
237900,0.131455,0.083568
238000,0.113615,0.083568
238100,0.111737,0.083568
238200,0.123944,0.083568
238300,0.107981,0.083568
238400,0.123005,0.083568
238500,0.122066,0.083568
238600,0.117371,0.083568
238700,0.120188,0.083568
238800,0.137089,0.083568
238900,0.130516,0.083568
239000,0.117371,0.083568
239100,0.110798,0.083568
239200,0.124883,0.083568
239300,0.116432,0.083568
239400,0.122066,0.083568
239500,0.105164,0.083568
239600,0.116432,0.083568
239700,0.134272,0.083568
239800,0.131455,0.083568
239900,0.129577,0.083568
240000,0.124883,0.083568
240100,0.130516,0.083568
240200,0.137089,0.083568
240300,0.135211,0.083568
240400,0.143662,0.083568
240500,0.144601,0.083568
240600,0.123005,0.083568
240700,0.132394,0.083568
240800,0.126761,0.083568
240900,0.110798,0.083568
241000,0.121127,0.083568
241100,0.125822,0.083568
241200,0.135211,0.083568
241300,0.122066,0.083568
241400,0.115493,0.083568
241500,0.124883,0.083568
241600,0.138028,0.083568
241700,0.140845,0.083568
241800,0.138028,0.083568
241900,0.127700,0.083568
242000,0.123944,0.083568
242100,0.136150,0.083568
242200,0.138028,0.083568
242300,0.143662,0.083568
242400,0.139906,0.083568
242500,0.127700,0.083568
242600,0.134272,0.083568
242700,0.109859,0.083568
242800,0.118310,0.083568
242900,0.107981,0.083568
243000,0.133333,0.083568
243100,0.129577,0.083568
243200,0.121127,0.083568
243300,0.121127,0.083568
243400,0.139906,0.083568
243500,0.121127,0.083568
243600,0.116432,0.083568
243700,0.118310,0.083568
243800,0.107981,0.083568
243900,0.109859,0.083568
244000,0.143662,0.083568
244100,0.105164,0.083568
244200,0.116432,0.083568
244300,0.107981,0.083568
244400,0.120188,0.083568
244500,0.125822,0.083568
244600,0.127700,0.083568
244700,0.127700,0.083568
244800,0.128638,0.083568
244900,0.117371,0.083568
245000,0.123944,0.083568
245100,0.111737,0.083568
245200,0.124883,0.083568
245300,0.130516,0.083568
245400,0.117371,0.083568
245500,0.122066,0.083568
245600,0.142723,0.083568
245700,0.144601,0.083568
245800,0.134272,0.083568
245900,0.126761,0.083568
246000,0.139906,0.083568
246100,0.134272,0.083568
246200,0.126761,0.083568
246300,0.142723,0.083568
246400,0.147418,0.083568
246500,0.116432,0.083568
246600,0.127700,0.083568
246700,0.139906,0.083568
246800,0.125822,0.083568
246900,0.119249,0.083568
247000,0.129577,0.083568
247100,0.100469,0.083568
247200,0.123005,0.083568
247300,0.143662,0.083568
247400,0.121127,0.083568
247500,0.134272,0.083568
247600,0.110798,0.083568
247700,0.103286,0.083568
247800,0.124883,0.083568
247900,0.110798,0.083568
248000,0.136150,0.083568
248100,0.109859,0.083568
248200,0.112676,0.083568
248300,0.121127,0.083568
248400,0.125822,0.083568
248500,0.104225,0.083568
248600,0.123005,0.083568
248700,0.119249,0.083568
248800,0.128638,0.083568
248900,0.136150,0.083568
249000,0.120188,0.083568
249100,0.123944,0.083568
249200,0.137089,0.083568
249300,0.125822,0.083568
249400,0.141784,0.083568
249500,0.115493,0.083568
249600,0.125822,0.083568
249700,0.128638,0.083568
249800,0.117371,0.083568
249900,0.129577,0.083568
250000,0.108920,0.083568
250100,0.120188,0.083568
250200,0.126761,0.083568
250300,0.128638,0.083568
250400,0.111737,0.083568
250500,0.103286,0.083568
250600,0.144601,0.083568
250700,0.134272,0.083568
250800,0.128638,0.083568
250900,0.111737,0.083568
251000,0.126761,0.083568
251100,0.134272,0.083568
251200,0.118310,0.083568
251300,0.124883,0.083568
251400,0.123944,0.083568
251500,0.129577,0.083568
251600,0.126761,0.083568
251700,0.124883,0.083568
251800,0.124883,0.083568
251900,0.120188,0.083568
252000,0.118310,0.083568
252100,0.121127,0.083568
252200,0.125822,0.083568
252300,0.119249,0.083568
252400,0.123005,0.083568
252500,0.140845,0.083568
252600,0.126761,0.083568
252700,0.130516,0.083568
252800,0.127700,0.083568
252900,0.128638,0.083568
253000,0.110798,0.083568
253100,0.126761,0.083568
253200,0.123944,0.083568
253300,0.115493,0.083568
253400,0.122066,0.083568
253500,0.139906,0.083568
253600,0.115493,0.083568
253700,0.142723,0.083568
253800,0.112676,0.083568
253900,0.115493,0.083568
254000,0.124883,0.083568
254100,0.129577,0.083568
254200,0.120188,0.083568
254300,0.132394,0.083568
254400,0.123944,0.083568
254500,0.106103,0.083568
254600,0.113615,0.083568
254700,0.114554,0.083568
254800,0.119249,0.083568
254900,0.106103,0.083568
255000,0.133333,0.083568
255100,0.111737,0.083568
255200,0.126761,0.083568
255300,0.109859,0.083568
255400,0.097653,0.083568
255500,0.127700,0.083568
255600,0.125822,0.083568
255700,0.124883,0.083568
255800,0.123944,0.083568
255900,0.126761,0.083568
256000,0.117371,0.083568
256100,0.105164,0.083568
256200,0.132394,0.083568
256300,0.134272,0.083568
256400,0.120188,0.083568
256500,0.133333,0.083568
256600,0.120188,0.083568
256700,0.125822,0.083568
256800,0.146479,0.083568
256900,0.144601,0.083568
257000,0.136150,0.083568
257100,0.113615,0.083568
257200,0.116432,0.083568
257300,0.123944,0.083568
257400,0.098592,0.083568
257500,0.104225,0.083568
257600,0.115493,0.083568
257700,0.116432,0.083568
257800,0.115493,0.083568
257900,0.124883,0.083568
258000,0.141784,0.083568
258100,0.115493,0.083568
258200,0.124883,0.083568
258300,0.144601,0.083568
258400,0.137089,0.083568
258500,0.125822,0.083568
258600,0.139906,0.083568
258700,0.113615,0.083568
258800,0.129577,0.083568
258900,0.131455,0.083568
259000,0.125822,0.083568
259100,0.117371,0.083568
259200,0.123005,0.083568
259300,0.123005,0.083568
259400,0.111737,0.083568
259500,0.136150,0.083568
259600,0.116432,0.083568
259700,0.119249,0.083568
259800,0.113615,0.083568
259900,0.118310,0.083568
260000,0.109859,0.083568
260100,0.126761,0.083568
260200,0.118310,0.083568
260300,0.114554,0.083568
260400,0.117371,0.083568
260500,0.109859,0.083568
260600,0.130516,0.083568
260700,0.113615,0.083568
260800,0.129577,0.083568
260900,0.130516,0.083568
261000,0.138028,0.083568
261100,0.136150,0.083568
261200,0.140845,0.083568
261300,0.138028,0.083568
261400,0.131455,0.083568
261500,0.103286,0.083568
261600,0.114554,0.083568
261700,0.134272,0.083568
261800,0.113615,0.083568
261900,0.115493,0.083568
262000,0.109859,0.083568
262100,0.128638,0.083568
262200,0.135211,0.083568
262300,0.125822,0.083568
262400,0.121127,0.083568
262500,0.138967,0.083568
262600,0.143662,0.083568
262700,0.128638,0.083568
262800,0.134272,0.083568
262900,0.142723,0.083568
263000,0.123005,0.083568
263100,0.115493,0.083568
263200,0.138967,0.083568
263300,0.128638,0.083568
263400,0.133333,0.083568
263500,0.152113,0.083568
263600,0.122066,0.083568
263700,0.118310,0.083568
263800,0.128638,0.083568
263900,0.130516,0.083568
264000,0.133333,0.083568
264100,0.128638,0.083568
264200,0.133333,0.083568
264300,0.129577,0.083568
264400,0.126761,0.083568
264500,0.122066,0.083568
264600,0.127700,0.083568
264700,0.130516,0.083568
264800,0.118310,0.083568
264900,0.136150,0.083568
265000,0.124883,0.083568
265100,0.125822,0.083568
265200,0.130516,0.083568
265300,0.115493,0.083568
265400,0.123944,0.083568
265500,0.137089,0.083568
265600,0.118310,0.083568
265700,0.124883,0.083568
265800,0.134272,0.083568
265900,0.130516,0.083568
266000,0.136150,0.083568
266100,0.130516,0.083568
266200,0.125822,0.083568
266300,0.123005,0.083568
266400,0.141784,0.083568
266500,0.136150,0.083568
266600,0.136150,0.083568
266700,0.126761,0.083568
266800,0.123944,0.083568
266900,0.130516,0.083568
267000,0.130516,0.083568
267100,0.149296,0.083568
267200,0.130516,0.083568
267300,0.125822,0.083568
267400,0.111737,0.083568
267500,0.114554,0.083568
267600,0.128638,0.083568
267700,0.124883,0.083568
267800,0.113615,0.083568
267900,0.125822,0.083568
268000,0.105164,0.083568
268100,0.140845,0.083568
268200,0.111737,0.083568
268300,0.126761,0.083568
268400,0.138028,0.083568
268500,0.123944,0.083568
268600,0.129577,0.083568
268700,0.149296,0.083568
268800,0.138967,0.083568
268900,0.125822,0.083568
269000,0.137089,0.083568
269100,0.131455,0.083568
269200,0.128638,0.083568
269300,0.115493,0.083568
269400,0.124883,0.083568
269500,0.142723,0.083568
269600,0.137089,0.083568
269700,0.125822,0.083568
269800,0.128638,0.083568
269900,0.129577,0.083568
270000,0.127700,0.083568
270100,0.128638,0.083568
270200,0.114554,0.083568
270300,0.130516,0.083568
270400,0.125822,0.083568
270500,0.122066,0.083568
270600,0.124883,0.083568
270700,0.117371,0.083568
270800,0.123944,0.083568
270900,0.133333,0.083568
271000,0.122066,0.083568
271100,0.138028,0.083568
271200,0.128638,0.083568
271300,0.142723,0.083568
271400,0.150235,0.083568
271500,0.144601,0.083568
271600,0.119249,0.083568
271700,0.122066,0.083568
271800,0.127700,0.083568
271900,0.119249,0.083568
272000,0.140845,0.083568
272100,0.130516,0.083568
272200,0.120188,0.083568
272300,0.119249,0.083568
272400,0.122066,0.083568
272500,0.133333,0.083568
272600,0.122066,0.083568
272700,0.110798,0.083568
272800,0.133333,0.083568
272900,0.115493,0.083568
273000,0.120188,0.083568
273100,0.107042,0.083568
273200,0.126761,0.083568
273300,0.129577,0.083568
273400,0.100469,0.083568
273500,0.119249,0.083568
273600,0.135211,0.083568
273700,0.142723,0.083568
273800,0.127700,0.083568
273900,0.116432,0.083568
274000,0.136150,0.083568
274100,0.133333,0.083568
274200,0.132394,0.083568
274300,0.121127,0.083568
274400,0.124883,0.083568
274500,0.135211,0.083568
274600,0.115493,0.083568
274700,0.125822,0.083568
274800,0.123944,0.083568
274900,0.116432,0.083568
275000,0.126761,0.083568
275100,0.115493,0.083568
275200,0.124883,0.083568
275300,0.140845,0.083568
275400,0.114554,0.083568
275500,0.123005,0.083568
275600,0.105164,0.083568
275700,0.120188,0.083568
275800,0.125822,0.083568
275900,0.125822,0.083568
276000,0.128638,0.083568
276100,0.110798,0.083568
276200,0.122066,0.083568
276300,0.113615,0.083568
276400,0.123944,0.083568
276500,0.119249,0.083568
276600,0.115493,0.083568
276700,0.141784,0.083568
276800,0.128638,0.083568
276900,0.122066,0.083568
277000,0.119249,0.083568
277100,0.123944,0.083568
277200,0.123944,0.083568
277300,0.146479,0.083568
277400,0.128638,0.083568
277500,0.121127,0.083568
277600,0.123005,0.083568
277700,0.120188,0.083568
277800,0.113615,0.083568
277900,0.106103,0.083568
278000,0.125822,0.083568
278100,0.132394,0.083568
278200,0.138028,0.083568
278300,0.117371,0.083568
278400,0.121127,0.083568
278500,0.117371,0.083568
278600,0.127700,0.083568
278700,0.135211,0.083568
278800,0.135211,0.083568
278900,0.134272,0.083568
279000,0.138967,0.083568
279100,0.123005,0.083568
279200,0.130516,0.083568
279300,0.130516,0.083568
279400,0.127700,0.083568
279500,0.123005,0.083568
279600,0.122066,0.083568
279700,0.126761,0.083568
279800,0.127700,0.083568
279900,0.115493,0.083568
280000,0.138028,0.083568
280100,0.138028,0.083568
280200,0.129577,0.083568
280300,0.119249,0.083568
280400,0.116432,0.083568
280500,0.133333,0.083568
280600,0.129577,0.083568
280700,0.140845,0.083568
280800,0.129577,0.083568
280900,0.141784,0.083568
281000,0.124883,0.083568
281100,0.130516,0.083568
281200,0.153052,0.083568
281300,0.130516,0.083568
281400,0.133333,0.083568
281500,0.111737,0.083568
281600,0.126761,0.083568
281700,0.135211,0.083568
281800,0.118310,0.083568
281900,0.113615,0.083568
282000,0.123005,0.083568
282100,0.126761,0.083568
282200,0.100469,0.083568
282300,0.104225,0.083568
282400,0.102347,0.083568
282500,0.098592,0.083568
282600,0.107981,0.083568
282700,0.107042,0.083568
282800,0.121127,0.083568
282900,0.115493,0.083568
283000,0.117371,0.083568
283100,0.127700,0.083568
283200,0.112676,0.083568
283300,0.127700,0.083568
283400,0.115493,0.083568
283500,0.112676,0.083568
283600,0.147418,0.083568
283700,0.132394,0.083568
283800,0.134272,0.083568
283900,0.120188,0.083568
284000,0.115493,0.083568
284100,0.128638,0.083568
284200,0.118310,0.083568
284300,0.113615,0.083568
284400,0.111737,0.083568
284500,0.138028,0.083568
284600,0.142723,0.083568
284700,0.138028,0.083568
284800,0.140845,0.083568
284900,0.125822,0.083568
285000,0.121127,0.083568
285100,0.110798,0.083568
285200,0.123005,0.083568
285300,0.143662,0.083568
285400,0.121127,0.083568
285500,0.125822,0.083568
285600,0.115493,0.083568
285700,0.130516,0.083568
285800,0.138028,0.083568
285900,0.117371,0.083568
286000,0.132394,0.083568
286100,0.122066,0.083568
286200,0.122066,0.083568
286300,0.105164,0.083568
286400,0.113615,0.083568
286500,0.119249,0.083568
286600,0.120188,0.083568
286700,0.112676,0.083568
286800,0.115493,0.083568
286900,0.123944,0.083568
287000,0.114554,0.083568
287100,0.137089,0.083568
287200,0.123005,0.083568
287300,0.153991,0.083568
287400,0.133333,0.083568
287500,0.131455,0.083568
287600,0.117371,0.083568
287700,0.113615,0.083568
287800,0.118310,0.083568
287900,0.129577,0.083568
288000,0.124883,0.083568
288100,0.107042,0.083568
288200,0.121127,0.083568
288300,0.105164,0.083568
288400,0.129577,0.083568
288500,0.119249,0.083568
288600,0.125822,0.083568
288700,0.130516,0.083568
288800,0.127700,0.083568
288900,0.119249,0.083568
289000,0.118310,0.083568
289100,0.115493,0.083568
289200,0.093897,0.083568
289300,0.108920,0.083568
289400,0.120188,0.083568
289500,0.119249,0.083568
289600,0.110798,0.083568
289700,0.119249,0.083568
289800,0.129577,0.083568
289900,0.116432,0.083568
290000,0.126761,0.083568
290100,0.136150,0.083568
290200,0.138028,0.083568
290300,0.128638,0.083568
290400,0.127700,0.083568
290500,0.117371,0.083568
290600,0.116432,0.083568
290700,0.132394,0.083568
290800,0.126761,0.083568
290900,0.118310,0.083568
291000,0.125822,0.083568
291100,0.113615,0.083568
291200,0.113615,0.083568
291300,0.141784,0.083568
291400,0.126761,0.083568
291500,0.114554,0.083568
291600,0.117371,0.083568
291700,0.123944,0.083568
291800,0.111737,0.083568
291900,0.134272,0.083568
292000,0.120188,0.083568
292100,0.119249,0.083568
292200,0.129577,0.083568
292300,0.127700,0.083568
292400,0.128638,0.083568
292500,0.120188,0.083568
292600,0.110798,0.083568
292700,0.125822,0.083568
292800,0.121127,0.083568
292900,0.125822,0.083568
293000,0.119249,0.083568
293100,0.110798,0.083568
293200,0.116432,0.083568
293300,0.124883,0.083568
293400,0.116432,0.083568
293500,0.121127,0.083568
293600,0.133333,0.083568
293700,0.126761,0.083568
293800,0.138967,0.083568
293900,0.150235,0.083568
294000,0.144601,0.083568
294100,0.126761,0.083568
294200,0.115493,0.083568
294300,0.149296,0.083568
294400,0.136150,0.083568
294500,0.144601,0.083568
294600,0.144601,0.083568
294700,0.129577,0.083568
294800,0.124883,0.083568
294900,0.119249,0.083568
295000,0.128638,0.083568
295100,0.126761,0.083568
295200,0.113615,0.083568
295300,0.117371,0.083568
295400,0.131455,0.083568
295500,0.125822,0.083568
295600,0.132394,0.083568
295700,0.124883,0.083568
295800,0.116432,0.083568
295900,0.116432,0.083568
296000,0.143662,0.083568
296100,0.141784,0.083568
296200,0.123005,0.083568
296300,0.134272,0.083568
296400,0.121127,0.083568
296500,0.132394,0.083568
296600,0.119249,0.083568
296700,0.125822,0.083568
296800,0.138967,0.083568
296900,0.119249,0.083568
297000,0.142723,0.083568
297100,0.142723,0.083568
297200,0.131455,0.083568
297300,0.140845,0.083568
297400,0.136150,0.083568
297500,0.152113,0.083568
297600,0.124883,0.083568
297700,0.130516,0.083568
297800,0.111737,0.083568
297900,0.118310,0.083568
298000,0.115493,0.083568
298100,0.108920,0.083568
298200,0.134272,0.083568
298300,0.135211,0.083568
298400,0.111737,0.083568
298500,0.120188,0.083568
298600,0.117371,0.083568
298700,0.148357,0.083568
298800,0.152113,0.083568
298900,0.144601,0.083568
299000,0.142723,0.083568
299100,0.132394,0.083568
299200,0.145540,0.083568
299300,0.121127,0.083568
299400,0.123005,0.083568
299500,0.136150,0.083568
299600,0.121127,0.083568
299700,0.108920,0.083568
299800,0.128638,0.083568
299900,0.116432,0.083568
300000,0.107981,0.083568
300100,0.134272,0.083568
300200,0.119249,0.083568
300300,0.127700,0.083568
300400,0.126761,0.083568
300500,0.118310,0.083568
300600,0.119249,0.083568
300700,0.123005,0.083568
300800,0.114554,0.083568
300900,0.130516,0.083568
301000,0.118310,0.083568
301100,0.116432,0.083568
301200,0.115493,0.083568
301300,0.123005,0.083568
301400,0.114554,0.083568
301500,0.136150,0.083568
301600,0.153052,0.083568
301700,0.128638,0.083568
301800,0.118310,0.083568
301900,0.123944,0.083568
302000,0.121127,0.083568
302100,0.113615,0.083568
302200,0.108920,0.083568
302300,0.125822,0.083568
302400,0.133333,0.083568
302500,0.121127,0.083568
302600,0.131455,0.083568
302700,0.144601,0.083568
302800,0.127700,0.083568
302900,0.138967,0.083568
303000,0.144601,0.083568
303100,0.134272,0.083568
303200,0.129577,0.083568
303300,0.134272,0.083568
303400,0.127700,0.083568
303500,0.125822,0.083568
303600,0.115493,0.083568
303700,0.121127,0.083568
303800,0.123944,0.083568
303900,0.117371,0.083568
304000,0.108920,0.083568
304100,0.125822,0.083568
304200,0.122066,0.083568
304300,0.112676,0.083568
304400,0.119249,0.083568
304500,0.105164,0.083568
304600,0.127700,0.083568
304700,0.166197,0.083568
304800,0.136150,0.083568
304900,0.135211,0.083568
305000,0.121127,0.083568
305100,0.118310,0.083568
305200,0.127700,0.083568
305300,0.118310,0.083568
305400,0.115493,0.083568
305500,0.119249,0.083568
305600,0.120188,0.083568
305700,0.107981,0.083568
305800,0.117371,0.083568
305900,0.127700,0.083568
306000,0.158685,0.083568
306100,0.138028,0.083568
306200,0.118310,0.083568
306300,0.125822,0.083568
306400,0.111737,0.083568
306500,0.139906,0.083568
306600,0.130516,0.083568
306700,0.124883,0.083568
306800,0.128638,0.083568
306900,0.125822,0.083568
307000,0.125822,0.083568
307100,0.126761,0.083568
307200,0.128638,0.083568
307300,0.123944,0.083568
307400,0.113615,0.083568
307500,0.115493,0.083568
307600,0.115493,0.083568
307700,0.129577,0.083568
307800,0.121127,0.083568
307900,0.129577,0.083568
308000,0.131455,0.083568
308100,0.123005,0.083568
308200,0.140845,0.083568
308300,0.138028,0.083568
308400,0.123944,0.083568
308500,0.139906,0.083568
308600,0.125822,0.083568
308700,0.137089,0.083568
308800,0.124883,0.083568
308900,0.144601,0.083568
309000,0.134272,0.083568
309100,0.117371,0.083568
309200,0.121127,0.083568
309300,0.122066,0.083568
309400,0.121127,0.083568
309500,0.129577,0.083568
309600,0.145540,0.083568
309700,0.127700,0.083568
309800,0.124883,0.083568
309900,0.109859,0.083568
310000,0.114554,0.083568
310100,0.114554,0.083568
310200,0.116432,0.083568
310300,0.107042,0.083568
310400,0.127700,0.083568
310500,0.135211,0.083568
310600,0.147418,0.083568
310700,0.140845,0.083568
310800,0.125822,0.083568
310900,0.123944,0.083568
311000,0.121127,0.083568
311100,0.132394,0.083568
311200,0.137089,0.083568
311300,0.146479,0.083568
311400,0.117371,0.083568
311500,0.115493,0.083568
311600,0.116432,0.083568
311700,0.118310,0.083568
311800,0.119249,0.083568
311900,0.124883,0.083568
312000,0.119249,0.083568
312100,0.123944,0.083568
312200,0.143662,0.083568
312300,0.136150,0.083568
312400,0.143662,0.083568
312500,0.120188,0.083568
312600,0.136150,0.083568
312700,0.126761,0.083568
312800,0.122066,0.083568
312900,0.116432,0.083568
313000,0.123005,0.083568
313100,0.122066,0.083568
313200,0.119249,0.083568
313300,0.123005,0.083568
313400,0.121127,0.083568
313500,0.123944,0.083568
313600,0.138967,0.083568
313700,0.120188,0.083568
313800,0.121127,0.083568
313900,0.132394,0.083568
314000,0.139906,0.083568
314100,0.126761,0.083568
314200,0.113615,0.083568
314300,0.123944,0.083568
314400,0.120188,0.083568
314500,0.127700,0.083568
314600,0.122066,0.083568
314700,0.123005,0.083568
314800,0.141784,0.083568
314900,0.132394,0.083568
315000,0.146479,0.083568
315100,0.131455,0.083568
315200,0.145540,0.083568
315300,0.135211,0.083568
315400,0.123005,0.083568
315500,0.136150,0.083568
315600,0.122066,0.083568
315700,0.117371,0.083568
315800,0.121127,0.083568
315900,0.126761,0.083568
316000,0.108920,0.083568
316100,0.119249,0.083568
316200,0.135211,0.083568
316300,0.133333,0.083568
316400,0.132394,0.083568
316500,0.124883,0.083568
316600,0.126761,0.083568
316700,0.139906,0.083568
316800,0.109859,0.083568
316900,0.127700,0.083568
317000,0.135211,0.083568
317100,0.136150,0.083568
317200,0.118310,0.083568
317300,0.113615,0.083568
317400,0.125822,0.083568
317500,0.137089,0.083568
317600,0.121127,0.083568
317700,0.121127,0.083568
317800,0.124883,0.083568
317900,0.114554,0.083568
318000,0.121127,0.083568
318100,0.123944,0.083568
318200,0.123944,0.083568
318300,0.118310,0.083568
318400,0.138028,0.083568
318500,0.130516,0.083568
318600,0.123005,0.083568
318700,0.112676,0.083568
318800,0.109859,0.083568
318900,0.122066,0.083568
319000,0.131455,0.083568
319100,0.126761,0.083568
319200,0.135211,0.083568
319300,0.131455,0.083568
319400,0.109859,0.083568
319500,0.107981,0.083568
319600,0.108920,0.083568
319700,0.128638,0.083568
319800,0.126761,0.083568
319900,0.118310,0.083568
320000,0.121127,0.083568
320100,0.109859,0.083568
320200,0.114554,0.083568
320300,0.120188,0.083568
320400,0.123944,0.083568
320500,0.123005,0.083568
320600,0.119249,0.083568
320700,0.120188,0.083568
320800,0.111737,0.083568
320900,0.141784,0.083568
321000,0.132394,0.083568
321100,0.125822,0.083568
321200,0.123944,0.083568
321300,0.129577,0.083568
321400,0.126761,0.083568
321500,0.131455,0.083568
321600,0.148357,0.083568
321700,0.129577,0.083568
321800,0.107981,0.083568
321900,0.139906,0.083568
322000,0.136150,0.083568
322100,0.134272,0.083568
322200,0.134272,0.083568
322300,0.137089,0.083568
322400,0.139906,0.083568
322500,0.130516,0.083568
322600,0.137089,0.083568
322700,0.104225,0.083568
322800,0.119249,0.083568
322900,0.126761,0.083568
323000,0.105164,0.083568
323100,0.123005,0.083568
323200,0.131455,0.083568
323300,0.142723,0.083568
323400,0.105164,0.083568
323500,0.133333,0.083568
323600,0.147418,0.083568
323700,0.138967,0.083568
323800,0.114554,0.083568
323900,0.112676,0.083568
324000,0.122066,0.083568
324100,0.123944,0.083568
324200,0.117371,0.083568
324300,0.128638,0.083568
324400,0.138967,0.083568
324500,0.138967,0.083568
324600,0.128638,0.083568
324700,0.106103,0.083568
324800,0.116432,0.083568
324900,0.123005,0.083568
325000,0.126761,0.083568
325100,0.138028,0.083568
325200,0.119249,0.083568
325300,0.129577,0.083568
325400,0.109859,0.083568
325500,0.117371,0.083568
325600,0.131455,0.083568
325700,0.106103,0.083568
325800,0.110798,0.083568
325900,0.123005,0.083568
326000,0.117371,0.083568
326100,0.121127,0.083568
326200,0.137089,0.083568
326300,0.141784,0.083568
326400,0.117371,0.083568
326500,0.118310,0.083568
326600,0.125822,0.083568
326700,0.125822,0.083568
326800,0.117371,0.083568
326900,0.105164,0.083568
327000,0.129577,0.083568
327100,0.109859,0.083568
327200,0.120188,0.083568
327300,0.130516,0.083568
327400,0.124883,0.083568
327500,0.131455,0.083568
327600,0.130516,0.083568
327700,0.115493,0.083568
327800,0.114554,0.083568
327900,0.141784,0.083568
328000,0.138967,0.083568
328100,0.133333,0.083568
328200,0.128638,0.083568
328300,0.124883,0.083568
328400,0.120188,0.083568
328500,0.141784,0.083568
328600,0.134272,0.083568
328700,0.153052,0.083568
328800,0.130516,0.083568
328900,0.102347,0.083568
329000,0.117371,0.083568
329100,0.126761,0.083568
329200,0.138967,0.083568
329300,0.118310,0.083568
329400,0.145540,0.083568
329500,0.135211,0.083568
329600,0.135211,0.083568
329700,0.119249,0.083568
329800,0.106103,0.083568
329900,0.126761,0.083568
330000,0.116432,0.083568
330100,0.105164,0.083568
330200,0.104225,0.083568
330300,0.124883,0.083568
330400,0.122066,0.083568
330500,0.126761,0.083568
330600,0.136150,0.083568
330700,0.142723,0.083568
330800,0.130516,0.083568
330900,0.120188,0.083568
331000,0.127700,0.083568
331100,0.134272,0.083568
331200,0.117371,0.083568
331300,0.128638,0.083568
331400,0.136150,0.083568
331500,0.129577,0.083568
331600,0.120188,0.083568
331700,0.125822,0.083568
331800,0.107981,0.083568
331900,0.126761,0.083568
332000,0.131455,0.083568
332100,0.126761,0.083568
332200,0.134272,0.083568
332300,0.138028,0.083568
332400,0.138028,0.083568
332500,0.131455,0.083568
332600,0.125822,0.083568
332700,0.123944,0.083568
332800,0.120188,0.083568
332900,0.124883,0.083568
333000,0.113615,0.083568
333100,0.107981,0.083568
333200,0.113615,0.083568
333300,0.125822,0.083568
333400,0.123005,0.083568
333500,0.138967,0.083568
333600,0.134272,0.083568
333700,0.117371,0.083568
333800,0.151174,0.083568
333900,0.138028,0.083568
334000,0.128638,0.083568
334100,0.142723,0.083568
334200,0.141784,0.083568
334300,0.125822,0.083568
334400,0.118310,0.083568
334500,0.114554,0.083568
334600,0.126761,0.083568
334700,0.132394,0.083568
334800,0.119249,0.083568
334900,0.124883,0.083568
335000,0.123005,0.083568
335100,0.115493,0.083568
335200,0.115493,0.083568
335300,0.125822,0.083568
335400,0.133333,0.083568
335500,0.126761,0.083568
335600,0.128638,0.083568
335700,0.142723,0.083568
335800,0.137089,0.083568
335900,0.138028,0.083568
336000,0.134272,0.083568
336100,0.119249,0.083568
336200,0.110798,0.083568
336300,0.138967,0.083568
336400,0.142723,0.083568
336500,0.152113,0.083568
336600,0.111737,0.083568
336700,0.123005,0.083568
336800,0.131455,0.083568
336900,0.142723,0.083568
337000,0.120188,0.083568
337100,0.124883,0.083568
337200,0.132394,0.083568
337300,0.123944,0.083568
337400,0.141784,0.083568
337500,0.140845,0.083568
337600,0.125822,0.083568
337700,0.118310,0.083568
337800,0.127700,0.083568
337900,0.138028,0.083568
338000,0.139906,0.083568
338100,0.116432,0.083568
338200,0.128638,0.083568
338300,0.115493,0.083568
338400,0.124883,0.083568
338500,0.141784,0.083568
338600,0.128638,0.083568
338700,0.137089,0.083568
338800,0.139906,0.083568
338900,0.148357,0.083568
339000,0.137089,0.083568
339100,0.113615,0.083568
339200,0.112676,0.083568
339300,0.121127,0.083568
339400,0.112676,0.083568
339500,0.112676,0.083568
339600,0.108920,0.083568
339700,0.138028,0.083568
339800,0.145540,0.083568
339900,0.124883,0.083568
340000,0.129577,0.083568
340100,0.138967,0.083568
340200,0.132394,0.083568
340300,0.126761,0.083568
340400,0.118310,0.083568
340500,0.128638,0.083568
340600,0.142723,0.083568
340700,0.114554,0.083568
340800,0.122066,0.083568
340900,0.123944,0.083568
341000,0.124883,0.083568
341100,0.127700,0.083568
341200,0.144601,0.083568
341300,0.136150,0.083568
341400,0.114554,0.083568
341500,0.126761,0.083568
341600,0.122066,0.083568
341700,0.131455,0.083568
341800,0.119249,0.083568
341900,0.117371,0.083568
342000,0.132394,0.083568
342100,0.119249,0.083568
342200,0.107981,0.083568
342300,0.120188,0.083568
342400,0.120188,0.083568
342500,0.117371,0.083568
342600,0.132394,0.083568
342700,0.134272,0.083568
342800,0.129577,0.083568
342900,0.107981,0.083568
343000,0.107042,0.083568
343100,0.131455,0.083568
343200,0.117371,0.083568
343300,0.126761,0.083568
343400,0.136150,0.083568
343500,0.141784,0.083568
343600,0.132394,0.083568
343700,0.114554,0.083568
343800,0.136150,0.083568
343900,0.106103,0.083568
344000,0.111737,0.083568
344100,0.141784,0.083568
344200,0.115493,0.083568
344300,0.123005,0.083568
344400,0.129577,0.083568
344500,0.115493,0.083568
344600,0.119249,0.083568
344700,0.107042,0.083568
344800,0.116432,0.083568
344900,0.118310,0.083568
345000,0.117371,0.083568
345100,0.132394,0.083568
345200,0.135211,0.083568
345300,0.114554,0.083568
345400,0.129577,0.083568
345500,0.120188,0.083568
345600,0.114554,0.083568
345700,0.124883,0.083568
345800,0.123944,0.083568
345900,0.128638,0.083568
346000,0.123005,0.083568
346100,0.133333,0.083568
346200,0.132394,0.083568
346300,0.139906,0.083568
346400,0.122066,0.083568
346500,0.134272,0.083568
346600,0.148357,0.083568
346700,0.146479,0.083568
346800,0.122066,0.083568
346900,0.128638,0.083568
347000,0.135211,0.083568
347100,0.136150,0.083568
347200,0.120188,0.083568
347300,0.120188,0.083568
347400,0.119249,0.083568
347500,0.109859,0.083568
347600,0.108920,0.083568
347700,0.125822,0.083568
347800,0.114554,0.083568
347900,0.124883,0.083568
348000,0.115493,0.083568
348100,0.123944,0.083568
348200,0.128638,0.083568
348300,0.125822,0.083568
348400,0.122066,0.083568
348500,0.126761,0.083568
348600,0.125822,0.083568
348700,0.127700,0.083568
348800,0.119249,0.083568
348900,0.129577,0.083568
349000,0.146479,0.083568
349100,0.116432,0.083568
349200,0.119249,0.083568
349300,0.117371,0.083568
349400,0.122066,0.083568
349500,0.109859,0.083568
349600,0.131455,0.083568
349700,0.120188,0.083568
349800,0.142723,0.083568
349900,0.132394,0.083568
350000,0.123944,0.083568
350100,0.115493,0.083568
350200,0.140845,0.083568
350300,0.126761,0.083568
350400,0.131455,0.083568
350500,0.110798,0.083568
350600,0.124883,0.083568
350700,0.131455,0.083568
350800,0.124883,0.083568
350900,0.123005,0.083568
351000,0.138967,0.083568
351100,0.115493,0.083568
351200,0.122066,0.083568
351300,0.138028,0.083568
351400,0.128638,0.083568
351500,0.130516,0.083568
351600,0.126761,0.083568
351700,0.149296,0.083568
351800,0.132394,0.083568
351900,0.132394,0.083568
352000,0.136150,0.083568
352100,0.124883,0.083568
352200,0.107981,0.083568
352300,0.114554,0.083568
352400,0.109859,0.083568
352500,0.115493,0.083568
352600,0.124883,0.083568
352700,0.126761,0.083568
352800,0.126761,0.083568
352900,0.124883,0.083568
353000,0.116432,0.083568
353100,0.121127,0.083568
353200,0.124883,0.083568
353300,0.121127,0.083568
353400,0.118310,0.083568
353500,0.127700,0.083568
353600,0.133333,0.083568
353700,0.123005,0.083568
353800,0.123005,0.083568
353900,0.116432,0.083568
354000,0.115493,0.083568
354100,0.110798,0.083568
354200,0.105164,0.083568
354300,0.117371,0.083568
354400,0.115493,0.083568
354500,0.125822,0.083568
354600,0.121127,0.083568
354700,0.153052,0.083568
354800,0.108920,0.083568
354900,0.105164,0.083568
355000,0.116432,0.083568
355100,0.116432,0.083568
355200,0.119249,0.083568
355300,0.122066,0.083568
355400,0.107981,0.083568
355500,0.123005,0.083568
355600,0.137089,0.083568
355700,0.128638,0.083568
355800,0.121127,0.083568
355900,0.137089,0.083568
356000,0.140845,0.083568
356100,0.144601,0.083568
356200,0.139906,0.083568
356300,0.132394,0.083568
356400,0.132394,0.083568
356500,0.121127,0.083568
356600,0.127700,0.083568
356700,0.104225,0.083568
356800,0.109859,0.083568
356900,0.133333,0.083568
357000,0.122066,0.083568
357100,0.109859,0.083568
357200,0.138967,0.083568
357300,0.143662,0.083568
357400,0.109859,0.083568
357500,0.106103,0.083568
357600,0.106103,0.083568
357700,0.126761,0.083568
357800,0.126761,0.083568
357900,0.129577,0.083568
358000,0.130516,0.083568
358100,0.126761,0.083568
358200,0.149296,0.083568
358300,0.123005,0.083568
358400,0.132394,0.083568
358500,0.140845,0.083568
358600,0.143662,0.083568
358700,0.138967,0.083568
358800,0.129577,0.083568
358900,0.132394,0.083568
359000,0.142723,0.083568
359100,0.123005,0.083568
359200,0.120188,0.083568
359300,0.139906,0.083568
359400,0.138028,0.083568
359500,0.125822,0.083568
359600,0.131455,0.083568
359700,0.132394,0.083568
359800,0.118310,0.083568
359900,0.119249,0.083568
360000,0.103286,0.083568
360100,0.127700,0.083568
360200,0.131455,0.083568
360300,0.124883,0.083568
360400,0.134272,0.083568
360500,0.126761,0.083568
360600,0.132394,0.083568
360700,0.120188,0.083568
360800,0.123005,0.083568
360900,0.130516,0.083568
361000,0.121127,0.083568
361100,0.115493,0.083568
361200,0.140845,0.083568
361300,0.136150,0.083568
361400,0.123005,0.083568
361500,0.136150,0.083568
361600,0.134272,0.083568
361700,0.123005,0.083568
361800,0.134272,0.083568
361900,0.130516,0.083568
362000,0.126761,0.083568
362100,0.121127,0.083568
362200,0.123005,0.083568
362300,0.125822,0.083568
362400,0.105164,0.083568
362500,0.110798,0.083568
362600,0.123944,0.083568
362700,0.118310,0.083568
362800,0.127700,0.083568
362900,0.119249,0.083568
363000,0.131455,0.083568
363100,0.126761,0.083568
363200,0.134272,0.083568
363300,0.135211,0.083568
363400,0.125822,0.083568
363500,0.144601,0.083568
363600,0.122066,0.083568
363700,0.118310,0.083568
363800,0.120188,0.083568
363900,0.098592,0.083568
364000,0.106103,0.083568
364100,0.120188,0.083568
364200,0.137089,0.083568
364300,0.117371,0.083568
364400,0.143662,0.083568
364500,0.154930,0.083568
364600,0.138028,0.083568
364700,0.118310,0.083568
364800,0.106103,0.083568
364900,0.107981,0.083568
365000,0.117371,0.083568
365100,0.138028,0.083568
365200,0.122066,0.083568
365300,0.110798,0.083568
365400,0.112676,0.083568
365500,0.114554,0.083568
365600,0.112676,0.083568
365700,0.119249,0.083568
365800,0.110798,0.083568
365900,0.107981,0.083568
366000,0.112676,0.083568
366100,0.107042,0.083568
366200,0.129577,0.083568
366300,0.108920,0.083568
366400,0.123944,0.083568
366500,0.106103,0.083568
366600,0.117371,0.083568
366700,0.127700,0.083568
366800,0.145540,0.083568
366900,0.140845,0.083568
367000,0.124883,0.083568
367100,0.112676,0.083568
367200,0.104225,0.083568
367300,0.113615,0.083568
367400,0.117371,0.083568
367500,0.131455,0.083568
367600,0.128638,0.083568
367700,0.107981,0.083568
367800,0.103286,0.083568
367900,0.112676,0.083568
368000,0.107981,0.083568
368100,0.126761,0.083568
368200,0.135211,0.083568
368300,0.123005,0.083568
368400,0.122066,0.083568
368500,0.142723,0.083568
368600,0.132394,0.083568
368700,0.144601,0.083568
368800,0.137089,0.083568
368900,0.155869,0.083568
369000,0.142723,0.083568
369100,0.127700,0.083568
369200,0.107042,0.083568
369300,0.122066,0.083568
369400,0.135211,0.083568
369500,0.120188,0.083568
369600,0.118310,0.083568
369700,0.123944,0.083568
369800,0.124883,0.083568
369900,0.118310,0.083568
370000,0.126761,0.083568
370100,0.119249,0.083568
370200,0.135211,0.083568
370300,0.152113,0.083568
370400,0.153052,0.083568
370500,0.129577,0.083568
370600,0.129577,0.083568
370700,0.124883,0.083568
370800,0.123005,0.083568
370900,0.133333,0.083568
371000,0.122066,0.083568
371100,0.125822,0.083568
371200,0.122066,0.083568
371300,0.125822,0.083568
371400,0.124883,0.083568
371500,0.138028,0.083568
371600,0.121127,0.083568
371700,0.117371,0.083568
371800,0.129577,0.083568
371900,0.131455,0.083568
372000,0.138967,0.083568
372100,0.134272,0.083568
372200,0.119249,0.083568
372300,0.121127,0.083568
372400,0.121127,0.083568
372500,0.124883,0.083568
372600,0.098592,0.083568
372700,0.114554,0.083568
372800,0.137089,0.083568
372900,0.133333,0.083568
373000,0.122066,0.083568
373100,0.131455,0.083568
373200,0.124883,0.083568
373300,0.128638,0.083568
373400,0.116432,0.083568
373500,0.123944,0.083568
373600,0.112676,0.083568
373700,0.107042,0.083568
373800,0.128638,0.083568
373900,0.123005,0.083568
374000,0.115493,0.083568
374100,0.121127,0.083568
374200,0.106103,0.083568
374300,0.121127,0.083568
374400,0.114554,0.083568
374500,0.128638,0.083568
374600,0.100469,0.083568
374700,0.102347,0.083568
374800,0.122066,0.083568
374900,0.134272,0.083568
375000,0.132394,0.083568
375100,0.099531,0.083568
375200,0.098592,0.083568
375300,0.120188,0.083568
375400,0.131455,0.083568
375500,0.125822,0.083568
375600,0.130516,0.083568
375700,0.124883,0.083568
375800,0.125822,0.083568
375900,0.138028,0.083568
376000,0.116432,0.083568
376100,0.128638,0.083568
376200,0.127700,0.083568
376300,0.107042,0.083568
376400,0.123005,0.083568
376500,0.120188,0.083568
376600,0.135211,0.083568
376700,0.121127,0.083568
376800,0.129577,0.083568
376900,0.129577,0.083568
377000,0.142723,0.083568
377100,0.127700,0.083568
377200,0.110798,0.083568
377300,0.118310,0.083568
377400,0.134272,0.083568
377500,0.133333,0.083568
377600,0.144601,0.083568
377700,0.115493,0.083568
377800,0.119249,0.083568
377900,0.106103,0.083568
378000,0.115493,0.083568
378100,0.129577,0.083568
378200,0.137089,0.083568
378300,0.120188,0.083568
378400,0.115493,0.083568
378500,0.151174,0.083568
378600,0.138028,0.083568
378700,0.134272,0.083568
378800,0.121127,0.083568
378900,0.138028,0.083568
379000,0.139906,0.083568
379100,0.141784,0.083568
379200,0.117371,0.083568
379300,0.114554,0.083568
379400,0.115493,0.083568
379500,0.124883,0.083568
379600,0.126761,0.083568
379700,0.110798,0.083568
379800,0.120188,0.083568
379900,0.123005,0.083568
380000,0.123944,0.083568
380100,0.131455,0.083568
380200,0.134272,0.083568
380300,0.117371,0.083568
380400,0.136150,0.083568
380500,0.146479,0.083568
380600,0.143662,0.083568
380700,0.143662,0.083568
380800,0.117371,0.083568
380900,0.128638,0.083568
381000,0.120188,0.083568
381100,0.123005,0.083568
381200,0.114554,0.083568
381300,0.131455,0.083568
381400,0.142723,0.083568
381500,0.152113,0.083568
381600,0.138967,0.083568
381700,0.134272,0.083568
381800,0.132394,0.083568
381900,0.119249,0.083568
382000,0.123944,0.083568
382100,0.124883,0.083568
382200,0.131455,0.083568
382300,0.137089,0.083568
382400,0.134272,0.083568
382500,0.123005,0.083568
382600,0.117371,0.083568
382700,0.132394,0.083568
382800,0.138028,0.083568
382900,0.126761,0.083568
383000,0.120188,0.083568
383100,0.102347,0.083568
383200,0.129577,0.083568
383300,0.126761,0.083568
383400,0.099531,0.083568
383500,0.123944,0.083568
383600,0.124883,0.083568
383700,0.140845,0.083568
383800,0.143662,0.083568
383900,0.138967,0.083568
384000,0.139906,0.083568
384100,0.128638,0.083568
384200,0.115493,0.083568
384300,0.124883,0.083568
384400,0.119249,0.083568
384500,0.126761,0.083568
384600,0.110798,0.083568
384700,0.124883,0.083568
384800,0.128638,0.083568
384900,0.120188,0.083568
385000,0.109859,0.083568
385100,0.123944,0.083568
385200,0.115493,0.083568
385300,0.125822,0.083568
385400,0.123944,0.083568
385500,0.127700,0.083568
385600,0.119249,0.083568
385700,0.118310,0.083568
385800,0.125822,0.083568
385900,0.134272,0.083568
386000,0.125822,0.083568
386100,0.123944,0.083568
386200,0.108920,0.083568
386300,0.113615,0.083568
386400,0.114554,0.083568
386500,0.113615,0.083568
386600,0.114554,0.083568
386700,0.136150,0.083568
386800,0.136150,0.083568
386900,0.109859,0.083568
387000,0.124883,0.083568
387100,0.108920,0.083568
387200,0.119249,0.083568
387300,0.124883,0.083568
387400,0.135211,0.083568
387500,0.141784,0.083568
387600,0.122066,0.083568
387700,0.118310,0.083568
387800,0.110798,0.083568
387900,0.128638,0.083568
388000,0.119249,0.083568
388100,0.124883,0.083568
388200,0.134272,0.083568
388300,0.112676,0.083568
388400,0.111737,0.083568
388500,0.106103,0.083568
388600,0.116432,0.083568
388700,0.126761,0.083568
388800,0.107042,0.083568
388900,0.115493,0.083568
389000,0.110798,0.083568
389100,0.116432,0.083568
389200,0.139906,0.083568
389300,0.118310,0.083568
389400,0.122066,0.083568
389500,0.124883,0.083568
389600,0.133333,0.083568
389700,0.120188,0.083568
389800,0.129577,0.083568
389900,0.141784,0.083568
390000,0.152113,0.083568
390100,0.146479,0.083568
390200,0.120188,0.083568
390300,0.138028,0.083568
390400,0.128638,0.083568
390500,0.114554,0.083568
390600,0.112676,0.083568
390700,0.114554,0.083568
390800,0.112676,0.083568
390900,0.113615,0.083568
391000,0.116432,0.083568
391100,0.107981,0.083568
391200,0.135211,0.083568
391300,0.131455,0.083568
391400,0.129577,0.083568
391500,0.113615,0.083568
391600,0.122066,0.083568
391700,0.124883,0.083568
391800,0.118310,0.083568
391900,0.116432,0.083568
392000,0.109859,0.083568
392100,0.114554,0.083568
392200,0.129577,0.083568
392300,0.118310,0.083568
392400,0.111737,0.083568
392500,0.107981,0.083568
392600,0.132394,0.083568
392700,0.115493,0.083568
392800,0.122066,0.083568
392900,0.124883,0.083568
393000,0.122066,0.083568
393100,0.129577,0.083568
393200,0.121127,0.083568
393300,0.107042,0.083568
393400,0.107042,0.083568
393500,0.101408,0.083568
393600,0.127700,0.083568
393700,0.138967,0.083568
393800,0.123005,0.083568
393900,0.139906,0.083568
394000,0.123944,0.083568
394100,0.118310,0.083568
394200,0.115493,0.083568
394300,0.126761,0.083568
394400,0.149296,0.083568
394500,0.129577,0.083568
394600,0.129577,0.083568
394700,0.108920,0.083568
394800,0.097653,0.083568
394900,0.113615,0.083568
395000,0.133333,0.083568
395100,0.128638,0.083568
395200,0.127700,0.083568
395300,0.125822,0.083568
395400,0.121127,0.083568
395500,0.124883,0.083568
395600,0.143662,0.083568
395700,0.136150,0.083568
395800,0.133333,0.083568
395900,0.121127,0.083568
396000,0.129577,0.083568
396100,0.115493,0.083568
396200,0.138028,0.083568
396300,0.128638,0.083568
396400,0.125822,0.083568
396500,0.126761,0.083568
396600,0.134272,0.083568
396700,0.124883,0.083568
396800,0.137089,0.083568
396900,0.120188,0.083568
397000,0.151174,0.083568
397100,0.149296,0.083568
397200,0.122066,0.083568
397300,0.129577,0.083568
397400,0.134272,0.083568
397500,0.130516,0.083568
397600,0.128638,0.083568
397700,0.116432,0.083568
397800,0.125822,0.083568
397900,0.111737,0.083568
398000,0.130516,0.083568
398100,0.128638,0.083568
398200,0.124883,0.083568
398300,0.130516,0.083568
398400,0.132394,0.083568
398500,0.142723,0.083568
398600,0.120188,0.083568
398700,0.112676,0.083568
398800,0.123944,0.083568
398900,0.137089,0.083568
399000,0.137089,0.083568
399100,0.128638,0.083568
399200,0.123005,0.083568
399300,0.124883,0.083568
399400,0.132394,0.083568
399500,0.119249,0.083568
399600,0.127700,0.083568
399700,0.107981,0.083568
399800,0.126761,0.083568
399900,0.133333,0.083568
400000,0.132394,0.083568
400100,0.136150,0.083568
400200,0.131455,0.083568
400300,0.127700,0.083568
400400,0.125822,0.083568
400500,0.130516,0.083568
400600,0.135211,0.083568
400700,0.114554,0.083568
400800,0.115493,0.083568
400900,0.120188,0.083568
401000,0.127700,0.083568
401100,0.138028,0.083568
401200,0.122066,0.083568
401300,0.121127,0.083568
401400,0.123944,0.083568
401500,0.123944,0.083568
401600,0.130516,0.083568
401700,0.116432,0.083568
401800,0.098592,0.083568
401900,0.124883,0.083568
402000,0.139906,0.083568
402100,0.126761,0.083568
402200,0.131455,0.083568
402300,0.126761,0.083568
402400,0.122066,0.083568
402500,0.123944,0.083568
402600,0.112676,0.083568
402700,0.105164,0.083568
402800,0.122066,0.083568
402900,0.114554,0.083568
403000,0.123944,0.083568
403100,0.127700,0.083568
403200,0.133333,0.083568
403300,0.122066,0.083568
403400,0.123944,0.083568
403500,0.119249,0.083568
403600,0.125822,0.083568
403700,0.123005,0.083568
403800,0.117371,0.083568
403900,0.119249,0.083568
404000,0.124883,0.083568
404100,0.109859,0.083568
404200,0.107042,0.083568
404300,0.135211,0.083568
404400,0.153052,0.083568
404500,0.122066,0.083568
404600,0.114554,0.083568
404700,0.138967,0.083568
404800,0.145540,0.083568
404900,0.119249,0.083568
405000,0.116432,0.083568
405100,0.121127,0.083568
405200,0.121127,0.083568
405300,0.144601,0.083568
405400,0.128638,0.083568
405500,0.122066,0.083568
405600,0.126761,0.083568
405700,0.121127,0.083568
405800,0.112676,0.083568
405900,0.139906,0.083568
406000,0.130516,0.083568
406100,0.138028,0.083568
406200,0.131455,0.083568
406300,0.131455,0.083568
406400,0.137089,0.083568
406500,0.132394,0.083568
406600,0.138967,0.083568
406700,0.123005,0.083568
406800,0.125822,0.083568
406900,0.130516,0.083568
407000,0.113615,0.083568
407100,0.112676,0.083568
407200,0.136150,0.083568
407300,0.130516,0.083568
407400,0.114554,0.083568
407500,0.125822,0.083568
407600,0.120188,0.083568
407700,0.138028,0.083568
407800,0.129577,0.083568
407900,0.144601,0.083568
408000,0.134272,0.083568
408100,0.129577,0.083568
408200,0.131455,0.083568
408300,0.123944,0.083568
408400,0.130516,0.083568
408500,0.119249,0.083568
408600,0.138967,0.083568
408700,0.132394,0.083568
408800,0.126761,0.083568
408900,0.131455,0.083568
409000,0.130516,0.083568
409100,0.122066,0.083568
409200,0.106103,0.083568
409300,0.128638,0.083568
409400,0.122066,0.083568
409500,0.107042,0.083568
409600,0.107042,0.083568
409700,0.135211,0.083568
409800,0.134272,0.083568
409900,0.135211,0.083568
410000,0.130516,0.083568
410100,0.112676,0.083568
410200,0.120188,0.083568
410300,0.138967,0.083568
410400,0.134272,0.083568
410500,0.112676,0.083568
410600,0.128638,0.083568
410700,0.129577,0.083568
410800,0.125822,0.083568
410900,0.117371,0.083568
411000,0.126761,0.083568
411100,0.121127,0.083568
411200,0.116432,0.083568
411300,0.134272,0.083568
411400,0.142723,0.083568
411500,0.150235,0.083568
411600,0.127700,0.083568
411700,0.128638,0.083568
411800,0.111737,0.083568
411900,0.124883,0.083568
412000,0.136150,0.083568
412100,0.147418,0.083568
412200,0.139906,0.083568
412300,0.123944,0.083568
412400,0.128638,0.083568
412500,0.123944,0.083568
412600,0.111737,0.083568
412700,0.138967,0.083568
412800,0.131455,0.083568
412900,0.126761,0.083568
413000,0.134272,0.083568
413100,0.142723,0.083568
413200,0.140845,0.083568
413300,0.118310,0.083568
413400,0.132394,0.083568
413500,0.123944,0.083568
413600,0.124883,0.083568
413700,0.134272,0.083568
413800,0.139906,0.083568
413900,0.103286,0.083568
414000,0.129577,0.083568
414100,0.124883,0.083568
414200,0.127700,0.083568
414300,0.129577,0.083568
414400,0.136150,0.083568
414500,0.124883,0.083568
414600,0.101408,0.083568
414700,0.100469,0.083568
414800,0.116432,0.083568
414900,0.102347,0.083568
415000,0.123944,0.083568
415100,0.120188,0.083568
415200,0.114554,0.083568
415300,0.131455,0.083568
415400,0.115493,0.083568
415500,0.147418,0.083568
415600,0.152113,0.083568
415700,0.124883,0.083568
415800,0.111737,0.083568
415900,0.112676,0.083568
416000,0.123005,0.083568
416100,0.126761,0.083568
416200,0.126761,0.083568
416300,0.118310,0.083568
416400,0.129577,0.083568
416500,0.123005,0.083568
416600,0.129577,0.083568
416700,0.106103,0.083568
416800,0.112676,0.083568
416900,0.128638,0.083568
417000,0.137089,0.083568
417100,0.121127,0.083568
417200,0.126761,0.083568
417300,0.135211,0.083568
417400,0.114554,0.083568
417500,0.134272,0.083568
417600,0.155869,0.083568
417700,0.133333,0.083568
417800,0.118310,0.083568
417900,0.123944,0.083568
418000,0.134272,0.083568
418100,0.127700,0.083568
418200,0.103286,0.083568
418300,0.126761,0.083568
418400,0.124883,0.083568
418500,0.097653,0.083568
418600,0.107981,0.083568
418700,0.102347,0.083568
418800,0.135211,0.083568
418900,0.135211,0.083568
419000,0.123944,0.083568
419100,0.128638,0.083568
419200,0.108920,0.083568
419300,0.138967,0.083568
419400,0.115493,0.083568
419500,0.121127,0.083568
419600,0.107042,0.083568
419700,0.114554,0.083568
419800,0.112676,0.083568
419900,0.136150,0.083568
420000,0.127700,0.083568
420100,0.116432,0.083568
420200,0.127700,0.083568
420300,0.120188,0.083568
420400,0.121127,0.083568
420500,0.126761,0.083568
420600,0.138967,0.083568
420700,0.125822,0.083568
420800,0.119249,0.083568
420900,0.106103,0.083568
421000,0.105164,0.083568
421100,0.116432,0.083568
421200,0.116432,0.083568
421300,0.128638,0.083568
421400,0.126761,0.083568
421500,0.125822,0.083568
421600,0.123944,0.083568
421700,0.139906,0.083568
421800,0.136150,0.083568
421900,0.135211,0.083568
422000,0.118310,0.083568
422100,0.113615,0.083568
422200,0.101408,0.083568
422300,0.115493,0.083568
422400,0.115493,0.083568
422500,0.124883,0.083568
422600,0.128638,0.083568
422700,0.125822,0.083568
422800,0.131455,0.083568
422900,0.144601,0.083568
423000,0.115493,0.083568
423100,0.126761,0.083568
423200,0.129577,0.083568
423300,0.116432,0.083568
423400,0.125822,0.083568
423500,0.111737,0.083568
423600,0.107042,0.083568
423700,0.107981,0.083568
423800,0.114554,0.083568
423900,0.124883,0.083568
424000,0.126761,0.083568
424100,0.115493,0.083568
424200,0.157746,0.083568
424300,0.114554,0.083568
424400,0.116432,0.083568
424500,0.118310,0.083568
424600,0.127700,0.083568
424700,0.123005,0.083568
424800,0.118310,0.083568
424900,0.127700,0.083568
425000,0.123005,0.083568
425100,0.138028,0.083568
425200,0.120188,0.083568
425300,0.119249,0.083568
425400,0.106103,0.083568
425500,0.112676,0.083568
425600,0.124883,0.083568
425700,0.110798,0.083568
425800,0.112676,0.083568
425900,0.101408,0.083568
426000,0.107042,0.083568
426100,0.126761,0.083568
426200,0.129577,0.083568
426300,0.119249,0.083568
426400,0.120188,0.083568
426500,0.131455,0.083568
426600,0.140845,0.083568
426700,0.133333,0.083568
426800,0.120188,0.083568
426900,0.106103,0.083568
427000,0.140845,0.083568
427100,0.123005,0.083568
427200,0.116432,0.083568
427300,0.130516,0.083568
427400,0.119249,0.083568
427500,0.133333,0.083568
427600,0.144601,0.083568
427700,0.130516,0.083568
427800,0.140845,0.083568
427900,0.123005,0.083568
428000,0.126761,0.083568
428100,0.118310,0.083568
428200,0.115493,0.083568
428300,0.126761,0.083568
428400,0.120188,0.083568
428500,0.116432,0.083568
428600,0.123944,0.083568
428700,0.112676,0.083568
428800,0.120188,0.083568
428900,0.122066,0.083568
429000,0.107981,0.083568
429100,0.112676,0.083568
429200,0.118310,0.083568
429300,0.118310,0.083568
429400,0.128638,0.083568
429500,0.126761,0.083568
429600,0.141784,0.083568
429700,0.129577,0.083568
429800,0.128638,0.083568
429900,0.144601,0.083568
430000,0.116432,0.083568
430100,0.122066,0.083568
430200,0.130516,0.083568
430300,0.119249,0.083568
430400,0.123944,0.083568
430500,0.130516,0.083568
430600,0.132394,0.083568
430700,0.125822,0.083568
430800,0.144601,0.083568
430900,0.142723,0.083568
431000,0.130516,0.083568
431100,0.155869,0.083568
431200,0.123005,0.083568
431300,0.131455,0.083568
431400,0.137089,0.083568
431500,0.132394,0.083568
431600,0.123944,0.083568
431700,0.123944,0.083568
431800,0.122066,0.083568
431900,0.123944,0.083568
432000,0.108920,0.083568
432100,0.127700,0.083568
432200,0.109859,0.083568
432300,0.120188,0.083568
432400,0.107981,0.083568
432500,0.115493,0.083568
432600,0.113615,0.083568
432700,0.120188,0.083568
432800,0.130516,0.083568
432900,0.123944,0.083568
433000,0.126761,0.083568
433100,0.119249,0.083568
433200,0.110798,0.083568
433300,0.115493,0.083568
433400,0.125822,0.083568
433500,0.114554,0.083568
433600,0.137089,0.083568
433700,0.131455,0.083568
433800,0.123944,0.083568
433900,0.120188,0.083568
434000,0.117371,0.083568
434100,0.123005,0.083568
434200,0.123944,0.083568
434300,0.135211,0.083568
434400,0.144601,0.083568
434500,0.142723,0.083568
434600,0.121127,0.083568
434700,0.139906,0.083568
434800,0.123005,0.083568
434900,0.128638,0.083568
435000,0.139906,0.083568
435100,0.139906,0.083568
435200,0.123005,0.083568
435300,0.123005,0.083568
435400,0.129577,0.083568
435500,0.109859,0.083568
435600,0.123944,0.083568
435700,0.138028,0.083568
435800,0.123944,0.083568
435900,0.127700,0.083568
436000,0.119249,0.083568
436100,0.127700,0.083568
436200,0.144601,0.083568
436300,0.125822,0.083568
436400,0.131455,0.083568
436500,0.123005,0.083568
436600,0.136150,0.083568
436700,0.134272,0.083568
436800,0.134272,0.083568
436900,0.115493,0.083568
437000,0.128638,0.083568
437100,0.130516,0.083568
437200,0.130516,0.083568
437300,0.118310,0.083568
437400,0.123005,0.083568
437500,0.114554,0.083568
437600,0.110798,0.083568
437700,0.119249,0.083568
437800,0.114554,0.083568
437900,0.112676,0.083568
438000,0.130516,0.083568
438100,0.128638,0.083568
438200,0.123944,0.083568
438300,0.115493,0.083568
438400,0.124883,0.083568
438500,0.128638,0.083568
438600,0.136150,0.083568
438700,0.136150,0.083568
438800,0.123005,0.083568
438900,0.125822,0.083568
439000,0.123944,0.083568
439100,0.124883,0.083568
439200,0.122066,0.083568
439300,0.121127,0.083568
439400,0.115493,0.083568
439500,0.130516,0.083568
439600,0.124883,0.083568
439700,0.117371,0.083568
439800,0.117371,0.083568
439900,0.115493,0.083568
440000,0.111737,0.083568
440100,0.118310,0.083568
440200,0.129577,0.083568
440300,0.115493,0.083568
440400,0.123944,0.083568
440500,0.128638,0.083568
440600,0.133333,0.083568
440700,0.145540,0.083568
440800,0.131455,0.083568
440900,0.149296,0.083568
441000,0.142723,0.083568
441100,0.128638,0.083568
441200,0.137089,0.083568
441300,0.132394,0.083568
441400,0.119249,0.083568
441500,0.109859,0.083568
441600,0.110798,0.083568
441700,0.114554,0.083568
441800,0.116432,0.083568
441900,0.125822,0.083568
442000,0.147418,0.083568
442100,0.119249,0.083568
442200,0.127700,0.083568
442300,0.125822,0.083568
442400,0.122066,0.083568
442500,0.114554,0.083568
442600,0.113615,0.083568
442700,0.124883,0.083568
442800,0.120188,0.083568
442900,0.135211,0.083568
443000,0.134272,0.083568
443100,0.122066,0.083568
443200,0.128638,0.083568
443300,0.136150,0.083568
443400,0.121127,0.083568
443500,0.126761,0.083568
443600,0.126761,0.083568
443700,0.116432,0.083568
443800,0.112676,0.083568
443900,0.130516,0.083568
444000,0.135211,0.083568
444100,0.133333,0.083568
444200,0.126761,0.083568
444300,0.129577,0.083568
444400,0.141784,0.083568
444500,0.131455,0.083568
444600,0.134272,0.083568
444700,0.122066,0.083568
444800,0.123005,0.083568
444900,0.124883,0.083568
445000,0.125822,0.083568
445100,0.134272,0.083568
445200,0.103286,0.083568
445300,0.116432,0.083568
445400,0.129577,0.083568
445500,0.121127,0.083568
445600,0.122066,0.083568
445700,0.132394,0.083568
445800,0.125822,0.083568
445900,0.136150,0.083568
446000,0.134272,0.083568
446100,0.124883,0.083568
446200,0.140845,0.083568
446300,0.115493,0.083568
446400,0.124883,0.083568
446500,0.138967,0.083568
446600,0.130516,0.083568
446700,0.126761,0.083568
446800,0.123944,0.083568
446900,0.123005,0.083568
447000,0.120188,0.083568
447100,0.123005,0.083568
447200,0.124883,0.083568
447300,0.123005,0.083568
447400,0.118310,0.083568
447500,0.130516,0.083568
447600,0.110798,0.083568
447700,0.119249,0.083568
447800,0.121127,0.083568
447900,0.126761,0.083568
448000,0.127700,0.083568
448100,0.124883,0.083568
448200,0.110798,0.083568
448300,0.123944,0.083568
448400,0.107981,0.083568
448500,0.106103,0.083568
448600,0.119249,0.083568
448700,0.127700,0.083568
448800,0.121127,0.083568
448900,0.111737,0.083568
449000,0.134272,0.083568
449100,0.105164,0.083568
449200,0.132394,0.083568
449300,0.128638,0.083568
449400,0.110798,0.083568
449500,0.131455,0.083568
449600,0.130516,0.083568
449700,0.132394,0.083568
449800,0.124883,0.083568
449900,0.143662,0.083568
450000,0.138028,0.083568
450100,0.124883,0.083568
450200,0.110798,0.083568
450300,0.118310,0.083568
450400,0.128638,0.083568
450500,0.110798,0.083568
450600,0.115493,0.083568
450700,0.110798,0.083568
450800,0.121127,0.083568
450900,0.142723,0.083568
451000,0.126761,0.083568
451100,0.140845,0.083568
451200,0.143662,0.083568
451300,0.121127,0.083568
451400,0.131455,0.083568
451500,0.134272,0.083568
451600,0.137089,0.083568
451700,0.124883,0.083568
451800,0.111737,0.083568
451900,0.120188,0.083568
452000,0.126761,0.083568
452100,0.134272,0.083568
452200,0.122066,0.083568
452300,0.138028,0.083568
452400,0.120188,0.083568
452500,0.114554,0.083568
452600,0.117371,0.083568
452700,0.122066,0.083568
452800,0.128638,0.083568
452900,0.123944,0.083568
453000,0.098592,0.083568
453100,0.119249,0.083568
453200,0.110798,0.083568
453300,0.118310,0.083568
453400,0.122066,0.083568
453500,0.121127,0.083568
453600,0.124883,0.083568
453700,0.127700,0.083568
453800,0.150235,0.083568
453900,0.127700,0.083568
454000,0.129577,0.083568
454100,0.127700,0.083568
454200,0.137089,0.083568
454300,0.139906,0.083568
454400,0.136150,0.083568
454500,0.135211,0.083568
454600,0.135211,0.083568
454700,0.121127,0.083568
454800,0.130516,0.083568
454900,0.143662,0.083568
455000,0.137089,0.083568
455100,0.121127,0.083568
455200,0.120188,0.083568
455300,0.112676,0.083568
455400,0.135211,0.083568
455500,0.127700,0.083568
455600,0.139906,0.083568
455700,0.124883,0.083568
455800,0.118310,0.083568
455900,0.110798,0.083568
456000,0.124883,0.083568
456100,0.129577,0.083568
456200,0.113615,0.083568
456300,0.119249,0.083568
456400,0.111737,0.083568
456500,0.117371,0.083568
456600,0.118310,0.083568
456700,0.129577,0.083568
456800,0.149296,0.083568
456900,0.142723,0.083568
457000,0.140845,0.083568
457100,0.143662,0.083568
457200,0.148357,0.083568
457300,0.138967,0.083568
457400,0.128638,0.083568
457500,0.126761,0.083568
457600,0.130516,0.083568
457700,0.123005,0.083568
457800,0.138028,0.083568
457900,0.120188,0.083568
458000,0.131455,0.083568
458100,0.114554,0.083568
458200,0.127700,0.083568
458300,0.130516,0.083568
458400,0.127700,0.083568
458500,0.125822,0.083568
458600,0.129577,0.083568
458700,0.134272,0.083568
458800,0.122066,0.083568
458900,0.138967,0.083568
459000,0.127700,0.083568
459100,0.122066,0.083568
459200,0.119249,0.083568
459300,0.112676,0.083568
459400,0.130516,0.083568
459500,0.110798,0.083568
459600,0.122066,0.083568
459700,0.123005,0.083568
459800,0.137089,0.083568
459900,0.138967,0.083568
460000,0.121127,0.083568
460100,0.120188,0.083568
460200,0.112676,0.083568
460300,0.130516,0.083568
460400,0.125822,0.083568
460500,0.131455,0.083568
460600,0.131455,0.083568
460700,0.145540,0.083568
460800,0.136150,0.083568
460900,0.131455,0.083568
461000,0.127700,0.083568
461100,0.107042,0.083568
461200,0.139906,0.083568
461300,0.123944,0.083568
461400,0.101408,0.083568
461500,0.123005,0.083568
461600,0.124883,0.083568
461700,0.131455,0.083568
461800,0.151174,0.083568
461900,0.138967,0.083568
462000,0.116432,0.083568
462100,0.125822,0.083568
462200,0.112676,0.083568
462300,0.121127,0.083568
462400,0.110798,0.083568
462500,0.115493,0.083568
462600,0.123944,0.083568
462700,0.122066,0.083568
462800,0.132394,0.083568
462900,0.116432,0.083568
463000,0.118310,0.083568
463100,0.132394,0.083568
463200,0.112676,0.083568
463300,0.121127,0.083568
463400,0.107042,0.083568
463500,0.109859,0.083568
463600,0.128638,0.083568
463700,0.121127,0.083568
463800,0.120188,0.083568
463900,0.123944,0.083568
464000,0.114554,0.083568
464100,0.140845,0.083568
464200,0.131455,0.083568
464300,0.120188,0.083568
464400,0.122066,0.083568
464500,0.130516,0.083568
464600,0.127700,0.083568
464700,0.144601,0.083568
464800,0.143662,0.083568
464900,0.129577,0.083568
465000,0.133333,0.083568
465100,0.135211,0.083568
465200,0.107981,0.083568
465300,0.105164,0.083568
465400,0.099531,0.083568
465500,0.123005,0.083568
465600,0.138028,0.083568
465700,0.128638,0.083568
465800,0.113615,0.083568
465900,0.128638,0.083568
466000,0.140845,0.083568
466100,0.116432,0.083568
466200,0.123944,0.083568
466300,0.118310,0.083568
466400,0.127700,0.083568
466500,0.119249,0.083568
466600,0.121127,0.083568
466700,0.130516,0.083568
466800,0.138967,0.083568
466900,0.112676,0.083568
467000,0.139906,0.083568
467100,0.122066,0.083568
467200,0.113615,0.083568
467300,0.136150,0.083568
467400,0.108920,0.083568
467500,0.120188,0.083568
467600,0.119249,0.083568
467700,0.115493,0.083568
467800,0.122066,0.083568
467900,0.123005,0.083568
468000,0.120188,0.083568
468100,0.144601,0.083568
468200,0.107042,0.083568
468300,0.122066,0.083568
468400,0.123944,0.083568
468500,0.146479,0.083568
468600,0.126761,0.083568
468700,0.136150,0.083568
468800,0.126761,0.083568
468900,0.130516,0.083568
469000,0.128638,0.083568
469100,0.112676,0.083568
469200,0.117371,0.083568
469300,0.124883,0.083568
469400,0.115493,0.083568
469500,0.123005,0.083568
469600,0.142723,0.083568
469700,0.155869,0.083568
469800,0.124883,0.083568
469900,0.125822,0.083568
470000,0.128638,0.083568
470100,0.128638,0.083568
470200,0.113615,0.083568
470300,0.135211,0.083568
470400,0.149296,0.083568
470500,0.135211,0.083568
470600,0.131455,0.083568
470700,0.128638,0.083568
470800,0.137089,0.083568
470900,0.113615,0.083568
471000,0.123005,0.083568
471100,0.125822,0.083568
471200,0.119249,0.083568
471300,0.140845,0.083568
471400,0.135211,0.083568
471500,0.128638,0.083568
471600,0.123005,0.083568
471700,0.123005,0.083568
471800,0.112676,0.083568
471900,0.124883,0.083568
472000,0.107981,0.083568
472100,0.109859,0.083568
472200,0.157746,0.083568
472300,0.126761,0.083568
472400,0.142723,0.083568
472500,0.113615,0.083568
472600,0.123005,0.083568
472700,0.106103,0.083568
472800,0.126761,0.083568
472900,0.107042,0.083568
473000,0.105164,0.083568
473100,0.107981,0.083568
473200,0.122066,0.083568
473300,0.118310,0.083568
473400,0.125822,0.083568
473500,0.133333,0.083568
473600,0.119249,0.083568
473700,0.111737,0.083568
473800,0.130516,0.083568
473900,0.134272,0.083568
474000,0.144601,0.083568
474100,0.123005,0.083568
474200,0.137089,0.083568
474300,0.146479,0.083568
474400,0.132394,0.083568
474500,0.114554,0.083568
474600,0.131455,0.083568
474700,0.133333,0.083568
474800,0.123005,0.083568
474900,0.137089,0.083568
475000,0.135211,0.083568
475100,0.130516,0.083568
475200,0.129577,0.083568
475300,0.113615,0.083568
475400,0.125822,0.083568
475500,0.103286,0.083568
475600,0.106103,0.083568
475700,0.097653,0.083568
475800,0.109859,0.083568
475900,0.123944,0.083568
476000,0.132394,0.083568
476100,0.112676,0.083568
476200,0.101408,0.083568
476300,0.118310,0.083568
476400,0.112676,0.083568
476500,0.100469,0.083568
476600,0.134272,0.083568
476700,0.121127,0.083568
476800,0.129577,0.083568
476900,0.124883,0.083568
477000,0.138028,0.083568
477100,0.136150,0.083568
477200,0.122066,0.083568
477300,0.126761,0.083568
477400,0.128638,0.083568
477500,0.127700,0.083568
477600,0.138967,0.083568
477700,0.133333,0.083568
477800,0.114554,0.083568
477900,0.136150,0.083568
478000,0.124883,0.083568
478100,0.134272,0.083568
478200,0.117371,0.083568
478300,0.131455,0.083568
478400,0.147418,0.083568
478500,0.122066,0.083568
478600,0.120188,0.083568
478700,0.131455,0.083568
478800,0.125822,0.083568
478900,0.127700,0.083568
479000,0.121127,0.083568
479100,0.116432,0.083568
479200,0.118310,0.083568
479300,0.116432,0.083568
479400,0.136150,0.083568
479500,0.122066,0.083568
479600,0.136150,0.083568
479700,0.136150,0.083568
479800,0.138028,0.083568
479900,0.138967,0.083568
480000,0.136150,0.083568
480100,0.143662,0.083568
480200,0.148357,0.083568
480300,0.122066,0.083568
480400,0.116432,0.083568
480500,0.135211,0.083568
480600,0.116432,0.083568
480700,0.115493,0.083568
480800,0.104225,0.083568
480900,0.127700,0.083568
481000,0.145540,0.083568
481100,0.132394,0.083568
481200,0.120188,0.083568
481300,0.118310,0.083568
481400,0.130516,0.083568
481500,0.123944,0.083568
481600,0.121127,0.083568
481700,0.128638,0.083568
481800,0.118310,0.083568
481900,0.133333,0.083568
482000,0.106103,0.083568
482100,0.134272,0.083568
482200,0.109859,0.083568
482300,0.124883,0.083568
482400,0.123944,0.083568
482500,0.112676,0.083568
482600,0.122066,0.083568
482700,0.107981,0.083568
482800,0.123944,0.083568
482900,0.120188,0.083568
483000,0.120188,0.083568
483100,0.135211,0.083568
483200,0.116432,0.083568
483300,0.123944,0.083568
483400,0.118310,0.083568
483500,0.115493,0.083568
483600,0.115493,0.083568
483700,0.134272,0.083568
483800,0.123005,0.083568
483900,0.105164,0.083568
484000,0.131455,0.083568
484100,0.123944,0.083568
484200,0.137089,0.083568
484300,0.118310,0.083568
484400,0.113615,0.083568
484500,0.125822,0.083568
484600,0.121127,0.083568
484700,0.127700,0.083568
484800,0.126761,0.083568
484900,0.123944,0.083568
485000,0.115493,0.083568
485100,0.106103,0.083568
485200,0.110798,0.083568
485300,0.112676,0.083568
485400,0.138028,0.083568
485500,0.142723,0.083568
485600,0.128638,0.083568
485700,0.123005,0.083568
485800,0.128638,0.083568
485900,0.103286,0.083568
486000,0.111737,0.083568
486100,0.107042,0.083568
486200,0.127700,0.083568
486300,0.108920,0.083568
486400,0.121127,0.083568
486500,0.123944,0.083568
486600,0.109859,0.083568
486700,0.126761,0.083568
486800,0.111737,0.083568
486900,0.118310,0.083568
487000,0.109859,0.083568
487100,0.108920,0.083568
487200,0.131455,0.083568
487300,0.124883,0.083568
487400,0.121127,0.083568
487500,0.132394,0.083568
487600,0.140845,0.083568
487700,0.111737,0.083568
487800,0.122066,0.083568
487900,0.135211,0.083568
488000,0.138028,0.083568
488100,0.130516,0.083568
488200,0.128638,0.083568
488300,0.128638,0.083568
488400,0.111737,0.083568
488500,0.120188,0.083568
488600,0.124883,0.083568
488700,0.124883,0.083568
488800,0.113615,0.083568
488900,0.112676,0.083568
489000,0.135211,0.083568
489100,0.103286,0.083568
489200,0.127700,0.083568
489300,0.115493,0.083568
489400,0.119249,0.083568
489500,0.116432,0.083568
489600,0.123944,0.083568
489700,0.133333,0.083568
489800,0.126761,0.083568
489900,0.136150,0.083568
490000,0.123005,0.083568
490100,0.127700,0.083568
490200,0.140845,0.083568
490300,0.151174,0.083568
490400,0.113615,0.083568
490500,0.133333,0.083568
490600,0.136150,0.083568
490700,0.127700,0.083568
490800,0.120188,0.083568
490900,0.110798,0.083568
491000,0.120188,0.083568
491100,0.116432,0.083568
491200,0.125822,0.083568
491300,0.123005,0.083568
491400,0.129577,0.083568
491500,0.138028,0.083568
491600,0.122066,0.083568
491700,0.134272,0.083568
491800,0.123944,0.083568
491900,0.129577,0.083568
492000,0.137089,0.083568
492100,0.124883,0.083568
492200,0.105164,0.083568
492300,0.128638,0.083568
492400,0.121127,0.083568
492500,0.127700,0.083568
492600,0.131455,0.083568
492700,0.139906,0.083568
492800,0.125822,0.083568
492900,0.127700,0.083568
493000,0.121127,0.083568
493100,0.123005,0.083568
493200,0.123005,0.083568
493300,0.145540,0.083568
493400,0.112676,0.083568
493500,0.124883,0.083568
493600,0.128638,0.083568
493700,0.142723,0.083568
493800,0.130516,0.083568
493900,0.126761,0.083568
494000,0.133333,0.083568
494100,0.123944,0.083568
494200,0.118310,0.083568
494300,0.101408,0.083568
494400,0.111737,0.083568
494500,0.119249,0.083568
494600,0.123944,0.083568
494700,0.122066,0.083568
494800,0.134272,0.083568
494900,0.124883,0.083568
495000,0.126761,0.083568
495100,0.123944,0.083568
495200,0.121127,0.083568
495300,0.136150,0.083568
495400,0.131455,0.083568
495500,0.109859,0.083568
495600,0.121127,0.083568
495700,0.107981,0.083568
495800,0.103286,0.083568
495900,0.117371,0.083568
496000,0.107981,0.083568
496100,0.123944,0.083568
496200,0.109859,0.083568
496300,0.112676,0.083568
496400,0.112676,0.083568
496500,0.114554,0.083568
496600,0.111737,0.083568
496700,0.124883,0.083568
496800,0.136150,0.083568
496900,0.127700,0.083568
497000,0.123944,0.083568
497100,0.121127,0.083568
497200,0.106103,0.083568
497300,0.123944,0.083568
497400,0.125822,0.083568
497500,0.138028,0.083568
497600,0.123005,0.083568
497700,0.130516,0.083568
497800,0.122066,0.083568
497900,0.137089,0.083568
498000,0.129577,0.083568
498100,0.144601,0.083568
498200,0.127700,0.083568
498300,0.122066,0.083568
498400,0.115493,0.083568
498500,0.130516,0.083568
498600,0.111737,0.083568
498700,0.121127,0.083568
498800,0.119249,0.083568
498900,0.138028,0.083568
499000,0.112676,0.083568
499100,0.120188,0.083568
499200,0.123005,0.083568
499300,0.123944,0.083568
499400,0.126761,0.083568
499500,0.112676,0.083568
499600,0.120188,0.083568
499700,0.125822,0.083568
499800,0.106103,0.083568
499900,0.132394,0.083568
500000,0.135211,0.083568
500100,0.130516,0.083568
500200,0.122066,0.083568
500300,0.127700,0.083568
500400,0.136150,0.083568
500500,0.132394,0.083568
500600,0.124883,0.083568
500700,0.114554,0.083568
500800,0.132394,0.083568
500900,0.120188,0.083568
501000,0.145540,0.083568
501100,0.126761,0.083568
501200,0.122066,0.083568
501300,0.113615,0.083568
501400,0.131455,0.083568
501500,0.111737,0.083568
501600,0.116432,0.083568
501700,0.109859,0.083568
501800,0.115493,0.083568
501900,0.112676,0.083568
502000,0.109859,0.083568
502100,0.106103,0.083568
502200,0.117371,0.083568
502300,0.117371,0.083568
502400,0.131455,0.083568
502500,0.141784,0.083568
502600,0.131455,0.083568
502700,0.126761,0.083568
502800,0.116432,0.083568
502900,0.123944,0.083568
503000,0.123005,0.083568
503100,0.104225,0.083568
503200,0.110798,0.083568
503300,0.121127,0.083568
503400,0.115493,0.083568
503500,0.133333,0.083568
503600,0.122066,0.083568
503700,0.138028,0.083568
503800,0.135211,0.083568
503900,0.127700,0.083568
504000,0.136150,0.083568
504100,0.131455,0.083568
504200,0.130516,0.083568
504300,0.104225,0.083568
504400,0.102347,0.083568
504500,0.134272,0.083568
504600,0.130516,0.083568
504700,0.117371,0.083568
504800,0.135211,0.083568
504900,0.126761,0.083568
505000,0.118310,0.083568
505100,0.140845,0.083568
505200,0.109859,0.083568
505300,0.123944,0.083568
505400,0.123944,0.083568
505500,0.137089,0.083568
505600,0.137089,0.083568
505700,0.114554,0.083568
505800,0.136150,0.083568
505900,0.149296,0.083568
506000,0.137089,0.083568
506100,0.133333,0.083568
506200,0.106103,0.083568
506300,0.130516,0.083568
506400,0.127700,0.083568
506500,0.117371,0.083568
506600,0.123944,0.083568
506700,0.145540,0.083568
506800,0.114554,0.083568
506900,0.129577,0.083568
507000,0.123005,0.083568
507100,0.128638,0.083568
507200,0.137089,0.083568
507300,0.116432,0.083568
507400,0.122066,0.083568
507500,0.116432,0.083568
507600,0.121127,0.083568
507700,0.121127,0.083568
507800,0.115493,0.083568
507900,0.106103,0.083568
508000,0.121127,0.083568
508100,0.116432,0.083568
508200,0.118310,0.083568
508300,0.125822,0.083568
508400,0.116432,0.083568
508500,0.130516,0.083568
508600,0.129577,0.083568
508700,0.138028,0.083568
508800,0.118310,0.083568
508900,0.133333,0.083568
509000,0.126761,0.083568
509100,0.128638,0.083568
509200,0.127700,0.083568
509300,0.143662,0.083568
509400,0.131455,0.083568
509500,0.138967,0.083568
509600,0.123944,0.083568
509700,0.114554,0.083568
509800,0.117371,0.083568
509900,0.137089,0.083568
510000,0.124883,0.083568
510100,0.123005,0.083568
510200,0.123005,0.083568
510300,0.125822,0.083568
510400,0.135211,0.083568
510500,0.120188,0.083568
510600,0.112676,0.083568
510700,0.104225,0.083568
510800,0.121127,0.083568
510900,0.118310,0.083568
511000,0.127700,0.083568
511100,0.137089,0.083568
511200,0.130516,0.083568
511300,0.120188,0.083568
511400,0.133333,0.083568
511500,0.125822,0.083568
511600,0.111737,0.083568
511700,0.130516,0.083568
511800,0.117371,0.083568
511900,0.140845,0.083568
512000,0.138028,0.083568
512100,0.134272,0.083568
512200,0.110798,0.083568
512300,0.123944,0.083568
512400,0.120188,0.083568
512500,0.121127,0.083568
512600,0.128638,0.083568
512700,0.129577,0.083568
512800,0.126761,0.083568
512900,0.118310,0.083568
513000,0.127700,0.083568
513100,0.129577,0.083568
513200,0.127700,0.083568
513300,0.130516,0.083568
513400,0.132394,0.083568
513500,0.129577,0.083568
513600,0.113615,0.083568
513700,0.116432,0.083568
513800,0.115493,0.083568
513900,0.133333,0.083568
514000,0.123005,0.083568
514100,0.135211,0.083568
514200,0.136150,0.083568
514300,0.138028,0.083568
514400,0.130516,0.083568
514500,0.111737,0.083568
514600,0.118310,0.083568
514700,0.118310,0.083568
514800,0.126761,0.083568
514900,0.128638,0.083568
515000,0.137089,0.083568
515100,0.124883,0.083568
515200,0.134272,0.083568
515300,0.141784,0.083568
515400,0.139906,0.083568
515500,0.140845,0.083568
515600,0.109859,0.083568
515700,0.119249,0.083568
515800,0.126761,0.083568
515900,0.112676,0.083568
516000,0.105164,0.083568
516100,0.110798,0.083568
516200,0.117371,0.083568
516300,0.124883,0.083568
516400,0.120188,0.083568
516500,0.138028,0.083568
516600,0.122066,0.083568
516700,0.128638,0.083568
516800,0.123944,0.083568
516900,0.120188,0.083568
517000,0.130516,0.083568
517100,0.117371,0.083568
517200,0.114554,0.083568
517300,0.121127,0.083568
517400,0.107981,0.083568
517500,0.116432,0.083568
517600,0.131455,0.083568
517700,0.130516,0.083568
517800,0.121127,0.083568
517900,0.119249,0.083568
518000,0.120188,0.083568
518100,0.134272,0.083568
518200,0.140845,0.083568
518300,0.108920,0.083568
518400,0.113615,0.083568
518500,0.109859,0.083568
518600,0.106103,0.083568
518700,0.108920,0.083568
518800,0.122066,0.083568
518900,0.129577,0.083568
519000,0.133333,0.083568
519100,0.125822,0.083568
519200,0.131455,0.083568
519300,0.129577,0.083568
519400,0.129577,0.083568
519500,0.123944,0.083568
519600,0.123005,0.083568
519700,0.138028,0.083568
519800,0.125822,0.083568
519900,0.113615,0.083568
520000,0.121127,0.083568
520100,0.125822,0.083568
520200,0.131455,0.083568
520300,0.132394,0.083568
520400,0.128638,0.083568
520500,0.127700,0.083568
520600,0.123944,0.083568
520700,0.135211,0.083568
520800,0.133333,0.083568
520900,0.137089,0.083568
521000,0.139906,0.083568
521100,0.138967,0.083568
521200,0.131455,0.083568
521300,0.131455,0.083568
521400,0.111737,0.083568
521500,0.124883,0.083568
521600,0.125822,0.083568
521700,0.128638,0.083568
521800,0.123005,0.083568
521900,0.134272,0.083568
522000,0.128638,0.083568
522100,0.132394,0.083568
522200,0.137089,0.083568
522300,0.157746,0.083568
522400,0.141784,0.083568
522500,0.146479,0.083568
522600,0.128638,0.083568
522700,0.128638,0.083568
522800,0.133333,0.083568
522900,0.129577,0.083568
523000,0.107981,0.083568
523100,0.117371,0.083568
523200,0.127700,0.083568
523300,0.141784,0.083568
523400,0.131455,0.083568
523500,0.122066,0.083568
523600,0.123005,0.083568
523700,0.142723,0.083568
523800,0.128638,0.083568
523900,0.123005,0.083568
524000,0.123944,0.083568
524100,0.105164,0.083568
524200,0.120188,0.083568
524300,0.131455,0.083568
524400,0.138967,0.083568
524500,0.123944,0.083568
524600,0.127700,0.083568
524700,0.127700,0.083568
524800,0.131455,0.083568
524900,0.097653,0.083568
525000,0.121127,0.083568
525100,0.136150,0.083568
525200,0.138967,0.083568
525300,0.120188,0.083568
525400,0.129577,0.083568
525500,0.118310,0.083568
525600,0.127700,0.083568
525700,0.111737,0.083568
525800,0.112676,0.083568
525900,0.128638,0.083568
526000,0.111737,0.083568
526100,0.110798,0.083568
526200,0.115493,0.083568
526300,0.135211,0.083568
526400,0.120188,0.083568
526500,0.130516,0.083568
526600,0.119249,0.083568
526700,0.133333,0.083568
526800,0.131455,0.083568
526900,0.130516,0.083568
527000,0.131455,0.083568
527100,0.142723,0.083568
527200,0.122066,0.083568
527300,0.140845,0.083568
527400,0.139906,0.083568
527500,0.117371,0.083568
527600,0.131455,0.083568
527700,0.109859,0.083568
527800,0.111737,0.083568
527900,0.120188,0.083568
528000,0.112676,0.083568
528100,0.139906,0.083568
528200,0.152113,0.083568
528300,0.147418,0.083568
528400,0.136150,0.083568
528500,0.142723,0.083568
528600,0.138028,0.083568
528700,0.129577,0.083568
528800,0.125822,0.083568
528900,0.114554,0.083568
529000,0.115493,0.083568
529100,0.133333,0.083568
529200,0.142723,0.083568
529300,0.142723,0.083568
529400,0.140845,0.083568
529500,0.123944,0.083568
529600,0.133333,0.083568
529700,0.125822,0.083568
529800,0.138028,0.083568
529900,0.124883,0.083568
530000,0.116432,0.083568
530100,0.117371,0.083568
530200,0.126761,0.083568
530300,0.123005,0.083568
530400,0.110798,0.083568
530500,0.114554,0.083568
530600,0.115493,0.083568
530700,0.112676,0.083568
530800,0.099531,0.083568
530900,0.101408,0.083568
531000,0.117371,0.083568
531100,0.119249,0.083568
531200,0.122066,0.083568
531300,0.120188,0.083568
531400,0.123944,0.083568
531500,0.128638,0.083568
531600,0.141784,0.083568
531700,0.124883,0.083568
531800,0.126761,0.083568
531900,0.129577,0.083568
532000,0.137089,0.083568
532100,0.146479,0.083568
532200,0.142723,0.083568
532300,0.130516,0.083568
532400,0.124883,0.083568
532500,0.113615,0.083568
532600,0.125822,0.083568
532700,0.125822,0.083568
532800,0.135211,0.083568
532900,0.151174,0.083568
533000,0.126761,0.083568
533100,0.139906,0.083568
533200,0.126761,0.083568
533300,0.132394,0.083568
533400,0.137089,0.083568
533500,0.153991,0.083568
533600,0.135211,0.083568
533700,0.118310,0.083568
533800,0.122066,0.083568
533900,0.123944,0.083568
534000,0.105164,0.083568
534100,0.108920,0.083568
534200,0.130516,0.083568
534300,0.109859,0.083568
534400,0.118310,0.083568
534500,0.129577,0.083568
534600,0.120188,0.083568
534700,0.115493,0.083568
534800,0.110798,0.083568
534900,0.116432,0.083568
535000,0.138028,0.083568
535100,0.169953,0.083568
535200,0.152113,0.083568
535300,0.141784,0.083568
535400,0.140845,0.083568
535500,0.144601,0.083568
535600,0.123005,0.083568
535700,0.127700,0.083568
535800,0.129577,0.083568
535900,0.141784,0.083568
536000,0.132394,0.083568
536100,0.107981,0.083568
536200,0.123944,0.083568
536300,0.115493,0.083568
536400,0.111737,0.083568
536500,0.110798,0.083568
536600,0.120188,0.083568
536700,0.133333,0.083568
536800,0.120188,0.083568
536900,0.121127,0.083568
537000,0.147418,0.083568
537100,0.150235,0.083568
537200,0.153052,0.083568
537300,0.150235,0.083568
537400,0.120188,0.083568
537500,0.123944,0.083568
537600,0.141784,0.083568
537700,0.131455,0.083568
537800,0.147418,0.083568
537900,0.135211,0.083568
538000,0.140845,0.083568
538100,0.136150,0.083568
538200,0.131455,0.083568
538300,0.129577,0.083568
538400,0.136150,0.083568
538500,0.126761,0.083568
538600,0.142723,0.083568
538700,0.132394,0.083568
538800,0.129577,0.083568
538900,0.131455,0.083568
539000,0.122066,0.083568
539100,0.124883,0.083568
539200,0.130516,0.083568
539300,0.108920,0.083568
539400,0.112676,0.083568
539500,0.130516,0.083568
539600,0.139906,0.083568
539700,0.133333,0.083568
539800,0.137089,0.083568
539900,0.153991,0.083568
540000,0.148357,0.083568
540100,0.123944,0.083568
540200,0.127700,0.083568
540300,0.118310,0.083568
540400,0.123005,0.083568
540500,0.133333,0.083568
540600,0.123005,0.083568
540700,0.125822,0.083568
540800,0.126761,0.083568
540900,0.121127,0.083568
541000,0.129577,0.083568
541100,0.125822,0.083568
541200,0.132394,0.083568
541300,0.126761,0.083568
541400,0.110798,0.083568
541500,0.120188,0.083568
541600,0.126761,0.083568
541700,0.117371,0.083568
541800,0.124883,0.083568
541900,0.125822,0.083568
542000,0.137089,0.083568
542100,0.118310,0.083568
542200,0.130516,0.083568
542300,0.123944,0.083568
542400,0.128638,0.083568
542500,0.128638,0.083568
542600,0.134272,0.083568
542700,0.133333,0.083568
542800,0.136150,0.083568
542900,0.145540,0.083568
543000,0.124883,0.083568
543100,0.138028,0.083568
543200,0.123944,0.083568
543300,0.107042,0.083568
543400,0.131455,0.083568
543500,0.138967,0.083568
543600,0.111737,0.083568
543700,0.123005,0.083568
543800,0.131455,0.083568
543900,0.128638,0.083568
544000,0.117371,0.083568
544100,0.107042,0.083568
544200,0.134272,0.083568
544300,0.112676,0.083568
544400,0.120188,0.083568
544500,0.111737,0.083568
544600,0.130516,0.083568
544700,0.124883,0.083568
544800,0.125822,0.083568
544900,0.138028,0.083568
545000,0.149296,0.083568
545100,0.138967,0.083568
545200,0.115493,0.083568
545300,0.123944,0.083568
545400,0.115493,0.083568
545500,0.119249,0.083568
545600,0.126761,0.083568
545700,0.125822,0.083568
545800,0.116432,0.083568
545900,0.120188,0.083568
546000,0.115493,0.083568
546100,0.118310,0.083568
546200,0.136150,0.083568
546300,0.129577,0.083568
546400,0.125822,0.083568
546500,0.110798,0.083568
546600,0.133333,0.083568
546700,0.116432,0.083568
546800,0.100469,0.083568
546900,0.116432,0.083568
547000,0.119249,0.083568
547100,0.107981,0.083568
547200,0.132394,0.083568
547300,0.133333,0.083568
547400,0.133333,0.083568
547500,0.123944,0.083568
547600,0.125822,0.083568
547700,0.131455,0.083568
547800,0.136150,0.083568
547900,0.124883,0.083568
548000,0.128638,0.083568
548100,0.137089,0.083568
548200,0.129577,0.083568
548300,0.121127,0.083568
548400,0.127700,0.083568
548500,0.140845,0.083568
548600,0.139906,0.083568
548700,0.119249,0.083568
548800,0.108920,0.083568
548900,0.123005,0.083568
549000,0.129577,0.083568
549100,0.117371,0.083568
549200,0.125822,0.083568
549300,0.110798,0.083568
549400,0.128638,0.083568
549500,0.117371,0.083568
549600,0.119249,0.083568
549700,0.105164,0.083568
549800,0.126761,0.083568
549900,0.136150,0.083568
550000,0.120188,0.083568
550100,0.125822,0.083568
550200,0.122066,0.083568
550300,0.129577,0.083568
550400,0.116432,0.083568
550500,0.131455,0.083568
550600,0.126761,0.083568
550700,0.116432,0.083568
550800,0.112676,0.083568
550900,0.111737,0.083568
551000,0.114554,0.083568
551100,0.124883,0.083568
551200,0.115493,0.083568
551300,0.128638,0.083568
551400,0.131455,0.083568
551500,0.123005,0.083568
551600,0.129577,0.083568
551700,0.124883,0.083568
551800,0.114554,0.083568
551900,0.113615,0.083568
552000,0.127700,0.083568
552100,0.133333,0.083568
552200,0.132394,0.083568
552300,0.128638,0.083568
552400,0.125822,0.083568
552500,0.127700,0.083568
552600,0.126761,0.083568
552700,0.129577,0.083568
552800,0.136150,0.083568
552900,0.143662,0.083568
553000,0.133333,0.083568
553100,0.106103,0.083568
553200,0.111737,0.083568
553300,0.115493,0.083568
553400,0.116432,0.083568
553500,0.140845,0.083568
553600,0.108920,0.083568
553700,0.113615,0.083568
553800,0.111737,0.083568
553900,0.121127,0.083568
554000,0.130516,0.083568
554100,0.134272,0.083568
554200,0.134272,0.083568
554300,0.146479,0.083568
554400,0.114554,0.083568
554500,0.117371,0.083568
554600,0.120188,0.083568
554700,0.106103,0.083568
554800,0.115493,0.083568
554900,0.124883,0.083568
555000,0.135211,0.083568
555100,0.124883,0.083568
555200,0.126761,0.083568
555300,0.114554,0.083568
555400,0.126761,0.083568
555500,0.119249,0.083568
555600,0.125822,0.083568
555700,0.127700,0.083568
555800,0.126761,0.083568
555900,0.124883,0.083568
556000,0.138028,0.083568
556100,0.120188,0.083568
556200,0.127700,0.083568
556300,0.118310,0.083568
556400,0.123944,0.083568
556500,0.113615,0.083568
556600,0.123005,0.083568
556700,0.120188,0.083568
556800,0.105164,0.083568
556900,0.130516,0.083568
557000,0.139906,0.083568
557100,0.153991,0.083568
557200,0.129577,0.083568
557300,0.131455,0.083568
557400,0.147418,0.083568
557500,0.129577,0.083568
557600,0.138967,0.083568
557700,0.129577,0.083568
557800,0.117371,0.083568
557900,0.116432,0.083568
558000,0.134272,0.083568
558100,0.113615,0.083568
558200,0.124883,0.083568
558300,0.132394,0.083568
558400,0.106103,0.083568
558500,0.107981,0.083568
558600,0.120188,0.083568
558700,0.115493,0.083568
558800,0.102347,0.083568
558900,0.122066,0.083568
559000,0.129577,0.083568
559100,0.139906,0.083568
559200,0.120188,0.083568
559300,0.102347,0.083568
559400,0.106103,0.083568
559500,0.118310,0.083568
559600,0.113615,0.083568
559700,0.113615,0.083568
559800,0.130516,0.083568
559900,0.121127,0.083568
560000,0.127700,0.083568
560100,0.121127,0.083568
560200,0.126761,0.083568
560300,0.119249,0.083568
560400,0.106103,0.083568
560500,0.133333,0.083568
560600,0.123944,0.083568
560700,0.137089,0.083568
560800,0.116432,0.083568
560900,0.121127,0.083568
561000,0.116432,0.083568
561100,0.113615,0.083568
561200,0.131455,0.083568
561300,0.121127,0.083568
561400,0.122066,0.083568
561500,0.122066,0.083568
561600,0.129577,0.083568
561700,0.124883,0.083568
561800,0.106103,0.083568
561900,0.119249,0.083568
562000,0.120188,0.083568
562100,0.139906,0.083568
562200,0.116432,0.083568
562300,0.118310,0.083568
562400,0.124883,0.083568
562500,0.129577,0.083568
562600,0.129577,0.083568
562700,0.118310,0.083568
562800,0.119249,0.083568
562900,0.123005,0.083568
563000,0.122066,0.083568
563100,0.120188,0.083568
563200,0.125822,0.083568
563300,0.106103,0.083568
563400,0.122066,0.083568
563500,0.113615,0.083568
563600,0.137089,0.083568
563700,0.126761,0.083568
563800,0.122066,0.083568
563900,0.118310,0.083568
564000,0.107981,0.083568
564100,0.127700,0.083568
564200,0.128638,0.083568
564300,0.125822,0.083568
564400,0.120188,0.083568
564500,0.117371,0.083568
564600,0.110798,0.083568
564700,0.116432,0.083568
564800,0.115493,0.083568
564900,0.111737,0.083568
565000,0.130516,0.083568
565100,0.125822,0.083568
565200,0.120188,0.083568
565300,0.120188,0.083568
565400,0.115493,0.083568
565500,0.119249,0.083568
565600,0.123005,0.083568
565700,0.119249,0.083568
565800,0.115493,0.083568
565900,0.122066,0.083568
566000,0.124883,0.083568
566100,0.124883,0.083568
566200,0.138967,0.083568
566300,0.120188,0.083568
566400,0.123944,0.083568
566500,0.129577,0.083568
566600,0.123005,0.083568
566700,0.123944,0.083568
566800,0.132394,0.083568
566900,0.129577,0.083568
567000,0.140845,0.083568
567100,0.119249,0.083568
567200,0.130516,0.083568
567300,0.132394,0.083568
567400,0.124883,0.083568
567500,0.149296,0.083568
567600,0.131455,0.083568
567700,0.123944,0.083568
567800,0.112676,0.083568
567900,0.120188,0.083568
568000,0.121127,0.083568
568100,0.117371,0.083568
568200,0.119249,0.083568
568300,0.126761,0.083568
568400,0.125822,0.083568
568500,0.127700,0.083568
568600,0.128638,0.083568
568700,0.134272,0.083568
568800,0.133333,0.083568
568900,0.110798,0.083568
569000,0.123005,0.083568
569100,0.131455,0.083568
569200,0.125822,0.083568
569300,0.126761,0.083568
569400,0.115493,0.083568
569500,0.117371,0.083568
569600,0.124883,0.083568
569700,0.122066,0.083568
569800,0.123944,0.083568
569900,0.119249,0.083568
570000,0.117371,0.083568
570100,0.125822,0.083568
570200,0.127700,0.083568
570300,0.139906,0.083568
570400,0.144601,0.083568
570500,0.137089,0.083568
570600,0.121127,0.083568
570700,0.108920,0.083568
570800,0.118310,0.083568
570900,0.132394,0.083568
571000,0.133333,0.083568
571100,0.144601,0.083568
571200,0.142723,0.083568
571300,0.119249,0.083568
571400,0.113615,0.083568
571500,0.118310,0.083568
571600,0.113615,0.083568
571700,0.136150,0.083568
571800,0.138028,0.083568
571900,0.113615,0.083568
572000,0.102347,0.083568
572100,0.116432,0.083568
572200,0.130516,0.083568
572300,0.114554,0.083568
572400,0.113615,0.083568
572500,0.114554,0.083568
572600,0.121127,0.083568
572700,0.106103,0.083568
572800,0.124883,0.083568
572900,0.123005,0.083568
573000,0.138028,0.083568
573100,0.138028,0.083568
573200,0.128638,0.083568
573300,0.126761,0.083568
573400,0.120188,0.083568
573500,0.114554,0.083568
573600,0.125822,0.083568
573700,0.137089,0.083568
573800,0.116432,0.083568
573900,0.133333,0.083568
574000,0.139906,0.083568
574100,0.114554,0.083568
574200,0.137089,0.083568
574300,0.138028,0.083568
574400,0.138028,0.083568
574500,0.116432,0.083568
574600,0.107042,0.083568
574700,0.116432,0.083568
574800,0.120188,0.083568
574900,0.120188,0.083568
575000,0.127700,0.083568
575100,0.120188,0.083568
575200,0.136150,0.083568
575300,0.137089,0.083568
575400,0.139906,0.083568
575500,0.120188,0.083568
575600,0.116432,0.083568
575700,0.129577,0.083568
575800,0.103286,0.083568
575900,0.130516,0.083568
576000,0.113615,0.083568
576100,0.122066,0.083568
576200,0.129577,0.083568
576300,0.116432,0.083568
576400,0.111737,0.083568
576500,0.120188,0.083568
576600,0.123944,0.083568
576700,0.131455,0.083568
576800,0.123944,0.083568
576900,0.144601,0.083568
577000,0.146479,0.083568
577100,0.146479,0.083568
577200,0.130516,0.083568
577300,0.111737,0.083568
577400,0.131455,0.083568
577500,0.118310,0.083568
577600,0.124883,0.083568
577700,0.107042,0.083568
577800,0.124883,0.083568
577900,0.129577,0.083568
578000,0.121127,0.083568
578100,0.124883,0.083568
578200,0.123944,0.083568
578300,0.128638,0.083568
578400,0.139906,0.083568
578500,0.137089,0.083568
578600,0.149296,0.083568
578700,0.148357,0.083568
578800,0.126761,0.083568
578900,0.117371,0.083568
579000,0.115493,0.083568
579100,0.150235,0.083568
579200,0.134272,0.083568
579300,0.125822,0.083568
579400,0.116432,0.083568
579500,0.120188,0.083568
579600,0.125822,0.083568
579700,0.128638,0.083568
579800,0.136150,0.083568
579900,0.144601,0.083568
580000,0.141784,0.083568
580100,0.138028,0.083568
580200,0.127700,0.083568
580300,0.129577,0.083568
580400,0.132394,0.083568
580500,0.113615,0.083568
580600,0.122066,0.083568
580700,0.126761,0.083568
580800,0.111737,0.083568
580900,0.120188,0.083568
581000,0.109859,0.083568
581100,0.124883,0.083568
581200,0.107981,0.083568
581300,0.117371,0.083568
581400,0.115493,0.083568
581500,0.124883,0.083568
581600,0.137089,0.083568
581700,0.118310,0.083568
581800,0.120188,0.083568
581900,0.133333,0.083568
582000,0.127700,0.083568
582100,0.135211,0.083568
582200,0.122066,0.083568
582300,0.139906,0.083568
582400,0.125822,0.083568
582500,0.111737,0.083568
582600,0.124883,0.083568
582700,0.131455,0.083568
582800,0.107981,0.083568
582900,0.098592,0.083568
583000,0.091080,0.083568
583100,0.118310,0.082629
583200,0.136150,0.082629
583300,0.125822,0.082629
583400,0.120188,0.082629
583500,0.136150,0.082629
583600,0.123944,0.082629
583700,0.121127,0.082629
583800,0.130516,0.082629
583900,0.143662,0.082629
584000,0.134272,0.082629
584100,0.116432,0.082629
584200,0.106103,0.082629
584300,0.108920,0.082629
584400,0.114554,0.082629
584500,0.138028,0.082629
584600,0.119249,0.082629
584700,0.114554,0.082629
584800,0.123944,0.082629
584900,0.097653,0.082629
585000,0.111737,0.082629
585100,0.141784,0.082629
585200,0.129577,0.082629
585300,0.147418,0.082629
585400,0.155869,0.082629
585500,0.133333,0.082629
585600,0.132394,0.082629
585700,0.135211,0.082629
585800,0.160563,0.082629
585900,0.145540,0.082629
586000,0.127700,0.082629
586100,0.126761,0.082629
586200,0.133333,0.082629
586300,0.115493,0.082629
586400,0.121127,0.082629
586500,0.127700,0.082629
586600,0.123944,0.082629
586700,0.124883,0.082629
586800,0.132394,0.082629
586900,0.121127,0.082629
587000,0.121127,0.082629
587100,0.118310,0.082629
587200,0.138028,0.082629
587300,0.112676,0.082629
587400,0.112676,0.082629
587500,0.114554,0.082629
587600,0.117371,0.082629
587700,0.123005,0.082629
587800,0.120188,0.082629
587900,0.130516,0.082629
588000,0.127700,0.082629
588100,0.133333,0.082629
588200,0.133333,0.082629
588300,0.123005,0.082629
588400,0.121127,0.082629
588500,0.119249,0.082629
588600,0.100469,0.082629
588700,0.133333,0.082629
588800,0.119249,0.082629
588900,0.130516,0.082629
589000,0.117371,0.082629
589100,0.129577,0.082629
589200,0.135211,0.082629
589300,0.137089,0.082629
589400,0.137089,0.082629
589500,0.123944,0.082629
589600,0.125822,0.082629
589700,0.128638,0.082629
589800,0.122066,0.082629
589900,0.121127,0.082629
590000,0.131455,0.082629
590100,0.124883,0.082629
590200,0.137089,0.082629
590300,0.123944,0.082629
590400,0.117371,0.082629
590500,0.123005,0.082629
590600,0.123944,0.082629
590700,0.118310,0.082629
590800,0.118310,0.082629
590900,0.122066,0.082629
591000,0.106103,0.082629
591100,0.130516,0.082629
591200,0.117371,0.082629
591300,0.128638,0.082629
591400,0.133333,0.082629
591500,0.120188,0.082629
591600,0.118310,0.082629
591700,0.125822,0.082629
591800,0.122066,0.082629
591900,0.112676,0.082629
592000,0.111737,0.082629
592100,0.138967,0.082629
592200,0.126761,0.082629
592300,0.119249,0.082629
592400,0.125822,0.082629
592500,0.130516,0.082629
592600,0.138967,0.082629
592700,0.120188,0.082629
592800,0.123005,0.082629
592900,0.117371,0.082629
593000,0.108920,0.082629
593100,0.118310,0.082629
593200,0.129577,0.082629
593300,0.133333,0.082629
593400,0.123944,0.082629
593500,0.127700,0.082629
593600,0.131455,0.082629
593700,0.126761,0.082629
593800,0.143662,0.082629
593900,0.142723,0.082629
594000,0.129577,0.082629
594100,0.113615,0.082629
594200,0.108920,0.082629
594300,0.129577,0.082629
594400,0.141784,0.082629
594500,0.130516,0.082629
594600,0.123005,0.082629
594700,0.110798,0.082629
594800,0.123005,0.082629
594900,0.146479,0.082629
595000,0.107042,0.082629
595100,0.126761,0.082629
595200,0.124883,0.082629
595300,0.121127,0.082629
595400,0.115493,0.082629
595500,0.107042,0.082629
595600,0.110798,0.082629
595700,0.123944,0.082629
595800,0.119249,0.082629
595900,0.114554,0.082629
596000,0.109859,0.082629
596100,0.103286,0.082629
596200,0.129577,0.082629
596300,0.118310,0.082629
596400,0.106103,0.082629
596500,0.103286,0.082629
596600,0.140845,0.082629
596700,0.128638,0.082629
596800,0.132394,0.082629
596900,0.129577,0.082629
597000,0.126761,0.082629
597100,0.115493,0.082629
597200,0.113615,0.082629
597300,0.112676,0.082629
597400,0.105164,0.082629
597500,0.120188,0.082629
597600,0.114554,0.082629
597700,0.103286,0.082629
597800,0.126761,0.082629
597900,0.117371,0.082629
598000,0.132394,0.082629
598100,0.127700,0.082629
598200,0.119249,0.082629
598300,0.124883,0.082629
598400,0.122066,0.082629
598500,0.137089,0.082629
598600,0.120188,0.082629
598700,0.118310,0.082629
598800,0.113615,0.082629
598900,0.118310,0.082629
599000,0.113615,0.082629
599100,0.120188,0.082629
599200,0.140845,0.082629
599300,0.143662,0.082629
599400,0.119249,0.082629
599500,0.126761,0.082629
599600,0.138028,0.082629
599700,0.127700,0.082629
599800,0.127700,0.082629
599900,0.138967,0.082629
600000,0.119249,0.082629
600100,0.134272,0.082629
600200,0.129577,0.082629
600300,0.144601,0.082629
600400,0.116432,0.082629
600500,0.109859,0.082629
600600,0.127700,0.082629
600700,0.109859,0.082629
600800,0.132394,0.082629
600900,0.141784,0.082629
601000,0.131455,0.082629
601100,0.128638,0.082629
601200,0.138028,0.082629
601300,0.124883,0.082629
601400,0.122066,0.082629
601500,0.119249,0.082629
601600,0.107981,0.082629
601700,0.128638,0.082629
601800,0.131455,0.082629
601900,0.133333,0.082629
602000,0.136150,0.082629
602100,0.125822,0.082629
602200,0.120188,0.082629
602300,0.122066,0.082629
602400,0.125822,0.082629
602500,0.125822,0.082629
602600,0.121127,0.082629
602700,0.124883,0.082629
602800,0.146479,0.082629
602900,0.146479,0.082629
603000,0.123005,0.082629
603100,0.110798,0.082629
603200,0.113615,0.082629
603300,0.122066,0.082629
603400,0.123944,0.082629
603500,0.146479,0.082629
603600,0.128638,0.082629
603700,0.122066,0.082629
603800,0.118310,0.082629
603900,0.108920,0.082629
604000,0.111737,0.082629
604100,0.123005,0.082629
604200,0.114554,0.082629
604300,0.119249,0.082629
604400,0.123944,0.082629
604500,0.109859,0.082629
604600,0.110798,0.082629
604700,0.114554,0.082629
604800,0.118310,0.082629
604900,0.133333,0.082629
605000,0.123944,0.082629
605100,0.113615,0.082629
605200,0.114554,0.082629
605300,0.113615,0.082629
605400,0.129577,0.082629
605500,0.132394,0.082629
605600,0.140845,0.082629
605700,0.124883,0.082629
605800,0.117371,0.082629
605900,0.128638,0.082629
606000,0.121127,0.082629
606100,0.129577,0.082629
606200,0.113615,0.082629
606300,0.134272,0.082629
606400,0.123005,0.082629
606500,0.114554,0.082629
606600,0.127700,0.082629
606700,0.111737,0.082629
606800,0.125822,0.082629
606900,0.118310,0.082629
607000,0.120188,0.082629
607100,0.143662,0.082629
607200,0.123944,0.082629
607300,0.120188,0.082629
607400,0.139906,0.082629
607500,0.116432,0.082629
607600,0.102347,0.082629
607700,0.118310,0.082629
607800,0.127700,0.082629
607900,0.135211,0.082629
608000,0.119249,0.082629
608100,0.111737,0.082629
608200,0.117371,0.082629
608300,0.133333,0.082629
608400,0.123005,0.082629
608500,0.118310,0.082629
608600,0.138028,0.082629
608700,0.136150,0.082629
608800,0.137089,0.082629
608900,0.113615,0.082629
609000,0.123944,0.082629
609100,0.127700,0.082629
609200,0.110798,0.082629
609300,0.118310,0.082629
609400,0.116432,0.082629
609500,0.127700,0.082629
609600,0.146479,0.082629
609700,0.132394,0.082629
609800,0.134272,0.082629
609900,0.118310,0.082629
610000,0.109859,0.082629
610100,0.138028,0.082629
610200,0.107042,0.082629
610300,0.102347,0.082629
610400,0.111737,0.082629
610500,0.130516,0.082629
610600,0.114554,0.082629
610700,0.131455,0.082629
610800,0.146479,0.082629
610900,0.132394,0.082629
611000,0.118310,0.082629
611100,0.118310,0.082629
611200,0.123005,0.082629
611300,0.134272,0.082629
611400,0.121127,0.082629
611500,0.130516,0.082629
611600,0.118310,0.082629
611700,0.126761,0.082629
611800,0.109859,0.082629
611900,0.113615,0.082629
612000,0.133333,0.082629
612100,0.126761,0.082629
612200,0.116432,0.082629
612300,0.123944,0.082629
612400,0.116432,0.082629
612500,0.123005,0.082629
612600,0.123005,0.082629
612700,0.138028,0.082629
612800,0.131455,0.082629
612900,0.117371,0.082629
613000,0.139906,0.082629
613100,0.127700,0.082629
613200,0.140845,0.082629
613300,0.136150,0.082629
613400,0.136150,0.082629
613500,0.123944,0.082629
613600,0.108920,0.082629
613700,0.122066,0.082629
613800,0.120188,0.082629
613900,0.121127,0.082629
614000,0.116432,0.082629
614100,0.135211,0.082629
614200,0.128638,0.082629
614300,0.110798,0.082629
614400,0.110798,0.082629
614500,0.101408,0.082629
614600,0.126761,0.082629
614700,0.115493,0.082629
614800,0.110798,0.082629
614900,0.113615,0.082629
615000,0.125822,0.082629
615100,0.136150,0.082629
615200,0.133333,0.082629
615300,0.139906,0.082629
615400,0.138028,0.082629
615500,0.141784,0.082629
615600,0.134272,0.082629
615700,0.125822,0.082629
615800,0.129577,0.082629
615900,0.121127,0.082629
616000,0.109859,0.082629
616100,0.123005,0.082629
616200,0.121127,0.082629
616300,0.127700,0.082629
616400,0.128638,0.082629
616500,0.122066,0.082629
616600,0.138028,0.082629
616700,0.134272,0.082629
616800,0.123005,0.082629
616900,0.117371,0.082629
617000,0.123944,0.082629
617100,0.140845,0.082629
617200,0.124883,0.082629
617300,0.123944,0.082629
617400,0.110798,0.082629
617500,0.136150,0.082629
617600,0.127700,0.082629
617700,0.139906,0.082629
617800,0.148357,0.082629
617900,0.142723,0.082629
618000,0.113615,0.082629
618100,0.135211,0.082629
618200,0.132394,0.082629
618300,0.138028,0.082629
618400,0.137089,0.082629
618500,0.133333,0.082629
618600,0.122066,0.082629
618700,0.118310,0.082629
618800,0.116432,0.082629
618900,0.134272,0.082629
619000,0.128638,0.082629
619100,0.143662,0.082629
619200,0.135211,0.082629
619300,0.131455,0.082629
619400,0.117371,0.082629
619500,0.118310,0.082629
619600,0.137089,0.082629
619700,0.123944,0.082629
619800,0.134272,0.082629
619900,0.134272,0.082629
620000,0.135211,0.082629
620100,0.125822,0.082629
620200,0.127700,0.082629
620300,0.115493,0.082629
620400,0.123005,0.082629
620500,0.119249,0.082629
620600,0.121127,0.082629
620700,0.115493,0.082629
620800,0.123944,0.082629
620900,0.112676,0.082629
621000,0.128638,0.082629
621100,0.121127,0.082629
621200,0.105164,0.082629
621300,0.133333,0.082629
621400,0.129577,0.082629
621500,0.121127,0.082629
621600,0.122066,0.082629
621700,0.109859,0.082629
621800,0.120188,0.082629
621900,0.109859,0.082629
622000,0.133333,0.082629
622100,0.127700,0.082629
622200,0.124883,0.082629
622300,0.125822,0.082629
622400,0.115493,0.082629
622500,0.107981,0.082629
622600,0.125822,0.082629
622700,0.115493,0.082629
622800,0.100469,0.082629
622900,0.116432,0.082629
623000,0.120188,0.082629
623100,0.118310,0.082629
623200,0.124883,0.082629
623300,0.121127,0.082629
623400,0.140845,0.082629
623500,0.135211,0.082629
623600,0.124883,0.082629
623700,0.125822,0.082629
623800,0.121127,0.082629
623900,0.123005,0.082629
624000,0.119249,0.082629
624100,0.123944,0.082629
624200,0.111737,0.082629
624300,0.128638,0.082629
624400,0.127700,0.082629
624500,0.141784,0.082629
624600,0.123944,0.082629
624700,0.137089,0.082629
624800,0.132394,0.082629
624900,0.117371,0.082629
625000,0.129577,0.082629
625100,0.135211,0.082629
625200,0.122066,0.082629
625300,0.117371,0.082629
625400,0.129577,0.082629
625500,0.123944,0.082629
625600,0.108920,0.082629
625700,0.112676,0.082629
625800,0.110798,0.082629
625900,0.114554,0.082629
626000,0.117371,0.082629
626100,0.136150,0.082629
626200,0.116432,0.082629
626300,0.121127,0.082629
626400,0.107981,0.082629
626500,0.131455,0.082629
626600,0.138028,0.082629
626700,0.127700,0.082629
626800,0.115493,0.082629
626900,0.123944,0.082629
627000,0.126761,0.082629
627100,0.121127,0.082629
627200,0.134272,0.082629
627300,0.135211,0.082629
627400,0.143662,0.082629
627500,0.152113,0.082629
627600,0.128638,0.082629
627700,0.130516,0.082629
627800,0.126761,0.082629
627900,0.131455,0.082629
628000,0.149296,0.082629
628100,0.132394,0.082629
628200,0.117371,0.082629
628300,0.118310,0.082629
628400,0.118310,0.082629
628500,0.115493,0.082629
628600,0.125822,0.082629
628700,0.125822,0.082629
628800,0.127700,0.082629
628900,0.123005,0.082629
629000,0.123005,0.082629
629100,0.128638,0.082629
629200,0.136150,0.082629
629300,0.132394,0.082629
629400,0.134272,0.082629
629500,0.130516,0.082629
629600,0.133333,0.082629
629700,0.121127,0.082629
629800,0.111737,0.082629
629900,0.131455,0.082629
630000,0.133333,0.082629
630100,0.112676,0.082629
630200,0.116432,0.082629
630300,0.136150,0.082629
630400,0.120188,0.082629
630500,0.114554,0.082629
630600,0.123944,0.082629
630700,0.118310,0.082629
630800,0.104225,0.082629
630900,0.123944,0.082629
631000,0.129577,0.082629
631100,0.136150,0.082629
631200,0.118310,0.082629
631300,0.118310,0.082629
631400,0.132394,0.082629
631500,0.102347,0.082629
631600,0.124883,0.082629
631700,0.132394,0.082629
631800,0.135211,0.082629
631900,0.127700,0.082629
632000,0.144601,0.082629
632100,0.139906,0.082629
632200,0.117371,0.082629
632300,0.127700,0.082629
632400,0.123005,0.082629
632500,0.102347,0.082629
632600,0.137089,0.082629
632700,0.125822,0.082629
632800,0.103286,0.082629
632900,0.110798,0.082629
633000,0.129577,0.082629
633100,0.114554,0.082629
633200,0.120188,0.082629
633300,0.123944,0.082629
633400,0.129577,0.082629
633500,0.121127,0.082629
633600,0.117371,0.082629
633700,0.131455,0.082629
633800,0.123944,0.082629
633900,0.117371,0.082629
634000,0.123944,0.082629
634100,0.135211,0.082629
634200,0.132394,0.082629
634300,0.118310,0.082629
634400,0.118310,0.082629
634500,0.124883,0.082629
634600,0.105164,0.082629
634700,0.130516,0.082629
634800,0.110798,0.082629
634900,0.127700,0.082629
635000,0.127700,0.082629
635100,0.122066,0.082629
635200,0.115493,0.082629
635300,0.125822,0.082629
635400,0.126761,0.082629
635500,0.116432,0.082629
635600,0.125822,0.082629
635700,0.102347,0.082629
635800,0.123005,0.082629
635900,0.124883,0.082629
636000,0.135211,0.082629
636100,0.138028,0.082629
636200,0.126761,0.082629
636300,0.128638,0.082629
636400,0.127700,0.082629
636500,0.135211,0.082629
636600,0.139906,0.082629
636700,0.122066,0.082629
636800,0.126761,0.082629
636900,0.135211,0.082629
637000,0.119249,0.082629
637100,0.134272,0.082629
637200,0.113615,0.082629
637300,0.130516,0.082629
637400,0.121127,0.082629
637500,0.100469,0.082629
637600,0.128638,0.082629
637700,0.128638,0.082629
637800,0.131455,0.082629
637900,0.118310,0.082629
638000,0.130516,0.082629
638100,0.116432,0.082629
638200,0.138028,0.082629
638300,0.116432,0.082629
638400,0.138028,0.082629
638500,0.123005,0.082629
638600,0.130516,0.082629
638700,0.117371,0.082629
638800,0.126761,0.082629
638900,0.126761,0.082629
639000,0.130516,0.082629
639100,0.121127,0.082629
639200,0.129577,0.082629
639300,0.134272,0.082629
639400,0.144601,0.082629
639500,0.131455,0.082629
639600,0.137089,0.082629
639700,0.121127,0.082629
639800,0.129577,0.082629
639900,0.130516,0.082629
640000,0.123005,0.082629
640100,0.134272,0.082629
640200,0.129577,0.082629
640300,0.107981,0.082629
640400,0.103286,0.082629
640500,0.095775,0.082629
640600,0.127700,0.082629
640700,0.126761,0.082629
640800,0.126761,0.082629
640900,0.134272,0.082629
641000,0.133333,0.082629
641100,0.134272,0.082629
641200,0.124883,0.082629
641300,0.127700,0.082629
641400,0.126761,0.082629
641500,0.117371,0.082629
641600,0.118310,0.082629
641700,0.127700,0.082629
641800,0.123005,0.082629
641900,0.113615,0.082629
642000,0.139906,0.082629
642100,0.123005,0.082629
642200,0.124883,0.082629
642300,0.111737,0.082629
642400,0.105164,0.082629
642500,0.125822,0.082629
642600,0.107981,0.082629
642700,0.118310,0.082629
642800,0.134272,0.082629
642900,0.147418,0.082629
643000,0.119249,0.082629
643100,0.130516,0.082629
643200,0.146479,0.082629
643300,0.138967,0.082629
643400,0.127700,0.082629
643500,0.139906,0.082629
643600,0.128638,0.082629
643700,0.117371,0.082629
643800,0.111737,0.082629
643900,0.138028,0.082629
644000,0.126761,0.082629
644100,0.104225,0.082629
644200,0.121127,0.082629
644300,0.126761,0.082629
644400,0.115493,0.082629
644500,0.116432,0.082629
644600,0.097653,0.082629
644700,0.119249,0.082629
644800,0.116432,0.082629
644900,0.127700,0.082629
645000,0.132394,0.082629
645100,0.130516,0.082629
645200,0.121127,0.082629
645300,0.133333,0.082629
645400,0.136150,0.082629
645500,0.125822,0.082629
645600,0.120188,0.082629
645700,0.122066,0.082629
645800,0.126761,0.082629
645900,0.128638,0.082629
646000,0.123005,0.082629
646100,0.134272,0.082629
646200,0.111737,0.082629
646300,0.109859,0.082629
646400,0.110798,0.082629
646500,0.111737,0.082629
646600,0.126761,0.082629
646700,0.109859,0.082629
646800,0.113615,0.082629
646900,0.113615,0.082629
647000,0.125822,0.082629
647100,0.119249,0.082629
647200,0.107042,0.082629
647300,0.112676,0.082629
647400,0.111737,0.082629
647500,0.120188,0.082629
647600,0.124883,0.082629
647700,0.110798,0.082629
647800,0.113615,0.082629
647900,0.108920,0.082629
648000,0.122066,0.082629
648100,0.109859,0.082629
648200,0.123944,0.082629
648300,0.107042,0.082629
648400,0.117371,0.082629
648500,0.114554,0.082629
648600,0.114554,0.082629
648700,0.125822,0.082629
648800,0.139906,0.082629
648900,0.123944,0.082629
649000,0.125822,0.082629
649100,0.118310,0.082629
649200,0.123944,0.082629
649300,0.123005,0.082629
649400,0.139906,0.082629
649500,0.128638,0.082629
649600,0.125822,0.082629
649700,0.116432,0.082629
649800,0.126761,0.082629
649900,0.132394,0.082629
650000,0.123005,0.082629
650100,0.122066,0.082629
650200,0.108920,0.082629
650300,0.113615,0.082629
650400,0.115493,0.082629
650500,0.134272,0.082629
650600,0.129577,0.082629
650700,0.148357,0.082629
650800,0.125822,0.082629
650900,0.123005,0.082629
651000,0.122066,0.082629
651100,0.111737,0.082629
651200,0.125822,0.082629
651300,0.125822,0.082629
651400,0.101408,0.082629
651500,0.102347,0.082629
651600,0.120188,0.082629
651700,0.139906,0.082629
651800,0.125822,0.082629
651900,0.131455,0.082629
652000,0.132394,0.082629
652100,0.138967,0.082629
652200,0.124883,0.082629
652300,0.129577,0.082629
652400,0.125822,0.082629
652500,0.133333,0.082629
652600,0.130516,0.082629
652700,0.114554,0.082629
652800,0.138028,0.082629
652900,0.134272,0.082629
653000,0.136150,0.082629
653100,0.118310,0.082629
653200,0.120188,0.082629
653300,0.117371,0.082629
653400,0.122066,0.082629
653500,0.118310,0.082629
653600,0.113615,0.082629
653700,0.122066,0.082629
653800,0.130516,0.082629
653900,0.120188,0.082629
654000,0.124883,0.082629
654100,0.149296,0.082629
654200,0.141784,0.082629
654300,0.134272,0.082629
654400,0.120188,0.082629
654500,0.132394,0.082629
654600,0.123944,0.082629
654700,0.134272,0.082629
654800,0.138967,0.082629
654900,0.113615,0.082629
655000,0.109859,0.082629
655100,0.115493,0.082629
655200,0.133333,0.082629
655300,0.120188,0.082629
655400,0.135211,0.082629
655500,0.140845,0.082629
655600,0.125822,0.082629
655700,0.127700,0.082629
655800,0.121127,0.082629
655900,0.142723,0.082629
656000,0.130516,0.082629
656100,0.113615,0.082629
656200,0.116432,0.082629
656300,0.128638,0.082629
656400,0.135211,0.082629
656500,0.127700,0.082629
656600,0.135211,0.082629
656700,0.140845,0.082629
656800,0.121127,0.082629
656900,0.124883,0.082629
657000,0.111737,0.082629
657100,0.131455,0.082629
657200,0.133333,0.082629
657300,0.118310,0.082629
657400,0.119249,0.082629
657500,0.132394,0.082629
657600,0.123944,0.082629
657700,0.114554,0.082629
657800,0.121127,0.082629
657900,0.115493,0.082629
658000,0.122066,0.082629
658100,0.138967,0.082629
658200,0.136150,0.082629
658300,0.141784,0.082629
658400,0.131455,0.082629
658500,0.122066,0.082629
658600,0.118310,0.082629
658700,0.119249,0.082629
658800,0.123005,0.082629
658900,0.116432,0.082629
659000,0.108920,0.082629
659100,0.107981,0.082629
659200,0.107042,0.082629
659300,0.133333,0.082629
659400,0.126761,0.082629
659500,0.108920,0.082629
659600,0.130516,0.082629
659700,0.145540,0.082629
659800,0.150235,0.082629
659900,0.139906,0.082629
660000,0.143662,0.082629
660100,0.138028,0.082629
660200,0.132394,0.082629
660300,0.145540,0.082629
660400,0.138028,0.082629
660500,0.128638,0.082629
660600,0.120188,0.082629
660700,0.120188,0.082629
660800,0.123005,0.082629
660900,0.135211,0.082629
661000,0.144601,0.082629
661100,0.121127,0.082629
661200,0.123944,0.082629
661300,0.108920,0.082629
661400,0.120188,0.082629
661500,0.122066,0.082629
661600,0.123005,0.082629
661700,0.112676,0.082629
661800,0.123944,0.082629
661900,0.125822,0.082629
662000,0.138028,0.082629
662100,0.127700,0.082629
662200,0.112676,0.082629
662300,0.107981,0.082629
662400,0.113615,0.082629
662500,0.140845,0.082629
662600,0.136150,0.082629
662700,0.118310,0.082629
662800,0.119249,0.082629
662900,0.113615,0.082629
663000,0.099531,0.082629
663100,0.113615,0.082629
663200,0.107981,0.082629
663300,0.099531,0.082629
663400,0.100469,0.082629
663500,0.113615,0.082629
663600,0.102347,0.082629
663700,0.110798,0.082629
663800,0.117371,0.082629
663900,0.142723,0.082629
664000,0.157746,0.082629
664100,0.144601,0.082629
664200,0.132394,0.082629
664300,0.146479,0.082629
664400,0.116432,0.082629
664500,0.136150,0.082629
664600,0.105164,0.082629
664700,0.122066,0.082629
664800,0.130516,0.082629
664900,0.143662,0.082629
665000,0.126761,0.082629
665100,0.123944,0.082629
665200,0.136150,0.082629
665300,0.121127,0.082629
665400,0.134272,0.082629
665500,0.128638,0.082629
665600,0.130516,0.082629
665700,0.132394,0.082629
665800,0.135211,0.082629
665900,0.150235,0.082629
666000,0.127700,0.082629
666100,0.119249,0.082629
666200,0.138967,0.082629
666300,0.123944,0.082629
666400,0.132394,0.082629
666500,0.123005,0.082629
666600,0.116432,0.082629
666700,0.114554,0.082629
666800,0.125822,0.082629
666900,0.118310,0.082629
667000,0.123944,0.082629
667100,0.129577,0.082629
667200,0.125822,0.082629
667300,0.107981,0.082629
667400,0.103286,0.082629
667500,0.128638,0.082629
667600,0.128638,0.082629
667700,0.128638,0.082629
667800,0.128638,0.082629
667900,0.124883,0.082629
668000,0.113615,0.082629
668100,0.122066,0.082629
668200,0.118310,0.082629
668300,0.129577,0.082629
668400,0.134272,0.082629
668500,0.128638,0.082629
668600,0.119249,0.082629
668700,0.124883,0.082629
668800,0.130516,0.082629
668900,0.128638,0.082629
669000,0.107981,0.082629
669100,0.135211,0.082629
669200,0.108920,0.082629
669300,0.120188,0.082629
669400,0.103286,0.082629
669500,0.135211,0.082629
669600,0.114554,0.082629
669700,0.120188,0.082629
669800,0.131455,0.082629
669900,0.120188,0.082629
670000,0.126761,0.082629
670100,0.129577,0.082629
670200,0.130516,0.082629
670300,0.117371,0.082629
670400,0.117371,0.082629
670500,0.144601,0.082629
670600,0.145540,0.082629
670700,0.133333,0.082629
670800,0.123944,0.082629
670900,0.131455,0.082629
671000,0.120188,0.082629
671100,0.136150,0.082629
671200,0.136150,0.082629
671300,0.121127,0.082629
671400,0.107981,0.082629
671500,0.101408,0.082629
671600,0.120188,0.082629
671700,0.126761,0.082629
671800,0.123005,0.082629
671900,0.118310,0.082629
672000,0.123944,0.082629
672100,0.138967,0.082629
672200,0.122066,0.082629
672300,0.139906,0.082629
672400,0.133333,0.082629
672500,0.129577,0.082629
672600,0.125822,0.082629
672700,0.138028,0.082629
672800,0.138967,0.082629
672900,0.124883,0.082629
673000,0.122066,0.082629
673100,0.111737,0.082629
673200,0.105164,0.082629
673300,0.109859,0.082629
673400,0.123005,0.082629
673500,0.128638,0.082629
673600,0.106103,0.082629
673700,0.123944,0.082629
673800,0.136150,0.082629
673900,0.121127,0.082629
674000,0.138967,0.082629
674100,0.125822,0.082629
674200,0.124883,0.082629
674300,0.109859,0.082629
674400,0.125822,0.082629
674500,0.124883,0.082629
674600,0.135211,0.082629
674700,0.109859,0.082629
674800,0.092019,0.082629
674900,0.110798,0.082629
675000,0.114554,0.082629
675100,0.123005,0.082629
675200,0.127700,0.082629
675300,0.131455,0.082629
675400,0.138967,0.082629
675500,0.133333,0.082629
675600,0.134272,0.082629
675700,0.142723,0.082629
675800,0.134272,0.082629
675900,0.128638,0.082629
676000,0.120188,0.082629
676100,0.127700,0.082629
676200,0.127700,0.082629
676300,0.109859,0.082629
676400,0.122066,0.082629
676500,0.121127,0.082629
676600,0.121127,0.082629
676700,0.118310,0.082629
676800,0.120188,0.082629
676900,0.134272,0.082629
677000,0.121127,0.082629
677100,0.106103,0.082629
677200,0.128638,0.082629
677300,0.134272,0.082629
677400,0.124883,0.082629
677500,0.129577,0.082629
677600,0.122066,0.082629
677700,0.121127,0.082629
677800,0.098592,0.082629
677900,0.123944,0.082629
678000,0.110798,0.082629
678100,0.133333,0.082629
678200,0.110798,0.082629
678300,0.116432,0.082629
678400,0.107042,0.082629
678500,0.119249,0.082629
678600,0.126761,0.082629
678700,0.121127,0.082629
678800,0.120188,0.082629
678900,0.128638,0.082629
679000,0.135211,0.082629
679100,0.145540,0.082629
679200,0.141784,0.082629
679300,0.126761,0.082629
679400,0.140845,0.082629
679500,0.130516,0.082629
679600,0.126761,0.082629
679700,0.137089,0.082629
679800,0.122066,0.082629
679900,0.110798,0.082629
680000,0.104225,0.082629
680100,0.120188,0.082629
680200,0.118310,0.082629
680300,0.121127,0.082629
680400,0.132394,0.082629
680500,0.132394,0.082629
680600,0.132394,0.082629
680700,0.140845,0.082629
680800,0.131455,0.082629
680900,0.110798,0.082629
681000,0.120188,0.082629
681100,0.133333,0.082629
681200,0.118310,0.082629
681300,0.121127,0.082629
681400,0.131455,0.082629
681500,0.129577,0.082629
681600,0.133333,0.082629
681700,0.127700,0.082629
681800,0.130516,0.082629
681900,0.128638,0.082629
682000,0.129577,0.082629
682100,0.102347,0.082629
682200,0.123005,0.082629
682300,0.123005,0.082629
682400,0.123944,0.082629
682500,0.124883,0.082629
682600,0.109859,0.082629
682700,0.141784,0.082629
682800,0.126761,0.082629
682900,0.130516,0.082629
683000,0.124883,0.082629
683100,0.129577,0.082629
683200,0.135211,0.082629
683300,0.124883,0.082629
683400,0.116432,0.082629
683500,0.137089,0.082629
683600,0.133333,0.082629
683700,0.129577,0.082629
683800,0.116432,0.082629
683900,0.104225,0.082629
684000,0.114554,0.082629
684100,0.131455,0.082629
684200,0.119249,0.082629
684300,0.104225,0.082629
684400,0.122066,0.082629
684500,0.117371,0.082629
684600,0.135211,0.082629
684700,0.137089,0.082629
684800,0.141784,0.082629
684900,0.138967,0.082629
685000,0.138028,0.082629
685100,0.123005,0.082629
685200,0.133333,0.082629
685300,0.126761,0.082629
685400,0.107981,0.082629
685500,0.137089,0.082629
685600,0.153991,0.082629
685700,0.137089,0.082629
685800,0.134272,0.082629
685900,0.116432,0.082629
686000,0.127700,0.082629
686100,0.123944,0.082629
686200,0.142723,0.082629
686300,0.141784,0.082629
686400,0.136150,0.082629
686500,0.151174,0.082629
686600,0.131455,0.082629
686700,0.149296,0.082629
686800,0.137089,0.082629
686900,0.143662,0.082629
687000,0.137089,0.082629
687100,0.142723,0.082629
687200,0.111737,0.082629
687300,0.112676,0.082629
687400,0.116432,0.082629
687500,0.121127,0.082629
687600,0.124883,0.082629
687700,0.142723,0.082629
687800,0.114554,0.082629
687900,0.141784,0.082629
688000,0.123944,0.082629
688100,0.119249,0.082629
688200,0.123944,0.082629
688300,0.136150,0.082629
688400,0.127700,0.082629
688500,0.126761,0.082629
688600,0.140845,0.082629
688700,0.149296,0.082629
688800,0.128638,0.082629
688900,0.132394,0.082629
689000,0.116432,0.082629
689100,0.103286,0.082629
689200,0.122066,0.082629
689300,0.128638,0.082629
689400,0.127700,0.082629
689500,0.119249,0.082629
689600,0.126761,0.082629
689700,0.139906,0.082629
689800,0.138967,0.082629
689900,0.126761,0.082629
690000,0.134272,0.082629
690100,0.123005,0.082629
690200,0.133333,0.082629
690300,0.101408,0.082629
690400,0.120188,0.082629
690500,0.145540,0.082629
690600,0.131455,0.082629
690700,0.121127,0.082629
690800,0.120188,0.082629
690900,0.131455,0.082629
691000,0.149296,0.082629
691100,0.135211,0.082629
691200,0.140845,0.082629
691300,0.123944,0.082629
691400,0.123005,0.082629
691500,0.116432,0.082629
691600,0.133333,0.082629
691700,0.131455,0.082629
691800,0.133333,0.082629
691900,0.138028,0.082629
692000,0.125822,0.082629
692100,0.117371,0.082629
692200,0.140845,0.082629
692300,0.132394,0.082629
692400,0.124883,0.082629
692500,0.130516,0.082629
692600,0.124883,0.082629
692700,0.133333,0.082629
692800,0.121127,0.082629
692900,0.115493,0.082629
693000,0.113615,0.082629
693100,0.114554,0.082629
693200,0.118310,0.082629
693300,0.116432,0.082629
693400,0.138028,0.082629
693500,0.147418,0.082629
693600,0.135211,0.082629
693700,0.138028,0.082629
693800,0.123005,0.082629
693900,0.122066,0.082629
694000,0.133333,0.082629
694100,0.119249,0.082629
694200,0.110798,0.082629
694300,0.105164,0.082629
694400,0.117371,0.082629
694500,0.118310,0.082629
694600,0.110798,0.082629
694700,0.110798,0.082629
694800,0.128638,0.082629
694900,0.113615,0.082629
695000,0.132394,0.082629
695100,0.130516,0.082629
695200,0.139906,0.082629
695300,0.124883,0.082629
695400,0.133333,0.082629
695500,0.110798,0.082629
695600,0.126761,0.082629
695700,0.123944,0.082629
695800,0.126761,0.082629
695900,0.119249,0.082629
696000,0.123005,0.082629
696100,0.149296,0.082629
696200,0.137089,0.082629
696300,0.136150,0.082629
696400,0.114554,0.082629
696500,0.129577,0.082629
696600,0.111737,0.082629
696700,0.111737,0.082629
696800,0.119249,0.082629
696900,0.138967,0.082629
697000,0.143662,0.082629
697100,0.134272,0.082629
697200,0.120188,0.082629
697300,0.125822,0.082629
697400,0.129577,0.082629
697500,0.121127,0.082629
697600,0.133333,0.082629
697700,0.115493,0.082629
697800,0.113615,0.082629
697900,0.116432,0.082629
698000,0.117371,0.082629
698100,0.122066,0.082629
698200,0.119249,0.082629
698300,0.123005,0.082629
698400,0.135211,0.082629
698500,0.154930,0.082629
698600,0.127700,0.082629
698700,0.121127,0.082629
698800,0.117371,0.082629
698900,0.115493,0.082629
699000,0.123005,0.082629
699100,0.116432,0.082629
699200,0.124883,0.082629
699300,0.122066,0.082629
699400,0.143662,0.082629
699500,0.126761,0.082629
699600,0.141784,0.082629
699700,0.134272,0.082629
699800,0.124883,0.082629
699900,0.115493,0.082629
700000,0.112676,0.082629
700100,0.124883,0.082629
700200,0.127700,0.082629
700300,0.123005,0.082629
700400,0.146479,0.082629
700500,0.127700,0.082629
700600,0.122066,0.082629
700700,0.106103,0.082629
700800,0.127700,0.082629
700900,0.140845,0.082629
701000,0.123005,0.082629
701100,0.138967,0.082629
701200,0.133333,0.082629
701300,0.129577,0.082629
701400,0.132394,0.082629
701500,0.120188,0.082629
701600,0.133333,0.082629
701700,0.138028,0.082629
701800,0.125822,0.082629
701900,0.142723,0.082629
702000,0.131455,0.082629
702100,0.150235,0.082629
702200,0.125822,0.082629
702300,0.122066,0.082629
702400,0.125822,0.082629
702500,0.135211,0.082629
702600,0.128638,0.082629
702700,0.123005,0.082629
702800,0.114554,0.082629
702900,0.110798,0.082629
703000,0.119249,0.082629
703100,0.121127,0.082629
703200,0.137089,0.082629
703300,0.141784,0.082629
703400,0.144601,0.082629
703500,0.128638,0.082629
703600,0.127700,0.082629
703700,0.123005,0.082629
703800,0.132394,0.082629
703900,0.125822,0.082629
704000,0.141784,0.082629
704100,0.125822,0.082629
704200,0.123944,0.082629
704300,0.123005,0.082629
704400,0.122066,0.082629
704500,0.118310,0.082629
704600,0.128638,0.082629
704700,0.120188,0.082629
704800,0.127700,0.082629
704900,0.135211,0.082629
705000,0.123944,0.082629
705100,0.120188,0.082629
705200,0.110798,0.082629
705300,0.135211,0.082629
705400,0.133333,0.082629
705500,0.123944,0.082629
705600,0.124883,0.082629
705700,0.112676,0.082629
705800,0.123005,0.082629
705900,0.112676,0.082629
706000,0.124883,0.082629
706100,0.117371,0.082629
706200,0.127700,0.082629
706300,0.132394,0.082629
706400,0.115493,0.082629
706500,0.105164,0.082629
706600,0.122066,0.082629
706700,0.122066,0.082629
706800,0.109859,0.082629
706900,0.112676,0.082629
707000,0.132394,0.082629
707100,0.126761,0.082629
707200,0.117371,0.082629
707300,0.123005,0.082629
707400,0.129577,0.082629
707500,0.118310,0.082629
707600,0.127700,0.082629
707700,0.123005,0.082629
707800,0.106103,0.082629
707900,0.123944,0.082629
708000,0.123005,0.082629
708100,0.127700,0.082629
708200,0.111737,0.082629
708300,0.123944,0.082629
708400,0.133333,0.082629
708500,0.120188,0.082629
708600,0.136150,0.082629
708700,0.128638,0.082629
708800,0.133333,0.082629
708900,0.145540,0.082629
709000,0.111737,0.082629
709100,0.127700,0.082629
709200,0.118310,0.082629
709300,0.122066,0.082629
709400,0.139906,0.082629
709500,0.148357,0.082629
709600,0.140845,0.082629
709700,0.144601,0.082629
709800,0.138967,0.082629
709900,0.123005,0.082629
710000,0.112676,0.082629
710100,0.129577,0.082629
710200,0.123005,0.082629
710300,0.128638,0.082629
710400,0.107981,0.082629
710500,0.121127,0.082629
710600,0.124883,0.082629
710700,0.127700,0.082629
710800,0.108920,0.082629
710900,0.115493,0.082629
711000,0.121127,0.082629
711100,0.139906,0.082629
711200,0.133333,0.082629
711300,0.110798,0.082629
711400,0.104225,0.082629
711500,0.107042,0.082629
711600,0.117371,0.082629
711700,0.101408,0.082629
711800,0.128638,0.082629
711900,0.136150,0.082629
712000,0.141784,0.082629
712100,0.125822,0.082629
712200,0.127700,0.082629
712300,0.120188,0.082629
712400,0.124883,0.082629
712500,0.124883,0.082629
712600,0.122066,0.082629
712700,0.118310,0.082629
712800,0.114554,0.082629
712900,0.122066,0.082629
713000,0.119249,0.082629
713100,0.122066,0.082629
713200,0.124883,0.082629
713300,0.130516,0.082629
713400,0.147418,0.082629
713500,0.142723,0.082629
713600,0.129577,0.082629
713700,0.127700,0.082629
713800,0.105164,0.082629
713900,0.120188,0.082629
714000,0.111737,0.082629
714100,0.125822,0.082629
714200,0.137089,0.082629
714300,0.132394,0.082629
714400,0.123005,0.082629
714500,0.124883,0.082629
714600,0.136150,0.082629
714700,0.132394,0.082629
714800,0.112676,0.082629
714900,0.122066,0.082629
715000,0.134272,0.082629
715100,0.129577,0.082629
715200,0.121127,0.082629
715300,0.140845,0.082629
715400,0.114554,0.082629
715500,0.129577,0.082629
715600,0.128638,0.082629
715700,0.143662,0.082629
715800,0.124883,0.082629
715900,0.114554,0.082629
716000,0.132394,0.082629
716100,0.119249,0.082629
716200,0.114554,0.082629
716300,0.130516,0.082629
716400,0.124883,0.082629
716500,0.122066,0.082629
716600,0.124883,0.082629
716700,0.147418,0.082629
716800,0.129577,0.082629
716900,0.128638,0.082629
717000,0.116432,0.082629
717100,0.122066,0.082629
717200,0.126761,0.082629
717300,0.157746,0.082629
717400,0.134272,0.082629
717500,0.113615,0.082629
717600,0.114554,0.082629
717700,0.120188,0.082629
717800,0.114554,0.082629
717900,0.109859,0.082629
718000,0.123944,0.082629
718100,0.132394,0.082629
718200,0.103286,0.082629
718300,0.121127,0.082629
718400,0.120188,0.082629
718500,0.120188,0.082629
718600,0.106103,0.082629
718700,0.116432,0.082629
718800,0.133333,0.082629
718900,0.127700,0.082629
719000,0.124883,0.082629
719100,0.138967,0.082629
719200,0.141784,0.082629
719300,0.139906,0.082629
719400,0.139906,0.082629
719500,0.143662,0.082629
719600,0.136150,0.082629
719700,0.136150,0.082629
719800,0.127700,0.082629
719900,0.117371,0.082629
720000,0.137089,0.082629
720100,0.132394,0.082629
720200,0.122066,0.082629
720300,0.111737,0.082629
720400,0.126761,0.082629
720500,0.141784,0.082629
720600,0.141784,0.082629
720700,0.115493,0.082629
720800,0.123944,0.082629
720900,0.137089,0.082629
721000,0.120188,0.082629
721100,0.123005,0.082629
721200,0.106103,0.082629
721300,0.123944,0.082629
721400,0.144601,0.082629
721500,0.117371,0.082629
721600,0.123944,0.082629
721700,0.121127,0.082629
721800,0.111737,0.082629
721900,0.112676,0.082629
722000,0.123944,0.082629
722100,0.125822,0.082629
722200,0.130516,0.082629
722300,0.121127,0.082629
722400,0.127700,0.082629
722500,0.123005,0.082629
722600,0.123944,0.082629
722700,0.132394,0.082629
722800,0.135211,0.082629
722900,0.138028,0.082629
723000,0.120188,0.082629
723100,0.135211,0.082629
723200,0.131455,0.082629
723300,0.100469,0.082629
723400,0.135211,0.082629
723500,0.121127,0.082629
723600,0.110798,0.082629
723700,0.123944,0.082629
723800,0.121127,0.082629
723900,0.127700,0.082629
724000,0.128638,0.082629
724100,0.132394,0.082629
724200,0.118310,0.082629
724300,0.158685,0.082629
724400,0.124883,0.082629
724500,0.129577,0.082629
724600,0.120188,0.082629
724700,0.106103,0.082629
724800,0.115493,0.082629
724900,0.111737,0.082629
725000,0.101408,0.082629
725100,0.094836,0.082629
725200,0.125822,0.082629
725300,0.123005,0.082629
725400,0.117371,0.082629
725500,0.125822,0.082629
725600,0.102347,0.082629
725700,0.107042,0.082629
725800,0.107981,0.082629
725900,0.116432,0.082629
726000,0.110798,0.082629
726100,0.105164,0.082629
726200,0.127700,0.082629
726300,0.114554,0.082629
726400,0.130516,0.082629
726500,0.134272,0.082629
726600,0.134272,0.082629
726700,0.119249,0.082629
726800,0.104225,0.082629
726900,0.112676,0.082629
727000,0.104225,0.082629
727100,0.112676,0.082629
727200,0.117371,0.082629
727300,0.115493,0.082629
727400,0.128638,0.082629
727500,0.126761,0.082629
727600,0.129577,0.082629
727700,0.120188,0.082629
727800,0.112676,0.082629
727900,0.117371,0.082629
728000,0.131455,0.082629
728100,0.097653,0.082629
728200,0.106103,0.082629
728300,0.122066,0.082629
728400,0.117371,0.082629
728500,0.112676,0.082629
728600,0.140845,0.082629
728700,0.112676,0.082629
728800,0.132394,0.082629
728900,0.112676,0.082629
729000,0.129577,0.082629
729100,0.132394,0.082629
729200,0.139906,0.082629
729300,0.116432,0.082629
729400,0.137089,0.082629
729500,0.135211,0.082629
729600,0.105164,0.082629
729700,0.128638,0.082629
729800,0.107981,0.082629
729900,0.107981,0.082629
730000,0.112676,0.082629
730100,0.119249,0.082629
730200,0.113615,0.082629
730300,0.114554,0.082629
730400,0.124883,0.082629
730500,0.125822,0.082629
730600,0.110798,0.082629
730700,0.134272,0.082629
730800,0.119249,0.082629
730900,0.138967,0.082629
731000,0.141784,0.082629
731100,0.130516,0.082629
731200,0.127700,0.082629
731300,0.100469,0.082629
731400,0.104225,0.082629
731500,0.120188,0.082629
731600,0.125822,0.082629
731700,0.130516,0.082629
731800,0.108920,0.082629
731900,0.121127,0.082629
732000,0.118310,0.082629
732100,0.136150,0.082629
732200,0.116432,0.082629
732300,0.109859,0.082629
732400,0.127700,0.082629
732500,0.130516,0.082629
732600,0.125822,0.082629
732700,0.111737,0.082629
732800,0.107981,0.082629
732900,0.120188,0.082629
733000,0.132394,0.082629
733100,0.131455,0.082629
733200,0.124883,0.082629
733300,0.130516,0.082629
733400,0.122066,0.082629
733500,0.140845,0.082629
733600,0.118310,0.082629
733700,0.121127,0.082629
733800,0.125822,0.082629
733900,0.122066,0.082629
734000,0.135211,0.082629
734100,0.118310,0.082629
734200,0.127700,0.082629
734300,0.144601,0.082629
734400,0.127700,0.082629
734500,0.123005,0.082629
734600,0.125822,0.082629
734700,0.148357,0.082629
734800,0.122066,0.082629
734900,0.111737,0.082629
735000,0.107981,0.082629
735100,0.121127,0.082629
735200,0.122066,0.082629
735300,0.124883,0.082629
735400,0.129577,0.082629
735500,0.141784,0.082629
735600,0.131455,0.082629
735700,0.131455,0.082629
735800,0.117371,0.082629
735900,0.115493,0.082629
736000,0.118310,0.082629
736100,0.141784,0.082629
736200,0.132394,0.082629
736300,0.124883,0.082629
736400,0.134272,0.082629
736500,0.125822,0.082629
736600,0.102347,0.082629
736700,0.113615,0.082629
736800,0.122066,0.082629
736900,0.117371,0.082629
737000,0.150235,0.082629
737100,0.129577,0.082629
737200,0.117371,0.082629
737300,0.106103,0.082629
737400,0.116432,0.082629
737500,0.121127,0.082629
737600,0.131455,0.082629
737700,0.123944,0.082629
737800,0.122066,0.082629
737900,0.149296,0.082629
738000,0.117371,0.082629
738100,0.128638,0.082629
738200,0.124883,0.082629
738300,0.125822,0.082629
738400,0.123944,0.082629
738500,0.128638,0.082629
738600,0.123944,0.082629
738700,0.124883,0.082629
738800,0.130516,0.082629
738900,0.140845,0.082629
739000,0.135211,0.082629
739100,0.129577,0.082629
739200,0.118310,0.082629
739300,0.116432,0.082629
739400,0.123944,0.082629
739500,0.125822,0.082629
739600,0.120188,0.082629
739700,0.107981,0.082629
739800,0.101408,0.082629
739900,0.116432,0.082629
740000,0.122066,0.082629
740100,0.098592,0.082629
740200,0.118310,0.082629
740300,0.099531,0.082629
740400,0.100469,0.082629
740500,0.095775,0.082629
740600,0.118310,0.082629
740700,0.108920,0.082629
740800,0.134272,0.082629
740900,0.137089,0.082629
741000,0.131455,0.082629
741100,0.109859,0.082629
741200,0.103286,0.082629
741300,0.117371,0.082629
741400,0.123944,0.082629
741500,0.120188,0.082629
741600,0.128638,0.082629
741700,0.124883,0.082629
741800,0.117371,0.082629
741900,0.136150,0.082629
742000,0.123005,0.082629
742100,0.118310,0.082629
742200,0.114554,0.082629
742300,0.131455,0.082629
742400,0.119249,0.082629
742500,0.123944,0.082629
742600,0.110798,0.082629
742700,0.112676,0.082629
742800,0.118310,0.082629
742900,0.112676,0.082629
743000,0.123005,0.082629
743100,0.108920,0.082629
743200,0.142723,0.082629
743300,0.132394,0.082629
743400,0.129577,0.082629
743500,0.143662,0.082629
743600,0.137089,0.082629
743700,0.141784,0.082629
743800,0.129577,0.082629
743900,0.119249,0.082629
744000,0.115493,0.082629
744100,0.107981,0.082629
744200,0.110798,0.082629
744300,0.125822,0.082629
744400,0.114554,0.082629
744500,0.124883,0.082629
744600,0.129577,0.082629
744700,0.135211,0.082629
744800,0.113615,0.082629
744900,0.106103,0.082629
745000,0.103286,0.082629
745100,0.129577,0.082629
745200,0.130516,0.082629
745300,0.117371,0.082629
745400,0.110798,0.082629
745500,0.139906,0.082629
745600,0.123005,0.082629
745700,0.123005,0.082629
745800,0.095775,0.082629
745900,0.148357,0.082629
746000,0.118310,0.082629
746100,0.126761,0.082629
746200,0.132394,0.082629
746300,0.138967,0.082629
746400,0.124883,0.082629
746500,0.109859,0.082629
746600,0.120188,0.082629
746700,0.128638,0.082629
746800,0.102347,0.082629
746900,0.126761,0.082629
747000,0.146479,0.082629
747100,0.128638,0.082629
747200,0.123944,0.082629
747300,0.115493,0.082629
747400,0.125822,0.082629
747500,0.114554,0.082629
747600,0.107981,0.082629
747700,0.112676,0.082629
747800,0.109859,0.082629
747900,0.123944,0.082629
748000,0.120188,0.082629
748100,0.122066,0.082629
748200,0.125822,0.082629
748300,0.123944,0.082629
748400,0.136150,0.082629
748500,0.129577,0.082629
748600,0.103286,0.082629
748700,0.112676,0.082629
748800,0.123005,0.082629
748900,0.113615,0.082629
749000,0.123005,0.082629
749100,0.120188,0.082629
749200,0.130516,0.082629
749300,0.126761,0.082629
749400,0.131455,0.082629
749500,0.133333,0.082629
749600,0.127700,0.082629
749700,0.137089,0.082629
749800,0.117371,0.082629
749900,0.114554,0.082629
750000,0.123944,0.082629
750100,0.104225,0.082629
750200,0.122066,0.082629
750300,0.121127,0.082629
750400,0.126761,0.082629
750500,0.120188,0.082629
750600,0.116432,0.082629
750700,0.148357,0.082629
750800,0.150235,0.082629
750900,0.118310,0.082629
751000,0.123005,0.082629
751100,0.107981,0.082629
751200,0.130516,0.082629
751300,0.144601,0.082629
751400,0.123005,0.082629
751500,0.106103,0.082629
751600,0.102347,0.082629
751700,0.105164,0.082629
751800,0.104225,0.082629
751900,0.127700,0.082629
752000,0.142723,0.082629
752100,0.132394,0.082629
752200,0.123005,0.082629
752300,0.124883,0.082629
752400,0.123005,0.082629
752500,0.125822,0.082629
752600,0.129577,0.082629
752700,0.111737,0.082629
752800,0.120188,0.082629
752900,0.124883,0.082629
753000,0.125822,0.082629
753100,0.150235,0.082629
753200,0.132394,0.082629
753300,0.132394,0.082629
753400,0.104225,0.082629
753500,0.112676,0.082629
753600,0.121127,0.082629
753700,0.124883,0.082629
753800,0.119249,0.082629
753900,0.120188,0.082629
754000,0.116432,0.082629
754100,0.113615,0.082629
754200,0.126761,0.082629
754300,0.121127,0.082629
754400,0.136150,0.082629
754500,0.115493,0.082629
754600,0.121127,0.082629
754700,0.116432,0.082629
754800,0.136150,0.082629
754900,0.110798,0.082629
755000,0.135211,0.082629
755100,0.125822,0.082629
755200,0.134272,0.082629
755300,0.111737,0.082629
755400,0.126761,0.082629
755500,0.128638,0.082629
755600,0.113615,0.082629
755700,0.127700,0.082629
755800,0.111737,0.082629
755900,0.108920,0.082629
756000,0.117371,0.082629
756100,0.112676,0.082629
756200,0.122066,0.082629
756300,0.142723,0.082629
756400,0.129577,0.082629
756500,0.122066,0.082629
756600,0.115493,0.082629
756700,0.131455,0.082629
756800,0.128638,0.082629
756900,0.119249,0.082629
757000,0.131455,0.082629
757100,0.121127,0.082629
757200,0.138967,0.082629
757300,0.134272,0.082629
757400,0.102347,0.082629
757500,0.123005,0.082629
757600,0.116432,0.082629
757700,0.115493,0.082629
757800,0.127700,0.082629
757900,0.130516,0.082629
758000,0.128638,0.082629
758100,0.123005,0.082629
758200,0.123005,0.082629
758300,0.130516,0.082629
758400,0.123944,0.082629
758500,0.129577,0.082629
758600,0.137089,0.082629
758700,0.132394,0.082629
758800,0.145540,0.082629
758900,0.123005,0.082629
759000,0.137089,0.082629
759100,0.144601,0.082629
759200,0.138967,0.082629
759300,0.138028,0.082629
759400,0.134272,0.082629
759500,0.127700,0.082629
759600,0.130516,0.082629
759700,0.138028,0.082629
759800,0.121127,0.082629
759900,0.125822,0.082629
760000,0.136150,0.082629
760100,0.127700,0.082629
760200,0.131455,0.082629
760300,0.125822,0.082629
760400,0.113615,0.082629
760500,0.113615,0.082629
760600,0.114554,0.082629
760700,0.124883,0.082629
760800,0.111737,0.082629
760900,0.111737,0.082629
761000,0.113615,0.082629
761100,0.121127,0.082629
761200,0.126761,0.082629
761300,0.119249,0.082629
761400,0.138028,0.082629
761500,0.123944,0.082629
761600,0.120188,0.082629
761700,0.135211,0.082629
761800,0.122066,0.082629
761900,0.134272,0.082629
762000,0.129577,0.082629
762100,0.134272,0.082629
762200,0.130516,0.082629
762300,0.149296,0.082629
762400,0.126761,0.082629
762500,0.129577,0.082629
762600,0.122066,0.082629
762700,0.121127,0.082629
762800,0.125822,0.082629
762900,0.119249,0.082629
763000,0.123005,0.082629
763100,0.116432,0.082629
763200,0.123005,0.082629
763300,0.127700,0.082629
763400,0.118310,0.082629
763500,0.105164,0.082629
763600,0.105164,0.082629
763700,0.103286,0.082629
763800,0.113615,0.082629
763900,0.112676,0.082629
764000,0.132394,0.082629
764100,0.139906,0.082629
764200,0.137089,0.082629
764300,0.134272,0.082629
764400,0.122066,0.082629
764500,0.126761,0.082629
764600,0.123005,0.082629
764700,0.138028,0.082629
764800,0.116432,0.082629
764900,0.122066,0.082629
765000,0.130516,0.082629
765100,0.131455,0.082629
765200,0.127700,0.082629
765300,0.114554,0.082629
765400,0.116432,0.082629
765500,0.134272,0.082629
765600,0.123005,0.082629
765700,0.131455,0.082629
765800,0.114554,0.082629
765900,0.126761,0.082629
766000,0.117371,0.082629
766100,0.123944,0.082629
766200,0.125822,0.082629
766300,0.124883,0.082629
766400,0.117371,0.082629
766500,0.122066,0.082629
766600,0.116432,0.082629
766700,0.132394,0.082629
766800,0.136150,0.082629
766900,0.131455,0.082629
767000,0.137089,0.082629
767100,0.137089,0.082629
767200,0.127700,0.082629
767300,0.106103,0.082629
767400,0.119249,0.082629
767500,0.127700,0.082629
767600,0.113615,0.082629
767700,0.108920,0.082629
767800,0.120188,0.082629
767900,0.123944,0.082629
768000,0.119249,0.082629
768100,0.119249,0.082629
768200,0.138967,0.082629
768300,0.132394,0.082629
768400,0.138967,0.082629
768500,0.147418,0.082629
768600,0.107042,0.082629
768700,0.123944,0.082629
768800,0.137089,0.082629
768900,0.133333,0.082629
769000,0.128638,0.082629
769100,0.105164,0.082629
769200,0.120188,0.082629
769300,0.136150,0.082629
769400,0.122066,0.082629
769500,0.118310,0.082629
769600,0.132394,0.082629
769700,0.124883,0.082629
769800,0.123944,0.082629
769900,0.119249,0.082629
770000,0.117371,0.082629
770100,0.116432,0.082629
770200,0.128638,0.082629
770300,0.124883,0.082629
770400,0.123944,0.082629
770500,0.129577,0.082629
770600,0.112676,0.082629
770700,0.141784,0.082629
770800,0.137089,0.082629
770900,0.113615,0.082629
771000,0.114554,0.082629
771100,0.124883,0.082629
771200,0.103286,0.082629
771300,0.110798,0.082629
771400,0.106103,0.082629
771500,0.135211,0.082629
771600,0.122066,0.082629
771700,0.123944,0.082629
771800,0.119249,0.082629
771900,0.134272,0.082629
772000,0.134272,0.082629
772100,0.135211,0.082629
772200,0.131455,0.082629
772300,0.111737,0.082629
772400,0.120188,0.082629
772500,0.135211,0.082629
772600,0.113615,0.082629
772700,0.136150,0.082629
772800,0.137089,0.082629
772900,0.142723,0.082629
773000,0.130516,0.082629
773100,0.133333,0.082629
773200,0.125822,0.082629
773300,0.118310,0.082629
773400,0.137089,0.082629
773500,0.129577,0.082629
773600,0.124883,0.082629
773700,0.124883,0.082629
773800,0.130516,0.082629
773900,0.132394,0.082629
774000,0.141784,0.082629
774100,0.140845,0.082629
774200,0.142723,0.082629
774300,0.147418,0.082629
774400,0.143662,0.082629
774500,0.107981,0.082629
774600,0.112676,0.082629
774700,0.119249,0.082629
774800,0.127700,0.082629
774900,0.124883,0.082629
775000,0.141784,0.082629
775100,0.128638,0.082629
775200,0.132394,0.082629
775300,0.132394,0.082629
775400,0.117371,0.082629
775500,0.113615,0.082629
775600,0.122066,0.082629
775700,0.129577,0.082629
775800,0.132394,0.082629
775900,0.125822,0.082629
776000,0.121127,0.082629
776100,0.131455,0.082629
776200,0.133333,0.082629
776300,0.123944,0.082629
776400,0.143662,0.082629
776500,0.138967,0.082629
776600,0.136150,0.082629
776700,0.147418,0.082629
776800,0.145540,0.082629
776900,0.130516,0.082629
777000,0.107981,0.082629
777100,0.123005,0.082629
777200,0.123944,0.082629
777300,0.110798,0.082629
777400,0.138967,0.082629
777500,0.126761,0.082629
777600,0.124883,0.082629
777700,0.118310,0.082629
777800,0.122066,0.082629
777900,0.106103,0.082629
778000,0.114554,0.082629
778100,0.128638,0.082629
778200,0.129577,0.082629
778300,0.126761,0.082629
778400,0.132394,0.082629
778500,0.137089,0.082629
778600,0.124883,0.082629
778700,0.113615,0.082629
778800,0.146479,0.082629
778900,0.134272,0.082629
779000,0.127700,0.082629
779100,0.124883,0.082629
779200,0.113615,0.082629
779300,0.114554,0.082629
779400,0.125822,0.082629
779500,0.125822,0.082629
779600,0.136150,0.082629
779700,0.112676,0.082629
779800,0.120188,0.082629
779900,0.136150,0.082629
780000,0.130516,0.082629
780100,0.121127,0.082629
780200,0.106103,0.082629
780300,0.121127,0.082629
780400,0.119249,0.082629
780500,0.129577,0.082629
780600,0.136150,0.082629
780700,0.107981,0.082629
780800,0.126761,0.082629
780900,0.117371,0.082629
781000,0.133333,0.082629
781100,0.132394,0.082629
781200,0.136150,0.082629
781300,0.120188,0.082629
781400,0.140845,0.082629
781500,0.141784,0.082629
781600,0.135211,0.082629
781700,0.151174,0.082629
781800,0.125822,0.082629
781900,0.136150,0.082629
782000,0.127700,0.082629
782100,0.123005,0.082629
782200,0.107981,0.082629
782300,0.107981,0.082629
782400,0.129577,0.082629
782500,0.133333,0.082629
782600,0.121127,0.082629
782700,0.118310,0.082629
782800,0.129577,0.082629
782900,0.123005,0.082629
783000,0.131455,0.082629
783100,0.118310,0.082629
783200,0.136150,0.082629
783300,0.136150,0.082629
783400,0.122066,0.082629
783500,0.106103,0.082629
783600,0.105164,0.082629
783700,0.123944,0.082629
783800,0.126761,0.082629
783900,0.138028,0.082629
784000,0.135211,0.082629
784100,0.136150,0.082629
784200,0.134272,0.082629
784300,0.126761,0.082629
784400,0.116432,0.082629
784500,0.128638,0.082629
784600,0.123944,0.082629
784700,0.138028,0.082629
784800,0.109859,0.082629
784900,0.106103,0.082629
785000,0.126761,0.082629
785100,0.112676,0.082629
785200,0.116432,0.082629
785300,0.133333,0.082629
785400,0.130516,0.082629
785500,0.116432,0.082629
785600,0.137089,0.082629
785700,0.130516,0.082629
785800,0.123944,0.082629
785900,0.129577,0.082629
786000,0.138028,0.082629
786100,0.133333,0.082629
786200,0.106103,0.082629
786300,0.135211,0.082629
786400,0.131455,0.082629
786500,0.130516,0.082629
786600,0.123944,0.082629
786700,0.150235,0.082629
786800,0.117371,0.082629
786900,0.109859,0.082629
787000,0.104225,0.082629
787100,0.125822,0.082629
787200,0.130516,0.082629
787300,0.128638,0.082629
787400,0.117371,0.082629
787500,0.110798,0.082629
787600,0.138967,0.082629
787700,0.126761,0.082629
787800,0.124883,0.082629
787900,0.122066,0.082629
788000,0.111737,0.082629
788100,0.126761,0.082629
788200,0.127700,0.082629
788300,0.106103,0.082629
788400,0.124883,0.082629
788500,0.116432,0.082629
788600,0.124883,0.082629
788700,0.142723,0.082629
788800,0.143662,0.082629
788900,0.137089,0.082629
789000,0.134272,0.082629
789100,0.127700,0.082629
789200,0.133333,0.082629
789300,0.118310,0.082629
789400,0.112676,0.082629
789500,0.125822,0.082629
789600,0.128638,0.082629
789700,0.123944,0.082629
789800,0.123005,0.082629
789900,0.116432,0.082629
790000,0.134272,0.082629
790100,0.119249,0.082629
790200,0.121127,0.082629
790300,0.129577,0.082629
790400,0.125822,0.082629
790500,0.117371,0.082629
790600,0.127700,0.082629
790700,0.125822,0.082629
790800,0.129577,0.082629
790900,0.123005,0.082629
791000,0.120188,0.082629
791100,0.130516,0.082629
791200,0.126761,0.082629
791300,0.137089,0.082629
791400,0.140845,0.082629
791500,0.134272,0.082629
791600,0.144601,0.082629
791700,0.125822,0.082629
791800,0.122066,0.082629
791900,0.123944,0.082629
792000,0.137089,0.082629
792100,0.128638,0.082629
792200,0.110798,0.082629
792300,0.119249,0.082629
792400,0.127700,0.082629
792500,0.120188,0.082629
792600,0.103286,0.082629
792700,0.127700,0.082629
792800,0.132394,0.082629
792900,0.132394,0.082629
793000,0.137089,0.082629
793100,0.148357,0.082629
793200,0.140845,0.082629
793300,0.144601,0.082629
793400,0.146479,0.082629
793500,0.154930,0.082629
793600,0.133333,0.082629
793700,0.122066,0.082629
793800,0.132394,0.082629
793900,0.123005,0.082629
794000,0.119249,0.082629
794100,0.105164,0.082629
794200,0.123005,0.082629
794300,0.131455,0.082629
794400,0.127700,0.082629
794500,0.137089,0.082629
794600,0.129577,0.082629
794700,0.108920,0.082629
794800,0.123005,0.082629
794900,0.137089,0.082629
795000,0.122066,0.082629
795100,0.119249,0.082629
795200,0.120188,0.082629
795300,0.115493,0.082629
795400,0.105164,0.082629
795500,0.116432,0.082629
795600,0.110798,0.082629
795700,0.111737,0.082629
795800,0.135211,0.082629
795900,0.132394,0.082629
796000,0.121127,0.082629
796100,0.133333,0.082629
796200,0.133333,0.082629
796300,0.123005,0.082629
796400,0.114554,0.082629
796500,0.123005,0.082629
796600,0.124883,0.082629
796700,0.137089,0.082629
796800,0.126761,0.082629
796900,0.131455,0.082629
797000,0.138028,0.082629
797100,0.140845,0.082629
797200,0.123005,0.082629
797300,0.127700,0.082629
797400,0.126761,0.082629
797500,0.124883,0.082629
797600,0.133333,0.082629
797700,0.153991,0.082629
797800,0.130516,0.082629
797900,0.113615,0.082629
798000,0.118310,0.082629
798100,0.142723,0.082629
798200,0.136150,0.082629
798300,0.128638,0.082629
798400,0.114554,0.082629
798500,0.131455,0.082629
798600,0.116432,0.082629
798700,0.118310,0.082629
798800,0.132394,0.082629
798900,0.118310,0.082629
799000,0.129577,0.082629
799100,0.123944,0.082629
799200,0.108920,0.082629
799300,0.130516,0.082629
799400,0.129577,0.082629
799500,0.123944,0.082629
799600,0.123005,0.082629
799700,0.126761,0.082629
799800,0.126761,0.082629
799900,0.121127,0.082629
800000,0.117371,0.082629
800100,0.127700,0.082629
800200,0.117371,0.082629
800300,0.121127,0.082629
800400,0.133333,0.082629
800500,0.137089,0.082629
800600,0.133333,0.082629
800700,0.111737,0.082629
800800,0.104225,0.082629
800900,0.124883,0.082629
801000,0.134272,0.082629
801100,0.137089,0.082629
801200,0.138028,0.082629
801300,0.122066,0.082629
801400,0.115493,0.082629
801500,0.107981,0.082629
801600,0.131455,0.082629
801700,0.141784,0.082629
801800,0.125822,0.082629
801900,0.110798,0.082629
802000,0.107981,0.082629
802100,0.130516,0.082629
802200,0.132394,0.082629
802300,0.133333,0.082629
802400,0.132394,0.082629
802500,0.125822,0.082629
802600,0.109859,0.082629
802700,0.122066,0.082629
802800,0.142723,0.082629
802900,0.127700,0.082629
803000,0.121127,0.082629
803100,0.112676,0.082629
803200,0.107042,0.082629
803300,0.123944,0.082629
803400,0.133333,0.082629
803500,0.125822,0.082629
803600,0.117371,0.082629
803700,0.140845,0.082629
803800,0.141784,0.082629
803900,0.138028,0.082629
804000,0.123944,0.082629
804100,0.128638,0.082629
804200,0.122066,0.082629
804300,0.129577,0.082629
804400,0.110798,0.082629
804500,0.109859,0.082629
804600,0.119249,0.082629
804700,0.145540,0.082629
804800,0.130516,0.082629
804900,0.121127,0.082629
805000,0.135211,0.082629
805100,0.133333,0.082629
805200,0.116432,0.082629
805300,0.129577,0.082629
805400,0.113615,0.082629
805500,0.102347,0.082629
805600,0.120188,0.082629
805700,0.128638,0.082629
805800,0.110798,0.082629
805900,0.130516,0.082629
806000,0.123944,0.082629
806100,0.128638,0.082629
806200,0.125822,0.082629
806300,0.123944,0.082629
806400,0.133333,0.082629
806500,0.134272,0.082629
806600,0.140845,0.082629
806700,0.138028,0.082629
806800,0.133333,0.082629
806900,0.137089,0.082629
807000,0.126761,0.082629
807100,0.124883,0.082629
807200,0.128638,0.082629
807300,0.137089,0.082629
807400,0.136150,0.082629
807500,0.135211,0.082629
807600,0.122066,0.082629
807700,0.138967,0.082629
807800,0.138967,0.082629
807900,0.129577,0.082629
808000,0.128638,0.082629
808100,0.132394,0.082629
808200,0.125822,0.082629
808300,0.126761,0.082629
808400,0.123944,0.082629
808500,0.102347,0.082629
808600,0.104225,0.082629
808700,0.123005,0.082629
808800,0.113615,0.082629
808900,0.120188,0.082629
809000,0.114554,0.082629
809100,0.127700,0.082629
809200,0.110798,0.082629
809300,0.123005,0.082629
809400,0.131455,0.082629
809500,0.137089,0.082629
809600,0.108920,0.082629
809700,0.116432,0.082629
809800,0.127700,0.082629
809900,0.123005,0.082629
810000,0.116432,0.082629
810100,0.135211,0.082629
810200,0.126761,0.082629
810300,0.115493,0.082629
810400,0.121127,0.082629
810500,0.123005,0.082629
810600,0.113615,0.082629
810700,0.114554,0.082629
810800,0.117371,0.082629
810900,0.121127,0.082629
811000,0.129577,0.082629
811100,0.131455,0.082629
811200,0.139906,0.082629
811300,0.123944,0.082629
811400,0.134272,0.082629
811500,0.117371,0.082629
811600,0.118310,0.082629
811700,0.113615,0.082629
811800,0.127700,0.082629
811900,0.124883,0.082629
812000,0.106103,0.082629
812100,0.125822,0.082629
812200,0.118310,0.082629
812300,0.129577,0.082629
812400,0.113615,0.082629
812500,0.141784,0.082629
812600,0.131455,0.082629
812700,0.137089,0.082629
812800,0.127700,0.082629
812900,0.143662,0.082629
813000,0.141784,0.082629
813100,0.119249,0.082629
813200,0.124883,0.082629
813300,0.138967,0.082629
813400,0.119249,0.082629
813500,0.111737,0.082629
813600,0.108920,0.082629
813700,0.117371,0.082629
813800,0.117371,0.082629
813900,0.123005,0.082629
814000,0.123944,0.082629
814100,0.102347,0.082629
814200,0.121127,0.082629
814300,0.118310,0.082629
814400,0.120188,0.082629
814500,0.119249,0.082629
814600,0.115493,0.082629
814700,0.129577,0.082629
814800,0.135211,0.082629
814900,0.123944,0.082629
815000,0.142723,0.082629
815100,0.129577,0.082629
815200,0.113615,0.082629
815300,0.119249,0.082629
815400,0.114554,0.082629
815500,0.129577,0.082629
815600,0.124883,0.082629
815700,0.113615,0.082629
815800,0.112676,0.082629
815900,0.120188,0.082629
816000,0.127700,0.082629
816100,0.126761,0.082629
816200,0.109859,0.082629
816300,0.096714,0.082629
816400,0.111737,0.082629
816500,0.123944,0.082629
816600,0.117371,0.082629
816700,0.112676,0.082629
816800,0.123944,0.082629
816900,0.125822,0.082629
817000,0.129577,0.082629
817100,0.129577,0.082629
817200,0.114554,0.082629
817300,0.132394,0.082629
817400,0.104225,0.082629
817500,0.125822,0.082629
817600,0.132394,0.082629
817700,0.131455,0.082629
817800,0.120188,0.082629
817900,0.126761,0.082629
818000,0.116432,0.082629
818100,0.123005,0.082629
818200,0.122066,0.082629
818300,0.118310,0.082629
818400,0.136150,0.082629
818500,0.138967,0.082629
818600,0.146479,0.082629
818700,0.144601,0.082629
818800,0.139906,0.082629
818900,0.130516,0.082629
819000,0.127700,0.082629
819100,0.107042,0.082629
819200,0.110798,0.082629
819300,0.122066,0.082629
819400,0.120188,0.082629
819500,0.120188,0.082629
819600,0.126761,0.082629
819700,0.120188,0.082629
819800,0.111737,0.082629
819900,0.148357,0.082629
820000,0.117371,0.082629
820100,0.118310,0.082629
820200,0.132394,0.082629
820300,0.134272,0.082629
820400,0.119249,0.082629
820500,0.109859,0.082629
820600,0.124883,0.082629
820700,0.126761,0.082629
820800,0.150235,0.082629
820900,0.138028,0.082629
821000,0.119249,0.082629
821100,0.118310,0.082629
821200,0.138028,0.082629
821300,0.131455,0.082629
821400,0.120188,0.082629
821500,0.124883,0.082629
821600,0.125822,0.082629
821700,0.110798,0.082629
821800,0.126761,0.082629
821900,0.130516,0.082629
822000,0.120188,0.082629
822100,0.128638,0.082629
822200,0.125822,0.082629
822300,0.111737,0.082629
822400,0.119249,0.082629
822500,0.131455,0.082629
822600,0.114554,0.082629
822700,0.131455,0.082629
822800,0.133333,0.082629
822900,0.117371,0.082629
823000,0.126761,0.082629
823100,0.128638,0.082629
823200,0.126761,0.082629
823300,0.131455,0.082629
823400,0.125822,0.082629
823500,0.116432,0.082629
823600,0.115493,0.082629
823700,0.120188,0.082629
823800,0.107042,0.082629
823900,0.121127,0.082629
824000,0.124883,0.082629
824100,0.125822,0.082629
824200,0.121127,0.082629
824300,0.114554,0.082629
824400,0.119249,0.082629
824500,0.117371,0.082629
824600,0.123005,0.082629
824700,0.116432,0.082629
824800,0.113615,0.082629
824900,0.137089,0.082629
825000,0.126761,0.082629
825100,0.117371,0.082629
825200,0.122066,0.082629
825300,0.116432,0.082629
825400,0.134272,0.082629
825500,0.135211,0.082629
825600,0.138028,0.082629
825700,0.130516,0.082629
825800,0.136150,0.082629
825900,0.122066,0.082629
826000,0.118310,0.082629
826100,0.128638,0.082629
826200,0.125822,0.082629
826300,0.138967,0.082629
826400,0.108920,0.082629
826500,0.109859,0.082629
826600,0.123005,0.082629
826700,0.132394,0.082629
826800,0.134272,0.082629
826900,0.135211,0.082629
827000,0.116432,0.082629
827100,0.119249,0.082629
827200,0.132394,0.082629
827300,0.126761,0.082629
827400,0.138028,0.082629
827500,0.143662,0.082629
827600,0.113615,0.082629
827700,0.113615,0.082629
827800,0.115493,0.082629
827900,0.106103,0.082629
828000,0.121127,0.082629
828100,0.131455,0.082629
828200,0.121127,0.082629
828300,0.133333,0.082629
828400,0.124883,0.082629
828500,0.115493,0.082629
828600,0.095775,0.082629
828700,0.125822,0.082629
828800,0.128638,0.082629
828900,0.117371,0.082629
829000,0.120188,0.082629
829100,0.113615,0.082629
829200,0.127700,0.082629
829300,0.131455,0.082629
829400,0.117371,0.082629
829500,0.137089,0.082629
829600,0.133333,0.082629
829700,0.123005,0.082629
829800,0.124883,0.082629
829900,0.133333,0.082629
830000,0.130516,0.082629
830100,0.148357,0.082629
830200,0.135211,0.082629
830300,0.129577,0.082629
830400,0.129577,0.082629
830500,0.128638,0.082629
830600,0.146479,0.082629
830700,0.137089,0.082629
830800,0.131455,0.082629
830900,0.135211,0.082629
831000,0.129577,0.082629
831100,0.121127,0.082629
831200,0.126761,0.082629
831300,0.116432,0.082629
831400,0.126761,0.082629
831500,0.125822,0.082629
831600,0.124883,0.082629
831700,0.111737,0.082629
831800,0.123005,0.082629
831900,0.112676,0.082629
832000,0.125822,0.082629
832100,0.140845,0.082629
832200,0.140845,0.082629
832300,0.138967,0.082629
832400,0.112676,0.082629
832500,0.137089,0.082629
832600,0.138028,0.082629
832700,0.115493,0.082629
832800,0.133333,0.082629
832900,0.123944,0.082629
833000,0.120188,0.082629
833100,0.126761,0.082629
833200,0.123944,0.082629
833300,0.110798,0.082629
833400,0.112676,0.082629
833500,0.123005,0.082629
833600,0.137089,0.082629
833700,0.125822,0.082629
833800,0.113615,0.082629
833900,0.128638,0.082629
834000,0.139906,0.082629
834100,0.123005,0.082629
834200,0.126761,0.082629
834300,0.105164,0.082629
834400,0.118310,0.082629
834500,0.121127,0.082629
834600,0.129577,0.082629
834700,0.133333,0.082629
834800,0.146479,0.082629
834900,0.129577,0.082629
835000,0.124883,0.082629
835100,0.121127,0.082629
835200,0.140845,0.082629
835300,0.153991,0.082629
835400,0.149296,0.082629
835500,0.143662,0.082629
835600,0.140845,0.082629
835700,0.122066,0.082629
835800,0.104225,0.082629
835900,0.121127,0.082629
836000,0.115493,0.082629
836100,0.121127,0.082629
836200,0.116432,0.082629
836300,0.110798,0.082629
836400,0.131455,0.082629
836500,0.126761,0.082629
836600,0.116432,0.082629
836700,0.125822,0.082629
836800,0.117371,0.082629
836900,0.122066,0.082629
837000,0.131455,0.082629
837100,0.119249,0.082629
837200,0.135211,0.082629
837300,0.129577,0.082629
837400,0.127700,0.082629
837500,0.123005,0.082629
837600,0.132394,0.082629
837700,0.139906,0.082629
837800,0.131455,0.082629
837900,0.118310,0.082629
838000,0.134272,0.082629
838100,0.128638,0.082629
838200,0.125822,0.082629
838300,0.112676,0.082629
838400,0.115493,0.082629
838500,0.126761,0.082629
838600,0.113615,0.082629
838700,0.126761,0.082629
838800,0.124883,0.082629
838900,0.114554,0.082629
839000,0.131455,0.082629
839100,0.123944,0.082629
839200,0.136150,0.082629
839300,0.134272,0.082629
839400,0.128638,0.082629
839500,0.123005,0.082629
839600,0.102347,0.082629
839700,0.115493,0.082629
839800,0.130516,0.082629
839900,0.114554,0.082629
840000,0.136150,0.082629
840100,0.123005,0.082629
840200,0.131455,0.082629
840300,0.127700,0.082629
840400,0.131455,0.082629
840500,0.131455,0.082629
840600,0.128638,0.082629
840700,0.128638,0.082629
840800,0.138967,0.082629
840900,0.128638,0.082629
841000,0.138967,0.082629
841100,0.127700,0.082629
841200,0.124883,0.082629
841300,0.126761,0.082629
841400,0.127700,0.082629
841500,0.121127,0.082629
841600,0.135211,0.082629
841700,0.144601,0.082629
841800,0.126761,0.082629
841900,0.114554,0.082629
842000,0.127700,0.082629
842100,0.126761,0.082629
842200,0.123944,0.082629
842300,0.138967,0.082629
842400,0.136150,0.082629
842500,0.139906,0.082629
842600,0.123005,0.082629
842700,0.119249,0.082629
842800,0.126761,0.082629
842900,0.123005,0.082629
843000,0.137089,0.082629
843100,0.104225,0.082629
843200,0.109859,0.082629
843300,0.106103,0.082629
843400,0.123944,0.082629
843500,0.128638,0.082629
843600,0.130516,0.082629
843700,0.124883,0.082629
843800,0.121127,0.082629
843900,0.117371,0.082629
844000,0.120188,0.082629
844100,0.119249,0.082629
844200,0.126761,0.082629
844300,0.118310,0.082629
844400,0.107042,0.082629
844500,0.116432,0.082629
844600,0.127700,0.082629
844700,0.105164,0.082629
844800,0.123005,0.082629
844900,0.131455,0.082629
845000,0.124883,0.082629
845100,0.123944,0.082629
845200,0.123944,0.082629
845300,0.129577,0.082629
845400,0.149296,0.082629
845500,0.126761,0.082629
845600,0.126761,0.082629
845700,0.134272,0.082629
845800,0.137089,0.082629
845900,0.117371,0.082629
846000,0.122066,0.082629
846100,0.136150,0.082629
846200,0.130516,0.082629
846300,0.113615,0.082629
846400,0.100469,0.082629
846500,0.122066,0.082629
846600,0.116432,0.082629
846700,0.118310,0.082629
846800,0.128638,0.082629
846900,0.120188,0.082629
847000,0.133333,0.082629
847100,0.128638,0.082629
847200,0.129577,0.082629
847300,0.122066,0.082629
847400,0.132394,0.082629
847500,0.114554,0.082629
847600,0.139906,0.082629
847700,0.122066,0.082629
847800,0.128638,0.082629
847900,0.133333,0.082629
848000,0.139906,0.082629
848100,0.145540,0.082629
848200,0.142723,0.082629
848300,0.144601,0.082629
848400,0.125822,0.082629
848500,0.125822,0.082629
848600,0.138028,0.082629
848700,0.131455,0.082629
848800,0.134272,0.082629
848900,0.132394,0.082629
849000,0.123944,0.082629
849100,0.142723,0.082629
849200,0.129577,0.082629
849300,0.113615,0.082629
849400,0.129577,0.082629
849500,0.135211,0.082629
849600,0.124883,0.082629
849700,0.123005,0.082629
849800,0.127700,0.082629
849900,0.120188,0.082629
850000,0.120188,0.082629
850100,0.102347,0.082629
850200,0.121127,0.082629
850300,0.100469,0.082629
850400,0.126761,0.082629
850500,0.129577,0.082629
850600,0.133333,0.082629
850700,0.122066,0.082629
850800,0.122066,0.082629
850900,0.104225,0.082629
851000,0.132394,0.082629
851100,0.132394,0.082629
851200,0.130516,0.082629
851300,0.127700,0.082629
851400,0.113615,0.082629
851500,0.111737,0.082629
851600,0.118310,0.082629
851700,0.118310,0.082629
851800,0.123005,0.082629
851900,0.123005,0.082629
852000,0.113615,0.082629
852100,0.124883,0.082629
852200,0.138028,0.082629
852300,0.124883,0.082629
852400,0.134272,0.082629
852500,0.135211,0.082629
852600,0.116432,0.082629
852700,0.123005,0.082629
852800,0.118310,0.082629
852900,0.126761,0.082629
853000,0.117371,0.082629
853100,0.124883,0.082629
853200,0.127700,0.082629
853300,0.120188,0.082629
853400,0.126761,0.082629
853500,0.123944,0.082629
853600,0.115493,0.082629
853700,0.128638,0.082629
853800,0.137089,0.082629
853900,0.120188,0.082629
854000,0.114554,0.082629
854100,0.117371,0.082629
854200,0.129577,0.082629
854300,0.123005,0.082629
854400,0.116432,0.082629
854500,0.119249,0.082629
854600,0.134272,0.082629
854700,0.123005,0.082629
854800,0.132394,0.082629
854900,0.131455,0.082629
855000,0.112676,0.082629
855100,0.137089,0.082629
855200,0.126761,0.082629
855300,0.132394,0.082629
855400,0.117371,0.082629
855500,0.131455,0.082629
855600,0.124883,0.082629
855700,0.148357,0.082629
855800,0.132394,0.082629
855900,0.132394,0.082629
856000,0.112676,0.082629
856100,0.129577,0.082629
856200,0.107981,0.082629
856300,0.115493,0.082629
856400,0.104225,0.082629
856500,0.102347,0.082629
856600,0.096714,0.082629
856700,0.106103,0.082629
856800,0.105164,0.082629
856900,0.124883,0.082629
857000,0.123944,0.082629
857100,0.122066,0.082629
857200,0.111737,0.082629
857300,0.116432,0.082629
857400,0.123005,0.082629
857500,0.121127,0.082629
857600,0.124883,0.082629
857700,0.109859,0.082629
857800,0.113615,0.082629
857900,0.123944,0.082629
858000,0.132394,0.082629
858100,0.138967,0.082629
858200,0.123944,0.082629
858300,0.114554,0.082629
858400,0.130516,0.082629
858500,0.116432,0.082629
858600,0.109859,0.082629
858700,0.129577,0.082629
858800,0.123005,0.082629
858900,0.139906,0.082629
859000,0.125822,0.082629
859100,0.127700,0.082629
859200,0.123005,0.082629
859300,0.123005,0.082629
859400,0.129577,0.082629
859500,0.126761,0.082629
859600,0.150235,0.082629
859700,0.121127,0.082629
859800,0.122066,0.082629
859900,0.136150,0.082629
860000,0.125822,0.082629
860100,0.127700,0.082629
860200,0.106103,0.082629
860300,0.121127,0.082629
860400,0.114554,0.082629
860500,0.116432,0.082629
860600,0.126761,0.082629
860700,0.099531,0.082629
860800,0.129577,0.082629
860900,0.136150,0.082629
861000,0.148357,0.082629
861100,0.120188,0.082629
861200,0.122066,0.082629
861300,0.130516,0.082629
861400,0.127700,0.082629
861500,0.129577,0.082629
861600,0.110798,0.082629
861700,0.105164,0.082629
861800,0.138967,0.082629
861900,0.126761,0.082629
862000,0.123005,0.082629
862100,0.133333,0.082629
862200,0.108920,0.082629
862300,0.124883,0.082629
862400,0.119249,0.082629
862500,0.128638,0.082629
862600,0.126761,0.082629
862700,0.117371,0.082629
862800,0.112676,0.082629
862900,0.119249,0.082629
863000,0.127700,0.082629
863100,0.126761,0.082629
863200,0.140845,0.082629
863300,0.146479,0.082629
863400,0.118310,0.082629
863500,0.115493,0.082629
863600,0.126761,0.082629
863700,0.131455,0.082629
863800,0.130516,0.082629
863900,0.120188,0.082629
864000,0.118310,0.082629
864100,0.123944,0.082629
864200,0.116432,0.082629
864300,0.136150,0.082629
864400,0.138967,0.082629
864500,0.128638,0.082629
864600,0.130516,0.082629
864700,0.119249,0.082629
864800,0.133333,0.082629
864900,0.137089,0.082629
865000,0.121127,0.082629
865100,0.120188,0.082629
865200,0.108920,0.082629
865300,0.116432,0.082629
865400,0.119249,0.082629
865500,0.129577,0.082629
865600,0.125822,0.082629
865700,0.114554,0.082629
865800,0.115493,0.082629
865900,0.118310,0.082629
866000,0.127700,0.082629
866100,0.122066,0.082629
866200,0.122066,0.082629
866300,0.118310,0.082629
866400,0.114554,0.082629
866500,0.142723,0.082629
866600,0.132394,0.082629
866700,0.135211,0.082629
866800,0.132394,0.082629
866900,0.125822,0.082629
867000,0.114554,0.082629
867100,0.114554,0.082629
867200,0.107981,0.082629
867300,0.113615,0.082629
867400,0.123005,0.082629
867500,0.126761,0.082629
867600,0.132394,0.082629
867700,0.122066,0.082629
867800,0.112676,0.082629
867900,0.131455,0.082629
868000,0.126761,0.082629
868100,0.116432,0.082629
868200,0.125822,0.082629
868300,0.127700,0.082629
868400,0.123944,0.082629
868500,0.141784,0.082629
868600,0.138028,0.082629
868700,0.116432,0.082629
868800,0.107981,0.082629
868900,0.118310,0.082629
869000,0.121127,0.082629
869100,0.120188,0.082629
869200,0.116432,0.082629
869300,0.121127,0.082629
869400,0.128638,0.082629
869500,0.119249,0.082629
869600,0.121127,0.082629
869700,0.129577,0.082629
869800,0.127700,0.082629
869900,0.137089,0.082629
870000,0.123005,0.082629
870100,0.131455,0.082629
870200,0.128638,0.082629
870300,0.125822,0.082629
870400,0.123005,0.082629
870500,0.136150,0.082629
870600,0.125822,0.082629
870700,0.123005,0.082629
870800,0.125822,0.082629
870900,0.128638,0.082629
871000,0.125822,0.082629
871100,0.137089,0.082629
871200,0.131455,0.082629
871300,0.125822,0.082629
871400,0.147418,0.082629
871500,0.147418,0.082629
871600,0.150235,0.082629
871700,0.134272,0.082629
871800,0.124883,0.082629
871900,0.111737,0.082629
872000,0.133333,0.082629
872100,0.139906,0.082629
872200,0.138967,0.082629
872300,0.130516,0.082629
872400,0.113615,0.082629
872500,0.122066,0.082629
872600,0.132394,0.082629
872700,0.108920,0.082629
872800,0.126761,0.082629
872900,0.134272,0.082629
873000,0.131455,0.082629
873100,0.123944,0.082629
873200,0.122066,0.082629
873300,0.102347,0.082629
873400,0.119249,0.082629
873500,0.127700,0.082629
873600,0.108920,0.082629
873700,0.125822,0.082629
873800,0.124883,0.082629
873900,0.137089,0.082629
874000,0.125822,0.082629
874100,0.115493,0.082629
874200,0.106103,0.082629
874300,0.101408,0.082629
874400,0.114554,0.082629
874500,0.123005,0.082629
874600,0.134272,0.082629
874700,0.135211,0.082629
874800,0.147418,0.082629
874900,0.106103,0.082629
875000,0.114554,0.082629
875100,0.120188,0.082629
875200,0.119249,0.082629
875300,0.109859,0.082629
875400,0.114554,0.082629
875500,0.141784,0.082629
875600,0.128638,0.082629
875700,0.134272,0.082629
875800,0.119249,0.082629
875900,0.127700,0.082629
876000,0.123944,0.082629
876100,0.138967,0.082629
876200,0.138028,0.082629
876300,0.130516,0.082629
876400,0.153052,0.082629
876500,0.137089,0.082629
876600,0.116432,0.082629
876700,0.118310,0.082629
876800,0.113615,0.082629
876900,0.130516,0.082629
877000,0.122066,0.082629
877100,0.128638,0.082629
877200,0.132394,0.082629
877300,0.137089,0.082629
877400,0.107981,0.082629
877500,0.120188,0.082629
877600,0.089202,0.082629
877700,0.124883,0.082629
877800,0.105164,0.082629
877900,0.121127,0.082629
878000,0.104225,0.082629
878100,0.117371,0.082629
878200,0.099531,0.082629
878300,0.108920,0.082629
878400,0.125822,0.082629
878500,0.123944,0.082629
878600,0.138028,0.082629
878700,0.123944,0.082629
878800,0.128638,0.082629
878900,0.142723,0.082629
879000,0.121127,0.082629
879100,0.109859,0.082629
879200,0.126761,0.082629
879300,0.112676,0.082629
879400,0.123005,0.082629
879500,0.123944,0.082629
879600,0.131455,0.082629
879700,0.115493,0.082629
879800,0.121127,0.082629
879900,0.134272,0.082629
880000,0.128638,0.082629
880100,0.129577,0.082629
880200,0.138028,0.082629
880300,0.132394,0.082629
880400,0.134272,0.082629
880500,0.150235,0.082629
880600,0.135211,0.082629
880700,0.137089,0.082629
880800,0.138967,0.082629
880900,0.130516,0.082629
881000,0.118310,0.082629
881100,0.135211,0.082629
881200,0.125822,0.082629
881300,0.138967,0.082629
881400,0.122066,0.082629
881500,0.132394,0.082629
881600,0.126761,0.082629
881700,0.114554,0.082629
881800,0.114554,0.082629
881900,0.121127,0.082629
882000,0.134272,0.082629
882100,0.127700,0.082629
882200,0.134272,0.082629
882300,0.138028,0.082629
882400,0.122066,0.082629
882500,0.116432,0.082629
882600,0.120188,0.082629
882700,0.130516,0.082629
882800,0.131455,0.082629
882900,0.122066,0.082629
883000,0.122066,0.082629
883100,0.134272,0.082629
883200,0.132394,0.082629
883300,0.142723,0.082629
883400,0.134272,0.082629
883500,0.142723,0.082629
883600,0.114554,0.082629
883700,0.118310,0.082629
883800,0.103286,0.082629
883900,0.110798,0.082629
884000,0.112676,0.082629
884100,0.133333,0.082629
884200,0.130516,0.082629
884300,0.126761,0.082629
884400,0.117371,0.082629
884500,0.131455,0.082629
884600,0.107981,0.082629
884700,0.115493,0.082629
884800,0.129577,0.082629
884900,0.108920,0.082629
885000,0.115493,0.082629
885100,0.114554,0.082629
885200,0.120188,0.082629
885300,0.117371,0.082629
885400,0.118310,0.082629
885500,0.137089,0.082629
885600,0.122066,0.082629
885700,0.138028,0.082629
885800,0.113615,0.082629
885900,0.126761,0.082629
886000,0.123005,0.082629
886100,0.131455,0.082629
886200,0.135211,0.082629
886300,0.130516,0.082629
886400,0.123944,0.082629
886500,0.121127,0.082629
886600,0.114554,0.082629
886700,0.117371,0.082629
886800,0.134272,0.082629
886900,0.128638,0.082629
887000,0.123005,0.082629
887100,0.135211,0.082629
887200,0.135211,0.082629
887300,0.136150,0.082629
887400,0.124883,0.082629
887500,0.111737,0.082629
887600,0.107981,0.082629
887700,0.123005,0.082629
887800,0.130516,0.082629
887900,0.114554,0.082629
888000,0.118310,0.082629
888100,0.119249,0.082629
888200,0.126761,0.082629
888300,0.114554,0.082629
888400,0.129577,0.082629
888500,0.114554,0.082629
888600,0.133333,0.082629
888700,0.138028,0.082629
888800,0.121127,0.082629
888900,0.138967,0.082629
889000,0.128638,0.082629
889100,0.139906,0.082629
889200,0.124883,0.082629
889300,0.109859,0.082629
889400,0.128638,0.082629
889500,0.133333,0.082629
889600,0.131455,0.082629
889700,0.134272,0.082629
889800,0.143662,0.082629
889900,0.127700,0.082629
890000,0.125822,0.082629
890100,0.129577,0.082629
890200,0.121127,0.082629
890300,0.114554,0.082629
890400,0.125822,0.082629
890500,0.117371,0.082629
890600,0.127700,0.082629
890700,0.116432,0.082629
890800,0.130516,0.082629
890900,0.123944,0.082629
891000,0.139906,0.082629
891100,0.132394,0.082629
891200,0.117371,0.082629
891300,0.122066,0.082629
891400,0.123944,0.082629
891500,0.131455,0.082629
891600,0.116432,0.082629
891700,0.133333,0.082629
891800,0.116432,0.082629
891900,0.122066,0.082629
892000,0.135211,0.082629
892100,0.120188,0.082629
892200,0.116432,0.082629
892300,0.121127,0.082629
892400,0.126761,0.082629
892500,0.128638,0.082629
892600,0.133333,0.082629
892700,0.125822,0.082629
892800,0.120188,0.082629
892900,0.122066,0.082629
893000,0.120188,0.082629
893100,0.123944,0.082629
893200,0.109859,0.082629
893300,0.111737,0.082629
893400,0.131455,0.082629
893500,0.112676,0.082629
893600,0.115493,0.082629
893700,0.122066,0.082629
893800,0.124883,0.082629
893900,0.106103,0.082629
894000,0.124883,0.082629
894100,0.134272,0.082629
894200,0.111737,0.082629
894300,0.121127,0.082629
894400,0.135211,0.082629
894500,0.144601,0.082629
894600,0.140845,0.082629
894700,0.132394,0.082629
894800,0.133333,0.082629
894900,0.149296,0.082629
895000,0.118310,0.082629
895100,0.141784,0.082629
895200,0.126761,0.082629
895300,0.114554,0.082629
895400,0.128638,0.082629
895500,0.117371,0.082629
895600,0.128638,0.082629
895700,0.116432,0.082629
895800,0.106103,0.082629
895900,0.109859,0.082629
896000,0.114554,0.082629
896100,0.108920,0.082629
896200,0.117371,0.082629
896300,0.132394,0.082629
896400,0.149296,0.082629
896500,0.143662,0.082629
896600,0.132394,0.082629
896700,0.130516,0.082629
896800,0.127700,0.082629
896900,0.138967,0.082629
897000,0.118310,0.082629
897100,0.129577,0.082629
897200,0.123005,0.082629
897300,0.118310,0.082629
897400,0.113615,0.082629
897500,0.136150,0.082629
897600,0.121127,0.082629
897700,0.119249,0.082629
897800,0.123944,0.082629
897900,0.107042,0.082629
898000,0.114554,0.082629
898100,0.120188,0.082629
898200,0.120188,0.082629
898300,0.122066,0.082629
898400,0.134272,0.082629
898500,0.123944,0.082629
898600,0.119249,0.082629
898700,0.111737,0.082629
898800,0.125822,0.082629
898900,0.123944,0.082629
899000,0.126761,0.082629
899100,0.126761,0.082629
899200,0.124883,0.082629
899300,0.126761,0.082629
899400,0.107042,0.082629
899500,0.118310,0.082629
899600,0.110798,0.082629
899700,0.132394,0.082629
899800,0.131455,0.082629
899900,0.140845,0.082629
900000,0.143662,0.082629
900100,0.136150,0.082629
900200,0.131455,0.082629
900300,0.126761,0.082629
900400,0.113615,0.082629
900500,0.124883,0.082629
900600,0.140845,0.082629
900700,0.128638,0.082629
900800,0.113615,0.082629
900900,0.125822,0.082629
901000,0.127700,0.082629
901100,0.129577,0.082629
901200,0.106103,0.082629
901300,0.123944,0.082629
901400,0.131455,0.082629
901500,0.117371,0.082629
901600,0.127700,0.082629
901700,0.126761,0.082629
901800,0.115493,0.082629
901900,0.113615,0.082629
902000,0.118310,0.082629
902100,0.129577,0.082629
902200,0.143662,0.082629
902300,0.122066,0.082629
902400,0.112676,0.082629
902500,0.117371,0.082629
902600,0.114554,0.082629
902700,0.120188,0.082629
902800,0.100469,0.082629
902900,0.109859,0.082629
903000,0.114554,0.082629
903100,0.122066,0.082629
903200,0.121127,0.082629
903300,0.126761,0.082629
903400,0.127700,0.082629
903500,0.107042,0.082629
903600,0.119249,0.082629
903700,0.121127,0.082629
903800,0.122066,0.082629
903900,0.117371,0.082629
904000,0.112676,0.082629
904100,0.133333,0.082629
904200,0.131455,0.082629
904300,0.133333,0.082629
904400,0.138028,0.082629
904500,0.124883,0.082629
904600,0.127700,0.082629
904700,0.138967,0.082629
904800,0.123005,0.082629
904900,0.129577,0.082629
905000,0.134272,0.082629
905100,0.121127,0.082629
905200,0.115493,0.082629
905300,0.122066,0.082629
905400,0.124883,0.082629
905500,0.132394,0.082629
905600,0.135211,0.082629
905700,0.135211,0.082629
905800,0.136150,0.082629
905900,0.129577,0.082629
906000,0.122066,0.082629
906100,0.124883,0.082629
906200,0.123944,0.082629
906300,0.137089,0.082629
906400,0.136150,0.082629
906500,0.122066,0.082629
906600,0.117371,0.082629
906700,0.113615,0.082629
906800,0.136150,0.082629
906900,0.150235,0.082629
907000,0.119249,0.082629
907100,0.123005,0.082629
907200,0.115493,0.082629
907300,0.120188,0.082629
907400,0.134272,0.082629
907500,0.124883,0.082629
907600,0.126761,0.082629
907700,0.120188,0.082629
907800,0.126761,0.082629
907900,0.113615,0.082629
908000,0.131455,0.082629
908100,0.129577,0.082629
908200,0.145540,0.082629
908300,0.128638,0.082629
908400,0.126761,0.082629
908500,0.125822,0.082629
908600,0.127700,0.082629
908700,0.120188,0.082629
908800,0.114554,0.082629
908900,0.127700,0.082629
909000,0.138028,0.082629
909100,0.107981,0.082629
909200,0.117371,0.082629
909300,0.124883,0.082629
909400,0.115493,0.082629
909500,0.121127,0.082629
909600,0.136150,0.082629
909700,0.154930,0.082629
909800,0.130516,0.082629
909900,0.119249,0.082629
910000,0.123005,0.082629
910100,0.128638,0.082629
910200,0.131455,0.082629
910300,0.120188,0.082629
910400,0.125822,0.082629
910500,0.118310,0.082629
910600,0.112676,0.082629
910700,0.125822,0.082629
910800,0.141784,0.082629
910900,0.124883,0.082629
911000,0.119249,0.082629
911100,0.129577,0.082629
911200,0.122066,0.082629
911300,0.112676,0.082629
911400,0.120188,0.082629
911500,0.120188,0.082629
911600,0.120188,0.082629
911700,0.124883,0.082629
911800,0.124883,0.082629
911900,0.133333,0.082629
912000,0.128638,0.082629
912100,0.107981,0.082629
912200,0.120188,0.082629
912300,0.134272,0.082629
912400,0.136150,0.082629
912500,0.109859,0.082629
912600,0.120188,0.082629
912700,0.127700,0.082629
912800,0.118310,0.082629
912900,0.115493,0.082629
913000,0.105164,0.082629
913100,0.111737,0.082629
913200,0.106103,0.082629
913300,0.137089,0.082629
913400,0.135211,0.082629
913500,0.135211,0.082629
913600,0.106103,0.082629
913700,0.125822,0.082629
913800,0.118310,0.082629
913900,0.112676,0.082629
914000,0.115493,0.082629
914100,0.128638,0.082629
914200,0.115493,0.082629
914300,0.129577,0.082629
914400,0.110798,0.082629
914500,0.128638,0.082629
914600,0.136150,0.082629
914700,0.138028,0.082629
914800,0.124883,0.082629
914900,0.106103,0.082629
915000,0.105164,0.082629
915100,0.116432,0.082629
915200,0.113615,0.082629
915300,0.111737,0.082629
915400,0.104225,0.082629
915500,0.097653,0.082629
915600,0.117371,0.082629
915700,0.109859,0.082629
915800,0.123005,0.082629
915900,0.126761,0.082629
916000,0.123005,0.082629
916100,0.123005,0.082629
916200,0.121127,0.082629
916300,0.129577,0.082629
916400,0.141784,0.082629
916500,0.126761,0.082629
916600,0.102347,0.082629
916700,0.120188,0.082629
916800,0.138967,0.082629
916900,0.143662,0.082629
917000,0.148357,0.082629
917100,0.123005,0.082629
917200,0.127700,0.082629
917300,0.133333,0.082629
917400,0.129577,0.082629
917500,0.131455,0.082629
917600,0.125822,0.082629
917700,0.121127,0.082629
917800,0.122066,0.082629
917900,0.123944,0.082629
918000,0.136150,0.082629
918100,0.140845,0.082629
918200,0.113615,0.082629
918300,0.118310,0.082629
918400,0.130516,0.082629
918500,0.130516,0.082629
918600,0.124883,0.082629
918700,0.128638,0.082629
918800,0.141784,0.082629
918900,0.134272,0.082629
919000,0.119249,0.082629
919100,0.120188,0.082629
919200,0.123005,0.082629
919300,0.139906,0.082629
919400,0.125822,0.082629
919500,0.128638,0.082629
919600,0.140845,0.082629
919700,0.124883,0.082629
919800,0.116432,0.082629
919900,0.116432,0.082629
920000,0.132394,0.082629
920100,0.112676,0.082629
920200,0.114554,0.082629
920300,0.103286,0.082629
920400,0.115493,0.082629
920500,0.123005,0.082629
920600,0.110798,0.082629
920700,0.119249,0.082629
920800,0.118310,0.082629
920900,0.107981,0.082629
921000,0.112676,0.082629
921100,0.110798,0.082629
921200,0.118310,0.082629
921300,0.130516,0.082629
921400,0.119249,0.082629
921500,0.135211,0.082629
921600,0.109859,0.082629
921700,0.111737,0.082629
921800,0.119249,0.082629
921900,0.146479,0.082629
922000,0.149296,0.082629
922100,0.125822,0.082629
922200,0.142723,0.082629
922300,0.143662,0.082629
922400,0.146479,0.082629
922500,0.146479,0.082629
922600,0.123005,0.082629
922700,0.123944,0.082629
922800,0.110798,0.082629
922900,0.128638,0.082629
923000,0.119249,0.082629
923100,0.136150,0.082629
923200,0.130516,0.082629
923300,0.123005,0.082629
923400,0.128638,0.082629
923500,0.133333,0.082629
923600,0.123005,0.082629
923700,0.124883,0.082629
923800,0.101408,0.082629
923900,0.128638,0.082629
924000,0.123005,0.082629
924100,0.131455,0.082629
924200,0.114554,0.082629
924300,0.095775,0.082629
924400,0.118310,0.082629
924500,0.121127,0.082629
924600,0.114554,0.082629
924700,0.108920,0.082629
924800,0.110798,0.082629
924900,0.095775,0.082629
925000,0.118310,0.082629
925100,0.111737,0.082629
925200,0.129577,0.082629
925300,0.120188,0.082629
925400,0.130516,0.082629
925500,0.122066,0.082629
925600,0.115493,0.082629
925700,0.114554,0.082629
925800,0.109859,0.082629
925900,0.129577,0.082629
926000,0.121127,0.082629
926100,0.123005,0.082629
926200,0.111737,0.082629
926300,0.120188,0.082629
926400,0.133333,0.082629
926500,0.136150,0.082629
926600,0.120188,0.082629
926700,0.123944,0.082629
926800,0.134272,0.082629
926900,0.124883,0.082629
927000,0.134272,0.082629
927100,0.130516,0.082629
927200,0.121127,0.082629
927300,0.121127,0.082629
927400,0.109859,0.082629
927500,0.120188,0.082629
927600,0.129577,0.082629
927700,0.113615,0.082629
927800,0.123944,0.082629
927900,0.131455,0.082629
928000,0.122066,0.082629
928100,0.141784,0.082629
928200,0.117371,0.082629
928300,0.119249,0.082629
928400,0.124883,0.082629
928500,0.115493,0.082629
928600,0.122066,0.082629
928700,0.124883,0.082629
928800,0.124883,0.082629
928900,0.126761,0.082629
929000,0.148357,0.082629
929100,0.149296,0.082629
929200,0.145540,0.082629
929300,0.118310,0.082629
929400,0.109859,0.082629
929500,0.100469,0.082629
929600,0.121127,0.082629
929700,0.120188,0.082629
929800,0.137089,0.082629
929900,0.124883,0.082629
930000,0.141784,0.082629
930100,0.138028,0.082629
930200,0.130516,0.082629
930300,0.118310,0.082629
930400,0.118310,0.082629
930500,0.109859,0.082629
930600,0.122066,0.082629
930700,0.128638,0.082629
930800,0.127700,0.082629
930900,0.138028,0.082629
931000,0.149296,0.082629
931100,0.140845,0.082629
931200,0.142723,0.082629
931300,0.146479,0.082629
931400,0.128638,0.082629
931500,0.125822,0.082629
931600,0.124883,0.082629
931700,0.124883,0.082629
931800,0.133333,0.082629
931900,0.115493,0.082629
932000,0.128638,0.082629
932100,0.127700,0.082629
932200,0.119249,0.082629
932300,0.118310,0.082629
932400,0.114554,0.082629
932500,0.111737,0.082629
932600,0.138967,0.082629
932700,0.122066,0.082629
932800,0.138028,0.082629
932900,0.118310,0.082629
933000,0.127700,0.082629
933100,0.135211,0.082629
933200,0.138967,0.082629
933300,0.128638,0.082629
933400,0.120188,0.082629
933500,0.107042,0.082629
933600,0.138028,0.082629
933700,0.109859,0.082629
933800,0.112676,0.082629
933900,0.111737,0.082629
934000,0.123944,0.082629
934100,0.130516,0.082629
934200,0.125822,0.082629
934300,0.122066,0.082629
934400,0.121127,0.082629
934500,0.108920,0.082629
934600,0.128638,0.082629
934700,0.130516,0.082629
934800,0.107981,0.082629
934900,0.122066,0.082629
935000,0.123005,0.082629
935100,0.130516,0.082629
935200,0.123944,0.082629
935300,0.137089,0.082629
935400,0.120188,0.082629
935500,0.109859,0.082629
935600,0.130516,0.082629
935700,0.112676,0.082629
935800,0.121127,0.082629
935900,0.099531,0.082629
936000,0.123005,0.082629
936100,0.135211,0.082629
936200,0.123944,0.082629
936300,0.120188,0.082629
936400,0.130516,0.082629
936500,0.133333,0.082629
936600,0.132394,0.082629
936700,0.133333,0.082629
936800,0.134272,0.082629
936900,0.125822,0.082629
937000,0.114554,0.082629
937100,0.107042,0.082629
937200,0.110798,0.082629
937300,0.123005,0.082629
937400,0.132394,0.082629
937500,0.117371,0.082629
937600,0.135211,0.082629
937700,0.134272,0.082629
937800,0.143662,0.082629
937900,0.133333,0.082629
938000,0.114554,0.082629
938100,0.117371,0.082629
938200,0.136150,0.082629
938300,0.109859,0.082629
938400,0.111737,0.082629
938500,0.123005,0.082629
938600,0.128638,0.082629
938700,0.143662,0.082629
938800,0.133333,0.082629
938900,0.121127,0.082629
939000,0.123944,0.082629
939100,0.121127,0.082629
939200,0.122066,0.082629
939300,0.109859,0.082629
939400,0.126761,0.082629
939500,0.118310,0.082629
939600,0.125822,0.082629
939700,0.114554,0.082629
939800,0.117371,0.082629
939900,0.122066,0.082629
940000,0.115493,0.082629
940100,0.128638,0.082629
940200,0.120188,0.082629
940300,0.131455,0.082629
940400,0.119249,0.082629
940500,0.132394,0.082629
940600,0.145540,0.082629
940700,0.122066,0.082629
940800,0.128638,0.082629
940900,0.131455,0.082629
941000,0.128638,0.082629
941100,0.129577,0.082629
941200,0.140845,0.082629
941300,0.111737,0.082629
941400,0.122066,0.082629
941500,0.128638,0.082629
941600,0.114554,0.082629
941700,0.115493,0.082629
941800,0.136150,0.082629
941900,0.128638,0.082629
942000,0.119249,0.082629
942100,0.130516,0.082629
942200,0.130516,0.082629
942300,0.108920,0.082629
942400,0.114554,0.082629
942500,0.116432,0.082629
942600,0.117371,0.082629
942700,0.104225,0.082629
942800,0.129577,0.082629
942900,0.139906,0.082629
943000,0.143662,0.082629
943100,0.124883,0.082629
943200,0.119249,0.082629
943300,0.125822,0.082629
943400,0.115493,0.082629
943500,0.130516,0.082629
943600,0.123005,0.082629
943700,0.112676,0.082629
943800,0.128638,0.082629
943900,0.134272,0.082629
944000,0.125822,0.082629
944100,0.129577,0.082629
944200,0.118310,0.082629
944300,0.123005,0.082629
944400,0.120188,0.082629
944500,0.126761,0.082629
944600,0.128638,0.082629
944700,0.121127,0.082629
944800,0.114554,0.082629
944900,0.112676,0.082629
945000,0.129577,0.082629
945100,0.129577,0.082629
945200,0.112676,0.082629
945300,0.128638,0.082629
945400,0.132394,0.082629
945500,0.124883,0.082629
945600,0.131455,0.082629
945700,0.109859,0.082629
945800,0.133333,0.082629
945900,0.123944,0.082629
946000,0.112676,0.082629
946100,0.106103,0.082629
946200,0.117371,0.082629
946300,0.114554,0.082629
946400,0.133333,0.082629
946500,0.125822,0.082629
946600,0.124883,0.082629
946700,0.123944,0.082629
946800,0.141784,0.082629
946900,0.122066,0.082629
947000,0.137089,0.082629
947100,0.121127,0.082629
947200,0.133333,0.082629
947300,0.104225,0.082629
947400,0.124883,0.082629
947500,0.129577,0.082629
947600,0.127700,0.082629
947700,0.125822,0.082629
947800,0.117371,0.082629
947900,0.133333,0.082629
948000,0.111737,0.082629
948100,0.117371,0.082629
948200,0.115493,0.082629
948300,0.118310,0.082629
948400,0.144601,0.082629
948500,0.136150,0.082629
948600,0.135211,0.082629
948700,0.120188,0.082629
948800,0.112676,0.082629
948900,0.113615,0.082629
949000,0.118310,0.082629
949100,0.134272,0.082629
949200,0.127700,0.082629
949300,0.132394,0.082629
949400,0.145540,0.082629
949500,0.111737,0.082629
949600,0.106103,0.082629
949700,0.106103,0.082629
949800,0.103286,0.082629
949900,0.134272,0.082629
950000,0.144601,0.082629
950100,0.133333,0.082629
950200,0.112676,0.082629
950300,0.134272,0.082629
950400,0.118310,0.082629
950500,0.107981,0.082629
950600,0.100469,0.082629
950700,0.116432,0.082629
950800,0.118310,0.082629
950900,0.138028,0.082629
951000,0.118310,0.082629
951100,0.147418,0.082629
951200,0.135211,0.082629
951300,0.139906,0.082629
951400,0.129577,0.082629
951500,0.134272,0.082629
951600,0.109859,0.082629
951700,0.142723,0.082629
951800,0.110798,0.082629
951900,0.107981,0.082629
952000,0.138028,0.082629
952100,0.128638,0.082629
952200,0.113615,0.082629
952300,0.129577,0.082629
952400,0.141784,0.082629
952500,0.140845,0.082629
952600,0.110798,0.082629
952700,0.103286,0.082629
952800,0.129577,0.082629
952900,0.124883,0.082629
953000,0.133333,0.082629
953100,0.125822,0.082629
953200,0.125822,0.082629
953300,0.114554,0.082629
953400,0.125822,0.082629
953500,0.121127,0.082629
953600,0.128638,0.082629
953700,0.127700,0.082629
953800,0.120188,0.082629
953900,0.120188,0.082629
954000,0.139906,0.082629
954100,0.133333,0.082629
954200,0.125822,0.082629
954300,0.132394,0.082629
954400,0.124883,0.082629
954500,0.116432,0.082629
954600,0.109859,0.082629
954700,0.128638,0.082629
954800,0.126761,0.082629
954900,0.115493,0.082629
955000,0.109859,0.082629
955100,0.118310,0.082629
955200,0.122066,0.082629
955300,0.132394,0.082629
955400,0.110798,0.082629
955500,0.120188,0.082629
955600,0.130516,0.082629
955700,0.136150,0.082629
955800,0.138967,0.082629
955900,0.150235,0.082629
956000,0.129577,0.082629
956100,0.114554,0.082629
956200,0.126761,0.082629
956300,0.113615,0.082629
956400,0.109859,0.082629
956500,0.120188,0.082629
956600,0.122066,0.082629
956700,0.137089,0.082629
956800,0.124883,0.082629
956900,0.124883,0.082629
957000,0.102347,0.082629
957100,0.122066,0.082629
957200,0.119249,0.082629
957300,0.107042,0.082629
957400,0.122066,0.082629
957500,0.134272,0.082629
957600,0.141784,0.082629
957700,0.134272,0.082629
957800,0.117371,0.082629
957900,0.124883,0.082629
958000,0.141784,0.082629
958100,0.117371,0.082629
958200,0.117371,0.082629
958300,0.109859,0.082629
958400,0.125822,0.082629
958500,0.141784,0.082629
958600,0.135211,0.082629
958700,0.116432,0.082629
958800,0.117371,0.082629
958900,0.123944,0.082629
959000,0.121127,0.082629
959100,0.127700,0.082629
959200,0.122066,0.082629
959300,0.119249,0.082629
959400,0.121127,0.082629
959500,0.130516,0.082629
959600,0.125822,0.082629
959700,0.135211,0.082629
959800,0.120188,0.082629
959900,0.128638,0.082629
960000,0.130516,0.082629
960100,0.116432,0.082629
960200,0.138967,0.082629
960300,0.132394,0.082629
960400,0.147418,0.082629
960500,0.141784,0.082629
960600,0.140845,0.082629
960700,0.127700,0.082629
960800,0.122066,0.082629
960900,0.113615,0.082629
961000,0.126761,0.082629
961100,0.128638,0.082629
961200,0.125822,0.082629
961300,0.134272,0.082629
961400,0.132394,0.082629
961500,0.139906,0.082629
961600,0.109859,0.082629
961700,0.125822,0.082629
961800,0.118310,0.082629
961900,0.129577,0.082629
962000,0.137089,0.082629
962100,0.135211,0.082629
962200,0.132394,0.082629
962300,0.126761,0.082629
962400,0.129577,0.082629
962500,0.123944,0.082629
962600,0.123005,0.082629
962700,0.143662,0.082629
962800,0.125822,0.082629
962900,0.117371,0.082629
963000,0.114554,0.082629
963100,0.116432,0.082629
963200,0.108920,0.082629
963300,0.118310,0.082629
963400,0.123005,0.082629
963500,0.130516,0.082629
963600,0.123944,0.082629
963700,0.122066,0.082629
963800,0.120188,0.082629
963900,0.124883,0.082629
964000,0.133333,0.082629
964100,0.138967,0.082629
964200,0.142723,0.082629
964300,0.132394,0.082629
964400,0.130516,0.082629
964500,0.120188,0.082629
964600,0.109859,0.082629
964700,0.126761,0.082629
964800,0.123944,0.082629
964900,0.123944,0.082629
965000,0.130516,0.082629
965100,0.134272,0.082629
965200,0.123944,0.082629
965300,0.126761,0.082629
965400,0.142723,0.082629
965500,0.139906,0.082629
965600,0.138028,0.082629
965700,0.120188,0.082629
965800,0.117371,0.082629
965900,0.119249,0.082629
966000,0.127700,0.082629
966100,0.130516,0.082629
966200,0.123005,0.082629
966300,0.123944,0.082629
966400,0.144601,0.082629
966500,0.145540,0.082629
966600,0.132394,0.082629
966700,0.130516,0.082629
966800,0.142723,0.082629
966900,0.120188,0.082629
967000,0.124883,0.082629
967100,0.136150,0.082629
967200,0.114554,0.082629
967300,0.137089,0.082629
967400,0.133333,0.082629
967500,0.124883,0.082629
967600,0.134272,0.082629
967700,0.139906,0.082629
967800,0.136150,0.082629
967900,0.129577,0.082629
968000,0.134272,0.082629
968100,0.137089,0.082629
968200,0.114554,0.082629
968300,0.109859,0.082629
968400,0.118310,0.082629
968500,0.129577,0.082629
968600,0.113615,0.082629
968700,0.127700,0.082629
968800,0.124883,0.082629
968900,0.112676,0.082629
969000,0.128638,0.082629
969100,0.131455,0.082629
969200,0.120188,0.082629
969300,0.133333,0.082629
969400,0.121127,0.082629
969500,0.126761,0.082629
969600,0.114554,0.082629
969700,0.123944,0.082629
969800,0.120188,0.082629
969900,0.118310,0.082629
970000,0.131455,0.082629
970100,0.126761,0.082629
970200,0.138967,0.082629
970300,0.125822,0.082629
970400,0.119249,0.082629
970500,0.123005,0.082629
970600,0.129577,0.082629
970700,0.119249,0.082629
970800,0.141784,0.082629
970900,0.116432,0.082629
971000,0.121127,0.082629
971100,0.116432,0.082629
971200,0.117371,0.082629
971300,0.100469,0.082629
971400,0.101408,0.082629
971500,0.121127,0.082629
971600,0.118310,0.082629
971700,0.106103,0.082629
971800,0.115493,0.082629
971900,0.129577,0.082629
972000,0.128638,0.082629
972100,0.119249,0.082629
972200,0.122066,0.082629
972300,0.128638,0.082629
972400,0.120188,0.082629
972500,0.123005,0.082629
972600,0.116432,0.082629
972700,0.121127,0.082629
972800,0.135211,0.082629
972900,0.121127,0.082629
973000,0.124883,0.082629
973100,0.137089,0.082629
973200,0.131455,0.082629
973300,0.132394,0.082629
973400,0.161502,0.082629
973500,0.141784,0.082629
973600,0.124883,0.082629
973700,0.123944,0.082629
973800,0.126761,0.082629
973900,0.107981,0.082629
974000,0.114554,0.082629
974100,0.123944,0.082629
974200,0.125822,0.082629
974300,0.125822,0.082629
974400,0.111737,0.082629
974500,0.108920,0.082629
974600,0.123944,0.082629
974700,0.119249,0.082629
974800,0.118310,0.082629
974900,0.115493,0.082629
975000,0.113615,0.082629
975100,0.121127,0.082629
975200,0.105164,0.082629
975300,0.117371,0.082629
975400,0.140845,0.082629
975500,0.144601,0.082629
975600,0.124883,0.082629
975700,0.130516,0.082629
975800,0.131455,0.082629
975900,0.125822,0.082629
976000,0.121127,0.082629
976100,0.107981,0.082629
976200,0.122066,0.082629
976300,0.127700,0.082629
976400,0.133333,0.082629
976500,0.114554,0.082629
976600,0.128638,0.082629
976700,0.116432,0.082629
976800,0.118310,0.082629
976900,0.133333,0.082629
977000,0.135211,0.082629
977100,0.139906,0.082629
977200,0.137089,0.082629
977300,0.117371,0.082629
977400,0.124883,0.082629
977500,0.120188,0.082629
977600,0.112676,0.082629
977700,0.117371,0.082629
977800,0.125822,0.082629
977900,0.114554,0.082629
978000,0.123944,0.082629
978100,0.119249,0.082629
978200,0.131455,0.082629
978300,0.144601,0.082629
978400,0.140845,0.082629
978500,0.142723,0.082629
978600,0.134272,0.082629
978700,0.128638,0.082629
978800,0.136150,0.082629
978900,0.121127,0.082629
979000,0.119249,0.082629
979100,0.129577,0.082629
979200,0.135211,0.082629
979300,0.130516,0.082629
979400,0.115493,0.082629
979500,0.125822,0.082629
979600,0.120188,0.082629
979700,0.126761,0.082629
979800,0.113615,0.082629
979900,0.104225,0.082629
980000,0.119249,0.082629
980100,0.125822,0.082629
980200,0.118310,0.082629
980300,0.138967,0.082629
980400,0.130516,0.082629
980500,0.118310,0.082629
980600,0.129577,0.082629
980700,0.110798,0.082629
980800,0.107981,0.082629
980900,0.124883,0.082629
981000,0.143662,0.082629
981100,0.134272,0.082629
981200,0.143662,0.082629
981300,0.124883,0.082629
981400,0.105164,0.082629
981500,0.113615,0.082629
981600,0.123005,0.082629
981700,0.136150,0.082629
981800,0.127700,0.082629
981900,0.147418,0.082629
982000,0.118310,0.082629
982100,0.131455,0.082629
982200,0.121127,0.082629
982300,0.135211,0.082629
982400,0.130516,0.082629
982500,0.131455,0.082629
982600,0.128638,0.082629
982700,0.102347,0.082629
982800,0.128638,0.082629
982900,0.123005,0.082629
983000,0.124883,0.082629
983100,0.124883,0.082629
983200,0.138967,0.082629
983300,0.110798,0.082629
983400,0.120188,0.082629
983500,0.123944,0.082629
983600,0.109859,0.082629
983700,0.124883,0.082629
983800,0.132394,0.082629
983900,0.127700,0.082629
984000,0.138028,0.082629
984100,0.117371,0.082629
984200,0.114554,0.082629
984300,0.116432,0.082629
984400,0.131455,0.082629
984500,0.115493,0.082629
984600,0.138967,0.082629
984700,0.124883,0.082629
984800,0.117371,0.082629
984900,0.117371,0.082629
985000,0.138967,0.082629
985100,0.123005,0.082629
985200,0.127700,0.082629
985300,0.118310,0.082629
985400,0.117371,0.082629
985500,0.123944,0.082629
985600,0.135211,0.082629
985700,0.138028,0.082629
985800,0.118310,0.082629
985900,0.133333,0.082629
986000,0.131455,0.082629
986100,0.132394,0.082629
986200,0.149296,0.082629
986300,0.127700,0.082629
986400,0.116432,0.082629
986500,0.115493,0.082629
986600,0.145540,0.082629
986700,0.137089,0.082629
986800,0.129577,0.082629
986900,0.116432,0.082629
987000,0.123005,0.082629
987100,0.119249,0.082629
987200,0.110798,0.082629
987300,0.117371,0.082629
987400,0.121127,0.082629
987500,0.115493,0.082629
987600,0.126761,0.082629
987700,0.142723,0.082629
987800,0.143662,0.082629
987900,0.129577,0.082629
988000,0.131455,0.082629
988100,0.113615,0.082629
988200,0.103286,0.082629
988300,0.110798,0.082629
988400,0.135211,0.082629
988500,0.138967,0.082629
988600,0.137089,0.082629
988700,0.125822,0.082629
988800,0.131455,0.082629
988900,0.118310,0.082629
989000,0.121127,0.082629
989100,0.138028,0.082629
989200,0.124883,0.082629
989300,0.128638,0.082629
989400,0.125822,0.082629
989500,0.109859,0.082629
989600,0.134272,0.082629
989700,0.113615,0.082629
989800,0.132394,0.082629
989900,0.107042,0.082629
990000,0.121127,0.082629
990100,0.133333,0.082629
990200,0.123944,0.082629
990300,0.153991,0.082629
990400,0.140845,0.082629
990500,0.135211,0.082629
990600,0.130516,0.082629
990700,0.123944,0.082629
990800,0.104225,0.082629
990900,0.130516,0.082629
991000,0.138028,0.082629
991100,0.133333,0.082629
991200,0.124883,0.082629
991300,0.134272,0.082629
991400,0.131455,0.082629
991500,0.119249,0.082629
991600,0.123005,0.082629
991700,0.110798,0.082629
991800,0.109859,0.082629
991900,0.114554,0.082629
992000,0.119249,0.082629
992100,0.122066,0.082629
992200,0.138967,0.082629
992300,0.127700,0.082629
992400,0.124883,0.082629
992500,0.143662,0.082629
992600,0.129577,0.082629
992700,0.129577,0.082629
992800,0.140845,0.082629
992900,0.124883,0.082629
993000,0.106103,0.082629
993100,0.111737,0.082629
993200,0.127700,0.082629
993300,0.132394,0.082629
993400,0.121127,0.082629
993500,0.111737,0.082629
993600,0.130516,0.082629
993700,0.122066,0.082629
993800,0.132394,0.082629
993900,0.122066,0.082629
994000,0.114554,0.082629
994100,0.112676,0.082629
994200,0.106103,0.082629
994300,0.122066,0.082629
994400,0.129577,0.082629
994500,0.128638,0.082629
994600,0.119249,0.082629
994700,0.123005,0.082629
994800,0.143662,0.082629
994900,0.140845,0.082629
995000,0.137089,0.082629
995100,0.110798,0.082629
995200,0.133333,0.082629
995300,0.113615,0.082629
995400,0.114554,0.082629
995500,0.112676,0.082629
995600,0.123944,0.082629
995700,0.126761,0.082629
995800,0.129577,0.082629
995900,0.123005,0.082629
996000,0.134272,0.082629
996100,0.132394,0.082629
996200,0.122066,0.082629
996300,0.099531,0.082629
996400,0.109859,0.082629
996500,0.099531,0.082629
996600,0.128638,0.082629
996700,0.122066,0.082629
996800,0.138028,0.082629
996900,0.117371,0.082629
997000,0.149296,0.082629
997100,0.120188,0.082629
997200,0.140845,0.082629
997300,0.125822,0.082629
997400,0.125822,0.082629
997500,0.113615,0.082629
997600,0.138028,0.082629
997700,0.137089,0.082629
997800,0.134272,0.082629
997900,0.123944,0.082629
998000,0.107981,0.082629
998100,0.138028,0.082629
998200,0.112676,0.082629
998300,0.135211,0.082629
998400,0.125822,0.082629
998500,0.128638,0.082629
998600,0.133333,0.082629
998700,0.123005,0.082629
998800,0.132394,0.082629
998900,0.123005,0.082629
999000,0.107042,0.082629
999100,0.118310,0.082629
999200,0.113615,0.082629
999300,0.119249,0.082629
999400,0.113615,0.082629
999500,0.131455,0.082629
999600,0.127700,0.082629
999700,0.131455,0.082629
999800,0.125822,0.082629
999900,0.123944,0.082629
1000000,0.118310,0.082629
1000100,0.132394,0.082629
1000200,0.138967,0.082629
1000300,0.136150,0.082629
1000400,0.127700,0.082629
1000500,0.110798,0.082629
1000600,0.108920,0.082629
1000700,0.123005,0.082629
1000800,0.126761,0.082629
1000900,0.127700,0.082629
1001000,0.128638,0.082629
1001100,0.122066,0.082629
1001200,0.121127,0.082629
1001300,0.116432,0.082629
1001400,0.132394,0.082629
1001500,0.122066,0.082629
1001600,0.132394,0.082629
1001700,0.134272,0.082629
1001800,0.130516,0.082629
1001900,0.116432,0.082629
1002000,0.131455,0.082629
1002100,0.137089,0.082629
1002200,0.125822,0.082629
1002300,0.121127,0.082629
1002400,0.133333,0.082629
1002500,0.119249,0.082629
1002600,0.134272,0.082629
1002700,0.135211,0.082629
1002800,0.143662,0.082629
1002900,0.142723,0.082629
1003000,0.135211,0.082629
1003100,0.120188,0.082629
1003200,0.116432,0.082629
1003300,0.120188,0.082629
1003400,0.123944,0.082629
1003500,0.129577,0.082629
1003600,0.116432,0.082629
1003700,0.123944,0.082629
1003800,0.130516,0.082629
1003900,0.126761,0.082629
1004000,0.139906,0.082629
1004100,0.135211,0.082629
1004200,0.117371,0.082629
1004300,0.127700,0.082629
1004400,0.123005,0.082629
1004500,0.127700,0.082629
1004600,0.126761,0.082629
1004700,0.114554,0.082629
1004800,0.107981,0.082629
1004900,0.111737,0.082629
1005000,0.110798,0.082629
1005100,0.128638,0.082629
1005200,0.140845,0.082629
1005300,0.138028,0.082629
1005400,0.121127,0.082629
1005500,0.138028,0.082629
1005600,0.130516,0.082629
1005700,0.128638,0.082629
1005800,0.131455,0.082629
1005900,0.135211,0.082629
1006000,0.110798,0.082629
1006100,0.118310,0.082629
1006200,0.115493,0.082629
1006300,0.107042,0.082629
1006400,0.110798,0.082629
1006500,0.110798,0.082629
1006600,0.108920,0.082629
1006700,0.100469,0.082629
1006800,0.114554,0.082629
1006900,0.107042,0.082629
1007000,0.111737,0.082629
1007100,0.105164,0.082629
1007200,0.104225,0.082629
1007300,0.125822,0.082629
1007400,0.121127,0.082629
1007500,0.114554,0.082629
1007600,0.119249,0.082629
1007700,0.119249,0.082629
1007800,0.096714,0.082629
1007900,0.109859,0.082629
1008000,0.115493,0.082629
1008100,0.124883,0.082629
1008200,0.141784,0.082629
1008300,0.128638,0.082629
1008400,0.134272,0.082629
1008500,0.122066,0.082629
1008600,0.110798,0.082629
1008700,0.122066,0.082629
1008800,0.134272,0.082629
1008900,0.140845,0.082629
1009000,0.139906,0.082629
1009100,0.140845,0.082629
1009200,0.129577,0.082629
1009300,0.128638,0.082629
1009400,0.118310,0.082629
1009500,0.123944,0.082629
1009600,0.123005,0.082629
1009700,0.117371,0.082629
1009800,0.136150,0.082629
1009900,0.118310,0.082629
1010000,0.122066,0.082629
1010100,0.119249,0.082629
1010200,0.140845,0.082629
1010300,0.109859,0.082629
1010400,0.110798,0.082629
1010500,0.107042,0.082629
1010600,0.118310,0.082629
1010700,0.129577,0.082629
1010800,0.123005,0.082629
1010900,0.113615,0.082629
1011000,0.124883,0.082629
1011100,0.110798,0.082629
1011200,0.113615,0.082629
1011300,0.127700,0.082629
1011400,0.130516,0.082629
1011500,0.112676,0.082629
1011600,0.141784,0.082629
1011700,0.139906,0.082629
1011800,0.124883,0.082629
1011900,0.123005,0.082629
1012000,0.122066,0.082629
1012100,0.119249,0.082629
1012200,0.118310,0.082629
1012300,0.121127,0.082629
1012400,0.139906,0.082629
1012500,0.138967,0.082629
1012600,0.131455,0.082629
1012700,0.128638,0.082629
1012800,0.123944,0.082629
1012900,0.142723,0.082629
1013000,0.149296,0.082629
1013100,0.142723,0.082629
1013200,0.138028,0.082629
1013300,0.125822,0.082629
1013400,0.113615,0.082629
1013500,0.123005,0.082629
1013600,0.139906,0.082629
1013700,0.137089,0.082629
1013800,0.138028,0.082629
1013900,0.117371,0.082629
1014000,0.132394,0.082629
1014100,0.135211,0.082629
1014200,0.112676,0.082629
1014300,0.123005,0.082629
1014400,0.118310,0.082629
1014500,0.133333,0.082629
1014600,0.116432,0.082629
1014700,0.116432,0.082629
1014800,0.115493,0.082629
1014900,0.117371,0.082629
1015000,0.112676,0.082629
1015100,0.126761,0.082629
1015200,0.119249,0.082629
1015300,0.134272,0.082629
1015400,0.124883,0.082629
1015500,0.134272,0.082629
1015600,0.127700,0.082629
1015700,0.123944,0.082629
1015800,0.144601,0.082629
1015900,0.116432,0.082629
1016000,0.117371,0.082629
1016100,0.125822,0.082629
1016200,0.123944,0.082629
1016300,0.120188,0.082629
1016400,0.123944,0.082629
1016500,0.127700,0.082629
1016600,0.126761,0.082629
1016700,0.104225,0.082629
1016800,0.134272,0.082629
1016900,0.134272,0.082629
1017000,0.108920,0.082629
1017100,0.119249,0.082629
1017200,0.108920,0.082629
1017300,0.115493,0.082629
1017400,0.123005,0.082629
1017500,0.127700,0.082629
1017600,0.107981,0.082629
1017700,0.133333,0.082629
1017800,0.123944,0.082629
1017900,0.124883,0.082629
1018000,0.122066,0.082629
1018100,0.117371,0.082629
1018200,0.128638,0.082629
1018300,0.138028,0.082629
1018400,0.138028,0.082629
1018500,0.144601,0.082629
1018600,0.138028,0.082629
1018700,0.154930,0.082629
1018800,0.130516,0.082629
1018900,0.119249,0.082629
1019000,0.114554,0.082629
1019100,0.115493,0.082629
1019200,0.111737,0.082629
1019300,0.131455,0.082629
1019400,0.127700,0.082629
1019500,0.132394,0.082629
1019600,0.121127,0.082629
1019700,0.109859,0.082629
1019800,0.126761,0.082629
1019900,0.127700,0.082629
1020000,0.125822,0.082629
1020100,0.111737,0.082629
1020200,0.128638,0.082629
1020300,0.123005,0.082629
1020400,0.116432,0.082629
1020500,0.107042,0.082629
1020600,0.129577,0.082629
1020700,0.126761,0.082629
1020800,0.118310,0.082629
1020900,0.128638,0.082629
1021000,0.123005,0.082629
1021100,0.124883,0.082629
1021200,0.140845,0.082629
1021300,0.126761,0.082629
1021400,0.115493,0.082629
1021500,0.130516,0.082629
1021600,0.121127,0.082629
1021700,0.132394,0.082629
1021800,0.138028,0.082629
1021900,0.124883,0.082629
1022000,0.109859,0.082629
1022100,0.123005,0.082629
1022200,0.114554,0.082629
1022300,0.132394,0.082629
1022400,0.136150,0.082629
1022500,0.132394,0.082629
1022600,0.116432,0.082629
1022700,0.100469,0.082629
1022800,0.108920,0.082629
1022900,0.131455,0.082629
1023000,0.123944,0.082629
1023100,0.136150,0.082629
1023200,0.113615,0.082629
1023300,0.123005,0.082629
1023400,0.123944,0.082629
1023500,0.121127,0.082629
1023600,0.135211,0.082629
1023700,0.133333,0.082629
1023800,0.140845,0.082629
1023900,0.131455,0.082629
1024000,0.121127,0.082629
1024100,0.123005,0.082629
1024200,0.131455,0.082629
1024300,0.114554,0.082629
1024400,0.109859,0.082629
1024500,0.122066,0.082629
1024600,0.115493,0.082629
1024700,0.120188,0.082629
1024800,0.131455,0.082629
1024900,0.125822,0.082629
1025000,0.113615,0.082629
1025100,0.130516,0.082629
1025200,0.116432,0.082629
1025300,0.118310,0.082629
1025400,0.124883,0.082629
1025500,0.125822,0.082629
1025600,0.123005,0.082629
1025700,0.151174,0.082629
1025800,0.150235,0.082629
1025900,0.128638,0.082629
1026000,0.132394,0.082629
1026100,0.104225,0.082629
1026200,0.120188,0.082629
1026300,0.112676,0.082629
1026400,0.129577,0.082629
1026500,0.129577,0.082629
1026600,0.108920,0.082629
1026700,0.123944,0.082629
1026800,0.118310,0.082629
1026900,0.120188,0.082629
1027000,0.142723,0.082629
1027100,0.137089,0.082629
1027200,0.146479,0.082629
1027300,0.120188,0.082629
1027400,0.147418,0.082629
1027500,0.131455,0.082629
1027600,0.109859,0.082629
1027700,0.109859,0.082629
1027800,0.120188,0.082629
1027900,0.121127,0.082629
1028000,0.127700,0.082629
1028100,0.135211,0.082629
1028200,0.121127,0.082629
1028300,0.121127,0.082629
1028400,0.134272,0.082629
1028500,0.129577,0.082629
1028600,0.123005,0.082629
1028700,0.134272,0.082629
1028800,0.127700,0.082629
1028900,0.133333,0.082629
1029000,0.126761,0.082629
1029100,0.146479,0.082629
1029200,0.118310,0.082629
1029300,0.121127,0.082629
1029400,0.123944,0.082629
1029500,0.126761,0.082629
1029600,0.123944,0.082629
1029700,0.136150,0.082629
1029800,0.126761,0.082629
1029900,0.125822,0.082629
1030000,0.114554,0.082629
1030100,0.132394,0.082629
1030200,0.124883,0.082629
1030300,0.113615,0.082629
1030400,0.123944,0.082629
1030500,0.110798,0.082629
1030600,0.125822,0.082629
1030700,0.128638,0.082629
1030800,0.129577,0.082629
1030900,0.123005,0.082629
1031000,0.113615,0.082629
1031100,0.112676,0.082629
1031200,0.129577,0.082629
1031300,0.141784,0.082629
1031400,0.138967,0.082629
1031500,0.129577,0.082629
1031600,0.111737,0.082629
1031700,0.110798,0.082629
1031800,0.113615,0.082629
1031900,0.133333,0.082629
1032000,0.134272,0.082629
1032100,0.127700,0.082629
1032200,0.138028,0.082629
1032300,0.129577,0.082629
1032400,0.112676,0.082629
1032500,0.117371,0.082629
1032600,0.112676,0.082629
1032700,0.113615,0.082629
1032800,0.124883,0.082629
1032900,0.122066,0.082629
1033000,0.113615,0.082629
1033100,0.117371,0.082629
1033200,0.114554,0.082629
1033300,0.114554,0.082629
1033400,0.115493,0.082629
1033500,0.125822,0.082629
1033600,0.120188,0.082629
1033700,0.107042,0.082629
1033800,0.120188,0.082629
1033900,0.095775,0.082629
1034000,0.120188,0.082629
1034100,0.120188,0.082629
1034200,0.134272,0.082629
1034300,0.134272,0.082629
1034400,0.145540,0.082629
1034500,0.123005,0.082629
1034600,0.114554,0.082629
1034700,0.113615,0.082629
1034800,0.117371,0.082629
1034900,0.128638,0.082629
1035000,0.149296,0.082629
1035100,0.116432,0.082629
1035200,0.128638,0.082629
1035300,0.118310,0.082629
1035400,0.114554,0.082629
1035500,0.106103,0.082629
1035600,0.138028,0.082629
1035700,0.121127,0.082629
1035800,0.110798,0.082629
1035900,0.130516,0.082629
1036000,0.123005,0.082629
1036100,0.129577,0.082629
1036200,0.128638,0.082629
1036300,0.123944,0.082629
1036400,0.128638,0.082629
1036500,0.111737,0.082629
1036600,0.112676,0.082629
1036700,0.106103,0.082629
1036800,0.120188,0.082629
1036900,0.116432,0.082629
1037000,0.138028,0.082629
1037100,0.121127,0.082629
1037200,0.108920,0.082629
1037300,0.132394,0.082629
1037400,0.126761,0.082629
1037500,0.128638,0.082629
1037600,0.138028,0.082629
1037700,0.119249,0.082629
1037800,0.114554,0.082629
1037900,0.129577,0.082629
1038000,0.139906,0.082629
1038100,0.136150,0.082629
1038200,0.119249,0.082629
1038300,0.116432,0.082629
1038400,0.106103,0.082629
1038500,0.115493,0.082629
1038600,0.120188,0.082629
1038700,0.123005,0.082629
1038800,0.119249,0.082629
1038900,0.134272,0.082629
1039000,0.111737,0.082629
1039100,0.126761,0.082629
1039200,0.117371,0.082629
1039300,0.130516,0.082629
1039400,0.123005,0.082629
1039500,0.121127,0.082629
1039600,0.126761,0.082629
1039700,0.125822,0.082629
1039800,0.130516,0.082629
1039900,0.131455,0.082629
1040000,0.113615,0.082629
1040100,0.135211,0.082629
1040200,0.134272,0.082629
1040300,0.115493,0.082629
1040400,0.108920,0.082629
1040500,0.121127,0.082629
1040600,0.120188,0.082629
1040700,0.128638,0.082629
1040800,0.119249,0.082629
1040900,0.123944,0.082629
1041000,0.118310,0.082629
1041100,0.126761,0.082629
1041200,0.131455,0.082629
1041300,0.131455,0.082629
1041400,0.107042,0.082629
1041500,0.127700,0.082629
1041600,0.132394,0.082629
1041700,0.137089,0.082629
1041800,0.116432,0.082629
1041900,0.130516,0.082629
1042000,0.115493,0.082629
1042100,0.114554,0.082629
1042200,0.117371,0.082629
1042300,0.109859,0.082629
1042400,0.137089,0.082629
1042500,0.130516,0.082629
1042600,0.131455,0.082629
1042700,0.139906,0.082629
1042800,0.130516,0.082629
1042900,0.125822,0.082629
1043000,0.122066,0.082629
1043100,0.124883,0.082629
1043200,0.114554,0.082629
1043300,0.128638,0.082629
1043400,0.123005,0.082629
1043500,0.116432,0.082629
1043600,0.123005,0.082629
1043700,0.099531,0.082629
1043800,0.123944,0.082629
1043900,0.132394,0.082629
1044000,0.121127,0.082629
1044100,0.133333,0.082629
1044200,0.106103,0.082629
1044300,0.110798,0.082629
1044400,0.111737,0.082629
1044500,0.119249,0.082629
1044600,0.107981,0.082629
1044700,0.123944,0.082629
1044800,0.116432,0.082629
1044900,0.136150,0.082629
1045000,0.123944,0.082629
1045100,0.135211,0.082629
1045200,0.131455,0.082629
1045300,0.119249,0.082629
1045400,0.121127,0.082629
1045500,0.129577,0.082629
1045600,0.147418,0.082629
1045700,0.139906,0.082629
1045800,0.128638,0.082629
1045900,0.123005,0.082629
1046000,0.135211,0.082629
1046100,0.122066,0.082629
1046200,0.120188,0.082629
1046300,0.126761,0.082629
1046400,0.122066,0.082629
1046500,0.146479,0.082629
1046600,0.127700,0.082629
1046700,0.135211,0.082629
1046800,0.139906,0.082629
1046900,0.138028,0.082629
1047000,0.109859,0.082629
1047100,0.114554,0.082629
1047200,0.107981,0.082629
1047300,0.125822,0.082629
1047400,0.141784,0.082629
1047500,0.124883,0.082629
1047600,0.119249,0.082629
1047700,0.121127,0.082629
1047800,0.113615,0.082629
1047900,0.143662,0.082629
1048000,0.137089,0.082629
1048100,0.134272,0.082629
1048200,0.105164,0.082629
1048300,0.134272,0.082629
1048400,0.156808,0.082629
1048500,0.110798,0.082629
1048600,0.117371,0.082629
1048700,0.114554,0.082629
1048800,0.117371,0.082629
1048900,0.110798,0.082629
1049000,0.111737,0.082629
1049100,0.134272,0.082629
1049200,0.130516,0.082629
1049300,0.125822,0.082629
1049400,0.134272,0.082629
1049500,0.112676,0.082629
1049600,0.131455,0.082629
1049700,0.123005,0.082629
1049800,0.123005,0.082629
1049900,0.136150,0.082629
1050000,0.126761,0.082629
1050100,0.128638,0.082629
1050200,0.145540,0.082629
1050300,0.134272,0.082629
1050400,0.138028,0.082629
1050500,0.131455,0.082629
1050600,0.111737,0.082629
1050700,0.114554,0.082629
1050800,0.123944,0.082629
1050900,0.112676,0.082629
1051000,0.121127,0.082629
1051100,0.117371,0.082629
1051200,0.131455,0.082629
1051300,0.121127,0.082629
1051400,0.140845,0.082629
1051500,0.111737,0.082629
1051600,0.125822,0.082629
1051700,0.135211,0.082629
1051800,0.116432,0.082629
1051900,0.117371,0.082629
1052000,0.125822,0.082629
1052100,0.135211,0.082629
1052200,0.131455,0.082629
1052300,0.129577,0.082629
1052400,0.121127,0.082629
1052500,0.123005,0.082629
1052600,0.113615,0.082629
1052700,0.114554,0.082629
1052800,0.116432,0.082629
1052900,0.124883,0.082629
1053000,0.118310,0.082629
1053100,0.112676,0.082629
1053200,0.127700,0.082629
1053300,0.135211,0.082629
1053400,0.119249,0.082629
1053500,0.127700,0.082629
1053600,0.130516,0.082629
1053700,0.114554,0.082629
1053800,0.139906,0.082629
1053900,0.123944,0.082629
1054000,0.113615,0.082629
1054100,0.138028,0.082629
1054200,0.129577,0.082629
1054300,0.126761,0.082629
1054400,0.129577,0.082629
1054500,0.128638,0.082629
1054600,0.134272,0.082629
1054700,0.129577,0.082629
1054800,0.127700,0.082629
1054900,0.110798,0.082629
1055000,0.102347,0.082629
1055100,0.140845,0.082629
1055200,0.103286,0.082629
1055300,0.113615,0.082629
1055400,0.110798,0.082629
1055500,0.120188,0.082629
1055600,0.128638,0.082629
1055700,0.120188,0.082629
1055800,0.116432,0.082629
1055900,0.115493,0.082629
1056000,0.107042,0.082629
1056100,0.107042,0.082629
1056200,0.103286,0.082629
1056300,0.127700,0.082629
1056400,0.126761,0.082629
1056500,0.124883,0.082629
1056600,0.119249,0.082629
1056700,0.117371,0.082629
1056800,0.132394,0.082629
1056900,0.138967,0.082629
1057000,0.134272,0.082629
1057100,0.130516,0.082629
1057200,0.112676,0.082629
1057300,0.137089,0.082629
1057400,0.121127,0.082629
1057500,0.120188,0.082629
1057600,0.115493,0.082629
1057700,0.115493,0.082629
1057800,0.115493,0.082629
1057900,0.121127,0.082629
1058000,0.123944,0.082629
1058100,0.116432,0.082629
1058200,0.123944,0.082629
1058300,0.133333,0.082629
1058400,0.117371,0.082629
1058500,0.138028,0.082629
1058600,0.126761,0.082629
1058700,0.126761,0.082629
1058800,0.130516,0.082629
1058900,0.128638,0.082629
1059000,0.118310,0.082629
1059100,0.130516,0.082629
1059200,0.138967,0.082629
1059300,0.137089,0.082629
1059400,0.120188,0.082629
1059500,0.123944,0.082629
1059600,0.133333,0.082629
1059700,0.148357,0.082629
1059800,0.135211,0.082629
1059900,0.130516,0.082629
1060000,0.114554,0.082629
1060100,0.130516,0.082629
1060200,0.122066,0.082629
1060300,0.122066,0.082629
1060400,0.130516,0.082629
1060500,0.135211,0.082629
1060600,0.138967,0.082629
1060700,0.142723,0.082629
1060800,0.131455,0.082629
1060900,0.136150,0.082629
1061000,0.130516,0.082629
1061100,0.138028,0.082629
1061200,0.130516,0.082629
1061300,0.118310,0.082629
1061400,0.114554,0.082629
1061500,0.110798,0.082629
1061600,0.116432,0.082629
1061700,0.108920,0.082629
1061800,0.137089,0.082629
1061900,0.140845,0.082629
1062000,0.121127,0.082629
1062100,0.129577,0.082629
1062200,0.119249,0.082629
1062300,0.114554,0.082629
1062400,0.123005,0.082629
1062500,0.129577,0.082629
1062600,0.120188,0.082629
1062700,0.115493,0.082629
1062800,0.123944,0.082629
1062900,0.119249,0.082629
1063000,0.135211,0.082629
1063100,0.138967,0.082629
1063200,0.130516,0.082629
1063300,0.121127,0.082629
1063400,0.123944,0.082629
1063500,0.125822,0.082629
1063600,0.138028,0.082629
1063700,0.119249,0.082629
1063800,0.096714,0.082629
1063900,0.112676,0.082629
1064000,0.127700,0.082629
1064100,0.123005,0.082629
1064200,0.111737,0.082629
1064300,0.116432,0.082629
1064400,0.147418,0.082629
1064500,0.131455,0.082629
1064600,0.122066,0.082629
1064700,0.120188,0.082629
1064800,0.120188,0.082629
1064900,0.120188,0.082629
1065000,0.127700,0.082629
1065100,0.140845,0.082629
1065200,0.132394,0.082629
1065300,0.117371,0.082629
1065400,0.124883,0.082629
1065500,0.107042,0.082629
1065600,0.127700,0.082629
1065700,0.128638,0.082629
1065800,0.108920,0.082629
1065900,0.107042,0.082629
1066000,0.098592,0.082629
1066100,0.126761,0.082629
1066200,0.132394,0.082629
1066300,0.103286,0.082629
1066400,0.114554,0.082629
1066500,0.121127,0.082629
1066600,0.127700,0.082629
1066700,0.126761,0.082629
1066800,0.129577,0.082629
1066900,0.137089,0.082629
1067000,0.113615,0.082629
1067100,0.124883,0.082629
1067200,0.109859,0.082629
1067300,0.122066,0.082629
1067400,0.126761,0.082629
1067500,0.123005,0.082629
1067600,0.111737,0.082629
1067700,0.110798,0.082629
1067800,0.123944,0.082629
1067900,0.118310,0.082629
1068000,0.115493,0.082629
1068100,0.123944,0.082629
1068200,0.114554,0.082629
1068300,0.118310,0.082629
1068400,0.145540,0.082629
1068500,0.114554,0.082629
1068600,0.103286,0.082629
1068700,0.138028,0.082629
1068800,0.105164,0.082629
1068900,0.121127,0.082629
1069000,0.138028,0.082629
1069100,0.117371,0.082629
1069200,0.121127,0.082629
1069300,0.128638,0.082629
1069400,0.121127,0.082629
1069500,0.121127,0.082629
1069600,0.118310,0.082629
1069700,0.114554,0.082629
1069800,0.126761,0.082629
1069900,0.120188,0.082629
1070000,0.139906,0.082629
1070100,0.120188,0.082629
1070200,0.122066,0.082629
1070300,0.123005,0.082629
1070400,0.131455,0.082629
1070500,0.123944,0.082629
1070600,0.139906,0.082629
1070700,0.134272,0.082629
1070800,0.139906,0.082629
1070900,0.138028,0.082629
1071000,0.119249,0.082629
1071100,0.107042,0.082629
1071200,0.124883,0.082629
1071300,0.122066,0.082629
1071400,0.138028,0.082629
1071500,0.123005,0.082629
1071600,0.125822,0.082629
1071700,0.138028,0.082629
1071800,0.134272,0.082629
1071900,0.131455,0.082629
1072000,0.133333,0.082629
1072100,0.147418,0.082629
1072200,0.131455,0.082629
1072300,0.125822,0.082629
1072400,0.117371,0.082629
1072500,0.123005,0.082629
1072600,0.117371,0.082629
1072700,0.115493,0.082629
1072800,0.121127,0.082629
1072900,0.115493,0.082629
1073000,0.130516,0.082629
1073100,0.123005,0.082629
1073200,0.112676,0.082629
1073300,0.122066,0.082629
1073400,0.130516,0.082629
1073500,0.137089,0.082629
1073600,0.134272,0.082629
1073700,0.134272,0.082629
1073800,0.138028,0.082629
1073900,0.132394,0.082629
1074000,0.121127,0.082629
1074100,0.108920,0.082629
1074200,0.133333,0.082629
1074300,0.120188,0.082629
1074400,0.117371,0.082629
1074500,0.108920,0.082629
1074600,0.127700,0.082629
1074700,0.115493,0.082629
1074800,0.126761,0.082629
1074900,0.153052,0.082629
1075000,0.135211,0.082629
1075100,0.129577,0.082629
1075200,0.121127,0.082629
1075300,0.116432,0.082629
1075400,0.117371,0.082629
1075500,0.107981,0.082629
1075600,0.121127,0.082629
1075700,0.124883,0.082629
1075800,0.132394,0.082629
1075900,0.123944,0.082629
1076000,0.116432,0.082629
1076100,0.120188,0.082629
1076200,0.121127,0.082629
1076300,0.117371,0.082629
1076400,0.109859,0.082629
1076500,0.107042,0.082629
1076600,0.118310,0.082629
1076700,0.123944,0.082629
1076800,0.109859,0.082629
1076900,0.121127,0.082629
1077000,0.113615,0.082629
1077100,0.109859,0.082629
1077200,0.121127,0.082629
1077300,0.116432,0.082629
1077400,0.121127,0.082629
1077500,0.130516,0.082629
1077600,0.140845,0.082629
1077700,0.138028,0.082629
1077800,0.130516,0.082629
1077900,0.136150,0.082629
1078000,0.134272,0.082629
1078100,0.111737,0.082629
1078200,0.132394,0.082629
1078300,0.129577,0.082629
1078400,0.123944,0.082629
1078500,0.141784,0.082629
1078600,0.135211,0.082629
1078700,0.117371,0.082629
1078800,0.118310,0.082629
1078900,0.107981,0.082629
1079000,0.121127,0.082629
1079100,0.133333,0.082629
1079200,0.125822,0.082629
1079300,0.125822,0.082629
1079400,0.124883,0.082629
1079500,0.103286,0.082629
1079600,0.138967,0.082629
1079700,0.126761,0.082629
1079800,0.129577,0.082629
1079900,0.119249,0.082629
1080000,0.117371,0.082629
1080100,0.107981,0.082629
1080200,0.122066,0.082629
1080300,0.125822,0.082629
1080400,0.122066,0.082629
1080500,0.102347,0.082629
1080600,0.107042,0.082629
1080700,0.123944,0.082629
1080800,0.125822,0.082629
1080900,0.118310,0.082629
1081000,0.114554,0.082629
1081100,0.123005,0.082629
1081200,0.106103,0.082629
1081300,0.113615,0.082629
1081400,0.104225,0.082629
1081500,0.115493,0.082629
1081600,0.111737,0.082629
1081700,0.107981,0.082629
1081800,0.116432,0.082629
1081900,0.130516,0.082629
1082000,0.140845,0.082629
1082100,0.134272,0.082629
1082200,0.145540,0.082629
1082300,0.142723,0.082629
1082400,0.135211,0.082629
1082500,0.132394,0.082629
1082600,0.124883,0.082629
1082700,0.117371,0.082629
1082800,0.114554,0.082629
1082900,0.118310,0.082629
1083000,0.116432,0.082629
1083100,0.116432,0.082629
1083200,0.115493,0.082629
1083300,0.122066,0.082629
1083400,0.116432,0.082629
1083500,0.133333,0.082629
1083600,0.133333,0.082629
1083700,0.143662,0.082629
1083800,0.116432,0.082629
1083900,0.128638,0.082629
1084000,0.116432,0.082629
1084100,0.127700,0.082629
1084200,0.128638,0.082629
1084300,0.123005,0.082629
1084400,0.122066,0.082629
1084500,0.125822,0.082629
1084600,0.144601,0.082629
1084700,0.120188,0.082629
1084800,0.134272,0.082629
1084900,0.124883,0.082629
1085000,0.128638,0.082629
1085100,0.131455,0.082629
1085200,0.125822,0.082629
1085300,0.110798,0.082629
1085400,0.124883,0.082629
1085500,0.132394,0.082629
1085600,0.134272,0.082629
1085700,0.117371,0.082629
1085800,0.130516,0.082629
1085900,0.134272,0.082629
1086000,0.138967,0.082629
1086100,0.128638,0.082629
1086200,0.142723,0.082629
1086300,0.138967,0.082629
1086400,0.130516,0.082629
1086500,0.135211,0.082629
1086600,0.120188,0.082629
1086700,0.105164,0.082629
1086800,0.107981,0.082629
1086900,0.120188,0.082629
1087000,0.123005,0.082629
1087100,0.113615,0.082629
1087200,0.121127,0.082629
1087300,0.117371,0.082629
1087400,0.112676,0.082629
1087500,0.120188,0.082629
1087600,0.141784,0.082629
1087700,0.131455,0.082629
1087800,0.130516,0.082629
1087900,0.123005,0.082629
1088000,0.119249,0.082629
1088100,0.125822,0.082629
1088200,0.120188,0.082629
1088300,0.107042,0.082629
1088400,0.118310,0.082629
1088500,0.119249,0.082629
1088600,0.120188,0.082629
1088700,0.108920,0.082629
1088800,0.124883,0.082629
1088900,0.123944,0.082629
1089000,0.126761,0.082629
1089100,0.123944,0.082629
1089200,0.123005,0.082629
1089300,0.133333,0.082629
1089400,0.118310,0.082629
1089500,0.108920,0.082629
1089600,0.129577,0.082629
1089700,0.136150,0.082629
1089800,0.143662,0.082629
1089900,0.140845,0.082629
1090000,0.112676,0.082629
1090100,0.125822,0.082629
1090200,0.115493,0.082629
1090300,0.114554,0.082629
1090400,0.109859,0.082629
1090500,0.123005,0.082629
1090600,0.110798,0.082629
1090700,0.125822,0.082629
1090800,0.123005,0.082629
1090900,0.111737,0.082629
1091000,0.129577,0.082629
1091100,0.125822,0.082629
1091200,0.137089,0.082629
1091300,0.130516,0.082629
1091400,0.120188,0.082629
1091500,0.135211,0.082629
1091600,0.123944,0.082629
1091700,0.129577,0.082629
1091800,0.116432,0.082629
1091900,0.108920,0.082629
1092000,0.115493,0.082629
1092100,0.109859,0.082629
1092200,0.128638,0.082629
1092300,0.137089,0.082629
1092400,0.126761,0.082629
1092500,0.114554,0.082629
1092600,0.138967,0.082629
1092700,0.109859,0.082629
1092800,0.132394,0.082629
1092900,0.135211,0.082629
1093000,0.145540,0.082629
1093100,0.136150,0.082629
1093200,0.128638,0.082629
1093300,0.138028,0.082629
1093400,0.126761,0.082629
1093500,0.114554,0.082629
1093600,0.132394,0.082629
1093700,0.134272,0.082629
1093800,0.129577,0.082629
1093900,0.116432,0.082629
1094000,0.119249,0.082629
1094100,0.100469,0.082629
1094200,0.100469,0.082629
1094300,0.132394,0.082629
1094400,0.129577,0.082629
1094500,0.138967,0.082629
1094600,0.145540,0.082629
1094700,0.136150,0.082629
1094800,0.125822,0.082629
1094900,0.126761,0.082629
1095000,0.110798,0.082629
1095100,0.106103,0.082629
1095200,0.128638,0.082629
1095300,0.113615,0.082629
1095400,0.116432,0.082629
1095500,0.120188,0.082629
1095600,0.117371,0.082629
1095700,0.107981,0.082629
1095800,0.136150,0.082629
1095900,0.113615,0.082629
1096000,0.120188,0.082629
1096100,0.132394,0.082629
1096200,0.111737,0.082629
1096300,0.114554,0.082629
1096400,0.121127,0.082629
1096500,0.110798,0.082629
1096600,0.103286,0.082629
1096700,0.107981,0.082629
1096800,0.115493,0.082629
1096900,0.119249,0.082629
1097000,0.118310,0.082629
1097100,0.106103,0.082629
1097200,0.109859,0.082629
1097300,0.112676,0.082629
1097400,0.112676,0.082629
1097500,0.107042,0.082629
1097600,0.107981,0.082629
1097700,0.122066,0.082629
1097800,0.113615,0.082629
1097900,0.100469,0.082629
1098000,0.097653,0.082629
1098100,0.106103,0.082629
1098200,0.136150,0.082629
1098300,0.126761,0.082629
1098400,0.142723,0.082629
1098500,0.124883,0.082629
1098600,0.125822,0.082629
1098700,0.117371,0.082629
1098800,0.119249,0.082629
1098900,0.112676,0.082629
1099000,0.112676,0.082629
1099100,0.123944,0.082629
1099200,0.120188,0.082629
1099300,0.124883,0.082629
1099400,0.121127,0.082629
1099500,0.123005,0.082629
1099600,0.111737,0.082629
1099700,0.135211,0.082629
1099800,0.109859,0.082629
1099900,0.123005,0.082629
1100000,0.137089,0.082629
1100100,0.136150,0.082629
1100200,0.120188,0.082629
1100300,0.109859,0.082629
1100400,0.128638,0.082629
1100500,0.133333,0.082629
1100600,0.121127,0.082629
1100700,0.110798,0.082629
1100800,0.136150,0.082629
1100900,0.146479,0.082629
1101000,0.144601,0.082629
1101100,0.132394,0.082629
1101200,0.129577,0.082629
1101300,0.128638,0.082629
1101400,0.129577,0.082629
1101500,0.139906,0.082629
1101600,0.129577,0.082629
1101700,0.113615,0.082629
1101800,0.117371,0.082629
1101900,0.125822,0.082629
1102000,0.119249,0.082629
1102100,0.116432,0.082629
1102200,0.120188,0.082629
1102300,0.141784,0.082629
1102400,0.114554,0.082629
1102500,0.138967,0.082629
1102600,0.131455,0.082629
1102700,0.143662,0.082629
1102800,0.118310,0.082629
1102900,0.120188,0.082629
1103000,0.142723,0.082629
1103100,0.133333,0.082629
1103200,0.131455,0.082629
1103300,0.106103,0.082629
1103400,0.112676,0.082629
1103500,0.122066,0.082629
1103600,0.121127,0.082629
1103700,0.113615,0.082629
1103800,0.110798,0.082629
1103900,0.114554,0.082629
1104000,0.123944,0.082629
1104100,0.123944,0.082629
1104200,0.132394,0.082629
1104300,0.123944,0.082629
1104400,0.143662,0.082629
1104500,0.143662,0.082629
1104600,0.133333,0.082629
1104700,0.127700,0.082629
1104800,0.120188,0.082629
1104900,0.132394,0.082629
1105000,0.137089,0.082629
1105100,0.128638,0.082629
1105200,0.150235,0.082629
1105300,0.141784,0.082629
1105400,0.134272,0.082629
1105500,0.107042,0.082629
1105600,0.130516,0.082629
1105700,0.128638,0.082629
1105800,0.135211,0.082629
1105900,0.123005,0.082629
1106000,0.132394,0.082629
1106100,0.134272,0.082629
1106200,0.142723,0.082629
1106300,0.120188,0.082629
1106400,0.107042,0.082629
1106500,0.117371,0.082629
1106600,0.117371,0.082629
1106700,0.138028,0.082629
1106800,0.130516,0.082629
1106900,0.139906,0.082629
1107000,0.138028,0.082629
1107100,0.133333,0.082629
1107200,0.125822,0.082629
1107300,0.123944,0.082629
1107400,0.133333,0.082629
1107500,0.118310,0.082629
1107600,0.118310,0.082629
1107700,0.113615,0.082629
1107800,0.126761,0.082629
1107900,0.123944,0.082629
1108000,0.115493,0.082629
1108100,0.134272,0.082629
1108200,0.110798,0.082629
1108300,0.123944,0.082629
1108400,0.132394,0.082629
1108500,0.119249,0.082629
1108600,0.126761,0.082629
1108700,0.125822,0.082629
1108800,0.138028,0.082629
1108900,0.118310,0.082629
1109000,0.110798,0.082629
1109100,0.137089,0.082629
1109200,0.107042,0.082629
1109300,0.131455,0.082629
1109400,0.125822,0.082629
1109500,0.129577,0.082629
1109600,0.130516,0.082629
1109700,0.115493,0.082629
1109800,0.127700,0.082629
1109900,0.141784,0.082629
1110000,0.132394,0.082629
1110100,0.117371,0.082629
1110200,0.103286,0.082629
1110300,0.105164,0.082629
1110400,0.109859,0.082629
1110500,0.098592,0.082629
1110600,0.132394,0.082629
1110700,0.122066,0.082629
1110800,0.107981,0.082629
1110900,0.117371,0.082629
1111000,0.112676,0.082629
1111100,0.118310,0.082629
1111200,0.124883,0.082629
1111300,0.129577,0.082629
1111400,0.127700,0.082629
1111500,0.136150,0.082629
1111600,0.128638,0.082629
1111700,0.113615,0.082629
1111800,0.119249,0.082629
1111900,0.127700,0.082629
1112000,0.124883,0.082629
1112100,0.130516,0.082629
1112200,0.106103,0.082629
1112300,0.127700,0.082629
1112400,0.111737,0.082629
1112500,0.135211,0.082629
1112600,0.118310,0.082629
1112700,0.112676,0.082629
1112800,0.118310,0.082629
1112900,0.114554,0.082629
1113000,0.131455,0.082629
1113100,0.135211,0.082629
1113200,0.141784,0.082629
1113300,0.149296,0.082629
1113400,0.149296,0.082629
1113500,0.146479,0.082629
1113600,0.126761,0.082629
1113700,0.123944,0.082629
1113800,0.138028,0.082629
1113900,0.121127,0.082629
1114000,0.127700,0.082629
1114100,0.128638,0.082629
1114200,0.115493,0.082629
1114300,0.128638,0.082629
1114400,0.127700,0.082629
1114500,0.120188,0.082629
1114600,0.138028,0.082629
1114700,0.153052,0.082629
1114800,0.132394,0.082629
1114900,0.126761,0.082629
1115000,0.130516,0.082629
1115100,0.136150,0.082629
1115200,0.124883,0.082629
1115300,0.116432,0.082629
1115400,0.122066,0.082629
1115500,0.127700,0.082629
1115600,0.124883,0.082629
1115700,0.133333,0.082629
1115800,0.138028,0.082629
1115900,0.126761,0.082629
1116000,0.140845,0.082629
1116100,0.116432,0.082629
1116200,0.116432,0.082629
1116300,0.131455,0.082629
1116400,0.142723,0.082629
1116500,0.122066,0.082629
1116600,0.135211,0.082629
1116700,0.114554,0.082629
1116800,0.137089,0.082629
1116900,0.118310,0.082629
1117000,0.104225,0.082629
1117100,0.108920,0.082629
1117200,0.115493,0.082629
1117300,0.129577,0.082629
1117400,0.118310,0.082629
1117500,0.110798,0.082629
1117600,0.107981,0.082629
1117700,0.121127,0.082629
1117800,0.102347,0.082629
1117900,0.137089,0.082629
1118000,0.126761,0.082629
1118100,0.122066,0.082629
1118200,0.126761,0.082629
1118300,0.126761,0.082629
1118400,0.144601,0.082629
1118500,0.119249,0.082629
1118600,0.097653,0.082629
1118700,0.135211,0.082629
1118800,0.122066,0.082629
1118900,0.119249,0.082629
1119000,0.117371,0.082629
1119100,0.109859,0.082629
1119200,0.129577,0.082629
1119300,0.144601,0.082629
1119400,0.138967,0.082629
1119500,0.133333,0.082629
1119600,0.153052,0.082629
1119700,0.145540,0.082629
1119800,0.116432,0.082629
1119900,0.140845,0.082629
1120000,0.131455,0.082629
1120100,0.125822,0.082629
1120200,0.120188,0.082629
1120300,0.135211,0.082629
1120400,0.140845,0.082629
1120500,0.127700,0.082629
1120600,0.136150,0.082629
1120700,0.138967,0.082629
1120800,0.138028,0.082629
1120900,0.130516,0.082629
1121000,0.128638,0.082629
1121100,0.130516,0.082629
1121200,0.115493,0.082629
1121300,0.111737,0.082629
1121400,0.128638,0.082629
1121500,0.105164,0.082629
1121600,0.120188,0.082629
1121700,0.134272,0.082629
1121800,0.127700,0.082629
1121900,0.130516,0.082629
1122000,0.140845,0.082629
1122100,0.134272,0.082629
1122200,0.130516,0.082629
1122300,0.130516,0.082629
1122400,0.115493,0.082629
1122500,0.119249,0.082629
1122600,0.115493,0.082629
1122700,0.108920,0.082629
1122800,0.117371,0.082629
1122900,0.128638,0.082629
1123000,0.110798,0.082629
1123100,0.133333,0.082629
1123200,0.132394,0.082629
1123300,0.127700,0.082629
1123400,0.117371,0.082629
1123500,0.138967,0.082629
1123600,0.134272,0.082629
1123700,0.112676,0.082629
1123800,0.121127,0.082629
1123900,0.117371,0.082629
1124000,0.114554,0.082629
1124100,0.134272,0.082629
1124200,0.113615,0.082629
1124300,0.135211,0.082629
1124400,0.124883,0.082629
1124500,0.124883,0.082629
1124600,0.130516,0.082629
1124700,0.117371,0.082629
1124800,0.137089,0.082629
1124900,0.142723,0.082629
1125000,0.138028,0.082629
1125100,0.137089,0.082629
1125200,0.133333,0.082629
1125300,0.137089,0.082629
1125400,0.125822,0.082629
1125500,0.119249,0.082629
1125600,0.140845,0.082629
1125700,0.110798,0.082629
1125800,0.126761,0.082629
1125900,0.149296,0.082629
1126000,0.119249,0.082629
1126100,0.135211,0.082629
1126200,0.125822,0.082629
1126300,0.107042,0.082629
1126400,0.115493,0.082629
1126500,0.119249,0.082629
1126600,0.132394,0.082629
1126700,0.138028,0.082629
1126800,0.130516,0.082629
1126900,0.110798,0.082629
1127000,0.115493,0.082629
1127100,0.120188,0.082629
1127200,0.131455,0.082629
1127300,0.118310,0.082629
1127400,0.122066,0.082629
1127500,0.139906,0.082629
1127600,0.144601,0.082629
1127700,0.144601,0.082629
1127800,0.140845,0.082629
1127900,0.118310,0.082629
1128000,0.109859,0.082629
1128100,0.137089,0.082629
1128200,0.136150,0.082629
1128300,0.132394,0.082629
1128400,0.123005,0.082629
1128500,0.129577,0.082629
1128600,0.137089,0.082629
1128700,0.115493,0.082629
1128800,0.098592,0.082629
1128900,0.121127,0.082629
1129000,0.123005,0.082629
1129100,0.133333,0.082629
1129200,0.128638,0.082629
1129300,0.133333,0.082629
1129400,0.143662,0.082629
1129500,0.152113,0.082629
1129600,0.138028,0.082629
1129700,0.134272,0.082629
1129800,0.138967,0.082629
1129900,0.127700,0.082629
1130000,0.135211,0.082629
1130100,0.137089,0.082629
1130200,0.123005,0.082629
1130300,0.124883,0.082629
1130400,0.143662,0.082629
1130500,0.129577,0.082629
1130600,0.131455,0.082629
1130700,0.125822,0.082629
1130800,0.121127,0.082629
1130900,0.117371,0.082629
1131000,0.119249,0.082629
1131100,0.137089,0.082629
1131200,0.136150,0.082629
1131300,0.120188,0.082629
1131400,0.139906,0.082629
1131500,0.136150,0.082629
1131600,0.123944,0.082629
1131700,0.138028,0.082629
1131800,0.138028,0.082629
1131900,0.122066,0.082629
1132000,0.127700,0.082629
1132100,0.116432,0.082629
1132200,0.132394,0.082629
1132300,0.131455,0.082629
1132400,0.120188,0.082629
1132500,0.119249,0.082629
1132600,0.110798,0.082629
1132700,0.112676,0.082629
1132800,0.104225,0.082629
1132900,0.122066,0.082629
1133000,0.122066,0.082629
1133100,0.119249,0.082629
1133200,0.130516,0.082629
1133300,0.121127,0.082629
1133400,0.116432,0.082629
1133500,0.114554,0.082629
1133600,0.115493,0.082629
1133700,0.112676,0.082629
1133800,0.123005,0.082629
1133900,0.123944,0.082629
1134000,0.115493,0.082629
1134100,0.119249,0.082629
1134200,0.114554,0.082629
1134300,0.117371,0.082629
1134400,0.113615,0.082629
1134500,0.124883,0.082629
1134600,0.118310,0.082629
1134700,0.119249,0.082629
1134800,0.145540,0.082629
1134900,0.117371,0.082629
1135000,0.128638,0.082629
1135100,0.127700,0.082629
1135200,0.123005,0.082629
1135300,0.122066,0.082629
1135400,0.128638,0.082629
1135500,0.119249,0.082629
1135600,0.111737,0.082629
1135700,0.113615,0.082629
1135800,0.118310,0.082629
1135900,0.130516,0.082629
1136000,0.120188,0.082629
1136100,0.125822,0.082629
1136200,0.125822,0.082629
1136300,0.127700,0.082629
1136400,0.130516,0.082629
1136500,0.128638,0.082629
1136600,0.110798,0.082629
1136700,0.124883,0.082629
1136800,0.127700,0.082629
1136900,0.142723,0.082629
1137000,0.123005,0.082629
1137100,0.133333,0.082629
1137200,0.134272,0.082629
1137300,0.127700,0.082629
1137400,0.135211,0.082629
1137500,0.115493,0.082629
1137600,0.126761,0.082629
1137700,0.119249,0.082629
1137800,0.137089,0.082629
1137900,0.155869,0.082629
1138000,0.140845,0.082629
1138100,0.142723,0.082629
1138200,0.136150,0.082629
1138300,0.126761,0.082629
1138400,0.115493,0.082629
1138500,0.130516,0.082629
1138600,0.114554,0.082629
1138700,0.124883,0.082629
1138800,0.115493,0.082629
1138900,0.115493,0.082629
1139000,0.111737,0.082629
1139100,0.114554,0.082629
1139200,0.122066,0.082629
1139300,0.126761,0.082629
1139400,0.135211,0.082629
1139500,0.134272,0.082629
1139600,0.123944,0.082629
1139700,0.133333,0.082629
1139800,0.136150,0.082629
1139900,0.128638,0.082629
1140000,0.127700,0.082629
1140100,0.132394,0.082629
1140200,0.133333,0.082629
1140300,0.123944,0.082629
1140400,0.126761,0.082629
1140500,0.123944,0.082629
1140600,0.110798,0.082629
1140700,0.135211,0.082629
1140800,0.098592,0.082629
1140900,0.123944,0.082629
1141000,0.113615,0.082629
1141100,0.122066,0.082629
1141200,0.115493,0.082629
1141300,0.116432,0.082629
1141400,0.124883,0.082629
1141500,0.126761,0.082629
1141600,0.119249,0.082629
1141700,0.141784,0.082629
1141800,0.142723,0.082629
1141900,0.112676,0.082629
1142000,0.107981,0.082629
1142100,0.117371,0.082629
1142200,0.123944,0.082629
1142300,0.120188,0.082629
1142400,0.113615,0.082629
1142500,0.123005,0.082629
1142600,0.104225,0.082629
1142700,0.102347,0.082629
1142800,0.113615,0.082629
1142900,0.137089,0.082629
1143000,0.145540,0.082629
1143100,0.121127,0.082629
1143200,0.133333,0.082629
1143300,0.105164,0.082629
1143400,0.122066,0.082629
1143500,0.125822,0.082629
1143600,0.122066,0.082629
1143700,0.127700,0.082629
1143800,0.131455,0.082629
1143900,0.138028,0.082629
1144000,0.138967,0.082629
1144100,0.152113,0.082629
1144200,0.122066,0.082629
1144300,0.131455,0.082629
1144400,0.123005,0.082629
1144500,0.100469,0.082629
1144600,0.119249,0.082629
1144700,0.132394,0.082629
1144800,0.115493,0.082629
1144900,0.140845,0.082629
1145000,0.132394,0.082629
1145100,0.137089,0.082629
1145200,0.113615,0.082629
1145300,0.116432,0.082629
1145400,0.124883,0.082629
1145500,0.132394,0.082629
1145600,0.135211,0.082629
1145700,0.122066,0.082629
1145800,0.121127,0.082629
1145900,0.112676,0.082629
1146000,0.139906,0.082629
1146100,0.142723,0.082629
1146200,0.142723,0.082629
1146300,0.130516,0.082629
1146400,0.138028,0.082629
1146500,0.116432,0.082629
1146600,0.118310,0.082629
1146700,0.138028,0.082629
1146800,0.126761,0.082629
1146900,0.122066,0.082629
1147000,0.119249,0.082629
1147100,0.130516,0.082629
1147200,0.127700,0.082629
1147300,0.127700,0.082629
1147400,0.120188,0.082629
1147500,0.102347,0.082629
1147600,0.108920,0.082629
1147700,0.130516,0.082629
1147800,0.105164,0.082629
1147900,0.132394,0.082629
1148000,0.121127,0.082629
1148100,0.102347,0.082629
1148200,0.113615,0.082629
1148300,0.131455,0.082629
1148400,0.111737,0.082629
1148500,0.117371,0.082629
1148600,0.122066,0.082629
1148700,0.117371,0.082629
1148800,0.124883,0.082629
1148900,0.102347,0.082629
1149000,0.111737,0.082629
1149100,0.113615,0.082629
1149200,0.140845,0.082629
1149300,0.131455,0.082629
1149400,0.137089,0.082629
1149500,0.148357,0.082629
1149600,0.149296,0.082629
1149700,0.153052,0.082629
1149800,0.146479,0.082629
1149900,0.126761,0.082629
1150000,0.131455,0.082629
1150100,0.114554,0.082629
1150200,0.138028,0.082629
1150300,0.130516,0.082629
1150400,0.128638,0.082629
1150500,0.113615,0.082629
1150600,0.118310,0.082629
1150700,0.127700,0.082629
1150800,0.130516,0.082629
1150900,0.119249,0.082629
1151000,0.118310,0.082629
1151100,0.124883,0.082629
1151200,0.121127,0.082629
1151300,0.112676,0.082629
1151400,0.114554,0.082629
1151500,0.107981,0.082629
1151600,0.117371,0.082629
1151700,0.129577,0.082629
1151800,0.139906,0.082629
1151900,0.127700,0.082629
1152000,0.138028,0.082629
1152100,0.130516,0.082629
1152200,0.125822,0.082629
1152300,0.107981,0.082629
1152400,0.138967,0.082629
1152500,0.129577,0.082629
1152600,0.128638,0.082629
1152700,0.121127,0.082629
1152800,0.126761,0.082629
1152900,0.120188,0.082629
1153000,0.129577,0.082629
1153100,0.125822,0.082629
1153200,0.116432,0.082629
1153300,0.127700,0.082629
1153400,0.123005,0.082629
1153500,0.122066,0.082629
1153600,0.129577,0.082629
1153700,0.137089,0.082629
1153800,0.141784,0.082629
1153900,0.138967,0.082629
1154000,0.118310,0.082629
1154100,0.120188,0.082629
1154200,0.113615,0.082629
1154300,0.133333,0.082629
1154400,0.116432,0.082629
1154500,0.122066,0.082629
1154600,0.132394,0.082629
1154700,0.136150,0.082629
1154800,0.133333,0.082629
1154900,0.124883,0.082629
1155000,0.127700,0.082629
1155100,0.125822,0.082629
1155200,0.113615,0.082629
1155300,0.137089,0.082629
1155400,0.133333,0.082629
1155500,0.147418,0.082629
1155600,0.142723,0.082629
1155700,0.152113,0.082629
1155800,0.147418,0.082629
1155900,0.136150,0.082629
1156000,0.119249,0.082629
1156100,0.118310,0.082629
1156200,0.114554,0.082629
1156300,0.121127,0.082629
1156400,0.123005,0.082629
1156500,0.118310,0.082629
1156600,0.113615,0.082629
1156700,0.121127,0.082629
1156800,0.132394,0.082629
1156900,0.104225,0.082629
1157000,0.116432,0.082629
1157100,0.112676,0.082629
1157200,0.131455,0.082629
1157300,0.129577,0.082629
1157400,0.137089,0.082629
1157500,0.106103,0.082629
1157600,0.132394,0.082629
1157700,0.134272,0.082629
1157800,0.114554,0.082629
1157900,0.132394,0.082629
1158000,0.137089,0.082629
1158100,0.138028,0.082629
1158200,0.115493,0.082629
1158300,0.120188,0.082629
1158400,0.120188,0.082629
1158500,0.122066,0.082629
1158600,0.122066,0.082629
1158700,0.120188,0.082629
1158800,0.115493,0.082629
1158900,0.117371,0.082629
1159000,0.138028,0.082629
1159100,0.137089,0.082629
1159200,0.136150,0.082629
1159300,0.157746,0.082629
1159400,0.117371,0.082629
1159500,0.122066,0.082629
1159600,0.128638,0.082629
1159700,0.127700,0.082629
1159800,0.121127,0.082629
1159900,0.133333,0.082629
1160000,0.124883,0.082629
1160100,0.122066,0.082629
1160200,0.121127,0.082629
1160300,0.126761,0.082629
1160400,0.140845,0.082629
1160500,0.142723,0.082629
1160600,0.129577,0.082629
1160700,0.134272,0.082629
1160800,0.120188,0.082629
1160900,0.115493,0.082629
1161000,0.107981,0.082629
1161100,0.116432,0.082629
1161200,0.119249,0.082629
1161300,0.121127,0.082629
1161400,0.113615,0.082629
1161500,0.112676,0.082629
1161600,0.112676,0.082629
1161700,0.107981,0.082629
1161800,0.127700,0.082629
1161900,0.115493,0.082629
1162000,0.125822,0.082629
1162100,0.122066,0.082629
1162200,0.127700,0.082629
1162300,0.127700,0.082629
1162400,0.112676,0.082629
1162500,0.109859,0.082629
1162600,0.109859,0.082629
1162700,0.122066,0.082629
1162800,0.123944,0.082629
1162900,0.134272,0.082629
1163000,0.136150,0.082629
1163100,0.121127,0.082629
1163200,0.110798,0.082629
1163300,0.128638,0.082629
1163400,0.118310,0.082629
1163500,0.107981,0.082629
1163600,0.122066,0.082629
1163700,0.119249,0.082629
1163800,0.123944,0.082629
1163900,0.124883,0.082629
1164000,0.102347,0.082629
1164100,0.108920,0.082629
1164200,0.114554,0.082629
1164300,0.121127,0.082629
1164400,0.122066,0.082629
1164500,0.131455,0.082629
1164600,0.120188,0.082629
1164700,0.139906,0.082629
1164800,0.109859,0.082629
1164900,0.106103,0.082629
1165000,0.120188,0.082629
1165100,0.138028,0.082629
1165200,0.134272,0.082629
1165300,0.122066,0.082629
1165400,0.110798,0.082629
1165500,0.116432,0.082629
1165600,0.123944,0.082629
1165700,0.131455,0.082629
1165800,0.130516,0.082629
1165900,0.136150,0.082629
1166000,0.135211,0.082629
1166100,0.150235,0.082629
1166200,0.135211,0.082629
1166300,0.122066,0.082629
1166400,0.121127,0.082629
1166500,0.107981,0.082629
1166600,0.118310,0.082629
1166700,0.124883,0.082629
1166800,0.115493,0.082629
1166900,0.137089,0.082629
1167000,0.142723,0.082629
1167100,0.132394,0.082629
1167200,0.127700,0.082629
1167300,0.122066,0.082629
1167400,0.138967,0.082629
1167500,0.137089,0.082629
1167600,0.138967,0.082629
1167700,0.128638,0.082629
1167800,0.138028,0.082629
1167900,0.130516,0.082629
1168000,0.119249,0.082629
1168100,0.109859,0.082629
1168200,0.125822,0.082629
1168300,0.115493,0.082629
1168400,0.119249,0.082629
1168500,0.106103,0.082629
1168600,0.106103,0.082629
1168700,0.116432,0.082629
1168800,0.106103,0.082629
1168900,0.134272,0.082629
1169000,0.135211,0.082629
1169100,0.135211,0.082629
1169200,0.128638,0.082629
1169300,0.136150,0.082629
1169400,0.123944,0.082629
1169500,0.135211,0.082629
1169600,0.137089,0.082629
1169700,0.132394,0.082629
1169800,0.121127,0.082629
1169900,0.124883,0.082629
1170000,0.130516,0.082629
1170100,0.127700,0.082629
1170200,0.109859,0.082629
1170300,0.124883,0.082629
1170400,0.118310,0.082629
1170500,0.123944,0.082629
1170600,0.125822,0.082629
1170700,0.117371,0.082629
1170800,0.126761,0.082629
1170900,0.134272,0.082629
1171000,0.123944,0.082629
1171100,0.114554,0.082629
1171200,0.120188,0.082629
1171300,0.122066,0.082629
1171400,0.125822,0.082629
1171500,0.114554,0.082629
1171600,0.118310,0.082629
1171700,0.124883,0.082629
1171800,0.141784,0.082629
1171900,0.133333,0.082629
1172000,0.118310,0.082629
1172100,0.109859,0.082629
1172200,0.137089,0.082629
1172300,0.123005,0.082629
1172400,0.144601,0.082629
1172500,0.126761,0.082629
1172600,0.123944,0.082629
1172700,0.130516,0.082629
1172800,0.132394,0.082629
1172900,0.131455,0.082629
1173000,0.139906,0.082629
1173100,0.123944,0.082629
1173200,0.127700,0.082629
1173300,0.136150,0.082629
1173400,0.130516,0.082629
1173500,0.123944,0.082629
1173600,0.122066,0.082629
1173700,0.121127,0.082629
1173800,0.115493,0.082629
1173900,0.139906,0.082629
1174000,0.120188,0.082629
1174100,0.136150,0.082629
1174200,0.124883,0.082629
1174300,0.116432,0.082629
1174400,0.119249,0.082629
1174500,0.112676,0.082629
1174600,0.134272,0.082629
1174700,0.123005,0.082629
1174800,0.137089,0.082629
1174900,0.127700,0.082629
1175000,0.131455,0.082629
1175100,0.119249,0.082629
1175200,0.129577,0.082629
1175300,0.120188,0.082629
1175400,0.109859,0.082629
1175500,0.099531,0.082629
1175600,0.125822,0.082629
1175700,0.135211,0.082629
1175800,0.116432,0.082629
1175900,0.131455,0.082629
1176000,0.134272,0.082629
1176100,0.134272,0.082629
1176200,0.138028,0.082629
1176300,0.142723,0.082629
1176400,0.153991,0.082629
1176500,0.134272,0.082629
1176600,0.130516,0.082629
1176700,0.126761,0.082629
1176800,0.123944,0.082629
1176900,0.124883,0.082629
1177000,0.126761,0.082629
1177100,0.137089,0.082629
1177200,0.122066,0.082629
1177300,0.111737,0.082629
1177400,0.123005,0.082629
1177500,0.112676,0.082629
1177600,0.115493,0.082629
1177700,0.123944,0.082629
1177800,0.135211,0.082629
1177900,0.140845,0.082629
1178000,0.125822,0.082629
1178100,0.139906,0.082629
1178200,0.124883,0.082629
1178300,0.118310,0.082629
1178400,0.116432,0.082629
1178500,0.124883,0.082629
1178600,0.128638,0.082629
1178700,0.115493,0.082629
1178800,0.104225,0.082629
1178900,0.114554,0.082629
1179000,0.124883,0.082629
1179100,0.120188,0.082629
1179200,0.118310,0.082629
1179300,0.123944,0.082629
1179400,0.125822,0.082629
1179500,0.128638,0.082629
1179600,0.140845,0.082629
1179700,0.118310,0.082629
1179800,0.139906,0.082629
1179900,0.132394,0.082629
1180000,0.129577,0.082629
1180100,0.127700,0.082629
1180200,0.131455,0.082629
1180300,0.130516,0.082629
1180400,0.123944,0.082629
1180500,0.130516,0.082629
1180600,0.130516,0.082629
1180700,0.113615,0.082629
1180800,0.127700,0.082629
1180900,0.124883,0.082629
1181000,0.129577,0.082629
1181100,0.127700,0.082629
1181200,0.123944,0.082629
1181300,0.144601,0.082629
1181400,0.126761,0.082629
1181500,0.119249,0.082629
1181600,0.144601,0.082629
1181700,0.127700,0.082629
1181800,0.117371,0.082629
1181900,0.113615,0.082629
1182000,0.111737,0.082629
1182100,0.151174,0.082629
1182200,0.140845,0.082629
1182300,0.123005,0.082629
1182400,0.128638,0.082629
1182500,0.127700,0.082629
1182600,0.136150,0.082629
1182700,0.137089,0.082629
1182800,0.117371,0.082629
1182900,0.120188,0.082629
1183000,0.135211,0.082629
1183100,0.139906,0.082629
1183200,0.130516,0.082629
1183300,0.146479,0.082629
1183400,0.143662,0.082629
1183500,0.149296,0.082629
1183600,0.133333,0.082629
1183700,0.117371,0.082629
1183800,0.117371,0.082629
1183900,0.123944,0.082629
1184000,0.124883,0.082629
1184100,0.127700,0.082629
1184200,0.135211,0.082629
1184300,0.123944,0.082629
1184400,0.137089,0.082629
1184500,0.135211,0.082629
1184600,0.110798,0.082629
1184700,0.121127,0.082629
1184800,0.130516,0.082629
1184900,0.131455,0.082629
1185000,0.138028,0.082629
1185100,0.151174,0.082629
1185200,0.148357,0.082629
1185300,0.131455,0.082629
1185400,0.133333,0.082629
1185500,0.135211,0.082629
1185600,0.120188,0.082629
1185700,0.118310,0.082629
1185800,0.113615,0.082629
1185900,0.113615,0.082629
1186000,0.132394,0.082629
1186100,0.118310,0.082629
1186200,0.113615,0.082629
1186300,0.114554,0.082629
1186400,0.138967,0.082629
1186500,0.124883,0.082629
1186600,0.136150,0.082629
1186700,0.110798,0.082629
1186800,0.113615,0.082629
1186900,0.111737,0.082629
1187000,0.129577,0.082629
1187100,0.120188,0.082629
1187200,0.107042,0.082629
1187300,0.139906,0.082629
1187400,0.129577,0.082629
1187500,0.136150,0.082629
1187600,0.123944,0.082629
1187700,0.140845,0.082629
1187800,0.121127,0.082629
1187900,0.131455,0.082629
1188000,0.134272,0.082629
1188100,0.117371,0.082629
1188200,0.108920,0.082629
1188300,0.110798,0.082629
1188400,0.127700,0.082629
1188500,0.134272,0.082629
1188600,0.146479,0.082629
1188700,0.139906,0.082629
1188800,0.138028,0.082629
1188900,0.139906,0.082629
1189000,0.125822,0.082629
1189100,0.110798,0.082629
1189200,0.120188,0.082629
1189300,0.121127,0.082629
1189400,0.120188,0.082629
1189500,0.125822,0.082629
1189600,0.127700,0.082629
1189700,0.118310,0.082629
1189800,0.115493,0.082629
1189900,0.119249,0.082629
1190000,0.120188,0.082629
1190100,0.111737,0.082629
1190200,0.117371,0.082629
1190300,0.113615,0.082629
1190400,0.108920,0.082629
1190500,0.125822,0.082629
1190600,0.123005,0.082629
1190700,0.110798,0.082629
1190800,0.114554,0.082629
1190900,0.140845,0.082629
1191000,0.143662,0.082629
1191100,0.135211,0.082629
1191200,0.127700,0.082629
1191300,0.119249,0.082629
1191400,0.127700,0.082629
1191500,0.120188,0.082629
1191600,0.123005,0.082629
1191700,0.128638,0.082629
1191800,0.131455,0.082629
1191900,0.135211,0.082629
1192000,0.124883,0.082629
1192100,0.135211,0.082629
1192200,0.146479,0.082629
1192300,0.123944,0.082629
1192400,0.120188,0.082629
1192500,0.138967,0.082629
1192600,0.118310,0.082629
1192700,0.124883,0.082629
1192800,0.119249,0.082629
1192900,0.117371,0.082629
1193000,0.128638,0.082629
1193100,0.103286,0.082629
1193200,0.113615,0.082629
1193300,0.119249,0.082629
1193400,0.123005,0.082629
1193500,0.123005,0.082629
1193600,0.145540,0.082629
1193700,0.131455,0.082629
1193800,0.115493,0.082629
1193900,0.132394,0.082629
1194000,0.113615,0.082629
1194100,0.130516,0.082629
1194200,0.124883,0.082629
1194300,0.148357,0.082629
1194400,0.144601,0.082629
1194500,0.117371,0.082629
1194600,0.113615,0.082629
1194700,0.116432,0.082629
1194800,0.116432,0.082629
1194900,0.120188,0.082629
1195000,0.092958,0.082629
1195100,0.117371,0.082629
1195200,0.123005,0.082629
1195300,0.122066,0.082629
1195400,0.128638,0.082629
1195500,0.129577,0.082629
1195600,0.110798,0.082629
1195700,0.132394,0.082629
1195800,0.140845,0.082629
1195900,0.135211,0.082629
1196000,0.135211,0.082629
1196100,0.141784,0.082629
1196200,0.134272,0.082629
1196300,0.131455,0.082629
1196400,0.123944,0.082629
1196500,0.146479,0.082629
1196600,0.140845,0.082629
1196700,0.123944,0.082629
1196800,0.123005,0.082629
1196900,0.137089,0.082629
1197000,0.138028,0.082629
1197100,0.138967,0.082629
1197200,0.140845,0.082629
1197300,0.126761,0.082629
1197400,0.118310,0.082629
1197500,0.117371,0.082629
1197600,0.103286,0.082629
1197700,0.099531,0.082629
1197800,0.118310,0.082629
1197900,0.125822,0.082629
1198000,0.128638,0.082629
1198100,0.125822,0.082629
1198200,0.141784,0.082629
1198300,0.140845,0.082629
1198400,0.132394,0.082629
1198500,0.115493,0.082629
1198600,0.123944,0.082629
1198700,0.124883,0.082629
1198800,0.150235,0.082629
1198900,0.137089,0.082629
1199000,0.135211,0.082629
1199100,0.136150,0.082629
1199200,0.119249,0.082629
1199300,0.119249,0.082629
1199400,0.108920,0.082629
1199500,0.105164,0.082629
1199600,0.117371,0.082629
1199700,0.123005,0.082629
1199800,0.105164,0.082629
1199900,0.114554,0.082629
1200000,0.119249,0.082629
1200100,0.113615,0.082629
1200200,0.138967,0.082629
1200300,0.109859,0.082629
1200400,0.119249,0.082629
1200500,0.113615,0.082629
1200600,0.123944,0.082629
1200700,0.135211,0.082629
1200800,0.133333,0.082629
1200900,0.126761,0.082629
1201000,0.123944,0.082629
1201100,0.123005,0.082629
1201200,0.128638,0.082629
1201300,0.137089,0.082629
1201400,0.134272,0.082629
1201500,0.129577,0.082629
1201600,0.153991,0.082629
1201700,0.136150,0.082629
1201800,0.148357,0.082629
1201900,0.140845,0.082629
1202000,0.145540,0.082629
1202100,0.133333,0.082629
1202200,0.115493,0.082629
1202300,0.131455,0.082629
1202400,0.119249,0.082629
1202500,0.124883,0.082629
1202600,0.128638,0.082629
1202700,0.138028,0.082629
1202800,0.138028,0.082629
1202900,0.098592,0.082629
1203000,0.089202,0.082629
1203100,0.137089,0.082629
1203200,0.128638,0.082629
1203300,0.122066,0.082629
1203400,0.114554,0.082629
1203500,0.130516,0.082629
1203600,0.129577,0.082629
1203700,0.107981,0.082629
1203800,0.122066,0.082629
1203900,0.114554,0.082629
1204000,0.126761,0.082629
1204100,0.123005,0.082629
1204200,0.123944,0.082629
1204300,0.128638,0.082629
1204400,0.137089,0.082629
1204500,0.129577,0.082629
1204600,0.120188,0.082629
1204700,0.112676,0.082629
1204800,0.124883,0.082629
1204900,0.123005,0.082629
1205000,0.127700,0.082629
1205100,0.109859,0.082629
1205200,0.127700,0.082629
1205300,0.145540,0.082629
1205400,0.141784,0.082629
1205500,0.123005,0.082629
1205600,0.123944,0.082629
1205700,0.135211,0.082629
1205800,0.122066,0.082629
1205900,0.131455,0.082629
1206000,0.104225,0.082629
1206100,0.115493,0.082629
1206200,0.124883,0.082629
1206300,0.115493,0.082629
1206400,0.135211,0.082629
1206500,0.126761,0.082629
1206600,0.121127,0.082629
1206700,0.108920,0.082629
1206800,0.118310,0.082629
1206900,0.102347,0.082629
1207000,0.105164,0.082629
1207100,0.106103,0.082629
1207200,0.108920,0.082629
1207300,0.122066,0.082629
1207400,0.126761,0.082629
1207500,0.134272,0.082629
1207600,0.135211,0.082629
1207700,0.108920,0.082629
1207800,0.134272,0.082629
1207900,0.147418,0.082629
1208000,0.139906,0.082629
1208100,0.125822,0.082629
1208200,0.107042,0.082629
1208300,0.113615,0.082629
1208400,0.105164,0.082629
1208500,0.124883,0.082629
1208600,0.120188,0.082629
1208700,0.120188,0.082629
1208800,0.122066,0.082629
1208900,0.110798,0.082629
1209000,0.122066,0.082629
1209100,0.120188,0.082629
1209200,0.117371,0.082629
1209300,0.113615,0.082629
1209400,0.138967,0.082629
1209500,0.119249,0.082629
1209600,0.131455,0.082629
1209700,0.121127,0.082629
1209800,0.124883,0.082629
1209900,0.119249,0.082629
1210000,0.132394,0.082629
1210100,0.145540,0.082629
1210200,0.133333,0.082629
1210300,0.112676,0.082629
1210400,0.117371,0.082629
1210500,0.123005,0.082629
1210600,0.138028,0.082629
1210700,0.135211,0.082629
1210800,0.132394,0.082629
1210900,0.127700,0.082629
1211000,0.132394,0.082629
1211100,0.133333,0.082629
1211200,0.141784,0.082629
1211300,0.119249,0.082629
1211400,0.139906,0.082629
1211500,0.131455,0.082629
1211600,0.108920,0.082629
1211700,0.131455,0.082629
1211800,0.116432,0.082629
1211900,0.127700,0.082629
1212000,0.121127,0.082629
1212100,0.108920,0.082629
1212200,0.100469,0.082629
1212300,0.117371,0.082629
1212400,0.120188,0.082629
1212500,0.110798,0.082629
1212600,0.110798,0.082629
1212700,0.129577,0.082629
1212800,0.100469,0.082629
1212900,0.126761,0.082629
1213000,0.138967,0.082629
1213100,0.125822,0.082629
1213200,0.112676,0.082629
1213300,0.129577,0.082629
1213400,0.127700,0.082629
1213500,0.145540,0.082629
1213600,0.143662,0.082629
1213700,0.126761,0.082629
1213800,0.115493,0.082629
1213900,0.125822,0.082629
1214000,0.121127,0.082629
1214100,0.137089,0.082629
1214200,0.128638,0.082629
1214300,0.125822,0.082629
1214400,0.139906,0.082629
1214500,0.123005,0.082629
1214600,0.120188,0.082629
1214700,0.108920,0.082629
1214800,0.119249,0.082629
1214900,0.122066,0.082629
1215000,0.120188,0.082629
1215100,0.130516,0.082629
1215200,0.116432,0.082629
1215300,0.110798,0.082629
1215400,0.102347,0.082629
1215500,0.122066,0.082629
1215600,0.126761,0.082629
1215700,0.134272,0.082629
1215800,0.126761,0.082629
1215900,0.116432,0.082629
1216000,0.120188,0.082629
1216100,0.127700,0.082629
1216200,0.117371,0.082629
1216300,0.131455,0.082629
1216400,0.140845,0.082629
1216500,0.124883,0.082629
1216600,0.137089,0.082629
1216700,0.120188,0.082629
1216800,0.129577,0.082629
1216900,0.137089,0.082629
1217000,0.121127,0.082629
1217100,0.143662,0.082629
1217200,0.138028,0.082629
1217300,0.154930,0.082629
1217400,0.125822,0.082629
1217500,0.124883,0.082629
1217600,0.128638,0.082629
1217700,0.136150,0.082629
1217800,0.131455,0.082629
1217900,0.132394,0.082629
1218000,0.112676,0.082629
1218100,0.109859,0.082629
1218200,0.122066,0.082629
1218300,0.117371,0.082629
1218400,0.120188,0.082629
1218500,0.124883,0.082629
1218600,0.113615,0.082629
1218700,0.120188,0.082629
1218800,0.147418,0.082629
1218900,0.143662,0.082629
1219000,0.126761,0.082629
1219100,0.130516,0.082629
1219200,0.135211,0.082629
1219300,0.131455,0.082629
1219400,0.135211,0.082629
1219500,0.124883,0.082629
1219600,0.126761,0.082629
1219700,0.115493,0.082629
1219800,0.122066,0.082629
1219900,0.117371,0.082629
1220000,0.121127,0.082629
1220100,0.121127,0.082629
1220200,0.125822,0.082629
1220300,0.122066,0.082629
1220400,0.130516,0.082629
1220500,0.124883,0.082629
1220600,0.118310,0.082629
1220700,0.112676,0.082629
1220800,0.124883,0.082629
1220900,0.115493,0.082629
1221000,0.123005,0.082629
1221100,0.111737,0.082629
1221200,0.110798,0.082629
1221300,0.113615,0.082629
1221400,0.123944,0.082629
1221500,0.109859,0.082629
1221600,0.111737,0.082629
1221700,0.129577,0.082629
1221800,0.120188,0.082629
1221900,0.120188,0.082629
1222000,0.111737,0.082629
1222100,0.106103,0.082629
1222200,0.096714,0.082629
1222300,0.110798,0.082629
1222400,0.108920,0.082629
1222500,0.129577,0.082629
1222600,0.119249,0.082629
1222700,0.128638,0.082629
1222800,0.125822,0.082629
1222900,0.123005,0.082629
1223000,0.123944,0.082629
1223100,0.115493,0.082629
1223200,0.121127,0.082629
1223300,0.103286,0.082629
1223400,0.123005,0.082629
1223500,0.138028,0.082629
1223600,0.119249,0.082629
1223700,0.124883,0.082629
1223800,0.119249,0.082629
1223900,0.123944,0.082629
1224000,0.113615,0.082629
1224100,0.116432,0.082629
1224200,0.123005,0.082629
1224300,0.138028,0.082629
1224400,0.123005,0.082629
1224500,0.105164,0.082629
1224600,0.107042,0.082629
1224700,0.121127,0.082629
1224800,0.123005,0.082629
1224900,0.123944,0.082629
1225000,0.128638,0.082629
1225100,0.123944,0.082629
1225200,0.109859,0.082629
1225300,0.129577,0.082629
1225400,0.108920,0.082629
1225500,0.122066,0.082629
1225600,0.132394,0.082629
1225700,0.124883,0.082629
1225800,0.138967,0.082629
1225900,0.153052,0.082629
1226000,0.129577,0.082629
1226100,0.142723,0.082629
1226200,0.135211,0.082629
1226300,0.127700,0.082629
1226400,0.132394,0.082629
1226500,0.126761,0.082629
1226600,0.121127,0.082629
1226700,0.098592,0.082629
1226800,0.100469,0.082629
1226900,0.108920,0.082629
1227000,0.128638,0.082629
1227100,0.145540,0.082629
1227200,0.129577,0.082629
1227300,0.134272,0.082629
1227400,0.143662,0.082629
1227500,0.131455,0.082629
1227600,0.108920,0.082629
1227700,0.120188,0.082629
1227800,0.130516,0.082629
1227900,0.113615,0.082629
1228000,0.125822,0.082629
1228100,0.125822,0.082629
1228200,0.116432,0.082629
1228300,0.123005,0.082629
1228400,0.138967,0.082629
1228500,0.132394,0.082629
1228600,0.138028,0.082629
1228700,0.142723,0.082629
1228800,0.117371,0.082629
1228900,0.135211,0.082629
1229000,0.110798,0.082629
1229100,0.123944,0.082629
1229200,0.121127,0.082629
1229300,0.122066,0.082629
1229400,0.125822,0.082629
1229500,0.112676,0.082629
1229600,0.127700,0.082629
1229700,0.138028,0.082629
1229800,0.142723,0.082629
1229900,0.131455,0.082629
1230000,0.115493,0.082629
1230100,0.111737,0.082629
1230200,0.123005,0.082629
1230300,0.139906,0.082629
1230400,0.125822,0.082629
1230500,0.099531,0.082629
1230600,0.121127,0.082629
1230700,0.125822,0.082629
1230800,0.122066,0.082629
1230900,0.112676,0.082629
1231000,0.107981,0.082629
1231100,0.141784,0.082629
1231200,0.128638,0.082629
1231300,0.138028,0.082629
1231400,0.132394,0.082629
1231500,0.110798,0.082629
1231600,0.125822,0.082629
1231700,0.117371,0.082629
1231800,0.110798,0.082629
1231900,0.129577,0.082629
1232000,0.132394,0.082629
1232100,0.121127,0.082629
1232200,0.120188,0.082629
1232300,0.115493,0.082629
1232400,0.129577,0.082629
1232500,0.116432,0.082629
1232600,0.119249,0.082629
1232700,0.112676,0.082629
1232800,0.114554,0.082629
1232900,0.116432,0.082629
1233000,0.107981,0.082629
1233100,0.138967,0.082629
1233200,0.128638,0.082629
1233300,0.135211,0.082629
1233400,0.135211,0.082629
1233500,0.124883,0.082629
1233600,0.136150,0.082629
1233700,0.131455,0.082629
1233800,0.122066,0.082629
1233900,0.140845,0.082629
1234000,0.117371,0.082629
1234100,0.133333,0.082629
1234200,0.116432,0.082629
1234300,0.122066,0.082629
1234400,0.121127,0.082629
1234500,0.123944,0.082629
1234600,0.130516,0.082629
1234700,0.116432,0.082629
1234800,0.110798,0.082629
1234900,0.116432,0.082629
1235000,0.136150,0.082629
1235100,0.122066,0.082629
1235200,0.132394,0.082629
1235300,0.138967,0.082629
1235400,0.140845,0.082629
1235500,0.137089,0.082629
1235600,0.126761,0.082629
1235700,0.124883,0.082629
1235800,0.117371,0.082629
1235900,0.128638,0.082629
1236000,0.127700,0.082629
1236100,0.110798,0.082629
1236200,0.123944,0.082629
1236300,0.123005,0.082629
1236400,0.130516,0.082629
1236500,0.114554,0.082629
1236600,0.115493,0.082629
1236700,0.122066,0.082629
1236800,0.114554,0.082629
1236900,0.120188,0.082629
1237000,0.111737,0.082629
1237100,0.134272,0.082629
1237200,0.126761,0.082629
1237300,0.126761,0.082629
1237400,0.138028,0.082629
1237500,0.136150,0.082629
1237600,0.124883,0.082629
1237700,0.117371,0.082629
1237800,0.137089,0.082629
1237900,0.142723,0.082629
1238000,0.140845,0.082629
1238100,0.116432,0.082629
1238200,0.132394,0.082629
1238300,0.135211,0.082629
1238400,0.126761,0.082629
1238500,0.128638,0.082629
1238600,0.153052,0.082629
1238700,0.127700,0.082629
1238800,0.137089,0.082629
1238900,0.114554,0.082629
1239000,0.114554,0.082629
1239100,0.116432,0.082629
1239200,0.125822,0.082629
1239300,0.128638,0.082629
1239400,0.133333,0.082629
1239500,0.112676,0.082629
1239600,0.139906,0.082629
1239700,0.139906,0.082629
1239800,0.129577,0.082629
1239900,0.114554,0.082629
1240000,0.127700,0.082629
1240100,0.130516,0.082629
1240200,0.123005,0.082629
1240300,0.135211,0.082629
1240400,0.107981,0.082629
1240500,0.123944,0.082629
1240600,0.127700,0.082629
1240700,0.133333,0.082629
1240800,0.139906,0.082629
1240900,0.124883,0.082629
1241000,0.124883,0.082629
1241100,0.112676,0.082629
1241200,0.115493,0.082629
1241300,0.121127,0.082629
1241400,0.117371,0.082629
1241500,0.122066,0.082629
1241600,0.129577,0.082629
1241700,0.139906,0.082629
1241800,0.131455,0.082629
1241900,0.138028,0.082629
1242000,0.130516,0.082629
1242100,0.137089,0.082629
1242200,0.140845,0.082629
1242300,0.117371,0.082629
1242400,0.101408,0.082629
1242500,0.138967,0.082629
1242600,0.122066,0.082629
1242700,0.131455,0.082629
1242800,0.126761,0.082629
1242900,0.107981,0.082629
1243000,0.133333,0.082629
1243100,0.120188,0.082629
1243200,0.119249,0.082629
1243300,0.140845,0.082629
1243400,0.124883,0.082629
1243500,0.126761,0.082629
1243600,0.120188,0.082629
1243700,0.105164,0.082629
1243800,0.107981,0.082629
1243900,0.125822,0.082629
1244000,0.129577,0.082629
1244100,0.134272,0.082629
1244200,0.102347,0.082629
1244300,0.105164,0.082629
1244400,0.108920,0.082629
1244500,0.104225,0.082629
1244600,0.123005,0.082629
1244700,0.119249,0.082629
1244800,0.125822,0.082629
1244900,0.116432,0.082629
1245000,0.119249,0.082629
1245100,0.123005,0.082629
1245200,0.120188,0.082629
1245300,0.119249,0.082629
1245400,0.136150,0.082629
1245500,0.123944,0.082629
1245600,0.114554,0.082629
1245700,0.105164,0.082629
1245800,0.116432,0.082629
1245900,0.116432,0.082629
1246000,0.108920,0.082629
1246100,0.112676,0.082629
1246200,0.127700,0.082629
1246300,0.131455,0.082629
1246400,0.136150,0.082629
1246500,0.135211,0.082629
1246600,0.144601,0.082629
1246700,0.135211,0.082629
1246800,0.124883,0.082629
1246900,0.118310,0.082629
1247000,0.150235,0.082629
1247100,0.123944,0.082629
1247200,0.125822,0.082629
1247300,0.110798,0.082629
1247400,0.123005,0.082629
1247500,0.113615,0.082629
1247600,0.113615,0.082629
1247700,0.127700,0.082629
1247800,0.125822,0.082629
1247900,0.122066,0.082629
1248000,0.118310,0.082629
1248100,0.122066,0.082629
1248200,0.110798,0.082629
1248300,0.109859,0.082629
1248400,0.124883,0.082629
1248500,0.120188,0.082629
1248600,0.119249,0.082629
1248700,0.115493,0.082629
1248800,0.123005,0.082629
1248900,0.113615,0.082629
1249000,0.129577,0.082629
1249100,0.127700,0.082629
1249200,0.117371,0.082629
1249300,0.117371,0.082629
1249400,0.145540,0.082629
1249500,0.136150,0.082629
1249600,0.123944,0.082629
1249700,0.123005,0.082629
1249800,0.127700,0.082629
1249900,0.134272,0.082629
1250000,0.124883,0.082629
1250100,0.108920,0.082629
1250200,0.131455,0.082629
1250300,0.123005,0.082629
1250400,0.137089,0.082629
1250500,0.129577,0.082629
1250600,0.133333,0.082629
1250700,0.126761,0.082629
1250800,0.124883,0.082629
1250900,0.132394,0.082629
1251000,0.133333,0.082629
1251100,0.126761,0.082629
1251200,0.123944,0.082629
1251300,0.129577,0.082629
1251400,0.144601,0.082629
1251500,0.133333,0.082629
1251600,0.138967,0.082629
1251700,0.117371,0.082629
1251800,0.125822,0.082629
1251900,0.154930,0.082629
1252000,0.124883,0.082629
1252100,0.121127,0.082629
1252200,0.137089,0.082629
1252300,0.132394,0.082629
1252400,0.116432,0.082629
1252500,0.132394,0.082629
1252600,0.122066,0.082629
1252700,0.134272,0.082629
1252800,0.119249,0.082629
1252900,0.129577,0.082629
1253000,0.131455,0.082629
1253100,0.121127,0.082629
1253200,0.124883,0.082629
1253300,0.123944,0.082629
1253400,0.130516,0.082629
1253500,0.121127,0.082629
1253600,0.116432,0.082629
1253700,0.132394,0.082629
1253800,0.110798,0.082629
1253900,0.121127,0.082629
1254000,0.113615,0.082629
1254100,0.118310,0.082629
1254200,0.121127,0.082629
1254300,0.115493,0.082629
1254400,0.121127,0.082629
1254500,0.109859,0.082629
1254600,0.142723,0.082629
1254700,0.112676,0.082629
1254800,0.125822,0.082629
1254900,0.119249,0.082629
1255000,0.119249,0.082629
1255100,0.128638,0.082629
1255200,0.122066,0.082629
1255300,0.113615,0.082629
1255400,0.116432,0.082629
1255500,0.121127,0.082629
1255600,0.125822,0.082629
1255700,0.117371,0.082629
1255800,0.117371,0.082629
1255900,0.116432,0.082629
1256000,0.116432,0.082629
1256100,0.131455,0.082629
1256200,0.137089,0.082629
1256300,0.120188,0.082629
1256400,0.117371,0.082629
1256500,0.126761,0.082629
1256600,0.109859,0.082629
1256700,0.108920,0.082629
1256800,0.108920,0.082629
1256900,0.130516,0.082629
1257000,0.128638,0.082629
1257100,0.126761,0.082629
1257200,0.135211,0.082629
1257300,0.128638,0.082629
1257400,0.123944,0.082629
1257500,0.126761,0.082629
1257600,0.123005,0.082629
1257700,0.120188,0.082629
1257800,0.125822,0.082629
1257900,0.122066,0.082629
1258000,0.124883,0.082629
1258100,0.130516,0.082629
1258200,0.114554,0.082629
1258300,0.115493,0.082629
1258400,0.126761,0.082629
1258500,0.140845,0.082629
1258600,0.123005,0.082629
1258700,0.121127,0.082629
1258800,0.118310,0.082629
1258900,0.127700,0.082629
1259000,0.143662,0.082629
1259100,0.126761,0.082629
1259200,0.143662,0.082629
1259300,0.144601,0.082629
1259400,0.132394,0.082629
1259500,0.145540,0.082629
1259600,0.129577,0.082629
1259700,0.127700,0.082629
1259800,0.107981,0.082629
1259900,0.138967,0.082629
1260000,0.121127,0.082629
1260100,0.134272,0.082629
1260200,0.127700,0.082629
1260300,0.120188,0.082629
1260400,0.120188,0.082629
1260500,0.100469,0.082629
1260600,0.126761,0.082629
1260700,0.138967,0.082629
1260800,0.119249,0.082629
1260900,0.129577,0.082629
1261000,0.113615,0.082629
1261100,0.107981,0.082629
1261200,0.111737,0.082629
1261300,0.111737,0.082629
1261400,0.122066,0.082629
1261500,0.110798,0.082629
1261600,0.136150,0.082629
1261700,0.123944,0.082629
1261800,0.122066,0.082629
1261900,0.116432,0.082629
1262000,0.115493,0.082629
1262100,0.129577,0.082629
1262200,0.134272,0.082629
1262300,0.123944,0.082629
1262400,0.119249,0.082629
1262500,0.133333,0.082629
1262600,0.112676,0.082629
1262700,0.120188,0.082629
1262800,0.137089,0.082629
1262900,0.116432,0.082629
1263000,0.112676,0.082629
1263100,0.105164,0.082629
1263200,0.097653,0.082629
1263300,0.121127,0.082629
1263400,0.116432,0.082629
1263500,0.118310,0.082629
1263600,0.126761,0.082629
1263700,0.126761,0.082629
1263800,0.120188,0.082629
1263900,0.124883,0.082629
1264000,0.128638,0.082629
1264100,0.126761,0.082629
1264200,0.139906,0.082629
1264300,0.113615,0.082629
1264400,0.125822,0.082629
1264500,0.125822,0.082629
1264600,0.128638,0.082629
1264700,0.130516,0.082629
1264800,0.115493,0.082629
1264900,0.125822,0.082629
1265000,0.115493,0.082629
1265100,0.131455,0.082629
1265200,0.135211,0.082629
1265300,0.114554,0.082629
1265400,0.124883,0.082629
1265500,0.132394,0.082629
1265600,0.123944,0.082629
1265700,0.133333,0.082629
1265800,0.126761,0.082629
1265900,0.122066,0.082629
1266000,0.127700,0.082629
1266100,0.123005,0.082629
1266200,0.130516,0.082629
1266300,0.105164,0.082629
1266400,0.135211,0.082629
1266500,0.139906,0.082629
1266600,0.127700,0.082629
1266700,0.114554,0.082629
1266800,0.116432,0.082629
1266900,0.109859,0.082629
1267000,0.102347,0.082629
1267100,0.110798,0.082629
1267200,0.122066,0.082629
1267300,0.128638,0.082629
1267400,0.121127,0.082629
1267500,0.153991,0.082629
1267600,0.132394,0.082629
1267700,0.134272,0.082629
1267800,0.131455,0.082629
1267900,0.133333,0.082629
1268000,0.138028,0.082629
1268100,0.120188,0.082629
1268200,0.120188,0.082629
1268300,0.113615,0.082629
1268400,0.121127,0.082629
1268500,0.129577,0.082629
1268600,0.125822,0.082629
1268700,0.111737,0.082629
1268800,0.128638,0.082629
1268900,0.115493,0.082629
1269000,0.117371,0.082629
1269100,0.115493,0.082629
1269200,0.118310,0.082629
1269300,0.125822,0.082629
1269400,0.125822,0.082629
1269500,0.130516,0.082629
1269600,0.109859,0.082629
1269700,0.134272,0.082629
1269800,0.146479,0.082629
1269900,0.132394,0.082629
1270000,0.119249,0.082629
1270100,0.111737,0.082629
1270200,0.133333,0.082629
1270300,0.108920,0.082629
1270400,0.091080,0.082629
1270500,0.107981,0.082629
1270600,0.127700,0.082629
1270700,0.137089,0.082629
1270800,0.115493,0.082629
1270900,0.117371,0.082629
1271000,0.112676,0.082629
1271100,0.112676,0.082629
1271200,0.123944,0.082629
1271300,0.112676,0.082629
1271400,0.126761,0.082629
1271500,0.140845,0.082629
1271600,0.125822,0.082629
1271700,0.114554,0.082629
1271800,0.118310,0.082629
1271900,0.116432,0.082629
1272000,0.141784,0.082629
1272100,0.129577,0.082629
1272200,0.131455,0.082629
1272300,0.138967,0.082629
1272400,0.128638,0.082629
1272500,0.117371,0.082629
1272600,0.131455,0.082629
1272700,0.115493,0.082629
1272800,0.138967,0.082629
1272900,0.131455,0.082629
1273000,0.137089,0.082629
1273100,0.148357,0.082629
1273200,0.138028,0.082629
1273300,0.142723,0.082629
1273400,0.142723,0.082629
1273500,0.122066,0.082629
1273600,0.108920,0.082629
1273700,0.103286,0.082629
1273800,0.123005,0.082629
1273900,0.105164,0.082629
1274000,0.125822,0.082629
1274100,0.123944,0.082629
1274200,0.130516,0.082629
1274300,0.150235,0.082629
1274400,0.109859,0.082629
1274500,0.115493,0.082629
1274600,0.113615,0.082629
1274700,0.133333,0.082629
1274800,0.119249,0.082629
1274900,0.105164,0.082629
1275000,0.132394,0.082629
1275100,0.112676,0.082629
1275200,0.114554,0.082629
1275300,0.122066,0.082629
1275400,0.126761,0.082629
1275500,0.139906,0.082629
1275600,0.135211,0.082629
1275700,0.128638,0.082629
1275800,0.118310,0.082629
1275900,0.126761,0.082629
1276000,0.123005,0.082629
1276100,0.131455,0.082629
1276200,0.141784,0.082629
1276300,0.126761,0.082629
1276400,0.138028,0.082629
1276500,0.121127,0.082629
1276600,0.137089,0.082629
1276700,0.127700,0.082629
1276800,0.130516,0.082629
1276900,0.128638,0.082629
1277000,0.123005,0.082629
1277100,0.119249,0.082629
1277200,0.136150,0.082629
1277300,0.121127,0.082629
1277400,0.120188,0.082629
1277500,0.128638,0.082629
1277600,0.116432,0.082629
1277700,0.121127,0.082629
1277800,0.120188,0.082629
1277900,0.121127,0.082629
1278000,0.130516,0.082629
1278100,0.134272,0.082629
1278200,0.111737,0.082629
1278300,0.103286,0.082629
1278400,0.121127,0.082629
1278500,0.124883,0.082629
1278600,0.130516,0.082629
1278700,0.150235,0.082629
1278800,0.130516,0.082629
1278900,0.118310,0.082629
1279000,0.124883,0.082629
1279100,0.141784,0.082629
1279200,0.138028,0.082629
1279300,0.126761,0.082629
1279400,0.123005,0.082629
1279500,0.135211,0.082629
1279600,0.120188,0.082629
1279700,0.139906,0.082629
1279800,0.114554,0.082629
1279900,0.106103,0.082629
1280000,0.123005,0.082629
1280100,0.123005,0.082629
1280200,0.113615,0.082629
1280300,0.137089,0.082629
1280400,0.131455,0.082629
1280500,0.123005,0.082629
1280600,0.134272,0.082629
1280700,0.118310,0.082629
1280800,0.123944,0.082629
1280900,0.112676,0.082629
1281000,0.119249,0.082629
1281100,0.125822,0.082629
1281200,0.132394,0.082629
1281300,0.116432,0.082629
1281400,0.128638,0.082629
1281500,0.111737,0.082629
1281600,0.118310,0.082629
1281700,0.114554,0.082629
1281800,0.113615,0.082629
1281900,0.123944,0.082629
1282000,0.131455,0.082629
1282100,0.134272,0.082629
1282200,0.131455,0.082629
1282300,0.133333,0.082629
1282400,0.117371,0.082629
1282500,0.123005,0.082629
1282600,0.109859,0.082629
1282700,0.115493,0.082629
1282800,0.112676,0.082629
1282900,0.135211,0.082629
1283000,0.134272,0.082629
1283100,0.133333,0.082629
1283200,0.118310,0.082629
1283300,0.122066,0.082629
1283400,0.132394,0.082629
1283500,0.136150,0.082629
1283600,0.121127,0.082629
1283700,0.133333,0.082629
1283800,0.125822,0.082629
1283900,0.137089,0.082629
1284000,0.124883,0.082629
1284100,0.130516,0.082629
1284200,0.127700,0.082629
1284300,0.116432,0.082629
1284400,0.126761,0.082629
1284500,0.116432,0.082629
1284600,0.120188,0.082629
1284700,0.116432,0.082629
1284800,0.140845,0.082629
1284900,0.115493,0.082629
1285000,0.104225,0.082629
1285100,0.123944,0.082629
1285200,0.123944,0.082629
1285300,0.127700,0.082629
1285400,0.112676,0.082629
1285500,0.135211,0.082629
1285600,0.112676,0.082629
1285700,0.112676,0.082629
1285800,0.122066,0.082629
1285900,0.115493,0.082629
1286000,0.124883,0.082629
1286100,0.121127,0.082629
1286200,0.113615,0.082629
1286300,0.123005,0.082629
1286400,0.134272,0.082629
1286500,0.121127,0.082629
1286600,0.128638,0.082629
1286700,0.114554,0.082629
1286800,0.114554,0.082629
1286900,0.136150,0.082629
1287000,0.129577,0.082629
1287100,0.128638,0.082629
1287200,0.117371,0.082629
1287300,0.126761,0.082629
1287400,0.114554,0.082629
1287500,0.106103,0.082629
1287600,0.109859,0.082629
1287700,0.126761,0.082629
1287800,0.117371,0.082629
1287900,0.107042,0.082629
1288000,0.112676,0.082629
1288100,0.126761,0.082629
1288200,0.123944,0.082629
1288300,0.120188,0.082629
1288400,0.126761,0.082629
1288500,0.120188,0.082629
1288600,0.117371,0.082629
1288700,0.118310,0.082629
1288800,0.123944,0.082629
1288900,0.124883,0.082629
1289000,0.130516,0.082629
1289100,0.132394,0.082629
1289200,0.127700,0.082629
1289300,0.122066,0.082629
1289400,0.112676,0.082629
1289500,0.113615,0.082629
1289600,0.116432,0.082629
1289700,0.106103,0.082629
1289800,0.117371,0.082629
1289900,0.127700,0.082629
1290000,0.126761,0.082629
1290100,0.128638,0.082629
1290200,0.120188,0.082629
1290300,0.123005,0.082629
1290400,0.123005,0.082629
1290500,0.140845,0.082629
1290600,0.145540,0.082629
1290700,0.135211,0.082629
1290800,0.135211,0.082629
1290900,0.138967,0.082629
1291000,0.118310,0.082629
1291100,0.113615,0.082629
1291200,0.115493,0.082629
1291300,0.130516,0.082629
1291400,0.123005,0.082629
1291500,0.121127,0.082629
1291600,0.133333,0.082629
1291700,0.129577,0.082629
1291800,0.129577,0.082629
1291900,0.123005,0.082629
1292000,0.095775,0.082629
1292100,0.124883,0.082629
1292200,0.128638,0.082629
1292300,0.123944,0.082629
1292400,0.130516,0.082629
1292500,0.132394,0.082629
1292600,0.118310,0.082629
1292700,0.123005,0.082629
1292800,0.129577,0.082629
1292900,0.123944,0.082629
1293000,0.119249,0.082629
1293100,0.128638,0.082629
1293200,0.127700,0.082629
1293300,0.127700,0.082629
1293400,0.138028,0.082629
1293500,0.144601,0.082629
1293600,0.125822,0.082629
1293700,0.128638,0.082629
1293800,0.134272,0.082629
1293900,0.132394,0.082629
1294000,0.133333,0.082629
1294100,0.118310,0.082629
1294200,0.124883,0.082629
1294300,0.139906,0.082629
1294400,0.130516,0.082629
1294500,0.137089,0.082629
1294600,0.148357,0.082629
1294700,0.127700,0.082629
1294800,0.120188,0.082629
1294900,0.121127,0.082629
1295000,0.123005,0.082629
1295100,0.107042,0.082629
1295200,0.123005,0.082629
1295300,0.114554,0.082629
1295400,0.114554,0.082629
1295500,0.116432,0.082629
1295600,0.132394,0.082629
1295700,0.126761,0.082629
1295800,0.128638,0.082629
1295900,0.131455,0.082629
1296000,0.138967,0.082629
1296100,0.124883,0.082629
1296200,0.125822,0.082629
1296300,0.139906,0.082629
1296400,0.150235,0.082629
1296500,0.123944,0.082629
1296600,0.109859,0.082629
1296700,0.126761,0.082629
1296800,0.147418,0.082629
1296900,0.138967,0.082629
1297000,0.137089,0.082629
1297100,0.125822,0.082629
1297200,0.119249,0.082629
1297300,0.116432,0.082629
1297400,0.123005,0.082629
1297500,0.128638,0.082629
1297600,0.135211,0.082629
1297700,0.114554,0.082629
1297800,0.126761,0.082629
1297900,0.120188,0.082629
1298000,0.107981,0.082629
1298100,0.119249,0.082629
1298200,0.117371,0.082629
1298300,0.112676,0.082629
1298400,0.119249,0.082629
1298500,0.129577,0.082629
1298600,0.128638,0.082629
1298700,0.130516,0.082629
1298800,0.134272,0.082629
1298900,0.128638,0.082629
1299000,0.128638,0.082629
1299100,0.117371,0.082629
1299200,0.124883,0.082629
1299300,0.128638,0.082629
1299400,0.141784,0.082629
1299500,0.119249,0.082629
1299600,0.133333,0.082629
1299700,0.121127,0.082629
1299800,0.120188,0.082629
1299900,0.127700,0.082629
1300000,0.127700,0.082629
1300100,0.123005,0.082629
1300200,0.115493,0.082629
1300300,0.131455,0.082629
1300400,0.107042,0.082629
1300500,0.120188,0.082629
1300600,0.130516,0.082629
1300700,0.128638,0.082629
1300800,0.118310,0.082629
1300900,0.138967,0.082629
1301000,0.128638,0.082629
1301100,0.121127,0.082629
1301200,0.121127,0.082629
1301300,0.123944,0.082629
1301400,0.126761,0.082629
1301500,0.136150,0.082629
1301600,0.118310,0.082629
1301700,0.138967,0.082629
1301800,0.132394,0.082629
1301900,0.130516,0.082629
1302000,0.142723,0.082629
1302100,0.119249,0.082629
1302200,0.127700,0.082629
1302300,0.109859,0.082629
1302400,0.114554,0.082629
1302500,0.119249,0.082629
1302600,0.114554,0.082629
1302700,0.131455,0.082629
1302800,0.138028,0.082629
1302900,0.133333,0.082629
1303000,0.122066,0.082629
1303100,0.107042,0.082629
1303200,0.139906,0.082629
1303300,0.110798,0.082629
1303400,0.116432,0.082629
1303500,0.107042,0.082629
1303600,0.124883,0.082629
1303700,0.127700,0.082629
1303800,0.123005,0.082629
1303900,0.127700,0.082629
1304000,0.130516,0.082629
1304100,0.117371,0.082629
1304200,0.118310,0.082629
1304300,0.109859,0.082629
1304400,0.117371,0.082629
1304500,0.126761,0.082629
1304600,0.123005,0.082629
1304700,0.127700,0.082629
1304800,0.113615,0.082629
1304900,0.132394,0.082629
1305000,0.109859,0.082629
1305100,0.131455,0.082629
1305200,0.127700,0.082629
1305300,0.112676,0.082629
1305400,0.138028,0.082629
1305500,0.128638,0.082629
1305600,0.133333,0.082629
1305700,0.143662,0.082629
1305800,0.111737,0.082629
1305900,0.109859,0.082629
1306000,0.112676,0.082629
1306100,0.109859,0.082629
1306200,0.131455,0.082629
1306300,0.129577,0.082629
1306400,0.133333,0.082629
1306500,0.146479,0.082629
1306600,0.134272,0.082629
1306700,0.134272,0.082629
1306800,0.130516,0.082629
1306900,0.124883,0.082629
1307000,0.115493,0.082629
1307100,0.120188,0.082629
1307200,0.122066,0.082629
1307300,0.110798,0.082629
1307400,0.139906,0.082629
1307500,0.124883,0.082629
1307600,0.140845,0.082629
1307700,0.123944,0.082629
1307800,0.137089,0.082629
1307900,0.111737,0.082629
1308000,0.135211,0.082629
1308100,0.135211,0.082629
1308200,0.130516,0.082629
1308300,0.136150,0.082629
1308400,0.131455,0.082629
1308500,0.125822,0.082629
1308600,0.115493,0.082629
1308700,0.109859,0.082629
1308800,0.122066,0.082629
1308900,0.120188,0.082629
1309000,0.135211,0.082629
1309100,0.137089,0.082629
1309200,0.148357,0.082629
1309300,0.122066,0.082629
1309400,0.120188,0.082629
1309500,0.130516,0.082629
1309600,0.117371,0.082629
1309700,0.124883,0.082629
1309800,0.125822,0.082629
1309900,0.122066,0.082629
1310000,0.134272,0.082629
1310100,0.130516,0.082629
1310200,0.114554,0.082629
1310300,0.116432,0.082629
1310400,0.117371,0.082629
1310500,0.129577,0.082629
1310600,0.140845,0.082629
1310700,0.144601,0.082629
1310800,0.138967,0.082629
1310900,0.146479,0.082629
1311000,0.127700,0.082629
1311100,0.117371,0.082629
1311200,0.134272,0.082629
1311300,0.143662,0.082629
1311400,0.122066,0.082629
1311500,0.133333,0.082629
1311600,0.115493,0.082629
1311700,0.138967,0.082629
1311800,0.137089,0.082629
1311900,0.123005,0.082629
1312000,0.137089,0.082629
1312100,0.129577,0.082629
1312200,0.122066,0.082629
1312300,0.122066,0.082629
1312400,0.123005,0.082629
1312500,0.126761,0.082629
1312600,0.124883,0.082629
1312700,0.118310,0.082629
1312800,0.138967,0.082629
1312900,0.145540,0.082629
1313000,0.145540,0.082629
1313100,0.134272,0.082629
1313200,0.131455,0.082629
1313300,0.138028,0.082629
1313400,0.127700,0.082629
1313500,0.125822,0.082629
1313600,0.129577,0.082629
1313700,0.115493,0.082629
1313800,0.125822,0.082629
1313900,0.138967,0.082629
1314000,0.143662,0.082629
1314100,0.123944,0.082629
1314200,0.138028,0.082629
1314300,0.135211,0.082629
1314400,0.131455,0.082629
1314500,0.121127,0.082629
1314600,0.142723,0.082629
1314700,0.119249,0.082629
1314800,0.093897,0.082629
1314900,0.125822,0.082629
1315000,0.144601,0.082629
1315100,0.127700,0.082629
1315200,0.129577,0.082629
1315300,0.119249,0.082629
1315400,0.100469,0.082629
1315500,0.115493,0.082629
1315600,0.129577,0.082629
1315700,0.121127,0.082629
1315800,0.120188,0.082629
1315900,0.125822,0.082629
1316000,0.128638,0.082629
1316100,0.124883,0.082629
1316200,0.138967,0.082629
1316300,0.127700,0.082629
1316400,0.123944,0.082629
1316500,0.133333,0.082629
1316600,0.110798,0.082629
1316700,0.106103,0.082629
1316800,0.108920,0.082629
1316900,0.124883,0.082629
1317000,0.123944,0.082629
1317100,0.126761,0.082629
1317200,0.141784,0.082629
1317300,0.119249,0.082629
1317400,0.108920,0.082629
1317500,0.140845,0.082629
1317600,0.123005,0.082629
1317700,0.140845,0.082629
1317800,0.110798,0.082629
1317900,0.110798,0.082629
1318000,0.123944,0.082629
1318100,0.128638,0.082629
1318200,0.103286,0.082629
1318300,0.124883,0.082629
1318400,0.120188,0.082629
1318500,0.123944,0.082629
1318600,0.134272,0.082629
1318700,0.116432,0.082629
1318800,0.120188,0.082629
1318900,0.111737,0.082629
1319000,0.108920,0.082629
1319100,0.122066,0.082629
1319200,0.123005,0.082629
1319300,0.103286,0.082629
1319400,0.131455,0.082629
1319500,0.131455,0.082629
1319600,0.138967,0.082629
1319700,0.121127,0.082629
1319800,0.142723,0.082629
1319900,0.128638,0.082629
1320000,0.119249,0.082629
1320100,0.136150,0.082629
1320200,0.123005,0.082629
1320300,0.112676,0.082629
1320400,0.112676,0.082629
1320500,0.111737,0.082629
1320600,0.123005,0.082629
1320700,0.138967,0.082629
1320800,0.123944,0.082629
1320900,0.120188,0.082629
1321000,0.124883,0.082629
1321100,0.127700,0.082629
1321200,0.119249,0.082629
1321300,0.122066,0.082629
1321400,0.124883,0.082629
1321500,0.144601,0.082629
1321600,0.124883,0.082629
1321700,0.129577,0.082629
1321800,0.128638,0.082629
1321900,0.110798,0.082629
1322000,0.106103,0.082629
1322100,0.104225,0.082629
1322200,0.102347,0.082629
1322300,0.133333,0.082629
1322400,0.126761,0.082629
1322500,0.121127,0.082629
1322600,0.117371,0.082629
1322700,0.129577,0.082629
1322800,0.130516,0.082629
1322900,0.128638,0.082629
1323000,0.135211,0.082629
1323100,0.121127,0.082629
1323200,0.124883,0.082629
1323300,0.111737,0.082629
1323400,0.131455,0.082629
1323500,0.117371,0.082629
1323600,0.115493,0.082629
1323700,0.107042,0.082629
1323800,0.119249,0.082629
1323900,0.127700,0.082629
1324000,0.123005,0.082629
1324100,0.136150,0.082629
1324200,0.128638,0.082629
1324300,0.150235,0.082629
1324400,0.144601,0.082629
1324500,0.133333,0.082629
1324600,0.124883,0.082629
1324700,0.118310,0.082629
1324800,0.126761,0.082629
1324900,0.135211,0.082629
1325000,0.137089,0.082629
1325100,0.148357,0.082629
1325200,0.129577,0.082629
1325300,0.132394,0.082629
1325400,0.118310,0.082629
1325500,0.146479,0.082629
1325600,0.124883,0.082629
1325700,0.121127,0.082629
1325800,0.126761,0.082629
1325900,0.127700,0.082629
1326000,0.128638,0.082629
1326100,0.131455,0.082629
1326200,0.129577,0.082629
1326300,0.133333,0.082629
1326400,0.127700,0.082629
1326500,0.122066,0.082629
1326600,0.118310,0.082629
1326700,0.128638,0.082629
1326800,0.125822,0.082629
1326900,0.129577,0.082629
1327000,0.116432,0.082629
1327100,0.123944,0.082629
1327200,0.131455,0.082629
1327300,0.123005,0.082629
1327400,0.135211,0.082629
1327500,0.144601,0.082629
1327600,0.111737,0.082629
1327700,0.109859,0.082629
1327800,0.117371,0.082629
1327900,0.125822,0.082629
1328000,0.110798,0.082629
1328100,0.117371,0.082629
1328200,0.123944,0.082629
1328300,0.134272,0.082629
1328400,0.113615,0.082629
1328500,0.124883,0.082629
1328600,0.110798,0.082629
1328700,0.116432,0.082629
1328800,0.128638,0.082629
1328900,0.141784,0.082629
1329000,0.128638,0.082629
1329100,0.118310,0.082629
1329200,0.123944,0.082629
1329300,0.122066,0.082629
1329400,0.114554,0.082629
1329500,0.103286,0.082629
1329600,0.128638,0.082629
1329700,0.122066,0.082629
1329800,0.113615,0.082629
1329900,0.123005,0.082629
1330000,0.138967,0.082629
1330100,0.130516,0.082629
1330200,0.135211,0.082629
1330300,0.127700,0.082629
1330400,0.129577,0.082629
1330500,0.119249,0.082629
1330600,0.138028,0.082629
1330700,0.144601,0.082629
1330800,0.127700,0.082629
1330900,0.123944,0.082629
1331000,0.145540,0.082629
1331100,0.128638,0.082629
1331200,0.113615,0.082629
1331300,0.109859,0.082629
1331400,0.124883,0.082629
1331500,0.121127,0.082629
1331600,0.127700,0.082629
1331700,0.138028,0.082629
1331800,0.103286,0.082629
1331900,0.119249,0.082629
1332000,0.140845,0.082629
1332100,0.114554,0.082629
1332200,0.119249,0.082629
1332300,0.126761,0.082629
1332400,0.120188,0.082629
1332500,0.123944,0.082629
1332600,0.130516,0.082629
1332700,0.123005,0.082629
1332800,0.138967,0.082629
1332900,0.134272,0.082629
1333000,0.122066,0.082629
1333100,0.131455,0.082629
1333200,0.113615,0.082629
1333300,0.142723,0.082629
1333400,0.121127,0.082629
1333500,0.123005,0.082629
1333600,0.112676,0.082629
1333700,0.114554,0.082629
1333800,0.110798,0.082629
1333900,0.112676,0.082629
1334000,0.122066,0.082629
1334100,0.140845,0.082629
1334200,0.105164,0.082629
1334300,0.128638,0.082629
1334400,0.106103,0.082629
1334500,0.125822,0.082629
1334600,0.137089,0.082629
1334700,0.138028,0.082629
1334800,0.117371,0.082629
1334900,0.134272,0.082629
1335000,0.128638,0.082629
1335100,0.116432,0.082629
1335200,0.125822,0.082629
1335300,0.128638,0.082629
1335400,0.123944,0.082629
1335500,0.123005,0.082629
1335600,0.108920,0.082629
1335700,0.114554,0.082629
1335800,0.123944,0.082629
1335900,0.126761,0.082629
1336000,0.121127,0.082629
1336100,0.114554,0.082629
1336200,0.116432,0.082629
1336300,0.092019,0.082629
1336400,0.126761,0.082629
1336500,0.130516,0.082629
1336600,0.138028,0.082629
1336700,0.151174,0.082629
1336800,0.120188,0.082629
1336900,0.122066,0.082629
1337000,0.127700,0.082629
1337100,0.128638,0.082629
1337200,0.129577,0.082629
1337300,0.115493,0.082629
1337400,0.116432,0.082629
1337500,0.108920,0.082629
1337600,0.117371,0.082629
1337700,0.108920,0.082629
1337800,0.128638,0.082629
1337900,0.125822,0.082629
1338000,0.106103,0.082629
1338100,0.123005,0.082629
1338200,0.127700,0.082629
1338300,0.128638,0.082629
1338400,0.123944,0.082629
1338500,0.121127,0.082629
1338600,0.133333,0.082629
1338700,0.142723,0.082629
1338800,0.115493,0.082629
1338900,0.136150,0.082629
1339000,0.104225,0.082629
1339100,0.116432,0.082629
1339200,0.133333,0.082629
1339300,0.134272,0.082629
1339400,0.134272,0.082629
1339500,0.125822,0.082629
1339600,0.132394,0.082629
1339700,0.130516,0.082629
1339800,0.119249,0.082629
1339900,0.127700,0.082629
1340000,0.144601,0.082629
1340100,0.146479,0.082629
1340200,0.125822,0.082629
1340300,0.120188,0.082629
1340400,0.129577,0.082629
1340500,0.125822,0.082629
1340600,0.121127,0.082629
1340700,0.134272,0.082629
1340800,0.112676,0.082629
1340900,0.122066,0.082629
1341000,0.138967,0.082629
1341100,0.125822,0.082629
1341200,0.149296,0.082629
1341300,0.162441,0.082629
1341400,0.141784,0.082629
1341500,0.146479,0.082629
1341600,0.128638,0.082629
1341700,0.135211,0.082629
1341800,0.117371,0.082629
1341900,0.127700,0.082629
1342000,0.117371,0.082629
1342100,0.125822,0.082629
1342200,0.109859,0.082629
1342300,0.126761,0.082629
1342400,0.135211,0.082629
1342500,0.138967,0.082629
1342600,0.131455,0.082629
1342700,0.123944,0.082629
1342800,0.125822,0.082629
1342900,0.133333,0.082629
1343000,0.123944,0.082629
1343100,0.130516,0.082629
1343200,0.129577,0.082629
1343300,0.140845,0.082629
1343400,0.138028,0.082629
1343500,0.128638,0.082629
1343600,0.118310,0.082629
1343700,0.116432,0.082629
1343800,0.118310,0.082629
1343900,0.124883,0.082629
1344000,0.125822,0.082629
1344100,0.115493,0.082629
1344200,0.120188,0.082629
1344300,0.139906,0.082629
1344400,0.131455,0.082629
1344500,0.123944,0.082629
1344600,0.112676,0.082629
1344700,0.118310,0.082629
1344800,0.110798,0.082629
1344900,0.116432,0.082629
1345000,0.123005,0.082629
1345100,0.114554,0.082629
1345200,0.127700,0.082629
1345300,0.134272,0.082629
1345400,0.116432,0.082629
1345500,0.146479,0.082629
1345600,0.139906,0.082629
1345700,0.147418,0.082629
1345800,0.134272,0.082629
1345900,0.121127,0.082629
1346000,0.138967,0.082629
1346100,0.131455,0.082629
1346200,0.127700,0.082629
1346300,0.113615,0.082629
1346400,0.128638,0.082629
1346500,0.116432,0.082629
1346600,0.124883,0.082629
1346700,0.135211,0.082629
1346800,0.116432,0.082629
1346900,0.128638,0.082629
1347000,0.115493,0.082629
1347100,0.124883,0.082629
1347200,0.121127,0.082629
1347300,0.145540,0.082629
1347400,0.139906,0.082629
1347500,0.135211,0.082629
1347600,0.136150,0.082629
1347700,0.123944,0.082629
1347800,0.106103,0.082629
1347900,0.115493,0.082629
1348000,0.131455,0.082629
1348100,0.124883,0.082629
1348200,0.121127,0.082629
1348300,0.133333,0.082629
1348400,0.135211,0.082629
1348500,0.129577,0.082629
1348600,0.102347,0.082629
1348700,0.128638,0.082629
1348800,0.127700,0.082629
1348900,0.119249,0.082629
1349000,0.123005,0.082629
1349100,0.138028,0.082629
1349200,0.130516,0.082629
1349300,0.110798,0.082629
1349400,0.140845,0.082629
1349500,0.134272,0.082629
1349600,0.134272,0.082629
1349700,0.135211,0.082629
1349800,0.119249,0.082629
1349900,0.155869,0.082629
1350000,0.138028,0.082629
1350100,0.127700,0.082629
1350200,0.122066,0.082629
1350300,0.118310,0.082629
1350400,0.135211,0.082629
1350500,0.117371,0.082629
1350600,0.111737,0.082629
1350700,0.120188,0.082629
1350800,0.111737,0.082629
1350900,0.107042,0.082629
1351000,0.118310,0.082629
1351100,0.113615,0.082629
1351200,0.102347,0.082629
1351300,0.117371,0.082629
1351400,0.105164,0.082629
1351500,0.114554,0.082629
1351600,0.127700,0.082629
1351700,0.107981,0.082629
1351800,0.119249,0.082629
1351900,0.128638,0.082629
1352000,0.138967,0.082629
1352100,0.119249,0.082629
1352200,0.137089,0.082629
1352300,0.130516,0.082629
1352400,0.128638,0.082629
1352500,0.128638,0.082629
1352600,0.131455,0.082629
1352700,0.108920,0.082629
1352800,0.128638,0.082629
1352900,0.120188,0.082629
1353000,0.114554,0.082629
1353100,0.104225,0.082629
1353200,0.113615,0.082629
1353300,0.142723,0.082629
1353400,0.123944,0.082629
1353500,0.133333,0.082629
1353600,0.130516,0.082629
1353700,0.133333,0.082629
1353800,0.115493,0.082629
1353900,0.112676,0.082629
1354000,0.113615,0.082629
1354100,0.113615,0.082629
1354200,0.126761,0.082629
1354300,0.131455,0.082629
1354400,0.129577,0.082629
1354500,0.110798,0.082629
1354600,0.118310,0.082629
1354700,0.133333,0.082629
1354800,0.109859,0.082629
1354900,0.118310,0.082629
1355000,0.122066,0.082629
1355100,0.123005,0.082629
1355200,0.131455,0.082629
1355300,0.129577,0.082629
1355400,0.120188,0.082629
1355500,0.126761,0.082629
1355600,0.128638,0.082629
1355700,0.132394,0.082629
1355800,0.145540,0.082629
1355900,0.142723,0.082629
1356000,0.123005,0.082629
1356100,0.145540,0.082629
1356200,0.137089,0.082629
1356300,0.117371,0.082629
1356400,0.124883,0.082629
1356500,0.114554,0.082629
1356600,0.116432,0.082629
1356700,0.116432,0.082629
1356800,0.126761,0.082629
1356900,0.106103,0.082629
1357000,0.129577,0.082629
1357100,0.115493,0.082629
1357200,0.122066,0.082629
1357300,0.137089,0.082629
1357400,0.119249,0.082629
1357500,0.127700,0.082629
1357600,0.126761,0.082629
1357700,0.131455,0.082629
1357800,0.131455,0.082629
1357900,0.105164,0.082629
1358000,0.117371,0.082629
1358100,0.132394,0.082629
1358200,0.123944,0.082629
1358300,0.120188,0.082629
1358400,0.110798,0.082629
1358500,0.114554,0.082629
1358600,0.135211,0.082629
1358700,0.128638,0.082629
1358800,0.121127,0.082629
1358900,0.126761,0.082629
1359000,0.135211,0.082629
1359100,0.125822,0.082629
1359200,0.118310,0.082629
1359300,0.115493,0.082629
1359400,0.111737,0.082629
1359500,0.114554,0.082629
1359600,0.117371,0.082629
1359700,0.130516,0.082629
1359800,0.143662,0.082629
1359900,0.150235,0.082629
1360000,0.132394,0.082629
1360100,0.105164,0.082629
1360200,0.113615,0.082629
1360300,0.142723,0.082629
1360400,0.133333,0.082629
1360500,0.120188,0.082629
1360600,0.117371,0.082629
1360700,0.127700,0.082629
1360800,0.126761,0.082629
1360900,0.123005,0.082629
1361000,0.135211,0.082629
1361100,0.126761,0.082629
1361200,0.112676,0.082629
1361300,0.102347,0.082629
1361400,0.116432,0.082629
1361500,0.124883,0.082629
1361600,0.110798,0.082629
1361700,0.120188,0.082629
1361800,0.104225,0.082629
1361900,0.123944,0.082629
1362000,0.120188,0.082629
1362100,0.118310,0.082629
1362200,0.131455,0.082629
1362300,0.142723,0.082629
1362400,0.136150,0.082629
1362500,0.113615,0.082629
1362600,0.118310,0.082629
1362700,0.132394,0.082629
1362800,0.121127,0.082629
1362900,0.142723,0.082629
1363000,0.127700,0.082629
1363100,0.149296,0.082629
1363200,0.131455,0.082629
1363300,0.138028,0.082629
1363400,0.122066,0.082629
1363500,0.129577,0.082629
1363600,0.137089,0.082629
1363700,0.131455,0.082629
1363800,0.136150,0.082629
1363900,0.141784,0.082629
1364000,0.136150,0.082629
1364100,0.136150,0.082629
1364200,0.133333,0.082629
1364300,0.134272,0.082629
1364400,0.148357,0.082629
1364500,0.140845,0.082629
1364600,0.120188,0.082629
1364700,0.133333,0.082629
1364800,0.151174,0.082629
1364900,0.148357,0.082629
1365000,0.131455,0.082629
1365100,0.105164,0.082629
1365200,0.130516,0.082629
1365300,0.125822,0.082629
1365400,0.126761,0.082629
1365500,0.124883,0.082629
1365600,0.127700,0.082629
1365700,0.128638,0.082629
1365800,0.132394,0.082629
1365900,0.134272,0.082629
1366000,0.134272,0.082629
1366100,0.131455,0.082629
1366200,0.125822,0.082629
1366300,0.129577,0.082629
1366400,0.134272,0.082629
1366500,0.130516,0.082629
1366600,0.121127,0.082629
1366700,0.130516,0.082629
1366800,0.126761,0.082629
1366900,0.113615,0.082629
1367000,0.114554,0.082629
1367100,0.111737,0.082629
1367200,0.134272,0.082629
1367300,0.126761,0.082629
1367400,0.122066,0.082629
1367500,0.132394,0.082629
1367600,0.122066,0.082629
1367700,0.124883,0.082629
1367800,0.111737,0.082629
1367900,0.103286,0.082629
1368000,0.113615,0.082629
1368100,0.119249,0.082629
1368200,0.123005,0.082629
1368300,0.129577,0.082629
1368400,0.120188,0.082629
1368500,0.124883,0.082629
1368600,0.125822,0.082629
1368700,0.127700,0.082629
1368800,0.121127,0.082629
1368900,0.124883,0.082629
1369000,0.118310,0.082629
1369100,0.120188,0.082629
1369200,0.109859,0.082629
1369300,0.103286,0.082629
1369400,0.113615,0.082629
1369500,0.114554,0.082629
1369600,0.121127,0.082629
1369700,0.117371,0.082629
1369800,0.118310,0.082629
1369900,0.138028,0.082629
1370000,0.116432,0.082629
1370100,0.126761,0.082629
1370200,0.115493,0.082629
1370300,0.127700,0.082629
1370400,0.124883,0.082629
1370500,0.107042,0.082629
1370600,0.108920,0.082629
1370700,0.111737,0.082629
1370800,0.107042,0.082629
1370900,0.106103,0.082629
1371000,0.120188,0.082629
1371100,0.123005,0.082629
1371200,0.118310,0.082629
1371300,0.135211,0.082629
1371400,0.132394,0.082629
1371500,0.132394,0.082629
1371600,0.121127,0.082629
1371700,0.135211,0.082629
1371800,0.126761,0.082629
1371900,0.129577,0.082629
1372000,0.118310,0.082629
1372100,0.118310,0.082629
1372200,0.126761,0.082629
1372300,0.119249,0.082629
1372400,0.125822,0.082629
1372500,0.123944,0.082629
1372600,0.108920,0.082629
1372700,0.123005,0.082629
1372800,0.124883,0.082629
1372900,0.138028,0.082629
1373000,0.129577,0.082629
1373100,0.144601,0.082629
1373200,0.107981,0.082629
1373300,0.118310,0.082629
1373400,0.123944,0.082629
1373500,0.128638,0.082629
1373600,0.131455,0.082629
1373700,0.124883,0.082629
1373800,0.125822,0.082629
1373900,0.135211,0.082629
1374000,0.114554,0.082629
1374100,0.142723,0.082629
1374200,0.133333,0.082629
1374300,0.123944,0.082629
1374400,0.105164,0.082629
1374500,0.129577,0.082629
1374600,0.135211,0.082629
1374700,0.137089,0.082629
1374800,0.126761,0.082629
1374900,0.118310,0.082629
1375000,0.127700,0.082629
1375100,0.115493,0.082629
1375200,0.117371,0.082629
1375300,0.131455,0.082629
1375400,0.141784,0.082629
1375500,0.131455,0.082629
1375600,0.121127,0.082629
1375700,0.124883,0.082629
1375800,0.110798,0.082629
1375900,0.107981,0.082629
1376000,0.107042,0.082629
1376100,0.111737,0.082629
1376200,0.123944,0.082629
1376300,0.139906,0.082629
1376400,0.140845,0.082629
1376500,0.145540,0.082629
1376600,0.137089,0.082629
1376700,0.108920,0.082629
1376800,0.123944,0.082629
1376900,0.109859,0.082629
1377000,0.111737,0.082629
1377100,0.110798,0.082629
1377200,0.137089,0.082629
1377300,0.155869,0.082629
1377400,0.122066,0.082629
1377500,0.123944,0.082629
1377600,0.133333,0.082629
1377700,0.135211,0.082629
1377800,0.124883,0.082629
1377900,0.129577,0.082629
1378000,0.135211,0.082629
1378100,0.140845,0.082629
1378200,0.132394,0.082629
1378300,0.125822,0.082629
1378400,0.127700,0.082629
1378500,0.128638,0.082629
1378600,0.134272,0.082629
1378700,0.117371,0.082629
1378800,0.142723,0.082629
1378900,0.116432,0.082629
1379000,0.134272,0.082629
1379100,0.126761,0.082629
1379200,0.109859,0.082629
1379300,0.123005,0.082629
1379400,0.124883,0.082629
1379500,0.134272,0.082629
1379600,0.124883,0.082629
1379700,0.116432,0.082629
1379800,0.129577,0.082629
1379900,0.123944,0.082629
1380000,0.128638,0.082629
1380100,0.123005,0.082629
1380200,0.109859,0.082629
1380300,0.119249,0.082629
1380400,0.126761,0.082629
1380500,0.143662,0.082629
1380600,0.133333,0.082629
1380700,0.119249,0.082629
1380800,0.139906,0.082629
1380900,0.120188,0.082629
1381000,0.128638,0.082629
1381100,0.125822,0.082629
1381200,0.129577,0.082629
1381300,0.116432,0.082629
1381400,0.118310,0.082629
1381500,0.134272,0.082629
1381600,0.120188,0.082629
1381700,0.131455,0.082629
1381800,0.132394,0.082629
1381900,0.109859,0.082629
1382000,0.136150,0.082629
1382100,0.120188,0.082629
1382200,0.110798,0.082629
1382300,0.119249,0.082629
1382400,0.123944,0.082629
1382500,0.116432,0.082629
1382600,0.096714,0.082629
1382700,0.129577,0.082629
1382800,0.121127,0.082629
1382900,0.122066,0.082629
1383000,0.147418,0.082629
1383100,0.142723,0.082629
1383200,0.138967,0.082629
1383300,0.135211,0.082629
1383400,0.119249,0.082629
1383500,0.128638,0.082629
1383600,0.127700,0.082629
1383700,0.125822,0.082629
1383800,0.138028,0.082629
1383900,0.131455,0.082629
1384000,0.134272,0.082629
1384100,0.124883,0.082629
1384200,0.130516,0.082629
1384300,0.120188,0.082629
1384400,0.122066,0.082629
1384500,0.135211,0.082629
1384600,0.117371,0.082629
1384700,0.107042,0.082629
1384800,0.128638,0.082629
1384900,0.108920,0.082629
1385000,0.139906,0.082629
1385100,0.121127,0.082629
1385200,0.137089,0.082629
1385300,0.123944,0.082629
1385400,0.122066,0.082629
1385500,0.119249,0.082629
1385600,0.122066,0.082629
1385700,0.131455,0.082629
1385800,0.136150,0.082629
1385900,0.135211,0.082629
1386000,0.116432,0.082629
1386100,0.116432,0.082629
1386200,0.114554,0.082629
1386300,0.120188,0.082629
1386400,0.116432,0.082629
1386500,0.107042,0.082629
1386600,0.111737,0.082629
1386700,0.138028,0.082629
1386800,0.110798,0.082629
1386900,0.113615,0.082629
1387000,0.123005,0.082629
1387100,0.121127,0.082629
1387200,0.122066,0.082629
1387300,0.101408,0.082629
1387400,0.111737,0.082629
1387500,0.115493,0.082629
1387600,0.121127,0.082629
1387700,0.121127,0.082629
1387800,0.116432,0.082629
1387900,0.119249,0.082629
1388000,0.138028,0.082629
1388100,0.114554,0.082629
1388200,0.126761,0.082629
1388300,0.095775,0.082629
1388400,0.110798,0.082629
1388500,0.106103,0.082629
1388600,0.131455,0.082629
1388700,0.120188,0.082629
1388800,0.119249,0.082629
1388900,0.132394,0.082629
1389000,0.130516,0.082629
1389100,0.152113,0.082629
1389200,0.138967,0.082629
1389300,0.113615,0.082629
1389400,0.103286,0.082629
1389500,0.150235,0.082629
1389600,0.126761,0.082629
1389700,0.125822,0.082629
1389800,0.125822,0.082629
1389900,0.128638,0.082629
1390000,0.132394,0.082629
1390100,0.114554,0.082629
1390200,0.118310,0.082629
1390300,0.130516,0.082629
1390400,0.127700,0.082629
1390500,0.148357,0.082629
1390600,0.114554,0.082629
1390700,0.126761,0.082629
1390800,0.138967,0.082629
1390900,0.126761,0.082629
1391000,0.111737,0.082629
1391100,0.122066,0.082629
1391200,0.145540,0.082629
1391300,0.109859,0.082629
1391400,0.145540,0.082629
1391500,0.139906,0.082629
1391600,0.121127,0.082629
1391700,0.126761,0.082629
1391800,0.115493,0.082629
1391900,0.106103,0.082629
1392000,0.130516,0.082629
1392100,0.140845,0.082629
1392200,0.108920,0.082629
1392300,0.109859,0.082629
1392400,0.126761,0.082629
1392500,0.116432,0.082629
1392600,0.111737,0.082629
1392700,0.112676,0.082629
1392800,0.126761,0.082629
1392900,0.127700,0.082629
1393000,0.127700,0.082629
1393100,0.107981,0.082629
1393200,0.118310,0.082629
1393300,0.111737,0.082629
1393400,0.114554,0.082629
1393500,0.117371,0.082629
1393600,0.120188,0.082629
1393700,0.136150,0.082629
1393800,0.126761,0.082629
1393900,0.118310,0.082629
1394000,0.122066,0.082629
1394100,0.134272,0.082629
1394200,0.123944,0.082629
1394300,0.111737,0.082629
1394400,0.112676,0.082629
1394500,0.113615,0.082629
1394600,0.114554,0.082629
1394700,0.107042,0.082629
1394800,0.118310,0.082629
1394900,0.124883,0.082629
1395000,0.117371,0.082629
1395100,0.109859,0.082629
1395200,0.108920,0.082629
1395300,0.120188,0.082629
1395400,0.105164,0.082629
1395500,0.106103,0.082629
1395600,0.124883,0.082629
1395700,0.111737,0.082629
1395800,0.134272,0.082629
1395900,0.120188,0.082629
1396000,0.123005,0.082629
1396100,0.128638,0.082629
1396200,0.118310,0.082629
1396300,0.126761,0.082629
1396400,0.128638,0.082629
1396500,0.132394,0.082629
1396600,0.119249,0.082629
1396700,0.116432,0.082629
1396800,0.121127,0.082629
1396900,0.126761,0.082629
1397000,0.115493,0.082629
1397100,0.123944,0.082629
1397200,0.123005,0.082629
1397300,0.143662,0.082629
1397400,0.142723,0.082629
1397500,0.134272,0.082629
1397600,0.125822,0.082629
1397700,0.114554,0.082629
1397800,0.120188,0.082629
1397900,0.109859,0.082629
1398000,0.129577,0.082629
1398100,0.131455,0.082629
1398200,0.144601,0.082629
1398300,0.133333,0.082629
1398400,0.133333,0.082629
1398500,0.124883,0.082629
1398600,0.115493,0.082629
1398700,0.091080,0.082629
1398800,0.101408,0.082629
1398900,0.098592,0.082629
1399000,0.099531,0.082629
1399100,0.122066,0.082629
1399200,0.107042,0.082629
1399300,0.131455,0.082629
1399400,0.121127,0.082629
1399500,0.138028,0.082629
1399600,0.138967,0.082629
1399700,0.148357,0.082629
1399800,0.134272,0.082629
1399900,0.131455,0.082629
1400000,0.123944,0.082629
1400100,0.123944,0.082629
1400200,0.109859,0.082629
1400300,0.130516,0.082629
1400400,0.128638,0.082629
1400500,0.134272,0.082629
1400600,0.134272,0.082629
1400700,0.128638,0.082629
1400800,0.123944,0.082629
1400900,0.126761,0.082629
1401000,0.132394,0.082629
1401100,0.107981,0.082629
1401200,0.115493,0.082629
1401300,0.136150,0.082629
1401400,0.134272,0.082629
1401500,0.141784,0.082629
1401600,0.117371,0.082629
1401700,0.112676,0.082629
1401800,0.127700,0.082629
1401900,0.153991,0.082629
1402000,0.131455,0.082629
1402100,0.127700,0.082629
1402200,0.144601,0.082629
1402300,0.142723,0.082629
1402400,0.138028,0.082629
1402500,0.123944,0.082629
1402600,0.133333,0.082629
1402700,0.111737,0.082629
1402800,0.138967,0.082629
1402900,0.123944,0.082629
1403000,0.122066,0.082629
1403100,0.123944,0.082629
1403200,0.123005,0.082629
1403300,0.107981,0.082629
1403400,0.104225,0.082629
1403500,0.119249,0.082629
1403600,0.122066,0.082629
1403700,0.122066,0.082629
1403800,0.111737,0.082629
1403900,0.113615,0.082629
1404000,0.111737,0.082629
1404100,0.117371,0.082629
1404200,0.138967,0.082629
1404300,0.109859,0.082629
1404400,0.103286,0.082629
1404500,0.123005,0.082629
1404600,0.135211,0.082629
1404700,0.115493,0.082629
1404800,0.126761,0.082629
1404900,0.127700,0.082629
1405000,0.116432,0.082629
1405100,0.113615,0.082629
1405200,0.118310,0.082629
1405300,0.134272,0.082629
1405400,0.107042,0.082629
1405500,0.133333,0.082629
1405600,0.130516,0.082629
1405700,0.103286,0.082629
1405800,0.118310,0.082629
1405900,0.114554,0.082629
1406000,0.121127,0.082629
1406100,0.123005,0.082629
1406200,0.122066,0.082629
1406300,0.123005,0.082629
1406400,0.108920,0.082629
1406500,0.121127,0.082629
1406600,0.110798,0.082629
1406700,0.118310,0.082629
1406800,0.132394,0.082629
1406900,0.127700,0.082629
1407000,0.129577,0.082629
1407100,0.122066,0.082629
1407200,0.112676,0.082629
1407300,0.114554,0.082629
1407400,0.123005,0.082629
1407500,0.138028,0.082629
1407600,0.121127,0.082629
1407700,0.122066,0.082629
1407800,0.123944,0.082629
1407900,0.125822,0.082629
1408000,0.109859,0.082629
1408100,0.115493,0.082629
1408200,0.121127,0.082629
1408300,0.123944,0.082629
1408400,0.122066,0.082629
1408500,0.119249,0.082629
1408600,0.115493,0.082629
1408700,0.112676,0.082629
1408800,0.119249,0.082629
1408900,0.127700,0.082629
1409000,0.117371,0.082629
1409100,0.115493,0.082629
1409200,0.119249,0.082629
1409300,0.138967,0.082629
1409400,0.131455,0.082629
1409500,0.110798,0.082629
1409600,0.125822,0.082629
1409700,0.124883,0.082629
1409800,0.140845,0.082629
1409900,0.123005,0.082629
1410000,0.127700,0.082629
1410100,0.132394,0.082629
1410200,0.118310,0.082629
1410300,0.122066,0.082629
1410400,0.121127,0.082629
1410500,0.107042,0.082629
1410600,0.131455,0.082629
1410700,0.111737,0.082629
1410800,0.122066,0.082629
1410900,0.118310,0.082629
1411000,0.118310,0.082629
1411100,0.133333,0.082629
1411200,0.129577,0.082629
1411300,0.135211,0.082629
1411400,0.114554,0.082629
1411500,0.094836,0.082629
1411600,0.113615,0.082629
1411700,0.125822,0.082629
1411800,0.121127,0.082629
1411900,0.116432,0.082629
1412000,0.111737,0.082629
1412100,0.124883,0.082629
1412200,0.099531,0.082629
1412300,0.103286,0.082629
1412400,0.127700,0.082629
1412500,0.112676,0.082629
1412600,0.152113,0.082629
1412700,0.134272,0.082629
1412800,0.142723,0.082629
1412900,0.129577,0.082629
1413000,0.112676,0.082629
1413100,0.131455,0.082629
1413200,0.133333,0.082629
1413300,0.119249,0.082629
1413400,0.109859,0.082629
1413500,0.114554,0.082629
1413600,0.142723,0.082629
1413700,0.110798,0.082629
1413800,0.125822,0.082629
1413900,0.125822,0.082629
1414000,0.145540,0.082629
1414100,0.135211,0.082629
1414200,0.134272,0.082629
1414300,0.130516,0.082629
1414400,0.141784,0.082629
1414500,0.123944,0.082629
1414600,0.119249,0.082629
1414700,0.117371,0.082629
1414800,0.123005,0.082629
1414900,0.111737,0.082629
1415000,0.123005,0.082629
1415100,0.112676,0.082629
1415200,0.131455,0.082629
1415300,0.136150,0.082629
1415400,0.124883,0.082629
1415500,0.141784,0.082629
1415600,0.115493,0.082629
1415700,0.135211,0.082629
1415800,0.126761,0.082629
1415900,0.124883,0.082629
1416000,0.148357,0.082629
1416100,0.128638,0.082629
1416200,0.124883,0.082629
1416300,0.121127,0.082629
1416400,0.131455,0.082629
1416500,0.137089,0.082629
1416600,0.130516,0.082629
1416700,0.115493,0.082629
1416800,0.107042,0.082629
1416900,0.110798,0.082629
1417000,0.117371,0.082629
1417100,0.127700,0.082629
1417200,0.112676,0.082629
1417300,0.099531,0.082629
1417400,0.117371,0.082629
1417500,0.125822,0.082629
1417600,0.111737,0.082629
1417700,0.119249,0.082629
1417800,0.129577,0.082629
1417900,0.115493,0.082629
1418000,0.128638,0.082629
1418100,0.132394,0.082629
1418200,0.126761,0.082629
1418300,0.133333,0.082629
1418400,0.113615,0.082629
1418500,0.129577,0.082629
1418600,0.119249,0.082629
1418700,0.120188,0.082629
1418800,0.120188,0.082629
1418900,0.114554,0.082629
1419000,0.127700,0.082629
1419100,0.119249,0.082629
1419200,0.123944,0.082629
1419300,0.117371,0.082629
1419400,0.121127,0.082629
1419500,0.115493,0.082629
1419600,0.132394,0.082629
1419700,0.127700,0.082629
1419800,0.121127,0.082629
1419900,0.129577,0.082629
1420000,0.139906,0.082629
1420100,0.142723,0.082629
1420200,0.128638,0.082629
1420300,0.138967,0.082629
1420400,0.114554,0.082629
1420500,0.123005,0.082629
1420600,0.133333,0.082629
1420700,0.136150,0.082629
1420800,0.123944,0.082629
1420900,0.136150,0.082629
1421000,0.118310,0.082629
1421100,0.140845,0.082629
1421200,0.131455,0.082629
1421300,0.111737,0.082629
1421400,0.111737,0.082629
1421500,0.109859,0.082629
1421600,0.121127,0.082629
1421700,0.128638,0.082629
1421800,0.130516,0.082629
1421900,0.125822,0.082629
1422000,0.117371,0.082629
1422100,0.149296,0.082629
1422200,0.127700,0.082629
1422300,0.136150,0.082629
1422400,0.134272,0.082629
1422500,0.125822,0.082629
1422600,0.127700,0.082629
1422700,0.142723,0.082629
1422800,0.143662,0.082629
1422900,0.123944,0.082629
1423000,0.127700,0.082629
1423100,0.134272,0.082629
1423200,0.115493,0.082629
1423300,0.115493,0.082629
1423400,0.111737,0.082629
1423500,0.143662,0.082629
1423600,0.136150,0.082629
1423700,0.147418,0.082629
1423800,0.138028,0.082629
1423900,0.143662,0.082629
1424000,0.141784,0.082629
1424100,0.138967,0.082629
1424200,0.128638,0.082629
1424300,0.123005,0.082629
1424400,0.122066,0.082629
1424500,0.135211,0.082629
1424600,0.114554,0.082629
1424700,0.126761,0.082629
1424800,0.138967,0.082629
1424900,0.131455,0.082629
1425000,0.124883,0.082629
1425100,0.117371,0.082629
1425200,0.123005,0.082629
1425300,0.120188,0.082629
1425400,0.124883,0.082629
1425500,0.138028,0.082629
1425600,0.106103,0.082629
1425700,0.104225,0.082629
1425800,0.104225,0.082629
1425900,0.119249,0.082629
1426000,0.129577,0.082629
1426100,0.107981,0.082629
1426200,0.101408,0.082629
1426300,0.108920,0.082629
1426400,0.105164,0.082629
1426500,0.114554,0.082629
1426600,0.118310,0.082629
1426700,0.119249,0.082629
1426800,0.124883,0.082629
1426900,0.130516,0.082629
1427000,0.136150,0.082629
1427100,0.145540,0.082629
1427200,0.116432,0.082629
1427300,0.116432,0.082629
1427400,0.121127,0.082629
1427500,0.121127,0.082629
1427600,0.126761,0.082629
1427700,0.121127,0.082629
1427800,0.117371,0.082629
1427900,0.117371,0.082629
1428000,0.131455,0.082629
1428100,0.129577,0.082629
1428200,0.124883,0.082629
1428300,0.118310,0.082629
1428400,0.115493,0.082629
1428500,0.134272,0.082629
1428600,0.127700,0.082629
1428700,0.120188,0.082629
1428800,0.121127,0.082629
1428900,0.128638,0.082629
1429000,0.122066,0.082629
1429100,0.134272,0.082629
1429200,0.140845,0.082629
1429300,0.141784,0.082629
1429400,0.113615,0.082629
1429500,0.124883,0.082629
1429600,0.094836,0.082629
1429700,0.120188,0.082629
1429800,0.106103,0.082629
1429900,0.121127,0.082629
1430000,0.122066,0.082629
1430100,0.123944,0.082629
1430200,0.117371,0.082629
1430300,0.129577,0.082629
1430400,0.143662,0.082629
1430500,0.124883,0.082629
1430600,0.118310,0.082629
1430700,0.119249,0.082629
1430800,0.123005,0.082629
1430900,0.117371,0.082629
1431000,0.113615,0.082629
1431100,0.130516,0.082629
1431200,0.115493,0.082629
1431300,0.142723,0.082629
1431400,0.132394,0.082629
1431500,0.114554,0.082629
1431600,0.117371,0.082629
1431700,0.114554,0.082629
1431800,0.120188,0.082629
1431900,0.125822,0.082629
1432000,0.138967,0.082629
1432100,0.109859,0.082629
1432200,0.116432,0.082629
1432300,0.123005,0.082629
1432400,0.132394,0.082629
1432500,0.137089,0.082629
1432600,0.139906,0.082629
1432700,0.112676,0.082629
1432800,0.122066,0.082629
1432900,0.123005,0.082629
1433000,0.140845,0.082629
1433100,0.123005,0.082629
1433200,0.136150,0.082629
1433300,0.116432,0.082629
1433400,0.127700,0.082629
1433500,0.127700,0.082629
1433600,0.129577,0.082629
1433700,0.108920,0.082629
1433800,0.105164,0.082629
1433900,0.115493,0.082629
1434000,0.107981,0.082629
1434100,0.117371,0.082629
1434200,0.125822,0.082629
1434300,0.098592,0.082629
1434400,0.117371,0.082629
1434500,0.123944,0.082629
1434600,0.123005,0.082629
1434700,0.138967,0.082629
1434800,0.103286,0.082629
1434900,0.110798,0.082629
1435000,0.123005,0.082629
1435100,0.138028,0.082629
1435200,0.142723,0.082629
1435300,0.138967,0.082629
1435400,0.129577,0.082629
1435500,0.109859,0.082629
1435600,0.129577,0.082629
1435700,0.124883,0.082629
1435800,0.115493,0.082629
1435900,0.114554,0.082629
1436000,0.123005,0.082629
1436100,0.113615,0.082629
1436200,0.107981,0.082629
1436300,0.130516,0.082629
1436400,0.131455,0.082629
1436500,0.107981,0.082629
1436600,0.114554,0.082629
1436700,0.125822,0.082629
1436800,0.102347,0.082629
1436900,0.098592,0.082629
1437000,0.098592,0.082629
1437100,0.130516,0.082629
1437200,0.118310,0.082629
1437300,0.124883,0.082629
1437400,0.104225,0.082629
1437500,0.120188,0.082629
1437600,0.120188,0.082629
1437700,0.127700,0.082629
1437800,0.120188,0.082629
1437900,0.136150,0.082629
1438000,0.142723,0.082629
1438100,0.119249,0.082629
1438200,0.114554,0.082629
1438300,0.123944,0.082629
1438400,0.109859,0.082629
1438500,0.115493,0.082629
1438600,0.135211,0.082629
1438700,0.122066,0.082629
1438800,0.129577,0.082629
1438900,0.142723,0.082629
1439000,0.150235,0.082629
1439100,0.127700,0.082629
1439200,0.132394,0.082629
1439300,0.115493,0.082629
1439400,0.115493,0.082629
1439500,0.126761,0.082629
1439600,0.107981,0.082629
1439700,0.105164,0.082629
1439800,0.123944,0.082629
1439900,0.126761,0.082629
1440000,0.127700,0.082629
1440100,0.132394,0.082629
1440200,0.120188,0.082629
1440300,0.136150,0.082629
1440400,0.115493,0.082629
1440500,0.138028,0.082629
1440600,0.125822,0.082629
1440700,0.132394,0.082629
1440800,0.127700,0.082629
1440900,0.127700,0.082629
1441000,0.114554,0.082629
1441100,0.124883,0.082629
1441200,0.128638,0.082629
1441300,0.130516,0.082629
1441400,0.113615,0.082629
1441500,0.131455,0.082629
1441600,0.134272,0.082629
1441700,0.119249,0.082629
1441800,0.132394,0.082629
1441900,0.131455,0.082629
1442000,0.112676,0.082629
1442100,0.109859,0.082629
1442200,0.118310,0.082629
1442300,0.146479,0.082629
1442400,0.119249,0.082629
1442500,0.128638,0.082629
1442600,0.129577,0.082629
1442700,0.138967,0.082629
1442800,0.123005,0.082629
1442900,0.114554,0.082629
1443000,0.120188,0.082629
1443100,0.108920,0.082629
1443200,0.113615,0.082629
1443300,0.118310,0.082629
1443400,0.111737,0.082629
1443500,0.106103,0.082629
1443600,0.123005,0.082629
1443700,0.123005,0.082629
1443800,0.123944,0.082629
1443900,0.133333,0.082629
1444000,0.130516,0.082629
1444100,0.121127,0.082629
1444200,0.124883,0.082629
1444300,0.117371,0.082629
1444400,0.126761,0.082629
1444500,0.140845,0.082629
1444600,0.133333,0.082629
1444700,0.137089,0.082629
1444800,0.132394,0.082629
1444900,0.097653,0.082629
1445000,0.116432,0.082629
1445100,0.120188,0.082629
1445200,0.115493,0.082629
1445300,0.121127,0.082629
1445400,0.113615,0.082629
1445500,0.124883,0.082629
1445600,0.123944,0.082629
1445700,0.136150,0.082629
1445800,0.117371,0.082629
1445900,0.123005,0.082629
1446000,0.112676,0.082629
1446100,0.109859,0.082629
1446200,0.122066,0.082629
1446300,0.135211,0.082629
1446400,0.122066,0.082629
1446500,0.122066,0.082629
1446600,0.117371,0.082629
1446700,0.118310,0.082629
1446800,0.119249,0.082629
1446900,0.109859,0.082629
1447000,0.105164,0.082629
1447100,0.138028,0.082629
1447200,0.133333,0.082629
1447300,0.144601,0.082629
1447400,0.122066,0.082629
1447500,0.121127,0.082629
1447600,0.116432,0.082629
1447700,0.125822,0.082629
1447800,0.118310,0.082629
1447900,0.115493,0.082629
1448000,0.126761,0.082629
1448100,0.135211,0.082629
1448200,0.130516,0.082629
1448300,0.122066,0.082629
1448400,0.118310,0.082629
1448500,0.117371,0.082629
1448600,0.121127,0.082629
1448700,0.120188,0.082629
1448800,0.114554,0.082629
1448900,0.113615,0.082629
1449000,0.111737,0.082629
1449100,0.127700,0.082629
1449200,0.123944,0.082629
1449300,0.124883,0.082629
1449400,0.138028,0.082629
1449500,0.141784,0.082629
1449600,0.123005,0.082629
1449700,0.114554,0.082629
1449800,0.131455,0.082629
1449900,0.132394,0.082629
1450000,0.123944,0.082629
1450100,0.125822,0.082629
1450200,0.141784,0.082629
1450300,0.120188,0.082629
1450400,0.116432,0.082629
1450500,0.121127,0.082629
1450600,0.113615,0.082629
1450700,0.125822,0.082629
1450800,0.117371,0.082629
1450900,0.117371,0.082629
1451000,0.120188,0.082629
1451100,0.119249,0.082629
1451200,0.110798,0.082629
1451300,0.129577,0.082629
1451400,0.123005,0.082629
1451500,0.112676,0.082629
1451600,0.116432,0.082629
1451700,0.132394,0.082629
1451800,0.115493,0.082629
1451900,0.107042,0.082629
1452000,0.120188,0.082629
1452100,0.129577,0.082629
1452200,0.110798,0.082629
1452300,0.114554,0.082629
1452400,0.125822,0.082629
1452500,0.123944,0.082629
1452600,0.117371,0.082629
1452700,0.106103,0.082629
1452800,0.105164,0.082629
1452900,0.120188,0.082629
1453000,0.123005,0.082629
1453100,0.113615,0.082629
1453200,0.121127,0.082629
1453300,0.111737,0.082629
1453400,0.110798,0.082629
1453500,0.119249,0.082629
1453600,0.126761,0.082629
1453700,0.118310,0.082629
1453800,0.125822,0.082629
1453900,0.127700,0.082629
1454000,0.135211,0.082629
1454100,0.125822,0.082629
1454200,0.150235,0.082629
1454300,0.144601,0.082629
1454400,0.137089,0.082629
1454500,0.122066,0.082629
1454600,0.134272,0.082629
1454700,0.116432,0.082629
1454800,0.128638,0.082629
1454900,0.118310,0.082629
1455000,0.114554,0.082629
1455100,0.107042,0.082629
1455200,0.123944,0.082629
1455300,0.127700,0.082629
1455400,0.120188,0.082629
1455500,0.127700,0.082629
1455600,0.113615,0.082629
1455700,0.116432,0.082629
1455800,0.131455,0.082629
1455900,0.119249,0.082629
1456000,0.110798,0.082629
1456100,0.133333,0.082629
1456200,0.138967,0.082629
1456300,0.123944,0.082629
1456400,0.126761,0.082629
1456500,0.114554,0.082629
1456600,0.127700,0.082629
1456700,0.117371,0.082629
1456800,0.124883,0.082629
1456900,0.125822,0.082629
1457000,0.125822,0.082629
1457100,0.132394,0.082629
1457200,0.138028,0.082629
1457300,0.140845,0.082629
1457400,0.126761,0.082629
1457500,0.138967,0.082629
1457600,0.123944,0.082629
1457700,0.124883,0.082629
1457800,0.113615,0.082629
1457900,0.146479,0.082629
1458000,0.142723,0.082629
1458100,0.136150,0.082629
1458200,0.127700,0.082629
1458300,0.125822,0.082629
1458400,0.124883,0.082629
1458500,0.126761,0.082629
1458600,0.115493,0.082629
1458700,0.107042,0.082629
1458800,0.142723,0.082629
1458900,0.122066,0.082629
1459000,0.123944,0.082629
1459100,0.132394,0.082629
1459200,0.118310,0.082629
1459300,0.130516,0.082629
1459400,0.125822,0.082629
1459500,0.114554,0.082629
1459600,0.123944,0.082629
1459700,0.123944,0.082629
1459800,0.135211,0.082629
1459900,0.127700,0.082629
1460000,0.121127,0.082629
1460100,0.129577,0.082629
1460200,0.137089,0.082629
1460300,0.134272,0.082629
1460400,0.123005,0.082629
1460500,0.138028,0.082629
1460600,0.142723,0.082629
1460700,0.120188,0.082629
1460800,0.125822,0.082629
1460900,0.125822,0.082629
1461000,0.106103,0.082629
1461100,0.122066,0.082629
1461200,0.115493,0.082629
1461300,0.126761,0.082629
1461400,0.124883,0.082629
1461500,0.113615,0.082629
1461600,0.126761,0.082629
1461700,0.121127,0.082629
1461800,0.122066,0.082629
1461900,0.114554,0.082629
1462000,0.120188,0.082629
1462100,0.132394,0.082629
1462200,0.138028,0.082629
1462300,0.133333,0.082629
1462400,0.137089,0.082629
1462500,0.140845,0.082629
1462600,0.118310,0.082629
1462700,0.128638,0.082629
1462800,0.117371,0.082629
1462900,0.114554,0.082629
1463000,0.143662,0.082629
1463100,0.143662,0.082629
1463200,0.154930,0.082629
1463300,0.129577,0.082629
1463400,0.120188,0.082629
1463500,0.128638,0.082629
1463600,0.114554,0.082629
1463700,0.126761,0.082629
1463800,0.132394,0.082629
1463900,0.132394,0.082629
1464000,0.129577,0.082629
1464100,0.144601,0.082629
1464200,0.123944,0.082629
1464300,0.124883,0.082629
1464400,0.104225,0.082629
1464500,0.115493,0.082629
1464600,0.113615,0.082629
1464700,0.123005,0.082629
1464800,0.122066,0.082629
1464900,0.129577,0.082629
1465000,0.113615,0.082629
1465100,0.150235,0.082629
1465200,0.138028,0.082629
1465300,0.128638,0.082629
1465400,0.119249,0.082629
1465500,0.130516,0.082629
1465600,0.138967,0.082629
1465700,0.130516,0.082629
1465800,0.114554,0.082629
1465900,0.125822,0.082629
1466000,0.121127,0.082629
1466100,0.115493,0.082629
1466200,0.121127,0.082629
1466300,0.123944,0.082629
1466400,0.128638,0.082629
1466500,0.138028,0.082629
1466600,0.125822,0.082629
1466700,0.149296,0.082629
1466800,0.151174,0.082629
1466900,0.121127,0.082629
1467000,0.109859,0.082629
1467100,0.117371,0.082629
1467200,0.120188,0.082629
1467300,0.107042,0.082629
1467400,0.105164,0.082629
1467500,0.084507,0.082629
1467600,0.125822,0.081690
1467700,0.113615,0.081690
1467800,0.133333,0.081690
1467900,0.125822,0.081690
1468000,0.130516,0.081690
1468100,0.112676,0.081690
1468200,0.108920,0.081690
1468300,0.110798,0.081690
1468400,0.110798,0.081690
1468500,0.120188,0.081690
1468600,0.124883,0.081690
1468700,0.136150,0.081690
1468800,0.116432,0.081690
1468900,0.103286,0.081690
1469000,0.116432,0.081690
1469100,0.138967,0.081690
1469200,0.116432,0.081690
1469300,0.116432,0.081690
1469400,0.115493,0.081690
1469500,0.119249,0.081690
1469600,0.117371,0.081690
1469700,0.126761,0.081690
1469800,0.134272,0.081690
1469900,0.110798,0.081690
1470000,0.123944,0.081690
1470100,0.120188,0.081690
1470200,0.116432,0.081690
1470300,0.137089,0.081690
1470400,0.122066,0.081690
1470500,0.136150,0.081690
1470600,0.120188,0.081690
1470700,0.141784,0.081690
1470800,0.128638,0.081690
1470900,0.106103,0.081690
1471000,0.135211,0.081690
1471100,0.118310,0.081690
1471200,0.124883,0.081690
1471300,0.113615,0.081690
1471400,0.121127,0.081690
1471500,0.121127,0.081690
1471600,0.119249,0.081690
1471700,0.121127,0.081690
1471800,0.119249,0.081690
1471900,0.118310,0.081690
1472000,0.132394,0.081690
1472100,0.150235,0.081690
1472200,0.131455,0.081690
1472300,0.127700,0.081690
1472400,0.132394,0.081690
1472500,0.124883,0.081690
1472600,0.118310,0.081690
1472700,0.132394,0.081690
1472800,0.135211,0.081690
1472900,0.133333,0.081690
1473000,0.107981,0.081690
1473100,0.127700,0.081690
1473200,0.119249,0.081690
1473300,0.109859,0.081690
1473400,0.123944,0.081690
1473500,0.127700,0.081690
1473600,0.137089,0.081690
1473700,0.121127,0.081690
1473800,0.123944,0.081690
1473900,0.108920,0.081690
1474000,0.118310,0.081690
1474100,0.144601,0.081690
1474200,0.126761,0.081690
1474300,0.111737,0.081690
1474400,0.124883,0.081690
1474500,0.124883,0.081690
1474600,0.116432,0.081690
1474700,0.118310,0.081690
1474800,0.123005,0.081690
1474900,0.121127,0.081690
1475000,0.121127,0.081690
1475100,0.125822,0.081690
1475200,0.114554,0.081690
1475300,0.120188,0.081690
1475400,0.101408,0.081690
1475500,0.123944,0.081690
1475600,0.115493,0.081690
1475700,0.138028,0.081690
1475800,0.126761,0.081690
1475900,0.134272,0.081690
1476000,0.138028,0.081690
1476100,0.132394,0.081690
1476200,0.143662,0.081690
1476300,0.143662,0.081690
1476400,0.111737,0.081690
1476500,0.143662,0.081690
1476600,0.123944,0.081690
1476700,0.129577,0.081690
1476800,0.124883,0.081690
1476900,0.129577,0.081690
1477000,0.130516,0.081690
1477100,0.107042,0.081690
1477200,0.128638,0.081690
1477300,0.127700,0.081690
1477400,0.123005,0.081690
1477500,0.130516,0.081690
1477600,0.124883,0.081690
1477700,0.123005,0.081690
1477800,0.142723,0.081690
1477900,0.125822,0.081690
1478000,0.133333,0.081690
1478100,0.123005,0.081690
1478200,0.130516,0.081690
1478300,0.134272,0.081690
1478400,0.131455,0.081690
1478500,0.138028,0.081690
1478600,0.134272,0.081690
1478700,0.140845,0.081690
1478800,0.121127,0.081690
1478900,0.117371,0.081690
1479000,0.136150,0.081690
1479100,0.118310,0.081690
1479200,0.116432,0.081690
1479300,0.117371,0.081690
1479400,0.130516,0.081690
1479500,0.112676,0.081690
1479600,0.113615,0.081690
1479700,0.120188,0.081690
1479800,0.116432,0.081690
1479900,0.104225,0.081690
1480000,0.118310,0.081690
1480100,0.127700,0.081690
1480200,0.122066,0.081690
1480300,0.110798,0.081690
1480400,0.113615,0.081690
1480500,0.136150,0.081690
1480600,0.113615,0.081690
1480700,0.114554,0.081690
1480800,0.116432,0.081690
1480900,0.130516,0.081690
1481000,0.101408,0.081690
1481100,0.126761,0.081690
1481200,0.135211,0.081690
1481300,0.124883,0.081690
1481400,0.126761,0.081690
1481500,0.126761,0.081690
1481600,0.115493,0.081690
1481700,0.133333,0.081690
1481800,0.134272,0.081690
1481900,0.130516,0.081690
1482000,0.128638,0.081690
1482100,0.119249,0.081690
1482200,0.123944,0.081690
1482300,0.123005,0.081690
1482400,0.114554,0.081690
1482500,0.114554,0.081690
1482600,0.127700,0.081690
1482700,0.121127,0.081690
1482800,0.112676,0.081690
1482900,0.138967,0.081690
1483000,0.136150,0.081690
1483100,0.127700,0.081690
1483200,0.147418,0.081690
1483300,0.125822,0.081690
1483400,0.124883,0.081690
1483500,0.114554,0.081690
1483600,0.131455,0.081690
1483700,0.127700,0.081690
1483800,0.131455,0.081690
1483900,0.132394,0.081690
1484000,0.123005,0.081690
1484100,0.124883,0.081690
1484200,0.118310,0.081690
1484300,0.127700,0.081690
1484400,0.112676,0.081690
1484500,0.110798,0.081690
1484600,0.114554,0.081690
1484700,0.123005,0.081690
1484800,0.113615,0.081690
1484900,0.111737,0.081690
1485000,0.112676,0.081690
1485100,0.140845,0.081690
1485200,0.143662,0.081690
1485300,0.136150,0.081690
1485400,0.128638,0.081690
1485500,0.125822,0.081690
1485600,0.117371,0.081690
1485700,0.131455,0.081690
1485800,0.132394,0.081690
1485900,0.131455,0.081690
1486000,0.135211,0.081690
1486100,0.119249,0.081690
1486200,0.130516,0.081690
1486300,0.122066,0.081690
1486400,0.128638,0.081690
1486500,0.121127,0.081690
1486600,0.129577,0.081690
1486700,0.135211,0.081690
1486800,0.143662,0.081690
1486900,0.109859,0.081690
1487000,0.127700,0.081690
1487100,0.134272,0.081690
1487200,0.109859,0.081690
1487300,0.116432,0.081690
1487400,0.124883,0.081690
1487500,0.124883,0.081690
1487600,0.133333,0.081690
1487700,0.126761,0.081690
1487800,0.138028,0.081690
1487900,0.149296,0.081690
1488000,0.134272,0.081690
1488100,0.125822,0.081690
1488200,0.113615,0.081690
1488300,0.107042,0.081690
1488400,0.123944,0.081690
1488500,0.105164,0.081690
1488600,0.103286,0.081690
1488700,0.135211,0.081690
1488800,0.125822,0.081690
1488900,0.135211,0.081690
1489000,0.144601,0.081690
1489100,0.130516,0.081690
1489200,0.123005,0.081690
1489300,0.138028,0.081690
1489400,0.129577,0.081690
1489500,0.135211,0.081690
1489600,0.122066,0.081690
1489700,0.121127,0.081690
1489800,0.123005,0.081690
1489900,0.128638,0.081690
1490000,0.123005,0.081690
1490100,0.142723,0.081690
1490200,0.136150,0.081690
1490300,0.134272,0.081690
1490400,0.107981,0.081690
1490500,0.116432,0.081690
1490600,0.128638,0.081690
1490700,0.116432,0.081690
1490800,0.114554,0.081690
1490900,0.123944,0.081690
1491000,0.119249,0.081690
1491100,0.126761,0.081690
1491200,0.120188,0.081690
1491300,0.124883,0.081690
1491400,0.133333,0.081690
1491500,0.127700,0.081690
1491600,0.110798,0.081690
1491700,0.118310,0.081690
1491800,0.115493,0.081690
1491900,0.119249,0.081690
1492000,0.122066,0.081690
1492100,0.122066,0.081690
1492200,0.136150,0.081690
1492300,0.107981,0.081690
1492400,0.116432,0.081690
1492500,0.136150,0.081690
1492600,0.122066,0.081690
1492700,0.110798,0.081690
1492800,0.135211,0.081690
1492900,0.132394,0.081690
1493000,0.113615,0.081690
1493100,0.112676,0.081690
1493200,0.117371,0.081690
1493300,0.135211,0.081690
1493400,0.110798,0.081690
1493500,0.112676,0.081690
1493600,0.117371,0.081690
1493700,0.122066,0.081690
1493800,0.105164,0.081690
1493900,0.103286,0.081690
1494000,0.125822,0.081690
1494100,0.126761,0.081690
1494200,0.129577,0.081690
1494300,0.109859,0.081690
1494400,0.116432,0.081690
1494500,0.115493,0.081690
1494600,0.123005,0.081690
1494700,0.117371,0.081690
1494800,0.128638,0.081690
1494900,0.130516,0.081690
1495000,0.138967,0.081690
1495100,0.130516,0.081690
1495200,0.122066,0.081690
1495300,0.133333,0.081690
1495400,0.134272,0.081690
1495500,0.123005,0.081690
1495600,0.129577,0.081690
1495700,0.134272,0.081690
1495800,0.122066,0.081690
1495900,0.123944,0.081690
1496000,0.122066,0.081690
1496100,0.129577,0.081690
1496200,0.120188,0.081690
1496300,0.121127,0.081690
1496400,0.130516,0.081690
1496500,0.124883,0.081690
1496600,0.130516,0.081690
1496700,0.139906,0.081690
1496800,0.126761,0.081690
1496900,0.101408,0.081690
1497000,0.128638,0.081690
1497100,0.119249,0.081690
1497200,0.115493,0.081690
1497300,0.137089,0.081690
1497400,0.119249,0.081690
1497500,0.121127,0.081690
1497600,0.114554,0.081690
1497700,0.125822,0.081690
1497800,0.127700,0.081690
1497900,0.133333,0.081690
1498000,0.123005,0.081690
1498100,0.129577,0.081690
1498200,0.120188,0.081690
1498300,0.124883,0.081690
1498400,0.123944,0.081690
1498500,0.117371,0.081690
1498600,0.115493,0.081690
1498700,0.123005,0.081690
1498800,0.115493,0.081690
1498900,0.135211,0.081690
1499000,0.125822,0.081690
1499100,0.123005,0.081690
1499200,0.134272,0.081690
1499300,0.144601,0.081690
1499400,0.119249,0.081690
1499500,0.129577,0.081690
1499600,0.132394,0.081690
1499700,0.134272,0.081690
1499800,0.132394,0.081690
1499900,0.102347,0.081690
1500000,0.131455,0.081690
1500100,0.133333,0.081690
1500200,0.128638,0.081690
1500300,0.137089,0.081690
1500400,0.139906,0.081690
1500500,0.119249,0.081690
1500600,0.118310,0.081690
1500700,0.120188,0.081690
1500800,0.139906,0.081690
1500900,0.121127,0.081690
1501000,0.130516,0.081690
1501100,0.147418,0.081690
1501200,0.126761,0.081690
1501300,0.132394,0.081690
1501400,0.130516,0.081690
1501500,0.115493,0.081690
1501600,0.112676,0.081690
1501700,0.111737,0.081690
1501800,0.125822,0.081690
1501900,0.136150,0.081690
1502000,0.123944,0.081690
1502100,0.121127,0.081690
1502200,0.101408,0.081690
1502300,0.102347,0.081690
1502400,0.112676,0.081690
1502500,0.113615,0.081690
1502600,0.126761,0.081690
1502700,0.112676,0.081690
1502800,0.108920,0.081690
1502900,0.127700,0.081690
1503000,0.134272,0.081690
1503100,0.139906,0.081690
1503200,0.131455,0.081690
1503300,0.122066,0.081690
1503400,0.131455,0.081690
1503500,0.120188,0.081690
1503600,0.123944,0.081690
1503700,0.128638,0.081690
1503800,0.149296,0.081690
1503900,0.140845,0.081690
1504000,0.118310,0.081690
1504100,0.120188,0.081690
1504200,0.110798,0.081690
1504300,0.136150,0.081690
1504400,0.132394,0.081690
1504500,0.121127,0.081690
1504600,0.115493,0.081690
1504700,0.133333,0.081690
1504800,0.139906,0.081690
1504900,0.131455,0.081690
1505000,0.134272,0.081690
1505100,0.135211,0.081690
1505200,0.128638,0.081690
1505300,0.137089,0.081690
1505400,0.152113,0.081690
1505500,0.132394,0.081690
1505600,0.114554,0.081690
1505700,0.109859,0.081690
1505800,0.105164,0.081690
1505900,0.111737,0.081690
1506000,0.140845,0.081690
1506100,0.133333,0.081690
1506200,0.138028,0.081690
1506300,0.128638,0.081690
1506400,0.138967,0.081690
1506500,0.136150,0.081690
1506600,0.130516,0.081690
1506700,0.112676,0.081690
1506800,0.105164,0.081690
1506900,0.115493,0.081690
1507000,0.143662,0.081690
1507100,0.122066,0.081690
1507200,0.123944,0.081690
1507300,0.115493,0.081690
1507400,0.137089,0.081690
1507500,0.146479,0.081690
1507600,0.132394,0.081690
1507700,0.118310,0.081690
1507800,0.123944,0.081690
1507900,0.126761,0.081690
1508000,0.124883,0.081690
1508100,0.131455,0.081690
1508200,0.123944,0.081690
1508300,0.142723,0.081690
1508400,0.130516,0.081690
1508500,0.121127,0.081690
1508600,0.122066,0.081690
1508700,0.131455,0.081690
1508800,0.115493,0.081690
1508900,0.118310,0.081690
1509000,0.112676,0.081690
1509100,0.128638,0.081690
1509200,0.125822,0.081690
1509300,0.117371,0.081690
1509400,0.114554,0.081690
1509500,0.113615,0.081690
1509600,0.119249,0.081690
1509700,0.124883,0.081690
1509800,0.122066,0.081690
1509900,0.101408,0.081690
1510000,0.127700,0.081690
1510100,0.121127,0.081690
1510200,0.121127,0.081690
1510300,0.106103,0.081690
1510400,0.126761,0.081690
1510500,0.128638,0.081690
1510600,0.114554,0.081690
1510700,0.112676,0.081690
1510800,0.124883,0.081690
1510900,0.127700,0.081690
1511000,0.128638,0.081690
1511100,0.139906,0.081690
1511200,0.129577,0.081690
1511300,0.138967,0.081690
1511400,0.137089,0.081690
1511500,0.112676,0.081690
1511600,0.116432,0.081690
1511700,0.120188,0.081690
1511800,0.114554,0.081690
1511900,0.128638,0.081690
1512000,0.132394,0.081690
1512100,0.121127,0.081690
1512200,0.123005,0.081690
1512300,0.121127,0.081690
1512400,0.130516,0.081690
1512500,0.118310,0.081690
1512600,0.120188,0.081690
1512700,0.109859,0.081690
1512800,0.104225,0.081690
1512900,0.128638,0.081690
1513000,0.127700,0.081690
1513100,0.123944,0.081690
1513200,0.128638,0.081690
1513300,0.123005,0.081690
1513400,0.117371,0.081690
1513500,0.132394,0.081690
1513600,0.125822,0.081690
1513700,0.129577,0.081690
1513800,0.121127,0.081690
1513900,0.124883,0.081690
1514000,0.128638,0.081690
1514100,0.136150,0.081690
1514200,0.126761,0.081690
1514300,0.141784,0.081690
1514400,0.136150,0.081690
1514500,0.136150,0.081690
1514600,0.115493,0.081690
1514700,0.107981,0.081690
1514800,0.116432,0.081690
1514900,0.139906,0.081690
1515000,0.111737,0.081690
1515100,0.138967,0.081690
1515200,0.138028,0.081690
1515300,0.138028,0.081690
1515400,0.130516,0.081690
1515500,0.118310,0.081690
1515600,0.119249,0.081690
1515700,0.116432,0.081690
1515800,0.130516,0.081690
1515900,0.124883,0.081690
1516000,0.111737,0.081690
1516100,0.101408,0.081690
1516200,0.116432,0.081690
1516300,0.114554,0.081690
1516400,0.138028,0.081690
1516500,0.117371,0.081690
1516600,0.131455,0.081690
1516700,0.147418,0.081690
1516800,0.137089,0.081690
1516900,0.129577,0.081690
1517000,0.133333,0.081690
1517100,0.134272,0.081690
1517200,0.118310,0.081690
1517300,0.124883,0.081690
1517400,0.125822,0.081690
1517500,0.112676,0.081690
1517600,0.117371,0.081690
1517700,0.119249,0.081690
1517800,0.135211,0.081690
1517900,0.137089,0.081690
1518000,0.122066,0.081690
1518100,0.122066,0.081690
1518200,0.142723,0.081690
1518300,0.107981,0.081690
1518400,0.118310,0.081690
1518500,0.120188,0.081690
1518600,0.123005,0.081690
1518700,0.123005,0.081690
1518800,0.114554,0.081690
1518900,0.132394,0.081690
1519000,0.103286,0.081690
1519100,0.106103,0.081690
1519200,0.117371,0.081690
1519300,0.111737,0.081690
1519400,0.127700,0.081690
1519500,0.130516,0.081690
1519600,0.118310,0.081690
1519700,0.123005,0.081690
1519800,0.126761,0.081690
1519900,0.138028,0.081690
1520000,0.131455,0.081690
1520100,0.128638,0.081690
1520200,0.149296,0.081690
1520300,0.142723,0.081690
1520400,0.147418,0.081690
1520500,0.121127,0.081690
1520600,0.116432,0.081690
1520700,0.134272,0.081690
1520800,0.116432,0.081690
1520900,0.103286,0.081690
1521000,0.130516,0.081690
1521100,0.132394,0.081690
1521200,0.122066,0.081690
1521300,0.107981,0.081690
1521400,0.098592,0.081690
1521500,0.114554,0.081690
1521600,0.128638,0.081690
1521700,0.121127,0.081690
1521800,0.115493,0.081690
1521900,0.139906,0.081690
1522000,0.105164,0.081690
1522100,0.124883,0.081690
1522200,0.125822,0.081690
1522300,0.111737,0.081690
1522400,0.125822,0.081690
1522500,0.125822,0.081690
1522600,0.128638,0.081690
1522700,0.118310,0.081690
1522800,0.121127,0.081690
1522900,0.119249,0.081690
1523000,0.135211,0.081690
1523100,0.145540,0.081690
1523200,0.109859,0.081690
1523300,0.107042,0.081690
1523400,0.129577,0.081690
1523500,0.110798,0.081690
1523600,0.108920,0.081690
1523700,0.101408,0.081690
1523800,0.122066,0.081690
1523900,0.118310,0.081690
1524000,0.135211,0.081690
1524100,0.113615,0.081690
1524200,0.123944,0.081690
1524300,0.135211,0.081690
1524400,0.129577,0.081690
1524500,0.133333,0.081690
1524600,0.127700,0.081690
1524700,0.124883,0.081690
1524800,0.119249,0.081690
1524900,0.120188,0.081690
1525000,0.110798,0.081690
1525100,0.126761,0.081690
1525200,0.122066,0.081690
1525300,0.114554,0.081690
1525400,0.117371,0.081690
1525500,0.107981,0.081690
1525600,0.103286,0.081690
1525700,0.123944,0.081690
1525800,0.123005,0.081690
1525900,0.132394,0.081690
1526000,0.129577,0.081690
1526100,0.119249,0.081690
1526200,0.115493,0.081690
1526300,0.129577,0.081690
1526400,0.147418,0.081690
1526500,0.134272,0.081690
1526600,0.128638,0.081690
1526700,0.124883,0.081690
1526800,0.114554,0.081690
1526900,0.108920,0.081690
1527000,0.103286,0.081690
1527100,0.121127,0.081690
1527200,0.125822,0.081690
1527300,0.117371,0.081690
1527400,0.129577,0.081690
1527500,0.123005,0.081690
1527600,0.126761,0.081690
1527700,0.123944,0.081690
1527800,0.133333,0.081690
1527900,0.132394,0.081690
1528000,0.146479,0.081690
1528100,0.127700,0.081690
1528200,0.116432,0.081690
1528300,0.112676,0.081690
1528400,0.120188,0.081690
1528500,0.114554,0.081690
1528600,0.137089,0.081690
1528700,0.138028,0.081690
1528800,0.123944,0.081690
1528900,0.132394,0.081690
1529000,0.124883,0.081690
1529100,0.133333,0.081690
1529200,0.116432,0.081690
1529300,0.120188,0.081690
1529400,0.132394,0.081690
1529500,0.122066,0.081690
1529600,0.119249,0.081690
1529700,0.130516,0.081690
1529800,0.123944,0.081690
1529900,0.111737,0.081690
1530000,0.115493,0.081690
1530100,0.111737,0.081690
1530200,0.111737,0.081690
1530300,0.123944,0.081690
1530400,0.146479,0.081690
1530500,0.123005,0.081690
1530600,0.122066,0.081690
1530700,0.120188,0.081690
1530800,0.122066,0.081690
1530900,0.109859,0.081690
1531000,0.126761,0.081690
1531100,0.115493,0.081690
1531200,0.120188,0.081690
1531300,0.133333,0.081690
1531400,0.125822,0.081690
1531500,0.148357,0.081690
1531600,0.118310,0.081690
1531700,0.106103,0.081690
1531800,0.134272,0.081690
1531900,0.116432,0.081690
1532000,0.132394,0.081690
1532100,0.138967,0.081690
1532200,0.121127,0.081690
1532300,0.114554,0.081690
1532400,0.102347,0.081690
1532500,0.092958,0.081690
1532600,0.122066,0.081690
1532700,0.127700,0.081690
1532800,0.131455,0.081690
1532900,0.113615,0.081690
1533000,0.113615,0.081690
1533100,0.097653,0.081690
1533200,0.121127,0.081690
1533300,0.118310,0.081690
1533400,0.120188,0.081690
1533500,0.138967,0.081690
1533600,0.127700,0.081690
1533700,0.129577,0.081690
1533800,0.120188,0.081690
1533900,0.128638,0.081690
1534000,0.126761,0.081690
1534100,0.120188,0.081690
1534200,0.113615,0.081690
1534300,0.128638,0.081690
1534400,0.128638,0.081690
1534500,0.119249,0.081690
1534600,0.132394,0.081690
1534700,0.128638,0.081690
1534800,0.133333,0.081690
1534900,0.117371,0.081690
1535000,0.137089,0.081690
1535100,0.114554,0.081690
1535200,0.099531,0.081690
1535300,0.123944,0.081690
1535400,0.124883,0.081690
1535500,0.129577,0.081690
1535600,0.135211,0.081690
1535700,0.118310,0.081690
1535800,0.109859,0.081690
1535900,0.126761,0.081690
1536000,0.119249,0.081690
1536100,0.118310,0.081690
1536200,0.119249,0.081690
1536300,0.112676,0.081690
1536400,0.111737,0.081690
1536500,0.124883,0.081690
1536600,0.111737,0.081690
1536700,0.124883,0.081690
1536800,0.125822,0.081690
1536900,0.121127,0.081690
1537000,0.134272,0.081690
1537100,0.126761,0.081690
1537200,0.122066,0.081690
1537300,0.109859,0.081690
1537400,0.126761,0.081690
1537500,0.133333,0.081690
1537600,0.122066,0.081690
1537700,0.134272,0.081690
1537800,0.117371,0.081690
1537900,0.120188,0.081690
1538000,0.118310,0.081690
1538100,0.109859,0.081690
1538200,0.114554,0.081690
1538300,0.112676,0.081690
1538400,0.123005,0.081690
1538500,0.120188,0.081690
1538600,0.121127,0.081690
1538700,0.124883,0.081690
1538800,0.124883,0.081690
1538900,0.125822,0.081690
1539000,0.112676,0.081690
1539100,0.110798,0.081690
1539200,0.138028,0.081690
1539300,0.115493,0.081690
1539400,0.126761,0.081690
1539500,0.117371,0.081690
1539600,0.114554,0.081690
1539700,0.123944,0.081690
1539800,0.117371,0.081690
1539900,0.113615,0.081690
1540000,0.116432,0.081690
1540100,0.126761,0.081690
1540200,0.101408,0.081690
1540300,0.120188,0.081690
1540400,0.137089,0.081690
1540500,0.123005,0.081690
1540600,0.119249,0.081690
1540700,0.113615,0.081690
1540800,0.119249,0.081690
1540900,0.134272,0.081690
1541000,0.129577,0.081690
1541100,0.134272,0.081690
1541200,0.110798,0.081690
1541300,0.135211,0.081690
1541400,0.125822,0.081690
1541500,0.134272,0.081690
1541600,0.111737,0.081690
1541700,0.130516,0.081690
1541800,0.139906,0.081690
1541900,0.119249,0.081690
1542000,0.143662,0.081690
1542100,0.124883,0.081690
1542200,0.140845,0.081690
1542300,0.132394,0.081690
1542400,0.118310,0.081690
1542500,0.114554,0.081690
1542600,0.130516,0.081690
1542700,0.100469,0.081690
1542800,0.112676,0.081690
1542900,0.128638,0.081690
1543000,0.127700,0.081690
1543100,0.127700,0.081690
1543200,0.123005,0.081690
1543300,0.127700,0.081690
1543400,0.107042,0.081690
1543500,0.123944,0.081690
1543600,0.097653,0.081690
1543700,0.112676,0.081690
1543800,0.129577,0.081690
1543900,0.119249,0.081690
1544000,0.116432,0.081690
1544100,0.111737,0.081690
1544200,0.109859,0.081690
1544300,0.129577,0.081690
1544400,0.108920,0.081690
1544500,0.127700,0.081690
1544600,0.141784,0.081690
1544700,0.121127,0.081690
1544800,0.117371,0.081690
1544900,0.128638,0.081690
1545000,0.126761,0.081690
1545100,0.105164,0.081690
1545200,0.109859,0.081690
1545300,0.126761,0.081690
1545400,0.119249,0.081690
1545500,0.121127,0.081690
1545600,0.115493,0.081690
1545700,0.141784,0.081690
1545800,0.156808,0.081690
1545900,0.128638,0.081690
1546000,0.111737,0.081690
1546100,0.116432,0.081690
1546200,0.117371,0.081690
1546300,0.122066,0.081690
1546400,0.112676,0.081690
1546500,0.127700,0.081690
1546600,0.140845,0.081690
1546700,0.129577,0.081690
1546800,0.112676,0.081690
1546900,0.131455,0.081690
1547000,0.122066,0.081690
1547100,0.124883,0.081690
1547200,0.123005,0.081690
1547300,0.117371,0.081690
1547400,0.100469,0.081690
1547500,0.120188,0.081690
1547600,0.122066,0.081690
1547700,0.126761,0.081690
1547800,0.117371,0.081690
1547900,0.105164,0.081690
1548000,0.120188,0.081690
1548100,0.126761,0.081690
1548200,0.126761,0.081690
1548300,0.121127,0.081690
1548400,0.119249,0.081690
1548500,0.108920,0.081690
1548600,0.125822,0.081690
1548700,0.125822,0.081690
1548800,0.133333,0.081690
1548900,0.135211,0.081690
1549000,0.117371,0.081690
1549100,0.127700,0.081690
1549200,0.135211,0.081690
1549300,0.126761,0.081690
1549400,0.124883,0.081690
1549500,0.138967,0.081690
1549600,0.130516,0.081690
1549700,0.121127,0.081690
1549800,0.129577,0.081690
1549900,0.126761,0.081690
1550000,0.119249,0.081690
1550100,0.128638,0.081690
1550200,0.109859,0.081690
1550300,0.106103,0.081690
1550400,0.111737,0.081690
1550500,0.114554,0.081690
1550600,0.124883,0.081690
1550700,0.117371,0.081690
1550800,0.114554,0.081690
1550900,0.107042,0.081690
1551000,0.107042,0.081690
1551100,0.123944,0.081690
1551200,0.120188,0.081690
1551300,0.138028,0.081690
1551400,0.145540,0.081690
1551500,0.136150,0.081690
1551600,0.123944,0.081690
1551700,0.115493,0.081690
1551800,0.119249,0.081690
1551900,0.125822,0.081690
1552000,0.123005,0.081690
1552100,0.111737,0.081690
1552200,0.140845,0.081690
1552300,0.138028,0.081690
1552400,0.136150,0.081690
1552500,0.102347,0.081690
1552600,0.108920,0.081690
1552700,0.121127,0.081690
1552800,0.125822,0.081690
1552900,0.110798,0.081690
1553000,0.117371,0.081690
1553100,0.110798,0.081690
1553200,0.120188,0.081690
1553300,0.119249,0.081690
1553400,0.136150,0.081690
1553500,0.123944,0.081690
1553600,0.121127,0.081690
1553700,0.122066,0.081690
1553800,0.107981,0.081690
1553900,0.107042,0.081690
1554000,0.096714,0.081690
1554100,0.128638,0.081690
1554200,0.124883,0.081690
1554300,0.127700,0.081690
1554400,0.116432,0.081690
1554500,0.130516,0.081690
1554600,0.118310,0.081690
1554700,0.122066,0.081690
1554800,0.119249,0.081690
1554900,0.120188,0.081690
1555000,0.117371,0.081690
1555100,0.127700,0.081690
1555200,0.106103,0.081690
1555300,0.119249,0.081690
1555400,0.130516,0.081690
1555500,0.134272,0.081690
1555600,0.127700,0.081690
1555700,0.126761,0.081690
1555800,0.116432,0.081690
1555900,0.123944,0.081690
1556000,0.123005,0.081690
1556100,0.126761,0.081690
1556200,0.119249,0.081690
1556300,0.129577,0.081690
1556400,0.132394,0.081690
1556500,0.111737,0.081690
1556600,0.118310,0.081690
1556700,0.127700,0.081690
1556800,0.112676,0.081690
1556900,0.143662,0.081690
1557000,0.141784,0.081690
1557100,0.128638,0.081690
1557200,0.124883,0.081690
1557300,0.121127,0.081690
1557400,0.123005,0.081690
1557500,0.138028,0.081690
1557600,0.127700,0.081690
1557700,0.115493,0.081690
1557800,0.112676,0.081690
1557900,0.110798,0.081690
1558000,0.121127,0.081690
1558100,0.151174,0.081690
1558200,0.129577,0.081690
1558300,0.129577,0.081690
1558400,0.127700,0.081690
1558500,0.145540,0.081690
1558600,0.124883,0.081690
1558700,0.108920,0.081690
1558800,0.095775,0.081690
1558900,0.131455,0.081690
1559000,0.128638,0.081690
1559100,0.132394,0.081690
1559200,0.116432,0.081690
1559300,0.110798,0.081690
1559400,0.138028,0.081690
1559500,0.156808,0.081690
1559600,0.132394,0.081690
1559700,0.114554,0.081690
1559800,0.112676,0.081690
1559900,0.123944,0.081690
1560000,0.122066,0.081690
1560100,0.123005,0.081690
1560200,0.125822,0.081690
1560300,0.109859,0.081690
1560400,0.097653,0.081690
1560500,0.110798,0.081690
1560600,0.107981,0.081690
1560700,0.131455,0.081690
1560800,0.115493,0.081690
1560900,0.148357,0.081690
1561000,0.130516,0.081690
1561100,0.119249,0.081690
1561200,0.124883,0.081690
1561300,0.137089,0.081690
1561400,0.136150,0.081690
1561500,0.123005,0.081690
1561600,0.117371,0.081690
1561700,0.114554,0.081690
1561800,0.125822,0.081690
1561900,0.126761,0.081690
1562000,0.137089,0.081690
1562100,0.120188,0.081690
1562200,0.123005,0.081690
1562300,0.110798,0.081690
1562400,0.135211,0.081690
1562500,0.142723,0.081690
1562600,0.117371,0.081690
1562700,0.129577,0.081690
1562800,0.123005,0.081690
1562900,0.114554,0.081690
1563000,0.106103,0.081690
1563100,0.123005,0.081690
1563200,0.123005,0.081690
1563300,0.131455,0.081690
1563400,0.123005,0.081690
1563500,0.127700,0.081690
1563600,0.133333,0.081690
1563700,0.116432,0.081690
1563800,0.123005,0.081690
1563900,0.123005,0.081690
1564000,0.122066,0.081690
1564100,0.127700,0.081690
1564200,0.138967,0.081690
1564300,0.122066,0.081690
1564400,0.119249,0.081690
1564500,0.126761,0.081690
1564600,0.120188,0.081690
1564700,0.117371,0.081690
1564800,0.118310,0.081690
1564900,0.139906,0.081690
1565000,0.123005,0.081690
1565100,0.115493,0.081690
1565200,0.114554,0.081690
1565300,0.112676,0.081690
1565400,0.123944,0.081690
1565500,0.132394,0.081690
1565600,0.118310,0.081690
1565700,0.138967,0.081690
1565800,0.119249,0.081690
1565900,0.123005,0.081690
1566000,0.123005,0.081690
1566100,0.127700,0.081690
1566200,0.113615,0.081690
1566300,0.109859,0.081690
1566400,0.132394,0.081690
1566500,0.121127,0.081690
1566600,0.132394,0.081690
1566700,0.115493,0.081690
1566800,0.122066,0.081690
1566900,0.120188,0.081690
1567000,0.142723,0.081690
1567100,0.124883,0.081690
1567200,0.114554,0.081690
1567300,0.107042,0.081690
1567400,0.123944,0.081690
1567500,0.129577,0.081690
1567600,0.115493,0.081690
1567700,0.116432,0.081690
1567800,0.116432,0.081690
1567900,0.137089,0.081690
1568000,0.123005,0.081690
1568100,0.126761,0.081690
1568200,0.116432,0.081690
1568300,0.123005,0.081690
1568400,0.127700,0.081690
1568500,0.131455,0.081690
1568600,0.126761,0.081690
1568700,0.131455,0.081690
1568800,0.120188,0.081690
1568900,0.144601,0.081690
1569000,0.123005,0.081690
1569100,0.133333,0.081690
1569200,0.143662,0.081690
1569300,0.118310,0.081690
1569400,0.120188,0.081690
1569500,0.126761,0.081690
1569600,0.107042,0.081690
1569700,0.133333,0.081690
1569800,0.131455,0.081690
1569900,0.131455,0.081690
1570000,0.114554,0.081690
1570100,0.127700,0.081690
1570200,0.127700,0.081690
1570300,0.131455,0.081690
1570400,0.113615,0.081690
1570500,0.119249,0.081690
1570600,0.126761,0.081690
1570700,0.116432,0.081690
1570800,0.108920,0.081690
1570900,0.129577,0.081690
1571000,0.117371,0.081690
1571100,0.127700,0.081690
1571200,0.121127,0.081690
1571300,0.122066,0.081690
1571400,0.131455,0.081690
1571500,0.133333,0.081690
1571600,0.139906,0.081690
1571700,0.126761,0.081690
1571800,0.135211,0.081690
1571900,0.143662,0.081690
1572000,0.129577,0.081690
1572100,0.122066,0.081690
1572200,0.134272,0.081690
1572300,0.125822,0.081690
1572400,0.114554,0.081690
1572500,0.114554,0.081690
1572600,0.114554,0.081690
1572700,0.126761,0.081690
1572800,0.118310,0.081690
1572900,0.129577,0.081690
1573000,0.142723,0.081690
1573100,0.126761,0.081690
1573200,0.132394,0.081690
1573300,0.105164,0.081690
1573400,0.116432,0.081690
1573500,0.117371,0.081690
1573600,0.126761,0.081690
1573700,0.122066,0.081690
1573800,0.138028,0.081690
1573900,0.126761,0.081690
1574000,0.129577,0.081690
1574100,0.122066,0.081690
1574200,0.125822,0.081690
1574300,0.113615,0.081690
1574400,0.133333,0.081690
1574500,0.122066,0.081690
1574600,0.134272,0.081690
1574700,0.117371,0.081690
1574800,0.138967,0.081690
1574900,0.124883,0.081690
1575000,0.136150,0.081690
1575100,0.120188,0.081690
1575200,0.137089,0.081690
1575300,0.143662,0.081690
1575400,0.126761,0.081690
1575500,0.126761,0.081690
1575600,0.128638,0.081690
1575700,0.137089,0.081690
1575800,0.113615,0.081690
1575900,0.133333,0.081690
1576000,0.127700,0.081690
1576100,0.111737,0.081690
1576200,0.101408,0.081690
1576300,0.118310,0.081690
1576400,0.128638,0.081690
1576500,0.128638,0.081690
1576600,0.118310,0.081690
1576700,0.131455,0.081690
1576800,0.129577,0.081690
1576900,0.128638,0.081690
1577000,0.115493,0.081690
1577100,0.116432,0.081690
1577200,0.123944,0.081690
1577300,0.118310,0.081690
1577400,0.104225,0.081690
1577500,0.123005,0.081690
1577600,0.124883,0.081690
1577700,0.113615,0.081690
1577800,0.127700,0.081690
1577900,0.112676,0.081690
1578000,0.126761,0.081690
1578100,0.119249,0.081690
1578200,0.106103,0.081690
1578300,0.112676,0.081690
1578400,0.126761,0.081690
1578500,0.119249,0.081690
1578600,0.103286,0.081690
1578700,0.123944,0.081690
1578800,0.114554,0.081690
1578900,0.128638,0.081690
1579000,0.137089,0.081690
1579100,0.123005,0.081690
1579200,0.107981,0.081690
1579300,0.116432,0.081690
1579400,0.134272,0.081690
1579500,0.127700,0.081690
1579600,0.128638,0.081690
1579700,0.128638,0.081690
1579800,0.118310,0.081690
1579900,0.118310,0.081690
1580000,0.114554,0.081690
1580100,0.119249,0.081690
1580200,0.121127,0.081690
1580300,0.137089,0.081690
1580400,0.120188,0.081690
1580500,0.134272,0.081690
1580600,0.134272,0.081690
1580700,0.118310,0.081690
1580800,0.108920,0.081690
1580900,0.115493,0.081690
1581000,0.115493,0.081690
1581100,0.117371,0.081690
1581200,0.120188,0.081690
1581300,0.119249,0.081690
1581400,0.134272,0.081690
1581500,0.125822,0.081690
1581600,0.112676,0.081690
1581700,0.128638,0.081690
1581800,0.131455,0.081690
1581900,0.121127,0.081690
1582000,0.117371,0.081690
1582100,0.121127,0.081690
1582200,0.117371,0.081690
1582300,0.130516,0.081690
1582400,0.136150,0.081690
1582500,0.135211,0.081690
1582600,0.125822,0.081690
1582700,0.140845,0.081690
1582800,0.126761,0.081690
1582900,0.128638,0.081690
1583000,0.119249,0.081690
1583100,0.144601,0.081690
1583200,0.119249,0.081690
1583300,0.129577,0.081690
1583400,0.111737,0.081690
1583500,0.130516,0.081690
1583600,0.123944,0.081690
1583700,0.122066,0.081690
1583800,0.110798,0.081690
1583900,0.113615,0.081690
1584000,0.115493,0.081690
1584100,0.128638,0.081690
1584200,0.126761,0.081690
1584300,0.149296,0.081690
1584400,0.138967,0.081690
1584500,0.128638,0.081690
1584600,0.115493,0.081690
1584700,0.138967,0.081690
1584800,0.144601,0.081690
1584900,0.125822,0.081690
1585000,0.132394,0.081690
1585100,0.128638,0.081690
1585200,0.136150,0.081690
1585300,0.108920,0.081690
1585400,0.103286,0.081690
1585500,0.113615,0.081690
1585600,0.111737,0.081690
1585700,0.118310,0.081690
1585800,0.130516,0.081690
1585900,0.131455,0.081690
1586000,0.112676,0.081690
1586100,0.121127,0.081690
1586200,0.127700,0.081690
1586300,0.122066,0.081690
1586400,0.125822,0.081690
1586500,0.137089,0.081690
1586600,0.112676,0.081690
1586700,0.131455,0.081690
1586800,0.128638,0.081690
1586900,0.126761,0.081690
1587000,0.129577,0.081690
1587100,0.125822,0.081690
1587200,0.126761,0.081690
1587300,0.131455,0.081690
1587400,0.125822,0.081690
1587500,0.130516,0.081690
1587600,0.113615,0.081690
1587700,0.136150,0.081690
1587800,0.124883,0.081690
1587900,0.108920,0.081690
1588000,0.123005,0.081690
1588100,0.123005,0.081690
1588200,0.120188,0.081690
1588300,0.127700,0.081690
1588400,0.141784,0.081690
1588500,0.125822,0.081690
1588600,0.124883,0.081690
1588700,0.114554,0.081690
1588800,0.131455,0.081690
1588900,0.138028,0.081690
1589000,0.129577,0.081690
1589100,0.129577,0.081690
1589200,0.119249,0.081690
1589300,0.111737,0.081690
1589400,0.118310,0.081690
1589500,0.131455,0.081690
1589600,0.113615,0.081690
1589700,0.128638,0.081690
1589800,0.106103,0.081690
1589900,0.109859,0.081690
1590000,0.136150,0.081690
1590100,0.116432,0.081690
1590200,0.126761,0.081690
1590300,0.132394,0.081690
1590400,0.129577,0.081690
1590500,0.136150,0.081690
1590600,0.127700,0.081690
1590700,0.123944,0.081690
1590800,0.121127,0.081690
1590900,0.124883,0.081690
1591000,0.114554,0.081690
1591100,0.141784,0.081690
1591200,0.138967,0.081690
1591300,0.146479,0.081690
1591400,0.132394,0.081690
1591500,0.122066,0.081690
1591600,0.136150,0.081690
1591700,0.132394,0.081690
1591800,0.131455,0.081690
1591900,0.111737,0.081690
1592000,0.129577,0.081690
1592100,0.118310,0.081690
1592200,0.116432,0.081690
1592300,0.117371,0.081690
1592400,0.116432,0.081690
1592500,0.116432,0.081690
1592600,0.134272,0.081690
1592700,0.144601,0.081690
1592800,0.125822,0.081690
1592900,0.135211,0.081690
1593000,0.123944,0.081690
1593100,0.122066,0.081690
1593200,0.129577,0.081690
1593300,0.139906,0.081690
1593400,0.138967,0.081690
1593500,0.143662,0.081690
1593600,0.136150,0.081690
1593700,0.124883,0.081690
1593800,0.116432,0.081690
1593900,0.121127,0.081690
1594000,0.134272,0.081690
1594100,0.130516,0.081690
1594200,0.119249,0.081690
1594300,0.127700,0.081690
1594400,0.124883,0.081690
1594500,0.130516,0.081690
1594600,0.117371,0.081690
1594700,0.103286,0.081690
1594800,0.116432,0.081690
1594900,0.120188,0.081690
1595000,0.128638,0.081690
1595100,0.141784,0.081690
1595200,0.132394,0.081690
1595300,0.133333,0.081690
1595400,0.121127,0.081690
1595500,0.123005,0.081690
1595600,0.122066,0.081690
1595700,0.124883,0.081690
1595800,0.127700,0.081690
1595900,0.121127,0.081690
1596000,0.123944,0.081690
1596100,0.105164,0.081690
1596200,0.131455,0.081690
1596300,0.137089,0.081690
1596400,0.135211,0.081690
1596500,0.132394,0.081690
1596600,0.136150,0.081690
1596700,0.109859,0.081690
1596800,0.141784,0.081690
1596900,0.147418,0.081690
1597000,0.121127,0.081690
1597100,0.136150,0.081690
1597200,0.124883,0.081690
1597300,0.128638,0.081690
1597400,0.123005,0.081690
1597500,0.144601,0.081690
1597600,0.124883,0.081690
1597700,0.126761,0.081690
1597800,0.122066,0.081690
1597900,0.121127,0.081690
1598000,0.117371,0.081690
1598100,0.128638,0.081690
1598200,0.118310,0.081690
1598300,0.122066,0.081690
1598400,0.125822,0.081690
1598500,0.120188,0.081690
1598600,0.134272,0.081690
1598700,0.128638,0.081690
1598800,0.127700,0.081690
1598900,0.130516,0.081690
1599000,0.120188,0.081690
1599100,0.131455,0.081690
1599200,0.141784,0.081690
1599300,0.116432,0.081690
1599400,0.119249,0.081690
1599500,0.130516,0.081690
1599600,0.112676,0.081690
1599700,0.139906,0.081690
1599800,0.123005,0.081690
1599900,0.123944,0.081690
1600000,0.119249,0.081690
1600100,0.121127,0.081690
1600200,0.126761,0.081690
1600300,0.129577,0.081690
1600400,0.109859,0.081690
1600500,0.109859,0.081690
1600600,0.114554,0.081690
1600700,0.133333,0.081690
1600800,0.118310,0.081690
1600900,0.138967,0.081690
1601000,0.122066,0.081690
1601100,0.129577,0.081690
1601200,0.126761,0.081690
1601300,0.129577,0.081690
1601400,0.120188,0.081690
1601500,0.121127,0.081690
1601600,0.138967,0.081690
1601700,0.138967,0.081690
1601800,0.136150,0.081690
1601900,0.125822,0.081690
1602000,0.118310,0.081690
1602100,0.106103,0.081690
1602200,0.119249,0.081690
1602300,0.134272,0.081690
1602400,0.129577,0.081690
1602500,0.156808,0.081690
1602600,0.127700,0.081690
1602700,0.106103,0.081690
1602800,0.108920,0.081690
1602900,0.112676,0.081690
1603000,0.119249,0.081690
1603100,0.124883,0.081690
1603200,0.112676,0.081690
1603300,0.111737,0.081690
1603400,0.119249,0.081690
1603500,0.123944,0.081690
1603600,0.122066,0.081690
1603700,0.123005,0.081690
1603800,0.133333,0.081690
1603900,0.130516,0.081690
1604000,0.115493,0.081690
1604100,0.126761,0.081690
1604200,0.116432,0.081690
1604300,0.125822,0.081690
1604400,0.126761,0.081690
1604500,0.110798,0.081690
1604600,0.131455,0.081690
1604700,0.124883,0.081690
1604800,0.111737,0.081690
1604900,0.123005,0.081690
1605000,0.138967,0.081690
1605100,0.137089,0.081690
1605200,0.119249,0.081690
1605300,0.123944,0.081690
1605400,0.111737,0.081690
1605500,0.128638,0.081690
1605600,0.104225,0.081690
1605700,0.113615,0.081690
1605800,0.112676,0.081690
1605900,0.096714,0.081690
1606000,0.127700,0.081690
1606100,0.123005,0.081690
1606200,0.118310,0.081690
1606300,0.123005,0.081690
1606400,0.119249,0.081690
1606500,0.116432,0.081690
1606600,0.109859,0.081690
1606700,0.126761,0.081690
1606800,0.133333,0.081690
1606900,0.152113,0.081690
1607000,0.142723,0.081690
1607100,0.142723,0.081690
1607200,0.114554,0.081690
1607300,0.111737,0.081690
1607400,0.119249,0.081690
1607500,0.121127,0.081690
1607600,0.134272,0.081690
1607700,0.123944,0.081690
1607800,0.123944,0.081690
1607900,0.131455,0.081690
1608000,0.139906,0.081690
1608100,0.131455,0.081690
1608200,0.125822,0.081690
1608300,0.141784,0.081690
1608400,0.132394,0.081690
1608500,0.113615,0.081690
1608600,0.126761,0.081690
1608700,0.133333,0.081690
1608800,0.115493,0.081690
1608900,0.119249,0.081690
1609000,0.118310,0.081690
1609100,0.130516,0.081690
1609200,0.136150,0.081690
1609300,0.125822,0.081690
1609400,0.127700,0.081690
1609500,0.124883,0.081690
1609600,0.127700,0.081690
1609700,0.111737,0.081690
1609800,0.123944,0.081690
1609900,0.126761,0.081690
1610000,0.143662,0.081690
1610100,0.121127,0.081690
1610200,0.120188,0.081690
1610300,0.121127,0.081690
1610400,0.115493,0.081690
1610500,0.135211,0.081690
1610600,0.107981,0.081690
1610700,0.123005,0.081690
1610800,0.117371,0.081690
1610900,0.117371,0.081690
1611000,0.146479,0.081690
1611100,0.133333,0.081690
1611200,0.114554,0.081690
1611300,0.116432,0.081690
1611400,0.122066,0.081690
1611500,0.136150,0.081690
1611600,0.107981,0.081690
1611700,0.123005,0.081690
1611800,0.115493,0.081690
1611900,0.122066,0.081690
1612000,0.123005,0.081690
1612100,0.115493,0.081690
1612200,0.123005,0.081690
1612300,0.114554,0.081690
1612400,0.125822,0.081690
1612500,0.117371,0.081690
1612600,0.121127,0.081690
1612700,0.144601,0.081690
1612800,0.134272,0.081690
1612900,0.120188,0.081690
1613000,0.120188,0.081690
1613100,0.122066,0.081690
1613200,0.141784,0.081690
1613300,0.138967,0.081690
1613400,0.142723,0.081690
1613500,0.140845,0.081690
1613600,0.114554,0.081690
1613700,0.132394,0.081690
1613800,0.135211,0.081690
1613900,0.147418,0.081690
1614000,0.123944,0.081690
1614100,0.146479,0.081690
1614200,0.129577,0.081690
1614300,0.126761,0.081690
1614400,0.125822,0.081690
1614500,0.118310,0.081690
1614600,0.118310,0.081690
1614700,0.132394,0.081690
1614800,0.123944,0.081690
1614900,0.129577,0.081690
1615000,0.125822,0.081690
1615100,0.118310,0.081690
1615200,0.127700,0.081690
1615300,0.119249,0.081690
1615400,0.121127,0.081690
1615500,0.123944,0.081690
1615600,0.110798,0.081690
1615700,0.132394,0.081690
1615800,0.119249,0.081690
1615900,0.107042,0.081690
1616000,0.121127,0.081690
1616100,0.135211,0.081690
1616200,0.113615,0.081690
1616300,0.114554,0.081690
1616400,0.112676,0.081690
1616500,0.120188,0.081690
1616600,0.122066,0.081690
1616700,0.127700,0.081690
1616800,0.140845,0.081690
1616900,0.121127,0.081690
1617000,0.121127,0.081690
1617100,0.109859,0.081690
1617200,0.099531,0.081690
1617300,0.117371,0.081690
1617400,0.125822,0.081690
1617500,0.108920,0.081690
1617600,0.116432,0.081690
1617700,0.121127,0.081690
1617800,0.138028,0.081690
1617900,0.142723,0.081690
1618000,0.124883,0.081690
1618100,0.127700,0.081690
1618200,0.137089,0.081690
1618300,0.135211,0.081690
1618400,0.117371,0.081690
1618500,0.123944,0.081690
1618600,0.123005,0.081690
1618700,0.137089,0.081690
1618800,0.128638,0.081690
1618900,0.112676,0.081690
1619000,0.127700,0.081690
1619100,0.124883,0.081690
1619200,0.114554,0.081690
1619300,0.122066,0.081690
1619400,0.136150,0.081690
1619500,0.115493,0.081690
1619600,0.133333,0.081690
1619700,0.124883,0.081690
1619800,0.126761,0.081690
1619900,0.148357,0.081690
1620000,0.127700,0.081690
1620100,0.127700,0.081690
1620200,0.133333,0.081690
1620300,0.123005,0.081690
1620400,0.115493,0.081690
1620500,0.105164,0.081690
1620600,0.130516,0.081690
1620700,0.118310,0.081690
1620800,0.134272,0.081690
1620900,0.119249,0.081690
1621000,0.113615,0.081690
1621100,0.119249,0.081690
1621200,0.138967,0.081690
1621300,0.132394,0.081690
1621400,0.123944,0.081690
1621500,0.132394,0.081690
1621600,0.140845,0.081690
1621700,0.118310,0.081690
1621800,0.128638,0.081690
1621900,0.132394,0.081690
1622000,0.138028,0.081690
1622100,0.122066,0.081690
1622200,0.109859,0.081690
1622300,0.123944,0.081690
1622400,0.124883,0.081690
1622500,0.145540,0.081690
1622600,0.132394,0.081690
1622700,0.128638,0.081690
1622800,0.139906,0.081690
1622900,0.120188,0.081690
1623000,0.131455,0.081690
1623100,0.123005,0.081690
1623200,0.133333,0.081690
1623300,0.139906,0.081690
1623400,0.133333,0.081690
1623500,0.108920,0.081690
1623600,0.107981,0.081690
1623700,0.110798,0.081690
1623800,0.119249,0.081690
1623900,0.121127,0.081690
1624000,0.115493,0.081690
1624100,0.105164,0.081690
1624200,0.110798,0.081690
1624300,0.138967,0.081690
1624400,0.118310,0.081690
1624500,0.132394,0.081690
1624600,0.138028,0.081690
1624700,0.137089,0.081690
1624800,0.123944,0.081690
1624900,0.126761,0.081690
1625000,0.138028,0.081690
1625100,0.132394,0.081690
1625200,0.145540,0.081690
1625300,0.126761,0.081690
1625400,0.112676,0.081690
1625500,0.110798,0.081690
1625600,0.123944,0.081690
1625700,0.126761,0.081690
1625800,0.129577,0.081690
1625900,0.138967,0.081690
1626000,0.122066,0.081690
1626100,0.127700,0.081690
1626200,0.105164,0.081690
1626300,0.124883,0.081690
1626400,0.123944,0.081690
1626500,0.127700,0.081690
1626600,0.125822,0.081690
1626700,0.125822,0.081690
1626800,0.109859,0.081690
1626900,0.120188,0.081690
1627000,0.128638,0.081690
1627100,0.136150,0.081690
1627200,0.125822,0.081690
1627300,0.136150,0.081690
1627400,0.123005,0.081690
1627500,0.124883,0.081690
1627600,0.136150,0.081690
1627700,0.121127,0.081690
1627800,0.126761,0.081690
1627900,0.119249,0.081690
1628000,0.120188,0.081690
1628100,0.131455,0.081690
1628200,0.139906,0.081690
1628300,0.128638,0.081690
1628400,0.132394,0.081690
1628500,0.127700,0.081690
1628600,0.111737,0.081690
1628700,0.135211,0.081690
1628800,0.136150,0.081690
1628900,0.127700,0.081690
1629000,0.120188,0.081690
1629100,0.116432,0.081690
1629200,0.123944,0.081690
1629300,0.138028,0.081690
1629400,0.135211,0.081690
1629500,0.125822,0.081690
1629600,0.121127,0.081690
1629700,0.123005,0.081690
1629800,0.128638,0.081690
1629900,0.144601,0.081690
1630000,0.108920,0.081690
1630100,0.102347,0.081690
1630200,0.110798,0.081690
1630300,0.121127,0.081690
1630400,0.113615,0.081690
1630500,0.131455,0.081690
1630600,0.137089,0.081690
1630700,0.120188,0.081690
1630800,0.107042,0.081690
1630900,0.116432,0.081690
1631000,0.123944,0.081690
1631100,0.127700,0.081690
1631200,0.133333,0.081690
1631300,0.141784,0.081690
1631400,0.129577,0.081690
1631500,0.139906,0.081690
1631600,0.113615,0.081690
1631700,0.114554,0.081690
1631800,0.124883,0.081690
1631900,0.109859,0.081690
1632000,0.115493,0.081690
1632100,0.107981,0.081690
1632200,0.120188,0.081690
1632300,0.124883,0.081690
1632400,0.138967,0.081690
1632500,0.129577,0.081690
1632600,0.119249,0.081690
1632700,0.129577,0.081690
1632800,0.120188,0.081690
1632900,0.118310,0.081690
1633000,0.147418,0.081690
1633100,0.118310,0.081690
1633200,0.144601,0.081690
1633300,0.141784,0.081690
1633400,0.141784,0.081690
1633500,0.127700,0.081690
1633600,0.138028,0.081690
1633700,0.127700,0.081690
1633800,0.139906,0.081690
1633900,0.113615,0.081690
1634000,0.125822,0.081690
1634100,0.131455,0.081690
1634200,0.113615,0.081690
1634300,0.112676,0.081690
1634400,0.106103,0.081690
1634500,0.103286,0.081690
1634600,0.108920,0.081690
1634700,0.105164,0.081690
1634800,0.125822,0.081690
1634900,0.130516,0.081690
1635000,0.110798,0.081690
1635100,0.124883,0.081690
1635200,0.135211,0.081690
1635300,0.124883,0.081690
1635400,0.105164,0.081690
1635500,0.112676,0.081690
1635600,0.112676,0.081690
1635700,0.128638,0.081690
1635800,0.113615,0.081690
1635900,0.113615,0.081690
1636000,0.120188,0.081690
1636100,0.111737,0.081690
1636200,0.119249,0.081690
1636300,0.121127,0.081690
1636400,0.121127,0.081690
1636500,0.122066,0.081690
1636600,0.123005,0.081690
1636700,0.130516,0.081690
1636800,0.138028,0.081690
1636900,0.122066,0.081690
1637000,0.137089,0.081690
1637100,0.125822,0.081690
1637200,0.114554,0.081690
1637300,0.122066,0.081690
1637400,0.141784,0.081690
1637500,0.134272,0.081690
1637600,0.126761,0.081690
1637700,0.119249,0.081690
1637800,0.111737,0.081690
1637900,0.121127,0.081690
1638000,0.107042,0.081690
1638100,0.122066,0.081690
1638200,0.118310,0.081690
1638300,0.097653,0.081690
1638400,0.120188,0.081690
1638500,0.117371,0.081690
1638600,0.123005,0.081690
1638700,0.132394,0.081690
1638800,0.132394,0.081690
1638900,0.122066,0.081690
1639000,0.122066,0.081690
1639100,0.122066,0.081690
1639200,0.094836,0.081690
1639300,0.113615,0.081690
1639400,0.108920,0.081690
1639500,0.126761,0.081690
1639600,0.120188,0.081690
1639700,0.125822,0.081690
1639800,0.108920,0.081690
1639900,0.114554,0.081690
1640000,0.132394,0.081690
1640100,0.120188,0.081690
1640200,0.109859,0.081690
1640300,0.126761,0.081690
1640400,0.135211,0.081690
1640500,0.121127,0.081690
1640600,0.139906,0.081690
1640700,0.136150,0.081690
1640800,0.114554,0.081690
1640900,0.105164,0.081690
1641000,0.138028,0.081690
1641100,0.132394,0.081690
1641200,0.109859,0.081690
1641300,0.111737,0.081690
1641400,0.118310,0.081690
1641500,0.138028,0.081690
1641600,0.127700,0.081690
1641700,0.138967,0.081690
1641800,0.116432,0.081690
1641900,0.119249,0.081690
1642000,0.135211,0.081690
1642100,0.131455,0.081690
1642200,0.123005,0.081690
1642300,0.138967,0.081690
1642400,0.138967,0.081690
1642500,0.136150,0.081690
1642600,0.138028,0.081690
1642700,0.107981,0.081690
1642800,0.121127,0.081690
1642900,0.135211,0.081690
1643000,0.130516,0.081690
1643100,0.113615,0.081690
1643200,0.107981,0.081690
1643300,0.109859,0.081690
1643400,0.127700,0.081690
1643500,0.133333,0.081690
1643600,0.124883,0.081690
1643700,0.115493,0.081690
1643800,0.105164,0.081690
1643900,0.114554,0.081690
1644000,0.114554,0.081690
1644100,0.106103,0.081690
1644200,0.113615,0.081690
1644300,0.118310,0.081690
1644400,0.125822,0.081690
1644500,0.121127,0.081690
1644600,0.096714,0.081690
1644700,0.111737,0.081690
1644800,0.105164,0.081690
1644900,0.123005,0.081690
1645000,0.128638,0.081690
1645100,0.143662,0.081690
1645200,0.135211,0.081690
1645300,0.126761,0.081690
1645400,0.121127,0.081690
1645500,0.118310,0.081690
1645600,0.120188,0.081690
1645700,0.130516,0.081690
1645800,0.128638,0.081690
1645900,0.138028,0.081690
1646000,0.126761,0.081690
1646100,0.124883,0.081690
1646200,0.130516,0.081690
1646300,0.126761,0.081690
1646400,0.135211,0.081690
1646500,0.122066,0.081690
1646600,0.124883,0.081690
1646700,0.138028,0.081690
1646800,0.111737,0.081690
1646900,0.121127,0.081690
1647000,0.126761,0.081690
1647100,0.127700,0.081690
1647200,0.117371,0.081690
1647300,0.120188,0.081690
1647400,0.121127,0.081690
1647500,0.138028,0.081690
1647600,0.128638,0.081690
1647700,0.117371,0.081690
1647800,0.116432,0.081690
1647900,0.118310,0.081690
1648000,0.113615,0.081690
1648100,0.128638,0.081690
1648200,0.121127,0.081690
1648300,0.106103,0.081690
1648400,0.131455,0.081690
1648500,0.112676,0.081690
1648600,0.118310,0.081690
1648700,0.123944,0.081690
1648800,0.124883,0.081690
1648900,0.138028,0.081690
1649000,0.122066,0.081690
1649100,0.137089,0.081690
1649200,0.128638,0.081690
1649300,0.115493,0.081690
1649400,0.111737,0.081690
1649500,0.134272,0.081690
1649600,0.137089,0.081690
1649700,0.128638,0.081690
1649800,0.139906,0.081690
1649900,0.123005,0.081690
1650000,0.113615,0.081690
1650100,0.141784,0.081690
1650200,0.135211,0.081690
1650300,0.133333,0.081690
1650400,0.132394,0.081690
1650500,0.112676,0.081690
1650600,0.115493,0.081690
1650700,0.127700,0.081690
1650800,0.123005,0.081690
1650900,0.110798,0.081690
1651000,0.125822,0.081690
1651100,0.122066,0.081690
1651200,0.120188,0.081690
1651300,0.155869,0.081690
1651400,0.119249,0.081690
1651500,0.118310,0.081690
1651600,0.124883,0.081690
1651700,0.135211,0.081690
1651800,0.145540,0.081690
1651900,0.123944,0.081690
1652000,0.136150,0.081690
1652100,0.135211,0.081690
1652200,0.135211,0.081690
1652300,0.146479,0.081690
1652400,0.114554,0.081690
1652500,0.129577,0.081690
1652600,0.119249,0.081690
1652700,0.113615,0.081690
1652800,0.113615,0.081690
1652900,0.125822,0.081690
1653000,0.135211,0.081690
1653100,0.146479,0.081690
1653200,0.123005,0.081690
1653300,0.123005,0.081690
1653400,0.138028,0.081690
1653500,0.120188,0.081690
1653600,0.137089,0.081690
1653700,0.123005,0.081690
1653800,0.102347,0.081690
1653900,0.115493,0.081690
1654000,0.118310,0.081690
1654100,0.118310,0.081690
1654200,0.122066,0.081690
1654300,0.131455,0.081690
1654400,0.141784,0.081690
1654500,0.126761,0.081690
1654600,0.121127,0.081690
1654700,0.139906,0.081690
1654800,0.110798,0.081690
1654900,0.113615,0.081690
1655000,0.123944,0.081690
1655100,0.130516,0.081690
1655200,0.141784,0.081690
1655300,0.125822,0.081690
1655400,0.134272,0.081690
1655500,0.131455,0.081690
1655600,0.102347,0.081690
1655700,0.137089,0.081690
1655800,0.112676,0.081690
1655900,0.115493,0.081690
1656000,0.128638,0.081690
1656100,0.135211,0.081690
1656200,0.132394,0.081690
1656300,0.131455,0.081690
1656400,0.127700,0.081690
1656500,0.130516,0.081690
1656600,0.125822,0.081690
1656700,0.137089,0.081690
1656800,0.138967,0.081690
1656900,0.153991,0.081690
1657000,0.125822,0.081690
1657100,0.130516,0.081690
1657200,0.124883,0.081690
1657300,0.111737,0.081690
1657400,0.118310,0.081690
1657500,0.118310,0.081690
1657600,0.130516,0.081690
1657700,0.119249,0.081690
1657800,0.113615,0.081690
1657900,0.128638,0.081690
1658000,0.114554,0.081690
1658100,0.119249,0.081690
1658200,0.133333,0.081690
1658300,0.106103,0.081690
1658400,0.117371,0.081690
1658500,0.107981,0.081690
1658600,0.118310,0.081690
1658700,0.118310,0.081690
1658800,0.112676,0.081690
1658900,0.123944,0.081690
1659000,0.116432,0.081690
1659100,0.129577,0.081690
1659200,0.136150,0.081690
1659300,0.138967,0.081690
1659400,0.138028,0.081690
1659500,0.131455,0.081690
1659600,0.138028,0.081690
1659700,0.138967,0.081690
1659800,0.118310,0.081690
1659900,0.115493,0.081690
1660000,0.129577,0.081690
1660100,0.123944,0.081690
1660200,0.129577,0.081690
1660300,0.124883,0.081690
1660400,0.110798,0.081690
1660500,0.116432,0.081690
1660600,0.118310,0.081690
1660700,0.121127,0.081690
1660800,0.109859,0.081690
1660900,0.127700,0.081690
1661000,0.109859,0.081690
1661100,0.140845,0.081690
1661200,0.128638,0.081690
1661300,0.113615,0.081690
1661400,0.109859,0.081690
1661500,0.126761,0.081690
1661600,0.120188,0.081690
1661700,0.115493,0.081690
1661800,0.112676,0.081690
1661900,0.125822,0.081690
1662000,0.127700,0.081690
1662100,0.130516,0.081690
1662200,0.132394,0.081690
1662300,0.121127,0.081690
1662400,0.116432,0.081690
1662500,0.129577,0.081690
1662600,0.123005,0.081690
1662700,0.108920,0.081690
1662800,0.113615,0.081690
1662900,0.111737,0.081690
1663000,0.115493,0.081690
1663100,0.107981,0.081690
1663200,0.127700,0.081690
1663300,0.117371,0.081690
1663400,0.124883,0.081690
1663500,0.116432,0.081690
1663600,0.107042,0.081690
1663700,0.099531,0.081690
1663800,0.114554,0.081690
1663900,0.111737,0.081690
1664000,0.099531,0.081690
1664100,0.135211,0.081690
1664200,0.117371,0.081690
1664300,0.137089,0.081690
1664400,0.120188,0.081690
1664500,0.140845,0.081690
1664600,0.131455,0.081690
1664700,0.128638,0.081690
1664800,0.116432,0.081690
1664900,0.118310,0.081690
1665000,0.124883,0.081690
1665100,0.129577,0.081690
1665200,0.113615,0.081690
1665300,0.112676,0.081690
1665400,0.112676,0.081690
1665500,0.122066,0.081690
1665600,0.132394,0.081690
1665700,0.138967,0.081690
1665800,0.142723,0.081690
1665900,0.141784,0.081690
1666000,0.121127,0.081690
1666100,0.126761,0.081690
1666200,0.113615,0.081690
1666300,0.126761,0.081690
1666400,0.153052,0.081690
1666500,0.143662,0.081690
1666600,0.136150,0.081690
1666700,0.114554,0.081690
1666800,0.104225,0.081690
1666900,0.129577,0.081690
1667000,0.115493,0.081690
1667100,0.124883,0.081690
1667200,0.120188,0.081690
1667300,0.134272,0.081690
1667400,0.131455,0.081690
1667500,0.129577,0.081690
1667600,0.141784,0.081690
1667700,0.135211,0.081690
1667800,0.131455,0.081690
1667900,0.131455,0.081690
1668000,0.120188,0.081690
1668100,0.134272,0.081690
1668200,0.125822,0.081690
1668300,0.109859,0.081690
1668400,0.122066,0.081690
1668500,0.125822,0.081690
1668600,0.113615,0.081690
1668700,0.113615,0.081690
1668800,0.127700,0.081690
1668900,0.113615,0.081690
1669000,0.113615,0.081690
1669100,0.108920,0.081690
1669200,0.107981,0.081690
1669300,0.111737,0.081690
1669400,0.129577,0.081690
1669500,0.137089,0.081690
1669600,0.124883,0.081690
1669700,0.118310,0.081690
1669800,0.131455,0.081690
1669900,0.123005,0.081690
1670000,0.128638,0.081690
1670100,0.138967,0.081690
1670200,0.126761,0.081690
1670300,0.136150,0.081690
1670400,0.109859,0.081690
1670500,0.111737,0.081690
1670600,0.116432,0.081690
1670700,0.135211,0.081690
1670800,0.127700,0.081690
1670900,0.123944,0.081690
1671000,0.125822,0.081690
1671100,0.123005,0.081690
1671200,0.111737,0.081690
1671300,0.122066,0.081690
1671400,0.108920,0.081690
1671500,0.128638,0.081690
1671600,0.121127,0.081690
1671700,0.127700,0.081690
1671800,0.126761,0.081690
1671900,0.142723,0.081690
1672000,0.108920,0.081690
1672100,0.133333,0.081690
1672200,0.111737,0.081690
1672300,0.114554,0.081690
1672400,0.112676,0.081690
1672500,0.114554,0.081690
1672600,0.118310,0.081690
1672700,0.115493,0.081690
1672800,0.122066,0.081690
1672900,0.122066,0.081690
1673000,0.118310,0.081690
1673100,0.113615,0.081690
1673200,0.121127,0.081690
1673300,0.135211,0.081690
1673400,0.132394,0.081690
1673500,0.121127,0.081690
1673600,0.117371,0.081690
1673700,0.130516,0.081690
1673800,0.118310,0.081690
1673900,0.127700,0.081690
1674000,0.137089,0.081690
1674100,0.129577,0.081690
1674200,0.129577,0.081690
1674300,0.139906,0.081690
1674400,0.126761,0.081690
1674500,0.120188,0.081690
1674600,0.117371,0.081690
1674700,0.097653,0.081690
1674800,0.116432,0.081690
1674900,0.086385,0.081690
1675000,0.115493,0.081690
1675100,0.123005,0.081690
1675200,0.133333,0.081690
1675300,0.107981,0.081690
1675400,0.115493,0.081690
1675500,0.116432,0.081690
1675600,0.133333,0.081690
1675700,0.127700,0.081690
1675800,0.115493,0.081690
1675900,0.123005,0.081690
1676000,0.137089,0.081690
1676100,0.137089,0.081690
1676200,0.129577,0.081690
1676300,0.128638,0.081690
1676400,0.107042,0.081690
1676500,0.122066,0.081690
1676600,0.110798,0.081690
1676700,0.126761,0.081690
1676800,0.119249,0.081690
1676900,0.132394,0.081690
1677000,0.122066,0.081690
1677100,0.123005,0.081690
1677200,0.112676,0.081690
1677300,0.100469,0.081690
1677400,0.136150,0.081690
1677500,0.134272,0.081690
1677600,0.119249,0.081690
1677700,0.140845,0.081690
1677800,0.126761,0.081690
1677900,0.125822,0.081690
1678000,0.126761,0.081690
1678100,0.110798,0.081690
1678200,0.121127,0.081690
1678300,0.108920,0.081690
1678400,0.112676,0.081690
1678500,0.138967,0.081690
1678600,0.128638,0.081690
1678700,0.133333,0.081690
1678800,0.124883,0.081690
1678900,0.122066,0.081690
1679000,0.109859,0.081690
1679100,0.136150,0.081690
1679200,0.125822,0.081690
1679300,0.147418,0.081690
1679400,0.143662,0.081690
1679500,0.128638,0.081690
1679600,0.133333,0.081690
1679700,0.117371,0.081690
1679800,0.142723,0.081690
1679900,0.137089,0.081690
1680000,0.135211,0.081690
1680100,0.137089,0.081690
1680200,0.142723,0.081690
1680300,0.136150,0.081690
1680400,0.135211,0.081690
1680500,0.116432,0.081690
1680600,0.124883,0.081690
1680700,0.133333,0.081690
1680800,0.111737,0.081690
1680900,0.123944,0.081690
1681000,0.111737,0.081690
1681100,0.108920,0.081690
1681200,0.116432,0.081690
1681300,0.126761,0.081690
1681400,0.111737,0.081690
1681500,0.133333,0.081690
1681600,0.150235,0.081690
1681700,0.146479,0.081690
1681800,0.125822,0.081690
1681900,0.147418,0.081690
1682000,0.123005,0.081690
1682100,0.121127,0.081690
1682200,0.103286,0.081690
1682300,0.102347,0.081690
1682400,0.123944,0.081690
1682500,0.125822,0.081690
1682600,0.127700,0.081690
1682700,0.114554,0.081690
1682800,0.129577,0.081690
1682900,0.118310,0.081690
1683000,0.139906,0.081690
1683100,0.148357,0.081690
1683200,0.135211,0.081690
1683300,0.126761,0.081690
1683400,0.110798,0.081690
1683500,0.115493,0.081690
1683600,0.129577,0.081690
1683700,0.119249,0.081690
1683800,0.107042,0.081690
1683900,0.110798,0.081690
1684000,0.115493,0.081690
1684100,0.122066,0.081690
1684200,0.127700,0.081690
1684300,0.105164,0.081690
1684400,0.110798,0.081690
1684500,0.106103,0.081690
1684600,0.112676,0.081690
1684700,0.120188,0.081690
1684800,0.128638,0.081690
1684900,0.127700,0.081690
1685000,0.135211,0.081690
1685100,0.112676,0.081690
1685200,0.122066,0.081690
1685300,0.116432,0.081690
1685400,0.130516,0.081690
1685500,0.129577,0.081690
1685600,0.125822,0.081690
1685700,0.123005,0.081690
1685800,0.109859,0.081690
1685900,0.136150,0.081690
1686000,0.131455,0.081690
1686100,0.123005,0.081690
1686200,0.129577,0.081690
1686300,0.140845,0.081690
1686400,0.136150,0.081690
1686500,0.123005,0.081690
1686600,0.150235,0.081690
1686700,0.115493,0.081690
1686800,0.115493,0.081690
1686900,0.113615,0.081690
1687000,0.109859,0.081690
1687100,0.107042,0.081690
1687200,0.132394,0.081690
1687300,0.124883,0.081690
1687400,0.109859,0.081690
1687500,0.121127,0.081690
1687600,0.103286,0.081690
1687700,0.107981,0.081690
1687800,0.114554,0.081690
1687900,0.122066,0.081690
1688000,0.124883,0.081690
1688100,0.138028,0.081690
1688200,0.106103,0.081690
1688300,0.126761,0.081690
1688400,0.123944,0.081690
1688500,0.112676,0.081690
1688600,0.118310,0.081690
1688700,0.112676,0.081690
1688800,0.126761,0.081690
1688900,0.116432,0.081690
1689000,0.120188,0.081690
1689100,0.127700,0.081690
1689200,0.119249,0.081690
1689300,0.127700,0.081690
1689400,0.128638,0.081690
1689500,0.116432,0.081690
1689600,0.113615,0.081690
1689700,0.109859,0.081690
1689800,0.116432,0.081690
1689900,0.115493,0.081690
1690000,0.114554,0.081690
1690100,0.142723,0.081690
1690200,0.119249,0.081690
1690300,0.141784,0.081690
1690400,0.136150,0.081690
1690500,0.138028,0.081690
1690600,0.127700,0.081690
1690700,0.111737,0.081690
1690800,0.119249,0.081690
1690900,0.120188,0.081690
1691000,0.131455,0.081690
1691100,0.127700,0.081690
1691200,0.118310,0.081690
1691300,0.123005,0.081690
1691400,0.122066,0.081690
1691500,0.116432,0.081690
1691600,0.123944,0.081690
1691700,0.107981,0.081690
1691800,0.118310,0.081690
1691900,0.113615,0.081690
1692000,0.114554,0.081690
1692100,0.118310,0.081690
1692200,0.107042,0.081690
1692300,0.130516,0.081690
1692400,0.136150,0.081690
1692500,0.126761,0.081690
1692600,0.112676,0.081690
1692700,0.130516,0.081690
1692800,0.141784,0.081690
1692900,0.122066,0.081690
1693000,0.121127,0.081690
1693100,0.100469,0.081690
1693200,0.119249,0.081690
1693300,0.123944,0.081690
1693400,0.123944,0.081690
1693500,0.126761,0.081690
1693600,0.124883,0.081690
1693700,0.111737,0.081690
1693800,0.113615,0.081690
1693900,0.119249,0.081690
1694000,0.135211,0.081690
1694100,0.136150,0.081690
1694200,0.123005,0.081690
1694300,0.123005,0.081690
1694400,0.128638,0.081690
1694500,0.115493,0.081690
1694600,0.112676,0.081690
1694700,0.120188,0.081690
1694800,0.119249,0.081690
1694900,0.141784,0.081690
1695000,0.117371,0.081690
1695100,0.107042,0.081690
1695200,0.130516,0.081690
1695300,0.110798,0.081690
1695400,0.112676,0.081690
1695500,0.116432,0.081690
1695600,0.134272,0.081690
1695700,0.138967,0.081690
1695800,0.134272,0.081690
1695900,0.123944,0.081690
1696000,0.122066,0.081690
1696100,0.118310,0.081690
1696200,0.125822,0.081690
1696300,0.147418,0.081690
1696400,0.126761,0.081690
1696500,0.112676,0.081690
1696600,0.111737,0.081690
1696700,0.134272,0.081690
1696800,0.130516,0.081690
1696900,0.124883,0.081690
1697000,0.115493,0.081690
1697100,0.118310,0.081690
1697200,0.114554,0.081690
1697300,0.122066,0.081690
1697400,0.134272,0.081690
1697500,0.107981,0.081690
1697600,0.105164,0.081690
1697700,0.113615,0.081690
1697800,0.114554,0.081690
1697900,0.128638,0.081690
1698000,0.129577,0.081690
1698100,0.109859,0.081690
1698200,0.123944,0.081690
1698300,0.116432,0.081690
1698400,0.121127,0.081690
1698500,0.127700,0.081690
1698600,0.129577,0.081690
1698700,0.129577,0.081690
1698800,0.125822,0.081690
1698900,0.132394,0.081690
1699000,0.132394,0.081690
1699100,0.149296,0.081690
1699200,0.146479,0.081690
1699300,0.124883,0.081690
1699400,0.132394,0.081690
1699500,0.121127,0.081690
1699600,0.120188,0.081690
1699700,0.112676,0.081690
1699800,0.125822,0.081690
1699900,0.126761,0.081690
1700000,0.114554,0.081690
1700100,0.121127,0.081690
1700200,0.123005,0.081690
1700300,0.123944,0.081690
1700400,0.141784,0.081690
1700500,0.125822,0.081690
1700600,0.096714,0.081690
1700700,0.099531,0.081690
1700800,0.120188,0.081690
1700900,0.124883,0.081690
1701000,0.129577,0.081690
1701100,0.135211,0.081690
1701200,0.118310,0.081690
1701300,0.125822,0.081690
1701400,0.116432,0.081690
1701500,0.115493,0.081690
1701600,0.133333,0.081690
1701700,0.119249,0.081690
1701800,0.142723,0.081690
1701900,0.134272,0.081690
1702000,0.118310,0.081690
1702100,0.133333,0.081690
1702200,0.112676,0.081690
1702300,0.133333,0.081690
1702400,0.113615,0.081690
1702500,0.133333,0.081690
1702600,0.105164,0.081690
1702700,0.111737,0.081690
1702800,0.113615,0.081690
1702900,0.106103,0.081690
1703000,0.108920,0.081690
1703100,0.132394,0.081690
1703200,0.135211,0.081690
1703300,0.092958,0.081690
1703400,0.111737,0.081690
1703500,0.125822,0.081690
1703600,0.107042,0.081690
1703700,0.100469,0.081690
1703800,0.120188,0.081690
1703900,0.117371,0.081690
1704000,0.132394,0.081690
1704100,0.125822,0.081690
1704200,0.114554,0.081690
1704300,0.116432,0.081690
1704400,0.123005,0.081690
1704500,0.094836,0.081690
1704600,0.126761,0.081690
1704700,0.139906,0.081690
1704800,0.127700,0.081690
1704900,0.132394,0.081690
1705000,0.122066,0.081690
1705100,0.125822,0.081690
1705200,0.134272,0.081690
1705300,0.121127,0.081690
1705400,0.122066,0.081690
1705500,0.139906,0.081690
1705600,0.123005,0.081690
1705700,0.114554,0.081690
1705800,0.107981,0.081690
1705900,0.108920,0.081690
1706000,0.118310,0.081690
1706100,0.123005,0.081690
1706200,0.133333,0.081690
1706300,0.134272,0.081690
1706400,0.118310,0.081690
1706500,0.107042,0.081690
1706600,0.116432,0.081690
1706700,0.120188,0.081690
1706800,0.123944,0.081690
1706900,0.116432,0.081690
1707000,0.135211,0.081690
1707100,0.129577,0.081690
1707200,0.115493,0.081690
1707300,0.121127,0.081690
1707400,0.114554,0.081690
1707500,0.102347,0.081690
1707600,0.124883,0.081690
1707700,0.135211,0.081690
1707800,0.131455,0.081690
1707900,0.135211,0.081690
1708000,0.122066,0.081690
1708100,0.115493,0.081690
1708200,0.129577,0.081690
1708300,0.113615,0.081690
1708400,0.116432,0.081690
1708500,0.104225,0.081690
1708600,0.130516,0.081690
1708700,0.103286,0.081690
1708800,0.117371,0.081690
1708900,0.134272,0.081690
1709000,0.131455,0.081690
1709100,0.104225,0.081690
1709200,0.122066,0.081690
1709300,0.118310,0.081690
1709400,0.128638,0.081690
1709500,0.131455,0.081690
1709600,0.131455,0.081690
1709700,0.145540,0.081690
1709800,0.125822,0.081690
1709900,0.136150,0.081690
1710000,0.121127,0.081690
1710100,0.143662,0.081690
1710200,0.136150,0.081690
1710300,0.121127,0.081690
1710400,0.119249,0.081690
1710500,0.117371,0.081690
1710600,0.137089,0.081690
1710700,0.138028,0.081690
1710800,0.125822,0.081690
1710900,0.121127,0.081690
1711000,0.124883,0.081690
1711100,0.112676,0.081690
1711200,0.117371,0.081690
1711300,0.110798,0.081690
1711400,0.121127,0.081690
1711500,0.115493,0.081690
1711600,0.113615,0.081690
1711700,0.117371,0.081690
1711800,0.117371,0.081690
1711900,0.111737,0.081690
1712000,0.129577,0.081690
1712100,0.119249,0.081690
1712200,0.106103,0.081690
1712300,0.118310,0.081690
1712400,0.114554,0.081690
1712500,0.105164,0.081690
1712600,0.127700,0.081690
1712700,0.124883,0.081690
1712800,0.127700,0.081690
1712900,0.127700,0.081690
1713000,0.120188,0.081690
1713100,0.112676,0.081690
1713200,0.114554,0.081690
1713300,0.124883,0.081690
1713400,0.131455,0.081690
1713500,0.127700,0.081690
1713600,0.133333,0.081690
1713700,0.123005,0.081690
1713800,0.117371,0.081690
1713900,0.129577,0.081690
1714000,0.131455,0.081690
1714100,0.138028,0.081690
1714200,0.148357,0.081690
1714300,0.150235,0.081690
1714400,0.123005,0.081690
1714500,0.113615,0.081690
1714600,0.138028,0.081690
1714700,0.138028,0.081690
1714800,0.124883,0.081690
1714900,0.118310,0.081690
1715000,0.115493,0.081690
1715100,0.140845,0.081690
1715200,0.137089,0.081690
1715300,0.138028,0.081690
1715400,0.109859,0.081690
1715500,0.106103,0.081690
1715600,0.130516,0.081690
1715700,0.131455,0.081690
1715800,0.105164,0.081690
1715900,0.119249,0.081690
1716000,0.125822,0.081690
1716100,0.112676,0.081690
1716200,0.123944,0.081690
1716300,0.136150,0.081690
1716400,0.126761,0.081690
1716500,0.120188,0.081690
1716600,0.111737,0.081690
1716700,0.129577,0.081690
1716800,0.141784,0.081690
1716900,0.133333,0.081690
1717000,0.114554,0.081690
1717100,0.122066,0.081690
1717200,0.114554,0.081690
1717300,0.115493,0.081690
1717400,0.114554,0.081690
1717500,0.100469,0.081690
1717600,0.116432,0.081690
1717700,0.119249,0.081690
1717800,0.110798,0.081690
1717900,0.111737,0.081690
1718000,0.123005,0.081690
1718100,0.114554,0.081690
1718200,0.115493,0.081690
1718300,0.125822,0.081690
1718400,0.104225,0.081690
1718500,0.130516,0.081690
1718600,0.121127,0.081690
1718700,0.119249,0.081690
1718800,0.116432,0.081690
1718900,0.122066,0.081690
1719000,0.115493,0.081690
1719100,0.115493,0.081690
1719200,0.128638,0.081690
1719300,0.117371,0.081690
1719400,0.125822,0.081690
1719500,0.122066,0.081690
1719600,0.119249,0.081690
1719700,0.116432,0.081690
1719800,0.126761,0.081690
1719900,0.142723,0.081690
1720000,0.131455,0.081690
1720100,0.115493,0.081690
1720200,0.107042,0.081690
1720300,0.100469,0.081690
1720400,0.100469,0.081690
1720500,0.118310,0.081690
1720600,0.134272,0.081690
1720700,0.138028,0.081690
1720800,0.127700,0.081690
1720900,0.124883,0.081690
1721000,0.127700,0.081690
1721100,0.110798,0.081690
1721200,0.124883,0.081690
1721300,0.117371,0.081690
1721400,0.123005,0.081690
1721500,0.116432,0.081690
1721600,0.132394,0.081690
1721700,0.123944,0.081690
1721800,0.116432,0.081690
1721900,0.126761,0.081690
1722000,0.114554,0.081690
1722100,0.128638,0.081690
1722200,0.101408,0.081690
1722300,0.121127,0.081690
1722400,0.137089,0.081690
1722500,0.133333,0.081690
1722600,0.124883,0.081690
1722700,0.115493,0.081690
1722800,0.115493,0.081690
1722900,0.116432,0.081690
1723000,0.105164,0.081690
1723100,0.122066,0.081690
1723200,0.110798,0.081690
1723300,0.123005,0.081690
1723400,0.155869,0.081690
1723500,0.123944,0.081690
1723600,0.105164,0.081690
1723700,0.127700,0.081690
1723800,0.116432,0.081690
1723900,0.125822,0.081690
1724000,0.122066,0.081690
1724100,0.132394,0.081690
1724200,0.133333,0.081690
1724300,0.128638,0.081690
1724400,0.127700,0.081690
1724500,0.138028,0.081690
1724600,0.123005,0.081690
1724700,0.122066,0.081690
1724800,0.123944,0.081690
1724900,0.119249,0.081690
1725000,0.121127,0.081690
1725100,0.113615,0.081690
1725200,0.127700,0.081690
1725300,0.113615,0.081690
1725400,0.109859,0.081690
1725500,0.107981,0.081690
1725600,0.124883,0.081690
1725700,0.128638,0.081690
1725800,0.106103,0.081690
1725900,0.136150,0.081690
1726000,0.123944,0.081690
1726100,0.137089,0.081690
1726200,0.128638,0.081690
1726300,0.123005,0.081690
1726400,0.126761,0.081690
1726500,0.128638,0.081690
1726600,0.124883,0.081690
1726700,0.120188,0.081690
1726800,0.114554,0.081690
1726900,0.123005,0.081690
1727000,0.139906,0.081690
1727100,0.126761,0.081690
1727200,0.119249,0.081690
1727300,0.109859,0.081690
1727400,0.129577,0.081690
1727500,0.133333,0.081690
1727600,0.133333,0.081690
1727700,0.138028,0.081690
1727800,0.129577,0.081690
1727900,0.131455,0.081690
1728000,0.133333,0.081690
1728100,0.126761,0.081690
1728200,0.126761,0.081690
1728300,0.128638,0.081690
1728400,0.116432,0.081690
1728500,0.123005,0.081690
1728600,0.118310,0.081690
1728700,0.110798,0.081690
1728800,0.132394,0.081690
1728900,0.127700,0.081690
1729000,0.129577,0.081690
1729100,0.125822,0.081690
1729200,0.117371,0.081690
1729300,0.121127,0.081690
1729400,0.131455,0.081690
1729500,0.122066,0.081690
1729600,0.123005,0.081690
1729700,0.136150,0.081690
1729800,0.125822,0.081690
1729900,0.131455,0.081690
1730000,0.119249,0.081690
1730100,0.123944,0.081690
1730200,0.121127,0.081690
1730300,0.122066,0.081690
1730400,0.116432,0.081690
1730500,0.137089,0.081690
1730600,0.141784,0.081690
1730700,0.133333,0.081690
1730800,0.106103,0.081690
1730900,0.111737,0.081690
1731000,0.116432,0.081690
1731100,0.118310,0.081690
1731200,0.134272,0.081690
1731300,0.127700,0.081690
1731400,0.134272,0.081690
1731500,0.119249,0.081690
1731600,0.119249,0.081690
1731700,0.126761,0.081690
1731800,0.114554,0.081690
1731900,0.122066,0.081690
1732000,0.128638,0.081690
1732100,0.123005,0.081690
1732200,0.112676,0.081690
1732300,0.133333,0.081690
1732400,0.099531,0.081690
1732500,0.126761,0.081690
1732600,0.123005,0.081690
1732700,0.125822,0.081690
1732800,0.121127,0.081690
1732900,0.115493,0.081690
1733000,0.117371,0.081690
1733100,0.107981,0.081690
1733200,0.126761,0.081690
1733300,0.122066,0.081690
1733400,0.119249,0.081690
1733500,0.134272,0.081690
1733600,0.125822,0.081690
1733700,0.134272,0.081690
1733800,0.131455,0.081690
1733900,0.125822,0.081690
1734000,0.123944,0.081690
1734100,0.126761,0.081690
1734200,0.116432,0.081690
1734300,0.103286,0.081690
1734400,0.107042,0.081690
1734500,0.118310,0.081690
1734600,0.107042,0.081690
1734700,0.127700,0.081690
1734800,0.109859,0.081690
1734900,0.101408,0.081690
1735000,0.121127,0.081690
1735100,0.123944,0.081690
1735200,0.126761,0.081690
1735300,0.110798,0.081690
1735400,0.113615,0.081690
1735500,0.119249,0.081690
1735600,0.107042,0.081690
1735700,0.123005,0.081690
1735800,0.131455,0.081690
1735900,0.142723,0.081690
1736000,0.127700,0.081690
1736100,0.142723,0.081690
1736200,0.148357,0.081690
1736300,0.143662,0.081690
1736400,0.119249,0.081690
1736500,0.115493,0.081690
1736600,0.128638,0.081690
1736700,0.123005,0.081690
1736800,0.119249,0.081690
1736900,0.106103,0.081690
1737000,0.120188,0.081690
1737100,0.136150,0.081690
1737200,0.103286,0.081690
1737300,0.116432,0.081690
1737400,0.117371,0.081690
1737500,0.132394,0.081690
1737600,0.119249,0.081690
1737700,0.135211,0.081690
1737800,0.119249,0.081690
1737900,0.114554,0.081690
1738000,0.116432,0.081690
1738100,0.109859,0.081690
1738200,0.117371,0.081690
1738300,0.132394,0.081690
1738400,0.132394,0.081690
1738500,0.126761,0.081690
1738600,0.127700,0.081690
1738700,0.123944,0.081690
1738800,0.122066,0.081690
1738900,0.153052,0.081690
1739000,0.130516,0.081690
1739100,0.117371,0.081690
1739200,0.105164,0.081690
1739300,0.121127,0.081690
1739400,0.124883,0.081690
1739500,0.124883,0.081690
1739600,0.108920,0.081690
1739700,0.104225,0.081690
1739800,0.120188,0.081690
1739900,0.131455,0.081690
1740000,0.109859,0.081690
1740100,0.132394,0.081690
1740200,0.109859,0.081690
1740300,0.110798,0.081690
1740400,0.138967,0.081690
1740500,0.152113,0.081690
1740600,0.138028,0.081690
1740700,0.118310,0.081690
1740800,0.113615,0.081690
1740900,0.127700,0.081690
1741000,0.113615,0.081690
1741100,0.130516,0.081690
1741200,0.129577,0.081690
1741300,0.133333,0.081690
1741400,0.129577,0.081690
1741500,0.124883,0.081690
1741600,0.107981,0.081690
1741700,0.118310,0.081690
1741800,0.117371,0.081690
1741900,0.120188,0.081690
1742000,0.129577,0.081690
1742100,0.107042,0.081690
1742200,0.102347,0.081690
1742300,0.115493,0.081690
1742400,0.122066,0.081690
1742500,0.129577,0.081690
1742600,0.121127,0.081690
1742700,0.115493,0.081690
1742800,0.123944,0.081690
1742900,0.129577,0.081690
1743000,0.136150,0.081690
1743100,0.121127,0.081690
1743200,0.145540,0.081690
1743300,0.136150,0.081690
1743400,0.128638,0.081690
1743500,0.123944,0.081690
1743600,0.123944,0.081690
1743700,0.135211,0.081690
1743800,0.125822,0.081690
1743900,0.131455,0.081690
1744000,0.137089,0.081690
1744100,0.116432,0.081690
1744200,0.134272,0.081690
1744300,0.124883,0.081690
1744400,0.101408,0.081690
1744500,0.119249,0.081690
1744600,0.145540,0.081690
1744700,0.125822,0.081690
1744800,0.131455,0.081690
1744900,0.109859,0.081690
1745000,0.133333,0.081690
1745100,0.120188,0.081690
1745200,0.132394,0.081690
1745300,0.123944,0.081690
1745400,0.138967,0.081690
1745500,0.128638,0.081690
1745600,0.121127,0.081690
1745700,0.117371,0.081690
1745800,0.128638,0.081690
1745900,0.144601,0.081690
1746000,0.126761,0.081690
1746100,0.116432,0.081690
1746200,0.111737,0.081690
1746300,0.122066,0.081690
1746400,0.138028,0.081690
1746500,0.121127,0.081690
1746600,0.132394,0.081690
1746700,0.123005,0.081690
1746800,0.112676,0.081690
1746900,0.124883,0.081690
1747000,0.124883,0.081690
1747100,0.121127,0.081690
1747200,0.133333,0.081690
1747300,0.127700,0.081690
1747400,0.098592,0.081690
1747500,0.105164,0.081690
1747600,0.114554,0.081690
1747700,0.127700,0.081690
1747800,0.120188,0.081690
1747900,0.125822,0.081690
1748000,0.129577,0.081690
1748100,0.122066,0.081690
1748200,0.113615,0.081690
1748300,0.136150,0.081690
1748400,0.113615,0.081690
1748500,0.107042,0.081690
1748600,0.101408,0.081690
1748700,0.115493,0.081690
1748800,0.115493,0.081690
1748900,0.153991,0.081690
1749000,0.138028,0.081690
1749100,0.130516,0.081690
1749200,0.124883,0.081690
1749300,0.125822,0.081690
1749400,0.123005,0.081690
1749500,0.120188,0.081690
1749600,0.113615,0.081690
1749700,0.086385,0.081690
1749800,0.096714,0.081690
1749900,0.116432,0.081690
1750000,0.123005,0.081690
1750100,0.128638,0.081690
1750200,0.119249,0.081690
1750300,0.123005,0.081690
1750400,0.110798,0.081690
1750500,0.106103,0.081690
1750600,0.118310,0.081690
1750700,0.130516,0.081690
1750800,0.122066,0.081690
1750900,0.140845,0.081690
1751000,0.130516,0.081690
1751100,0.119249,0.081690
1751200,0.129577,0.081690
1751300,0.122066,0.081690
1751400,0.119249,0.081690
1751500,0.120188,0.081690
1751600,0.111737,0.081690
1751700,0.128638,0.081690
1751800,0.130516,0.081690
1751900,0.124883,0.081690
1752000,0.130516,0.081690
1752100,0.148357,0.081690
1752200,0.126761,0.081690
1752300,0.129577,0.081690
1752400,0.124883,0.081690
1752500,0.128638,0.081690
1752600,0.114554,0.081690
1752700,0.123944,0.081690
1752800,0.131455,0.081690
1752900,0.140845,0.081690
1753000,0.127700,0.081690
1753100,0.118310,0.081690
1753200,0.130516,0.081690
1753300,0.124883,0.081690
1753400,0.116432,0.081690
1753500,0.125822,0.081690
1753600,0.123005,0.081690
1753700,0.121127,0.081690
1753800,0.126761,0.081690
1753900,0.127700,0.081690
1754000,0.113615,0.081690
1754100,0.140845,0.081690
1754200,0.137089,0.081690
1754300,0.123944,0.081690
1754400,0.139906,0.081690
1754500,0.143662,0.081690
1754600,0.139906,0.081690
1754700,0.114554,0.081690
1754800,0.128638,0.081690
1754900,0.129577,0.081690
1755000,0.121127,0.081690
1755100,0.123005,0.081690
1755200,0.147418,0.081690
1755300,0.123944,0.081690
1755400,0.153052,0.081690
1755500,0.142723,0.081690
1755600,0.140845,0.081690
1755700,0.122066,0.081690
1755800,0.136150,0.081690
1755900,0.115493,0.081690
1756000,0.124883,0.081690
1756100,0.142723,0.081690
1756200,0.111737,0.081690
1756300,0.117371,0.081690
1756400,0.112676,0.081690
1756500,0.133333,0.081690
1756600,0.128638,0.081690
1756700,0.122066,0.081690
1756800,0.133333,0.081690
1756900,0.126761,0.081690
1757000,0.112676,0.081690
1757100,0.131455,0.081690
1757200,0.110798,0.081690
1757300,0.123944,0.081690
1757400,0.113615,0.081690
1757500,0.136150,0.081690
1757600,0.108920,0.081690
1757700,0.118310,0.081690
1757800,0.138028,0.081690
1757900,0.141784,0.081690
1758000,0.135211,0.081690
1758100,0.113615,0.081690
1758200,0.118310,0.081690
1758300,0.110798,0.081690
1758400,0.124883,0.081690
1758500,0.116432,0.081690
1758600,0.113615,0.081690
1758700,0.124883,0.081690
1758800,0.123944,0.081690
1758900,0.111737,0.081690
1759000,0.117371,0.081690
1759100,0.120188,0.081690
1759200,0.124883,0.081690
1759300,0.118310,0.081690
1759400,0.106103,0.081690
1759500,0.125822,0.081690
1759600,0.129577,0.081690
1759700,0.120188,0.081690
1759800,0.123944,0.081690
1759900,0.120188,0.081690
1760000,0.140845,0.081690
1760100,0.124883,0.081690
1760200,0.137089,0.081690
1760300,0.133333,0.081690
1760400,0.137089,0.081690
1760500,0.122066,0.081690
1760600,0.122066,0.081690
1760700,0.137089,0.081690
1760800,0.134272,0.081690
1760900,0.127700,0.081690
1761000,0.132394,0.081690
1761100,0.134272,0.081690
1761200,0.123005,0.081690
1761300,0.106103,0.081690
1761400,0.126761,0.081690
1761500,0.124883,0.081690
1761600,0.132394,0.081690
1761700,0.138967,0.081690
1761800,0.123944,0.081690
1761900,0.128638,0.081690
1762000,0.112676,0.081690
1762100,0.111737,0.081690
1762200,0.113615,0.081690
1762300,0.112676,0.081690
1762400,0.107981,0.081690
1762500,0.111737,0.081690
1762600,0.121127,0.081690
1762700,0.136150,0.081690
1762800,0.128638,0.081690
1762900,0.137089,0.081690
1763000,0.128638,0.081690
1763100,0.136150,0.081690
1763200,0.101408,0.081690
1763300,0.124883,0.081690
1763400,0.129577,0.081690
1763500,0.123944,0.081690
1763600,0.121127,0.081690
1763700,0.115493,0.081690
1763800,0.122066,0.081690
1763900,0.127700,0.081690
1764000,0.134272,0.081690
1764100,0.107981,0.081690
1764200,0.125822,0.081690
1764300,0.129577,0.081690
1764400,0.122066,0.081690
1764500,0.103286,0.081690
1764600,0.115493,0.081690
1764700,0.125822,0.081690
1764800,0.131455,0.081690
1764900,0.110798,0.081690
1765000,0.108920,0.081690
1765100,0.116432,0.081690
1765200,0.111737,0.081690
1765300,0.124883,0.081690
1765400,0.133333,0.081690
1765500,0.125822,0.081690
1765600,0.123005,0.081690
1765700,0.140845,0.081690
1765800,0.135211,0.081690
1765900,0.140845,0.081690
1766000,0.123005,0.081690
1766100,0.122066,0.081690
1766200,0.127700,0.081690
1766300,0.133333,0.081690
1766400,0.127700,0.081690
1766500,0.122066,0.081690
1766600,0.122066,0.081690
1766700,0.113615,0.081690
1766800,0.136150,0.081690
1766900,0.118310,0.081690
1767000,0.113615,0.081690
1767100,0.122066,0.081690
1767200,0.113615,0.081690
1767300,0.125822,0.081690
1767400,0.130516,0.081690
1767500,0.130516,0.081690
1767600,0.125822,0.081690
1767700,0.128638,0.081690
1767800,0.131455,0.081690
1767900,0.123944,0.081690
1768000,0.119249,0.081690
1768100,0.115493,0.081690
1768200,0.116432,0.081690
1768300,0.120188,0.081690
1768400,0.135211,0.081690
1768500,0.124883,0.081690
1768600,0.119249,0.081690
1768700,0.135211,0.081690
1768800,0.132394,0.081690
1768900,0.108920,0.081690
1769000,0.120188,0.081690
1769100,0.121127,0.081690
1769200,0.125822,0.081690
1769300,0.113615,0.081690
1769400,0.115493,0.081690
1769500,0.118310,0.081690
1769600,0.123005,0.081690
1769700,0.126761,0.081690
1769800,0.135211,0.081690
1769900,0.127700,0.081690
1770000,0.120188,0.081690
1770100,0.120188,0.081690
1770200,0.145540,0.081690
1770300,0.123005,0.081690
1770400,0.136150,0.081690
1770500,0.123944,0.081690
1770600,0.116432,0.081690
1770700,0.128638,0.081690
1770800,0.142723,0.081690
1770900,0.115493,0.081690
1771000,0.133333,0.081690
1771100,0.104225,0.081690
1771200,0.119249,0.081690
1771300,0.111737,0.081690
1771400,0.130516,0.081690
1771500,0.117371,0.081690
1771600,0.111737,0.081690
1771700,0.125822,0.081690
1771800,0.107042,0.081690
1771900,0.109859,0.081690
1772000,0.124883,0.081690
1772100,0.147418,0.081690
1772200,0.123944,0.081690
1772300,0.096714,0.081690
1772400,0.110798,0.081690
1772500,0.129577,0.081690
1772600,0.145540,0.081690
1772700,0.125822,0.081690
1772800,0.121127,0.081690
1772900,0.129577,0.081690
1773000,0.121127,0.081690
1773100,0.107981,0.081690
1773200,0.107981,0.081690
1773300,0.138028,0.081690
1773400,0.132394,0.081690
1773500,0.137089,0.081690
1773600,0.130516,0.081690
1773700,0.117371,0.081690
1773800,0.143662,0.081690
1773900,0.123005,0.081690
1774000,0.129577,0.081690
1774100,0.125822,0.081690
1774200,0.120188,0.081690
1774300,0.126761,0.081690
1774400,0.132394,0.081690
1774500,0.144601,0.081690
1774600,0.138028,0.081690
1774700,0.128638,0.081690
1774800,0.107981,0.081690
1774900,0.114554,0.081690
1775000,0.119249,0.081690
1775100,0.136150,0.081690
1775200,0.137089,0.081690
1775300,0.123005,0.081690
1775400,0.119249,0.081690
1775500,0.122066,0.081690
1775600,0.119249,0.081690
1775700,0.109859,0.081690
1775800,0.120188,0.081690
1775900,0.133333,0.081690
1776000,0.131455,0.081690
1776100,0.141784,0.081690
1776200,0.133333,0.081690
1776300,0.140845,0.081690
1776400,0.132394,0.081690
1776500,0.138028,0.081690
1776600,0.129577,0.081690
1776700,0.139906,0.081690
1776800,0.149296,0.081690
1776900,0.147418,0.081690
1777000,0.117371,0.081690
1777100,0.139906,0.081690
1777200,0.116432,0.081690
1777300,0.129577,0.081690
1777400,0.111737,0.081690
1777500,0.144601,0.081690
1777600,0.110798,0.081690
1777700,0.131455,0.081690
1777800,0.123005,0.081690
1777900,0.124883,0.081690
1778000,0.123005,0.081690
1778100,0.127700,0.081690
1778200,0.119249,0.081690
1778300,0.129577,0.081690
1778400,0.121127,0.081690
1778500,0.127700,0.081690
1778600,0.121127,0.081690
1778700,0.112676,0.081690
1778800,0.121127,0.081690
1778900,0.119249,0.081690
1779000,0.121127,0.081690
1779100,0.113615,0.081690
1779200,0.125822,0.081690
1779300,0.133333,0.081690
1779400,0.125822,0.081690
1779500,0.128638,0.081690
1779600,0.113615,0.081690
1779700,0.131455,0.081690
1779800,0.121127,0.081690
1779900,0.124883,0.081690
1780000,0.117371,0.081690
1780100,0.113615,0.081690
1780200,0.130516,0.081690
1780300,0.114554,0.081690
1780400,0.109859,0.081690
1780500,0.115493,0.081690
1780600,0.118310,0.081690
1780700,0.126761,0.081690
1780800,0.125822,0.081690
1780900,0.119249,0.081690
1781000,0.122066,0.081690
1781100,0.139906,0.081690
1781200,0.143662,0.081690
1781300,0.139906,0.081690
1781400,0.117371,0.081690
1781500,0.131455,0.081690
1781600,0.122066,0.081690
1781700,0.141784,0.081690
1781800,0.116432,0.081690
1781900,0.116432,0.081690
1782000,0.111737,0.081690
1782100,0.122066,0.081690
1782200,0.116432,0.081690
1782300,0.112676,0.081690
1782400,0.128638,0.081690
1782500,0.123944,0.081690
1782600,0.123005,0.081690
1782700,0.123944,0.081690
1782800,0.116432,0.081690
1782900,0.118310,0.081690
1783000,0.126761,0.081690
1783100,0.118310,0.081690
1783200,0.134272,0.081690
1783300,0.092958,0.081690
1783400,0.114554,0.081690
1783500,0.119249,0.081690
1783600,0.138028,0.081690
1783700,0.141784,0.081690
1783800,0.137089,0.081690
1783900,0.121127,0.081690
1784000,0.122066,0.081690
1784100,0.140845,0.081690
1784200,0.115493,0.081690
1784300,0.125822,0.081690
1784400,0.113615,0.081690
1784500,0.119249,0.081690
1784600,0.103286,0.081690
1784700,0.107042,0.081690
1784800,0.117371,0.081690
1784900,0.126761,0.081690
1785000,0.149296,0.081690
1785100,0.129577,0.081690
1785200,0.126761,0.081690
1785300,0.144601,0.081690
1785400,0.127700,0.081690
1785500,0.131455,0.081690
1785600,0.121127,0.081690
1785700,0.117371,0.081690
1785800,0.101408,0.081690
1785900,0.117371,0.081690
1786000,0.107981,0.081690
1786100,0.107981,0.081690
1786200,0.115493,0.081690
1786300,0.107981,0.081690
1786400,0.135211,0.081690
1786500,0.116432,0.081690
1786600,0.114554,0.081690
1786700,0.118310,0.081690
1786800,0.115493,0.081690
1786900,0.119249,0.081690
1787000,0.128638,0.081690
1787100,0.123944,0.081690
1787200,0.123944,0.081690
1787300,0.128638,0.081690
1787400,0.144601,0.081690
1787500,0.145540,0.081690
1787600,0.135211,0.081690
1787700,0.133333,0.081690
1787800,0.134272,0.081690
1787900,0.114554,0.081690
1788000,0.120188,0.081690
1788100,0.121127,0.081690
1788200,0.130516,0.081690
1788300,0.131455,0.081690
1788400,0.111737,0.081690
1788500,0.114554,0.081690
1788600,0.121127,0.081690
1788700,0.103286,0.081690
1788800,0.132394,0.081690
1788900,0.123005,0.081690
1789000,0.127700,0.081690
1789100,0.124883,0.081690
1789200,0.137089,0.081690
1789300,0.117371,0.081690
1789400,0.120188,0.081690
1789500,0.130516,0.081690
1789600,0.119249,0.081690
1789700,0.124883,0.081690
1789800,0.128638,0.081690
1789900,0.112676,0.081690
1790000,0.109859,0.081690
1790100,0.122066,0.081690
1790200,0.113615,0.081690
1790300,0.124883,0.081690
1790400,0.116432,0.081690
1790500,0.119249,0.081690
1790600,0.117371,0.081690
1790700,0.132394,0.081690
1790800,0.143662,0.081690
1790900,0.132394,0.081690
1791000,0.123944,0.081690
1791100,0.108920,0.081690
1791200,0.128638,0.081690
1791300,0.109859,0.081690
1791400,0.122066,0.081690
1791500,0.113615,0.081690
1791600,0.135211,0.081690
1791700,0.124883,0.081690
1791800,0.110798,0.081690
1791900,0.122066,0.081690
1792000,0.135211,0.081690
1792100,0.137089,0.081690
1792200,0.107042,0.081690
1792300,0.115493,0.081690
1792400,0.110798,0.081690
1792500,0.106103,0.081690
1792600,0.121127,0.081690
1792700,0.118310,0.081690
1792800,0.119249,0.081690
1792900,0.109859,0.081690
1793000,0.143662,0.081690
1793100,0.131455,0.081690
1793200,0.135211,0.081690
1793300,0.124883,0.081690
1793400,0.128638,0.081690
1793500,0.116432,0.081690
1793600,0.121127,0.081690
1793700,0.136150,0.081690
1793800,0.123005,0.081690
1793900,0.116432,0.081690
1794000,0.110798,0.081690
1794100,0.106103,0.081690
1794200,0.111737,0.081690
1794300,0.129577,0.081690
1794400,0.114554,0.081690
1794500,0.112676,0.081690
1794600,0.116432,0.081690
1794700,0.118310,0.081690
1794800,0.116432,0.081690
1794900,0.135211,0.081690
1795000,0.124883,0.081690
1795100,0.119249,0.081690
1795200,0.124883,0.081690
1795300,0.134272,0.081690
1795400,0.128638,0.081690
1795500,0.148357,0.081690
1795600,0.118310,0.081690
1795700,0.134272,0.081690
1795800,0.117371,0.081690
1795900,0.115493,0.081690
1796000,0.121127,0.081690
1796100,0.139906,0.081690
1796200,0.130516,0.081690
1796300,0.137089,0.081690
1796400,0.139906,0.081690
1796500,0.138967,0.081690
1796600,0.130516,0.081690
1796700,0.110798,0.081690
1796800,0.129577,0.081690
1796900,0.122066,0.081690
1797000,0.133333,0.081690
1797100,0.125822,0.081690
1797200,0.108920,0.081690
1797300,0.112676,0.081690
1797400,0.129577,0.081690
1797500,0.144601,0.081690
1797600,0.137089,0.081690
1797700,0.120188,0.081690
1797800,0.129577,0.081690
1797900,0.124883,0.081690
1798000,0.128638,0.081690
1798100,0.105164,0.081690
1798200,0.092958,0.081690
1798300,0.098592,0.081690
1798400,0.106103,0.081690
1798500,0.104225,0.081690
1798600,0.143662,0.081690
1798700,0.127700,0.081690
1798800,0.115493,0.081690
1798900,0.115493,0.081690
1799000,0.124883,0.081690
1799100,0.116432,0.081690
1799200,0.128638,0.081690
1799300,0.123944,0.081690
1799400,0.139906,0.081690
1799500,0.128638,0.081690
1799600,0.128638,0.081690
1799700,0.135211,0.081690
1799800,0.128638,0.081690
1799900,0.119249,0.081690
1800000,0.119249,0.081690
1800100,0.120188,0.081690
1800200,0.123944,0.081690
1800300,0.114554,0.081690
1800400,0.125822,0.081690
1800500,0.135211,0.081690
1800600,0.142723,0.081690
1800700,0.129577,0.081690
1800800,0.131455,0.081690
1800900,0.133333,0.081690
1801000,0.132394,0.081690
1801100,0.123944,0.081690
1801200,0.101408,0.081690
1801300,0.098592,0.081690
1801400,0.107981,0.081690
1801500,0.117371,0.081690
1801600,0.121127,0.081690
1801700,0.124883,0.081690
1801800,0.134272,0.081690
1801900,0.107981,0.081690
1802000,0.132394,0.081690
1802100,0.121127,0.081690
1802200,0.136150,0.081690
1802300,0.130516,0.081690
1802400,0.125822,0.081690
1802500,0.105164,0.081690
1802600,0.116432,0.081690
1802700,0.120188,0.081690
1802800,0.135211,0.081690
1802900,0.123944,0.081690
1803000,0.140845,0.081690
1803100,0.126761,0.081690
1803200,0.131455,0.081690
1803300,0.124883,0.081690
1803400,0.114554,0.081690
1803500,0.125822,0.081690
1803600,0.124883,0.081690
1803700,0.129577,0.081690
1803800,0.128638,0.081690
1803900,0.130516,0.081690
1804000,0.135211,0.081690
1804100,0.123944,0.081690
1804200,0.139906,0.081690
1804300,0.137089,0.081690
1804400,0.133333,0.081690
1804500,0.119249,0.081690
1804600,0.121127,0.081690
1804700,0.123005,0.081690
1804800,0.135211,0.081690
1804900,0.133333,0.081690
1805000,0.131455,0.081690
1805100,0.119249,0.081690
1805200,0.133333,0.081690
1805300,0.140845,0.081690
1805400,0.129577,0.081690
1805500,0.110798,0.081690
1805600,0.118310,0.081690
1805700,0.118310,0.081690
1805800,0.113615,0.081690
1805900,0.102347,0.081690
1806000,0.127700,0.081690
1806100,0.135211,0.081690
1806200,0.112676,0.081690
1806300,0.140845,0.081690
1806400,0.137089,0.081690
1806500,0.135211,0.081690
1806600,0.126761,0.081690
1806700,0.121127,0.081690
1806800,0.130516,0.081690
1806900,0.123005,0.081690
1807000,0.122066,0.081690
1807100,0.107042,0.081690
1807200,0.107981,0.081690
1807300,0.112676,0.081690
1807400,0.111737,0.081690
1807500,0.119249,0.081690
1807600,0.129577,0.081690
1807700,0.124883,0.081690
1807800,0.113615,0.081690
1807900,0.113615,0.081690
1808000,0.117371,0.081690
1808100,0.121127,0.081690
1808200,0.117371,0.081690
1808300,0.128638,0.081690
1808400,0.128638,0.081690
1808500,0.130516,0.081690
1808600,0.128638,0.081690
1808700,0.123944,0.081690
1808800,0.129577,0.081690
1808900,0.131455,0.081690
1809000,0.115493,0.081690
1809100,0.127700,0.081690
1809200,0.121127,0.081690
1809300,0.113615,0.081690
1809400,0.121127,0.081690
1809500,0.136150,0.081690
1809600,0.130516,0.081690
1809700,0.120188,0.081690
1809800,0.124883,0.081690
1809900,0.124883,0.081690
1810000,0.113615,0.081690
1810100,0.111737,0.081690
1810200,0.111737,0.081690
1810300,0.128638,0.081690
1810400,0.122066,0.081690
1810500,0.123005,0.081690
1810600,0.127700,0.081690
1810700,0.126761,0.081690
1810800,0.119249,0.081690
1810900,0.132394,0.081690
1811000,0.123005,0.081690
1811100,0.115493,0.081690
1811200,0.135211,0.081690
1811300,0.132394,0.081690
1811400,0.115493,0.081690
1811500,0.121127,0.081690
1811600,0.093897,0.081690
1811700,0.138028,0.081690
1811800,0.138967,0.081690
1811900,0.130516,0.081690
1812000,0.138967,0.081690
1812100,0.124883,0.081690
1812200,0.118310,0.081690
1812300,0.121127,0.081690
1812400,0.124883,0.081690
1812500,0.128638,0.081690
1812600,0.118310,0.081690
1812700,0.119249,0.081690
1812800,0.116432,0.081690
1812900,0.119249,0.081690
1813000,0.114554,0.081690
1813100,0.110798,0.081690
1813200,0.102347,0.081690
1813300,0.116432,0.081690
1813400,0.112676,0.081690
1813500,0.123005,0.081690
1813600,0.133333,0.081690
1813700,0.138967,0.081690
1813800,0.138967,0.081690
1813900,0.140845,0.081690
1814000,0.112676,0.081690
1814100,0.130516,0.081690
1814200,0.121127,0.081690
1814300,0.112676,0.081690
1814400,0.124883,0.081690
1814500,0.130516,0.081690
1814600,0.127700,0.081690
1814700,0.113615,0.081690
1814800,0.134272,0.081690
1814900,0.138967,0.081690
1815000,0.135211,0.081690
1815100,0.103286,0.081690
1815200,0.123944,0.081690
1815300,0.141784,0.081690
1815400,0.147418,0.081690
1815500,0.129577,0.081690
1815600,0.144601,0.081690
1815700,0.123944,0.081690
1815800,0.136150,0.081690
1815900,0.139906,0.081690
1816000,0.125822,0.081690
1816100,0.138967,0.081690
1816200,0.115493,0.081690
1816300,0.120188,0.081690
1816400,0.136150,0.081690
1816500,0.140845,0.081690
1816600,0.143662,0.081690
1816700,0.126761,0.081690
1816800,0.138967,0.081690
1816900,0.141784,0.081690
1817000,0.115493,0.081690
1817100,0.138967,0.081690
1817200,0.133333,0.081690
1817300,0.107981,0.081690
1817400,0.122066,0.081690
1817500,0.126761,0.081690
1817600,0.129577,0.081690
1817700,0.123005,0.081690
1817800,0.128638,0.081690
1817900,0.113615,0.081690
1818000,0.123005,0.081690
1818100,0.133333,0.081690
1818200,0.113615,0.081690
1818300,0.134272,0.081690
1818400,0.140845,0.081690
1818500,0.128638,0.081690
1818600,0.137089,0.081690
1818700,0.128638,0.081690
1818800,0.120188,0.081690
1818900,0.111737,0.081690
1819000,0.142723,0.081690
1819100,0.126761,0.081690
1819200,0.128638,0.081690
1819300,0.139906,0.081690
1819400,0.126761,0.081690
1819500,0.123944,0.081690
1819600,0.140845,0.081690
1819700,0.132394,0.081690
1819800,0.140845,0.081690
1819900,0.127700,0.081690
1820000,0.122066,0.081690
1820100,0.111737,0.081690
1820200,0.124883,0.081690
1820300,0.121127,0.081690
1820400,0.107981,0.081690
1820500,0.118310,0.081690
1820600,0.111737,0.081690
1820700,0.131455,0.081690
1820800,0.130516,0.081690
1820900,0.114554,0.081690
1821000,0.121127,0.081690
1821100,0.122066,0.081690
1821200,0.120188,0.081690
1821300,0.131455,0.081690
1821400,0.139906,0.081690
1821500,0.137089,0.081690
1821600,0.115493,0.081690
1821700,0.121127,0.081690
1821800,0.121127,0.081690
1821900,0.125822,0.081690
1822000,0.140845,0.081690
1822100,0.132394,0.081690
1822200,0.118310,0.081690
1822300,0.113615,0.081690
1822400,0.126761,0.081690
1822500,0.122066,0.081690
1822600,0.123944,0.081690
1822700,0.122066,0.081690
1822800,0.106103,0.081690
1822900,0.119249,0.081690
1823000,0.125822,0.081690
1823100,0.106103,0.081690
1823200,0.120188,0.081690
1823300,0.133333,0.081690
1823400,0.138028,0.081690
1823500,0.130516,0.081690
1823600,0.125822,0.081690
1823700,0.125822,0.081690
1823800,0.118310,0.081690
1823900,0.138028,0.081690
1824000,0.127700,0.081690
1824100,0.123005,0.081690
1824200,0.114554,0.081690
1824300,0.116432,0.081690
1824400,0.105164,0.081690
1824500,0.112676,0.081690
1824600,0.138028,0.081690
1824700,0.154930,0.081690
1824800,0.136150,0.081690
1824900,0.132394,0.081690
1825000,0.117371,0.081690
1825100,0.122066,0.081690
1825200,0.136150,0.081690
1825300,0.131455,0.081690
1825400,0.131455,0.081690
1825500,0.139906,0.081690
1825600,0.132394,0.081690
1825700,0.115493,0.081690
1825800,0.123005,0.081690
1825900,0.123944,0.081690
1826000,0.116432,0.081690
1826100,0.113615,0.081690
1826200,0.151174,0.081690
1826300,0.123944,0.081690
1826400,0.123944,0.081690
1826500,0.107981,0.081690
1826600,0.117371,0.081690
1826700,0.121127,0.081690
1826800,0.136150,0.081690
1826900,0.117371,0.081690
1827000,0.116432,0.081690
1827100,0.141784,0.081690
1827200,0.133333,0.081690
1827300,0.131455,0.081690
1827400,0.131455,0.081690
1827500,0.127700,0.081690
1827600,0.122066,0.081690
1827700,0.123944,0.081690
1827800,0.123005,0.081690
1827900,0.109859,0.081690
1828000,0.150235,0.081690
1828100,0.143662,0.081690
1828200,0.135211,0.081690
1828300,0.127700,0.081690
1828400,0.130516,0.081690
1828500,0.124883,0.081690
1828600,0.128638,0.081690
1828700,0.111737,0.081690
1828800,0.108920,0.081690
1828900,0.125822,0.081690
1829000,0.138967,0.081690
1829100,0.129577,0.081690
1829200,0.123005,0.081690
1829300,0.116432,0.081690
1829400,0.131455,0.081690
1829500,0.125822,0.081690
1829600,0.108920,0.081690
1829700,0.105164,0.081690
1829800,0.122066,0.081690
1829900,0.127700,0.081690
1830000,0.129577,0.081690
1830100,0.114554,0.081690
1830200,0.126761,0.081690
1830300,0.145540,0.081690
1830400,0.123944,0.081690
1830500,0.121127,0.081690
1830600,0.124883,0.081690
1830700,0.104225,0.081690
1830800,0.103286,0.081690
1830900,0.112676,0.081690
1831000,0.125822,0.081690
1831100,0.106103,0.081690
1831200,0.122066,0.081690
1831300,0.131455,0.081690
1831400,0.113615,0.081690
1831500,0.121127,0.081690
1831600,0.109859,0.081690
1831700,0.128638,0.081690
1831800,0.121127,0.081690
1831900,0.115493,0.081690
1832000,0.121127,0.081690
1832100,0.133333,0.081690
1832200,0.132394,0.081690
1832300,0.131455,0.081690
1832400,0.131455,0.081690
1832500,0.120188,0.081690
1832600,0.105164,0.081690
1832700,0.120188,0.081690
1832800,0.146479,0.081690
1832900,0.133333,0.081690
1833000,0.127700,0.081690
1833100,0.137089,0.081690
1833200,0.122066,0.081690
1833300,0.115493,0.081690
1833400,0.118310,0.081690
1833500,0.137089,0.081690
1833600,0.142723,0.081690
1833700,0.137089,0.081690
1833800,0.128638,0.081690
1833900,0.112676,0.081690
1834000,0.126761,0.081690
1834100,0.134272,0.081690
1834200,0.135211,0.081690
1834300,0.125822,0.081690
1834400,0.127700,0.081690
1834500,0.127700,0.081690
1834600,0.131455,0.081690
1834700,0.118310,0.081690
1834800,0.131455,0.081690
1834900,0.123944,0.081690
1835000,0.118310,0.081690
1835100,0.106103,0.081690
1835200,0.132394,0.081690
1835300,0.130516,0.081690
1835400,0.137089,0.081690
1835500,0.149296,0.081690
1835600,0.142723,0.081690
1835700,0.129577,0.081690
1835800,0.120188,0.081690
1835900,0.113615,0.081690
1836000,0.122066,0.081690
1836100,0.116432,0.081690
1836200,0.130516,0.081690
1836300,0.123944,0.081690
1836400,0.112676,0.081690
1836500,0.105164,0.081690
1836600,0.132394,0.081690
1836700,0.109859,0.081690
1836800,0.108920,0.081690
1836900,0.130516,0.081690
1837000,0.117371,0.081690
1837100,0.103286,0.081690
1837200,0.118310,0.081690
1837300,0.124883,0.081690
1837400,0.111737,0.081690
1837500,0.116432,0.081690
1837600,0.126761,0.081690
1837700,0.135211,0.081690
1837800,0.135211,0.081690
1837900,0.138028,0.081690
1838000,0.131455,0.081690
1838100,0.110798,0.081690
1838200,0.135211,0.081690
1838300,0.121127,0.081690
1838400,0.107981,0.081690
1838500,0.126761,0.081690
1838600,0.138028,0.081690
1838700,0.126761,0.081690
1838800,0.116432,0.081690
1838900,0.109859,0.081690
1839000,0.123944,0.081690
1839100,0.128638,0.081690
1839200,0.119249,0.081690
1839300,0.107981,0.081690
1839400,0.124883,0.081690
1839500,0.105164,0.081690
1839600,0.114554,0.081690
1839700,0.110798,0.081690
1839800,0.123944,0.081690
1839900,0.116432,0.081690
1840000,0.104225,0.081690
1840100,0.120188,0.081690
1840200,0.120188,0.081690
1840300,0.116432,0.081690
1840400,0.121127,0.081690
1840500,0.142723,0.081690
1840600,0.138028,0.081690
1840700,0.140845,0.081690
1840800,0.126761,0.081690
1840900,0.131455,0.081690
1841000,0.128638,0.081690
1841100,0.103286,0.081690
1841200,0.107042,0.081690
1841300,0.116432,0.081690
1841400,0.129577,0.081690
1841500,0.140845,0.081690
1841600,0.134272,0.081690
1841700,0.124883,0.081690
1841800,0.135211,0.081690
1841900,0.124883,0.081690
1842000,0.132394,0.081690
1842100,0.119249,0.081690
1842200,0.114554,0.081690
1842300,0.129577,0.081690
1842400,0.137089,0.081690
1842500,0.144601,0.081690
1842600,0.142723,0.081690
1842700,0.132394,0.081690
1842800,0.122066,0.081690
1842900,0.131455,0.081690
1843000,0.122066,0.081690
1843100,0.128638,0.081690
1843200,0.123944,0.081690
1843300,0.126761,0.081690
1843400,0.125822,0.081690
1843500,0.107981,0.081690
1843600,0.122066,0.081690
1843700,0.105164,0.081690
1843800,0.137089,0.081690
1843900,0.117371,0.081690
1844000,0.113615,0.081690
1844100,0.126761,0.081690
1844200,0.133333,0.081690
1844300,0.131455,0.081690
1844400,0.123944,0.081690
1844500,0.128638,0.081690
1844600,0.123944,0.081690
1844700,0.128638,0.081690
1844800,0.108920,0.081690
1844900,0.131455,0.081690
1845000,0.123005,0.081690
1845100,0.125822,0.081690
1845200,0.131455,0.081690
1845300,0.136150,0.081690
1845400,0.130516,0.081690
1845500,0.136150,0.081690
1845600,0.116432,0.081690
1845700,0.110798,0.081690
1845800,0.125822,0.081690
1845900,0.119249,0.081690
1846000,0.123005,0.081690
1846100,0.115493,0.081690
1846200,0.133333,0.081690
1846300,0.139906,0.081690
1846400,0.120188,0.081690
1846500,0.101408,0.081690
1846600,0.118310,0.081690
1846700,0.113615,0.081690
1846800,0.136150,0.081690
1846900,0.121127,0.081690
1847000,0.128638,0.081690
1847100,0.107042,0.081690
1847200,0.122066,0.081690
1847300,0.121127,0.081690
1847400,0.110798,0.081690
1847500,0.123944,0.081690
1847600,0.111737,0.081690
1847700,0.133333,0.081690
1847800,0.115493,0.081690
1847900,0.138028,0.081690
1848000,0.132394,0.081690
1848100,0.121127,0.081690
1848200,0.141784,0.081690
1848300,0.143662,0.081690
1848400,0.130516,0.081690
1848500,0.123944,0.081690
1848600,0.106103,0.081690
1848700,0.116432,0.081690
1848800,0.138028,0.081690
1848900,0.117371,0.081690
1849000,0.132394,0.081690
1849100,0.126761,0.081690
1849200,0.119249,0.081690
1849300,0.121127,0.081690
1849400,0.129577,0.081690
1849500,0.128638,0.081690
1849600,0.123005,0.081690
1849700,0.120188,0.081690
1849800,0.115493,0.081690
1849900,0.123944,0.081690
1850000,0.115493,0.081690
1850100,0.113615,0.081690
1850200,0.134272,0.081690
1850300,0.136150,0.081690
1850400,0.129577,0.081690
1850500,0.107042,0.081690
1850600,0.143662,0.081690
1850700,0.156808,0.081690
1850800,0.139906,0.081690
1850900,0.118310,0.081690
1851000,0.121127,0.081690
1851100,0.122066,0.081690
1851200,0.123005,0.081690
1851300,0.140845,0.081690
1851400,0.136150,0.081690
1851500,0.115493,0.081690
1851600,0.118310,0.081690
1851700,0.113615,0.081690
1851800,0.110798,0.081690
1851900,0.113615,0.081690
1852000,0.104225,0.081690
1852100,0.131455,0.081690
1852200,0.132394,0.081690
1852300,0.119249,0.081690
1852400,0.124883,0.081690
1852500,0.125822,0.081690
1852600,0.113615,0.081690
1852700,0.123944,0.081690
1852800,0.122066,0.081690
1852900,0.126761,0.081690
1853000,0.126761,0.081690
1853100,0.117371,0.081690
1853200,0.114554,0.081690
1853300,0.116432,0.081690
1853400,0.131455,0.081690
1853500,0.125822,0.081690
1853600,0.135211,0.081690
1853700,0.128638,0.081690
1853800,0.134272,0.081690
1853900,0.138028,0.081690
1854000,0.122066,0.081690
1854100,0.116432,0.081690
1854200,0.136150,0.081690
1854300,0.124883,0.081690
1854400,0.143662,0.081690
1854500,0.125822,0.081690
1854600,0.132394,0.081690
1854700,0.116432,0.081690
1854800,0.117371,0.081690
1854900,0.129577,0.081690
1855000,0.132394,0.081690
1855100,0.134272,0.081690
1855200,0.140845,0.081690
1855300,0.128638,0.081690
1855400,0.115493,0.081690
1855500,0.122066,0.081690
1855600,0.091080,0.081690
1855700,0.105164,0.081690
1855800,0.121127,0.081690
1855900,0.125822,0.081690
1856000,0.126761,0.081690
1856100,0.125822,0.081690
1856200,0.119249,0.081690
1856300,0.142723,0.081690
1856400,0.127700,0.081690
1856500,0.135211,0.081690
1856600,0.118310,0.081690
1856700,0.109859,0.081690
1856800,0.135211,0.081690
1856900,0.130516,0.081690
1857000,0.135211,0.081690
1857100,0.126761,0.081690
1857200,0.125822,0.081690
1857300,0.134272,0.081690
1857400,0.139906,0.081690
1857500,0.123944,0.081690
1857600,0.108920,0.081690
1857700,0.116432,0.081690
1857800,0.114554,0.081690
1857900,0.118310,0.081690
1858000,0.130516,0.081690
1858100,0.126761,0.081690
1858200,0.123005,0.081690
1858300,0.121127,0.081690
1858400,0.135211,0.081690
1858500,0.124883,0.081690
1858600,0.133333,0.081690
1858700,0.123005,0.081690
1858800,0.147418,0.081690
1858900,0.137089,0.081690
1859000,0.115493,0.081690
1859100,0.118310,0.081690
1859200,0.107042,0.081690
1859300,0.122066,0.081690
1859400,0.120188,0.081690
1859500,0.120188,0.081690
1859600,0.120188,0.081690
1859700,0.138028,0.081690
1859800,0.135211,0.081690
1859900,0.137089,0.081690
1860000,0.129577,0.081690
1860100,0.104225,0.081690
1860200,0.106103,0.081690
1860300,0.101408,0.081690
1860400,0.114554,0.081690
1860500,0.125822,0.081690
1860600,0.135211,0.081690
1860700,0.126761,0.081690
1860800,0.120188,0.081690
1860900,0.105164,0.081690
1861000,0.138967,0.081690
1861100,0.148357,0.081690
1861200,0.133333,0.081690
1861300,0.123944,0.081690
1861400,0.120188,0.081690
1861500,0.117371,0.081690
1861600,0.123944,0.081690
1861700,0.123944,0.081690
1861800,0.134272,0.081690
1861900,0.120188,0.081690
1862000,0.117371,0.081690
1862100,0.114554,0.081690
1862200,0.130516,0.081690
1862300,0.134272,0.081690
1862400,0.124883,0.081690
1862500,0.126761,0.081690
1862600,0.123005,0.081690
1862700,0.137089,0.081690
1862800,0.123944,0.081690
1862900,0.138967,0.081690
1863000,0.125822,0.081690
1863100,0.138967,0.081690
1863200,0.137089,0.081690
1863300,0.127700,0.081690
1863400,0.111737,0.081690
1863500,0.127700,0.081690
1863600,0.107042,0.081690
1863700,0.106103,0.081690
1863800,0.118310,0.081690
1863900,0.111737,0.081690
1864000,0.124883,0.081690
1864100,0.135211,0.081690
1864200,0.129577,0.081690
1864300,0.132394,0.081690
1864400,0.141784,0.081690
1864500,0.132394,0.081690
1864600,0.135211,0.081690
1864700,0.139906,0.081690
1864800,0.122066,0.081690
1864900,0.126761,0.081690
1865000,0.142723,0.081690
1865100,0.135211,0.081690
1865200,0.123005,0.081690
1865300,0.121127,0.081690
1865400,0.143662,0.081690
1865500,0.109859,0.081690
1865600,0.111737,0.081690
1865700,0.111737,0.081690
1865800,0.123944,0.081690
1865900,0.119249,0.081690
1866000,0.104225,0.081690
1866100,0.102347,0.081690
1866200,0.113615,0.081690
1866300,0.137089,0.081690
1866400,0.117371,0.081690
1866500,0.139906,0.081690
1866600,0.122066,0.081690
1866700,0.113615,0.081690
1866800,0.105164,0.081690
1866900,0.096714,0.081690
1867000,0.127700,0.081690
1867100,0.126761,0.081690
1867200,0.129577,0.081690
1867300,0.133333,0.081690
1867400,0.126761,0.081690
1867500,0.123005,0.081690
1867600,0.126761,0.081690
1867700,0.126761,0.081690
1867800,0.134272,0.081690
1867900,0.115493,0.081690
1868000,0.103286,0.081690
1868100,0.123944,0.081690
1868200,0.111737,0.081690
1868300,0.116432,0.081690
1868400,0.111737,0.081690
1868500,0.107042,0.081690
1868600,0.131455,0.081690
1868700,0.102347,0.081690
1868800,0.125822,0.081690
1868900,0.121127,0.081690
1869000,0.119249,0.081690
1869100,0.119249,0.081690
1869200,0.122066,0.081690
1869300,0.119249,0.081690
1869400,0.114554,0.081690
1869500,0.118310,0.081690
1869600,0.122066,0.081690
1869700,0.122066,0.081690
1869800,0.130516,0.081690
1869900,0.127700,0.081690
1870000,0.116432,0.081690
1870100,0.107981,0.081690
1870200,0.137089,0.081690
1870300,0.120188,0.081690
1870400,0.123005,0.081690
1870500,0.109859,0.081690
1870600,0.137089,0.081690
1870700,0.126761,0.081690
1870800,0.129577,0.081690
1870900,0.112676,0.081690
1871000,0.118310,0.081690
1871100,0.117371,0.081690
1871200,0.112676,0.081690
1871300,0.119249,0.081690
1871400,0.103286,0.081690
1871500,0.116432,0.081690
1871600,0.129577,0.081690
1871700,0.135211,0.081690
1871800,0.123944,0.081690
1871900,0.127700,0.081690
1872000,0.127700,0.081690
1872100,0.124883,0.081690
1872200,0.133333,0.081690
1872300,0.121127,0.081690
1872400,0.125822,0.081690
1872500,0.142723,0.081690
1872600,0.126761,0.081690
1872700,0.139906,0.081690
1872800,0.139906,0.081690
1872900,0.125822,0.081690
1873000,0.133333,0.081690
1873100,0.133333,0.081690
1873200,0.107981,0.081690
1873300,0.121127,0.081690
1873400,0.119249,0.081690
1873500,0.130516,0.081690
1873600,0.125822,0.081690
1873700,0.112676,0.081690
1873800,0.113615,0.081690
1873900,0.125822,0.081690
1874000,0.127700,0.081690
1874100,0.125822,0.081690
1874200,0.104225,0.081690
1874300,0.117371,0.081690
1874400,0.132394,0.081690
1874500,0.129577,0.081690
1874600,0.123944,0.081690
1874700,0.129577,0.081690
1874800,0.125822,0.081690
1874900,0.113615,0.081690
1875000,0.133333,0.081690
1875100,0.130516,0.081690
1875200,0.124883,0.081690
1875300,0.122066,0.081690
1875400,0.134272,0.081690
1875500,0.131455,0.081690
1875600,0.124883,0.081690
1875700,0.130516,0.081690
1875800,0.138028,0.081690
1875900,0.136150,0.081690
1876000,0.133333,0.081690
1876100,0.133333,0.081690
1876200,0.124883,0.081690
1876300,0.131455,0.081690
1876400,0.108920,0.081690
1876500,0.117371,0.081690
1876600,0.114554,0.081690
1876700,0.110798,0.081690
1876800,0.122066,0.081690
1876900,0.122066,0.081690
1877000,0.126761,0.081690
1877100,0.141784,0.081690
1877200,0.130516,0.081690
1877300,0.136150,0.081690
1877400,0.120188,0.081690
1877500,0.125822,0.081690
1877600,0.135211,0.081690
1877700,0.133333,0.081690
1877800,0.143662,0.081690
1877900,0.141784,0.081690
1878000,0.128638,0.081690
1878100,0.118310,0.081690
1878200,0.123944,0.081690
1878300,0.138028,0.081690
1878400,0.136150,0.081690
1878500,0.124883,0.081690
1878600,0.114554,0.081690
1878700,0.112676,0.081690
1878800,0.123005,0.081690
1878900,0.126761,0.081690
1879000,0.119249,0.081690
1879100,0.103286,0.081690
1879200,0.099531,0.081690
1879300,0.105164,0.081690
1879400,0.116432,0.081690
1879500,0.136150,0.081690
1879600,0.142723,0.081690
1879700,0.138028,0.081690
1879800,0.140845,0.081690
1879900,0.137089,0.081690
1880000,0.136150,0.081690
1880100,0.119249,0.081690
1880200,0.123944,0.081690
1880300,0.125822,0.081690
1880400,0.121127,0.081690
1880500,0.137089,0.081690
1880600,0.140845,0.081690
1880700,0.121127,0.081690
1880800,0.123005,0.081690
1880900,0.121127,0.081690
1881000,0.125822,0.081690
1881100,0.120188,0.081690
1881200,0.132394,0.081690
1881300,0.118310,0.081690
1881400,0.130516,0.081690
1881500,0.130516,0.081690
1881600,0.115493,0.081690
1881700,0.130516,0.081690
1881800,0.115493,0.081690
1881900,0.117371,0.081690
1882000,0.121127,0.081690
1882100,0.126761,0.081690
1882200,0.106103,0.081690
1882300,0.122066,0.081690
1882400,0.129577,0.081690
1882500,0.148357,0.081690
1882600,0.131455,0.081690
1882700,0.107981,0.081690
1882800,0.129577,0.081690
1882900,0.120188,0.081690
1883000,0.109859,0.081690
1883100,0.111737,0.081690
1883200,0.108920,0.081690
1883300,0.103286,0.081690
1883400,0.123005,0.081690
1883500,0.104225,0.081690
1883600,0.123944,0.081690
1883700,0.135211,0.081690
1883800,0.123005,0.081690
1883900,0.122066,0.081690
1884000,0.126761,0.081690
1884100,0.125822,0.081690
1884200,0.126761,0.081690
1884300,0.124883,0.081690
1884400,0.124883,0.081690
1884500,0.127700,0.081690
1884600,0.143662,0.081690
1884700,0.126761,0.081690
1884800,0.122066,0.081690
1884900,0.123005,0.081690
1885000,0.123005,0.081690
1885100,0.118310,0.081690
1885200,0.122066,0.081690
1885300,0.115493,0.081690
1885400,0.104225,0.081690
1885500,0.115493,0.081690
1885600,0.112676,0.081690
1885700,0.132394,0.081690
1885800,0.124883,0.081690
1885900,0.117371,0.081690
1886000,0.115493,0.081690
1886100,0.111737,0.081690
1886200,0.122066,0.081690
1886300,0.131455,0.081690
1886400,0.117371,0.081690
1886500,0.127700,0.081690
1886600,0.119249,0.081690
1886700,0.114554,0.081690
1886800,0.121127,0.081690
1886900,0.122066,0.081690
1887000,0.119249,0.081690
1887100,0.128638,0.081690
1887200,0.118310,0.081690
1887300,0.138967,0.081690
1887400,0.120188,0.081690
1887500,0.107042,0.081690
1887600,0.113615,0.081690
1887700,0.120188,0.081690
1887800,0.112676,0.081690
1887900,0.121127,0.081690
1888000,0.128638,0.081690
1888100,0.122066,0.081690
1888200,0.136150,0.081690
1888300,0.133333,0.081690
1888400,0.135211,0.081690
1888500,0.121127,0.081690
1888600,0.131455,0.081690
1888700,0.134272,0.081690
1888800,0.119249,0.081690
1888900,0.119249,0.081690
1889000,0.101408,0.081690
1889100,0.122066,0.081690
1889200,0.125822,0.081690
1889300,0.131455,0.081690
1889400,0.138967,0.081690
1889500,0.106103,0.081690
1889600,0.122066,0.081690
1889700,0.128638,0.081690
1889800,0.128638,0.081690
1889900,0.120188,0.081690
1890000,0.134272,0.081690
1890100,0.134272,0.081690
1890200,0.121127,0.081690
1890300,0.107042,0.081690
1890400,0.122066,0.081690
1890500,0.122066,0.081690
1890600,0.111737,0.081690
1890700,0.142723,0.081690
1890800,0.120188,0.081690
1890900,0.126761,0.081690
1891000,0.114554,0.081690
1891100,0.118310,0.081690
1891200,0.117371,0.081690
1891300,0.109859,0.081690
1891400,0.115493,0.081690
1891500,0.117371,0.081690
1891600,0.110798,0.081690
1891700,0.127700,0.081690
1891800,0.133333,0.081690
1891900,0.116432,0.081690
1892000,0.119249,0.081690
1892100,0.135211,0.081690
1892200,0.127700,0.081690
1892300,0.130516,0.081690
1892400,0.128638,0.081690
1892500,0.144601,0.081690
1892600,0.152113,0.081690
1892700,0.143662,0.081690
1892800,0.145540,0.081690
1892900,0.140845,0.081690
1893000,0.135211,0.081690
1893100,0.138967,0.081690
1893200,0.125822,0.081690
1893300,0.107042,0.081690
1893400,0.122066,0.081690
1893500,0.126761,0.081690
1893600,0.149296,0.081690
1893700,0.130516,0.081690
1893800,0.125822,0.081690
1893900,0.121127,0.081690
1894000,0.124883,0.081690
1894100,0.134272,0.081690
1894200,0.129577,0.081690
1894300,0.109859,0.081690
1894400,0.116432,0.081690
1894500,0.126761,0.081690
1894600,0.120188,0.081690
1894700,0.131455,0.081690
1894800,0.135211,0.081690
1894900,0.123944,0.081690
1895000,0.123005,0.081690
1895100,0.140845,0.081690
1895200,0.128638,0.081690
1895300,0.125822,0.081690
1895400,0.143662,0.081690
1895500,0.142723,0.081690
1895600,0.129577,0.081690
1895700,0.123005,0.081690
1895800,0.136150,0.081690
1895900,0.138967,0.081690
1896000,0.140845,0.081690
1896100,0.114554,0.081690
1896200,0.118310,0.081690
1896300,0.122066,0.081690
1896400,0.138028,0.081690
1896500,0.146479,0.081690
1896600,0.142723,0.081690
1896700,0.117371,0.081690
1896800,0.115493,0.081690
1896900,0.113615,0.081690
1897000,0.122066,0.081690
1897100,0.116432,0.081690
1897200,0.109859,0.081690
1897300,0.107042,0.081690
1897400,0.125822,0.081690
1897500,0.121127,0.081690
1897600,0.127700,0.081690
1897700,0.126761,0.081690
1897800,0.118310,0.081690
1897900,0.141784,0.081690
1898000,0.121127,0.081690
1898100,0.127700,0.081690
1898200,0.141784,0.081690
1898300,0.123005,0.081690
1898400,0.114554,0.081690
1898500,0.136150,0.081690
1898600,0.140845,0.081690
1898700,0.149296,0.081690
1898800,0.118310,0.081690
1898900,0.132394,0.081690
1899000,0.111737,0.081690
1899100,0.133333,0.081690
1899200,0.125822,0.081690
1899300,0.146479,0.081690
1899400,0.134272,0.081690
1899500,0.127700,0.081690
1899600,0.124883,0.081690
1899700,0.118310,0.081690
1899800,0.105164,0.081690
1899900,0.114554,0.081690
1900000,0.116432,0.081690
1900100,0.138028,0.081690
1900200,0.139906,0.081690
1900300,0.152113,0.081690
1900400,0.135211,0.081690
1900500,0.123944,0.081690
1900600,0.137089,0.081690
1900700,0.122066,0.081690
1900800,0.120188,0.081690
1900900,0.120188,0.081690
1901000,0.111737,0.081690
1901100,0.118310,0.081690
1901200,0.122066,0.081690
1901300,0.119249,0.081690
1901400,0.136150,0.081690
1901500,0.144601,0.081690
1901600,0.117371,0.081690
1901700,0.123005,0.081690
1901800,0.137089,0.081690
1901900,0.143662,0.081690
1902000,0.140845,0.081690
1902100,0.139906,0.081690
1902200,0.123944,0.081690
1902300,0.113615,0.081690
1902400,0.125822,0.081690
1902500,0.118310,0.081690
1902600,0.116432,0.081690
1902700,0.123944,0.081690
1902800,0.136150,0.081690
1902900,0.131455,0.081690
1903000,0.128638,0.081690
1903100,0.138028,0.081690
1903200,0.131455,0.081690
1903300,0.125822,0.081690
1903400,0.125822,0.081690
1903500,0.131455,0.081690
1903600,0.122066,0.081690
1903700,0.128638,0.081690
1903800,0.122066,0.081690
1903900,0.113615,0.081690
1904000,0.121127,0.081690
1904100,0.133333,0.081690
1904200,0.126761,0.081690
1904300,0.113615,0.081690
1904400,0.127700,0.081690
1904500,0.135211,0.081690
1904600,0.123005,0.081690
1904700,0.112676,0.081690
1904800,0.122066,0.081690
1904900,0.122066,0.081690
1905000,0.128638,0.081690
1905100,0.114554,0.081690
1905200,0.112676,0.081690
1905300,0.113615,0.081690
1905400,0.139906,0.081690
1905500,0.134272,0.081690
1905600,0.140845,0.081690
1905700,0.121127,0.081690
1905800,0.115493,0.081690
1905900,0.108920,0.081690
1906000,0.132394,0.081690
1906100,0.112676,0.081690
1906200,0.121127,0.081690
1906300,0.100469,0.081690
1906400,0.112676,0.081690
1906500,0.127700,0.081690
1906600,0.108920,0.081690
1906700,0.124883,0.081690
1906800,0.134272,0.081690
1906900,0.123944,0.081690
1907000,0.116432,0.081690
1907100,0.105164,0.081690
1907200,0.115493,0.081690
1907300,0.116432,0.081690
1907400,0.138028,0.081690
1907500,0.125822,0.081690
1907600,0.125822,0.081690
1907700,0.138967,0.081690
1907800,0.130516,0.081690
1907900,0.126761,0.081690
1908000,0.111737,0.081690
1908100,0.106103,0.081690
1908200,0.107981,0.081690
1908300,0.123005,0.081690
1908400,0.137089,0.081690
1908500,0.123944,0.081690
1908600,0.119249,0.081690
1908700,0.119249,0.081690
1908800,0.121127,0.081690
1908900,0.126761,0.081690
1909000,0.138028,0.081690
1909100,0.127700,0.081690
1909200,0.112676,0.081690
1909300,0.127700,0.081690
1909400,0.126761,0.081690
1909500,0.133333,0.081690
1909600,0.140845,0.081690
1909700,0.123005,0.081690
1909800,0.121127,0.081690
1909900,0.125822,0.081690
1910000,0.121127,0.081690
1910100,0.128638,0.081690
1910200,0.131455,0.081690
1910300,0.142723,0.081690
1910400,0.135211,0.081690
1910500,0.121127,0.081690
1910600,0.099531,0.081690
1910700,0.125822,0.081690
1910800,0.108920,0.081690
1910900,0.111737,0.081690
1911000,0.136150,0.081690
1911100,0.128638,0.081690
1911200,0.119249,0.081690
1911300,0.126761,0.081690
1911400,0.139906,0.081690
1911500,0.119249,0.081690
1911600,0.127700,0.081690
1911700,0.128638,0.081690
1911800,0.109859,0.081690
1911900,0.126761,0.081690
1912000,0.117371,0.081690
1912100,0.122066,0.081690
1912200,0.127700,0.081690
1912300,0.117371,0.081690
1912400,0.136150,0.081690
1912500,0.113615,0.081690
1912600,0.140845,0.081690
1912700,0.138967,0.081690
1912800,0.148357,0.081690
1912900,0.129577,0.081690
1913000,0.139906,0.081690
1913100,0.137089,0.081690
1913200,0.142723,0.081690
1913300,0.151174,0.081690
1913400,0.151174,0.081690
1913500,0.147418,0.081690
1913600,0.137089,0.081690
1913700,0.119249,0.081690
1913800,0.107042,0.081690
1913900,0.130516,0.081690
1914000,0.132394,0.081690
1914100,0.147418,0.081690
1914200,0.119249,0.081690
1914300,0.124883,0.081690
1914400,0.114554,0.081690
1914500,0.130516,0.081690
1914600,0.124883,0.081690
1914700,0.103286,0.081690
1914800,0.122066,0.081690
1914900,0.137089,0.081690
1915000,0.121127,0.081690
1915100,0.124883,0.081690
1915200,0.134272,0.081690
1915300,0.138967,0.081690
1915400,0.118310,0.081690
1915500,0.131455,0.081690
1915600,0.121127,0.081690
1915700,0.123005,0.081690
1915800,0.132394,0.081690
1915900,0.118310,0.081690
1916000,0.126761,0.081690
1916100,0.123005,0.081690
1916200,0.130516,0.081690
1916300,0.121127,0.081690
1916400,0.121127,0.081690
1916500,0.131455,0.081690
1916600,0.130516,0.081690
1916700,0.116432,0.081690
1916800,0.111737,0.081690
1916900,0.105164,0.081690
1917000,0.129577,0.081690
1917100,0.116432,0.081690
1917200,0.117371,0.081690
1917300,0.126761,0.081690
1917400,0.130516,0.081690
1917500,0.128638,0.081690
1917600,0.123944,0.081690
1917700,0.119249,0.081690
1917800,0.120188,0.081690
1917900,0.132394,0.081690
1918000,0.136150,0.081690
1918100,0.118310,0.081690
1918200,0.128638,0.081690
1918300,0.126761,0.081690
1918400,0.120188,0.081690
1918500,0.113615,0.081690
1918600,0.130516,0.081690
1918700,0.127700,0.081690
1918800,0.127700,0.081690
1918900,0.126761,0.081690
1919000,0.124883,0.081690
1919100,0.123944,0.081690
1919200,0.134272,0.081690
1919300,0.138028,0.081690
1919400,0.132394,0.081690
1919500,0.121127,0.081690
1919600,0.121127,0.081690
1919700,0.124883,0.081690
1919800,0.118310,0.081690
1919900,0.132394,0.081690
1920000,0.128638,0.081690
1920100,0.135211,0.081690
1920200,0.128638,0.081690
1920300,0.099531,0.081690
1920400,0.096714,0.081690
1920500,0.109859,0.081690
1920600,0.133333,0.081690
1920700,0.129577,0.081690
1920800,0.115493,0.081690
1920900,0.115493,0.081690
1921000,0.109859,0.081690
1921100,0.114554,0.081690
1921200,0.115493,0.081690
1921300,0.118310,0.081690
1921400,0.111737,0.081690
1921500,0.119249,0.081690
1921600,0.118310,0.081690
1921700,0.133333,0.081690
1921800,0.147418,0.081690
1921900,0.144601,0.081690
1922000,0.151174,0.081690
1922100,0.145540,0.081690
1922200,0.137089,0.081690
1922300,0.133333,0.081690
1922400,0.130516,0.081690
1922500,0.123005,0.081690
1922600,0.139906,0.081690
1922700,0.120188,0.081690
1922800,0.109859,0.081690
1922900,0.109859,0.081690
1923000,0.123005,0.081690
1923100,0.125822,0.081690
1923200,0.128638,0.081690
1923300,0.116432,0.081690
1923400,0.107981,0.081690
1923500,0.125822,0.081690
1923600,0.132394,0.081690
1923700,0.145540,0.081690
1923800,0.133333,0.081690
1923900,0.100469,0.081690
1924000,0.130516,0.081690
1924100,0.131455,0.081690
1924200,0.122066,0.081690
1924300,0.126761,0.081690
1924400,0.136150,0.081690
1924500,0.138028,0.081690
1924600,0.124883,0.081690
1924700,0.108920,0.081690
1924800,0.101408,0.081690
1924900,0.112676,0.081690
1925000,0.118310,0.081690
1925100,0.123944,0.081690
1925200,0.123944,0.081690
1925300,0.120188,0.081690
1925400,0.140845,0.081690
1925500,0.110798,0.081690
1925600,0.115493,0.081690
1925700,0.120188,0.081690
1925800,0.122066,0.081690
1925900,0.116432,0.081690
1926000,0.112676,0.081690
1926100,0.118310,0.081690
1926200,0.116432,0.081690
1926300,0.128638,0.081690
1926400,0.119249,0.081690
1926500,0.134272,0.081690
1926600,0.125822,0.081690
1926700,0.130516,0.081690
1926800,0.128638,0.081690
1926900,0.127700,0.081690
1927000,0.123944,0.081690
1927100,0.130516,0.081690
1927200,0.125822,0.081690
1927300,0.138028,0.081690
1927400,0.114554,0.081690
1927500,0.133333,0.081690
1927600,0.123944,0.081690
1927700,0.117371,0.081690
1927800,0.124883,0.081690
1927900,0.107981,0.081690
1928000,0.124883,0.081690
1928100,0.114554,0.081690
1928200,0.137089,0.081690
1928300,0.123944,0.081690
1928400,0.119249,0.081690
1928500,0.109859,0.081690
1928600,0.123944,0.081690
1928700,0.139906,0.081690
1928800,0.123005,0.081690
1928900,0.128638,0.081690
1929000,0.117371,0.081690
1929100,0.116432,0.081690
1929200,0.134272,0.081690
1929300,0.134272,0.081690
1929400,0.133333,0.081690
1929500,0.124883,0.081690
1929600,0.125822,0.081690
1929700,0.122066,0.081690
1929800,0.117371,0.081690
1929900,0.139906,0.081690
1930000,0.134272,0.081690
1930100,0.114554,0.081690
1930200,0.120188,0.081690
1930300,0.108920,0.081690
1930400,0.113615,0.081690
1930500,0.107981,0.081690
1930600,0.101408,0.081690
1930700,0.118310,0.081690
1930800,0.131455,0.081690
1930900,0.136150,0.081690
1931000,0.123005,0.081690
1931100,0.123005,0.081690
1931200,0.102347,0.081690
1931300,0.121127,0.081690
1931400,0.115493,0.081690
1931500,0.104225,0.081690
1931600,0.111737,0.081690
1931700,0.109859,0.081690
1931800,0.115493,0.081690
1931900,0.111737,0.081690
1932000,0.127700,0.081690
1932100,0.142723,0.081690
1932200,0.137089,0.081690
1932300,0.129577,0.081690
1932400,0.114554,0.081690
1932500,0.116432,0.081690
1932600,0.128638,0.081690
1932700,0.122066,0.081690
1932800,0.133333,0.081690
1932900,0.118310,0.081690
1933000,0.110798,0.081690
1933100,0.118310,0.081690
1933200,0.109859,0.081690
1933300,0.111737,0.081690
1933400,0.120188,0.081690
1933500,0.125822,0.081690
1933600,0.150235,0.081690
1933700,0.124883,0.081690
1933800,0.119249,0.081690
1933900,0.153052,0.081690
1934000,0.112676,0.081690
1934100,0.116432,0.081690
1934200,0.112676,0.081690
1934300,0.130516,0.081690
1934400,0.107042,0.081690
1934500,0.109859,0.081690
1934600,0.121127,0.081690
1934700,0.097653,0.081690
1934800,0.125822,0.081690
1934900,0.104225,0.081690
1935000,0.132394,0.081690
1935100,0.116432,0.081690
1935200,0.118310,0.081690
1935300,0.122066,0.081690
1935400,0.142723,0.081690
1935500,0.124883,0.081690
1935600,0.109859,0.081690
1935700,0.111737,0.081690
1935800,0.106103,0.081690
1935900,0.116432,0.081690
1936000,0.137089,0.081690
1936100,0.131455,0.081690
1936200,0.126761,0.081690
1936300,0.126761,0.081690
1936400,0.136150,0.081690
1936500,0.128638,0.081690
1936600,0.124883,0.081690
1936700,0.128638,0.081690
1936800,0.129577,0.081690
1936900,0.123005,0.081690
1937000,0.107981,0.081690
1937100,0.126761,0.081690
1937200,0.117371,0.081690
1937300,0.129577,0.081690
1937400,0.121127,0.081690
1937500,0.135211,0.081690
1937600,0.132394,0.081690
1937700,0.135211,0.081690
1937800,0.123944,0.081690
1937900,0.122066,0.081690
1938000,0.134272,0.081690
1938100,0.128638,0.081690
1938200,0.130516,0.081690
1938300,0.124883,0.081690
1938400,0.126761,0.081690
1938500,0.136150,0.081690
1938600,0.117371,0.081690
1938700,0.111737,0.081690
1938800,0.104225,0.081690
1938900,0.120188,0.081690
1939000,0.137089,0.081690
1939100,0.119249,0.081690
1939200,0.113615,0.081690
1939300,0.127700,0.081690
1939400,0.120188,0.081690
1939500,0.106103,0.081690
1939600,0.113615,0.081690
1939700,0.121127,0.081690
1939800,0.132394,0.081690
1939900,0.134272,0.081690
1940000,0.127700,0.081690
1940100,0.111737,0.081690
1940200,0.115493,0.081690
1940300,0.126761,0.081690
1940400,0.113615,0.081690
1940500,0.119249,0.081690
1940600,0.126761,0.081690
1940700,0.130516,0.081690
1940800,0.126761,0.081690
1940900,0.113615,0.081690
1941000,0.123005,0.081690
1941100,0.123944,0.081690
1941200,0.123005,0.081690
1941300,0.130516,0.081690
1941400,0.132394,0.081690
1941500,0.134272,0.081690
1941600,0.113615,0.081690
1941700,0.127700,0.081690
1941800,0.116432,0.081690
1941900,0.128638,0.081690
1942000,0.125822,0.081690
1942100,0.112676,0.081690
1942200,0.120188,0.081690
1942300,0.115493,0.081690
1942400,0.102347,0.081690
1942500,0.106103,0.081690
1942600,0.121127,0.081690
1942700,0.139906,0.081690
1942800,0.121127,0.081690
1942900,0.123944,0.081690
1943000,0.116432,0.081690
1943100,0.111737,0.081690
1943200,0.108920,0.081690
1943300,0.112676,0.081690
1943400,0.117371,0.081690
1943500,0.133333,0.081690
1943600,0.135211,0.081690
1943700,0.140845,0.081690
1943800,0.123944,0.081690
1943900,0.115493,0.081690
1944000,0.113615,0.081690
1944100,0.114554,0.081690
1944200,0.113615,0.081690
1944300,0.109859,0.081690
1944400,0.114554,0.081690
1944500,0.123005,0.081690
1944600,0.133333,0.081690
1944700,0.124883,0.081690
1944800,0.133333,0.081690
1944900,0.130516,0.081690
1945000,0.123944,0.081690
1945100,0.115493,0.081690
1945200,0.101408,0.081690
1945300,0.101408,0.081690
1945400,0.109859,0.081690
1945500,0.123005,0.081690
1945600,0.118310,0.081690
1945700,0.112676,0.081690
1945800,0.130516,0.081690
1945900,0.121127,0.081690
1946000,0.122066,0.081690
1946100,0.125822,0.081690
1946200,0.126761,0.081690
1946300,0.118310,0.081690
1946400,0.108920,0.081690
1946500,0.119249,0.081690
1946600,0.123005,0.081690
1946700,0.132394,0.081690
1946800,0.135211,0.081690
1946900,0.131455,0.081690
1947000,0.123944,0.081690
1947100,0.130516,0.081690
1947200,0.116432,0.081690
1947300,0.112676,0.081690
1947400,0.116432,0.081690
1947500,0.106103,0.081690
1947600,0.121127,0.081690
1947700,0.134272,0.081690
1947800,0.122066,0.081690
1947900,0.123005,0.081690
1948000,0.135211,0.081690
1948100,0.123944,0.081690
1948200,0.128638,0.081690
1948300,0.116432,0.081690
1948400,0.113615,0.081690
1948500,0.111737,0.081690
1948600,0.105164,0.081690
1948700,0.106103,0.081690
1948800,0.096714,0.081690
1948900,0.127700,0.081690
1949000,0.124883,0.081690
1949100,0.134272,0.081690
1949200,0.126761,0.081690
1949300,0.116432,0.081690
1949400,0.139906,0.081690
1949500,0.133333,0.081690
1949600,0.123005,0.081690
1949700,0.125822,0.081690
1949800,0.127700,0.081690
1949900,0.123944,0.081690
1950000,0.135211,0.081690
1950100,0.147418,0.081690
1950200,0.138028,0.081690
1950300,0.123944,0.081690
1950400,0.144601,0.081690
1950500,0.118310,0.081690
1950600,0.115493,0.081690
1950700,0.117371,0.081690
1950800,0.125822,0.081690
1950900,0.124883,0.081690
1951000,0.128638,0.081690
1951100,0.124883,0.081690
1951200,0.132394,0.081690
1951300,0.129577,0.081690
1951400,0.121127,0.081690
1951500,0.123005,0.081690
1951600,0.102347,0.081690
1951700,0.109859,0.081690
1951800,0.126761,0.081690
1951900,0.118310,0.081690
1952000,0.128638,0.081690
1952100,0.117371,0.081690
1952200,0.105164,0.081690
1952300,0.107981,0.081690
1952400,0.121127,0.081690
1952500,0.111737,0.081690
1952600,0.103286,0.081690
1952700,0.106103,0.081690
1952800,0.122066,0.081690
1952900,0.139906,0.081690
1953000,0.135211,0.081690
1953100,0.139906,0.081690
1953200,0.122066,0.081690
1953300,0.123005,0.081690
1953400,0.105164,0.081690
1953500,0.115493,0.081690
1953600,0.117371,0.081690
1953700,0.134272,0.081690
1953800,0.139906,0.081690
1953900,0.129577,0.081690
1954000,0.130516,0.081690
1954100,0.104225,0.081690
1954200,0.123005,0.081690
1954300,0.107981,0.081690
1954400,0.125822,0.081690
1954500,0.122066,0.081690
1954600,0.119249,0.081690
1954700,0.126761,0.081690
1954800,0.139906,0.081690
1954900,0.105164,0.081690
1955000,0.113615,0.081690
1955100,0.119249,0.081690
1955200,0.122066,0.081690
1955300,0.126761,0.081690
1955400,0.123005,0.081690
1955500,0.132394,0.081690
1955600,0.133333,0.081690
1955700,0.134272,0.081690
1955800,0.109859,0.081690
1955900,0.114554,0.081690
1956000,0.129577,0.081690
1956100,0.133333,0.081690
1956200,0.131455,0.081690
1956300,0.123944,0.081690
1956400,0.120188,0.081690
1956500,0.123944,0.081690
1956600,0.147418,0.081690
1956700,0.115493,0.081690
1956800,0.130516,0.081690
1956900,0.107042,0.081690
1957000,0.107981,0.081690
1957100,0.101408,0.081690
1957200,0.112676,0.081690
1957300,0.125822,0.081690
1957400,0.125822,0.081690
1957500,0.118310,0.081690
1957600,0.118310,0.081690
1957700,0.107981,0.081690
1957800,0.120188,0.081690
1957900,0.121127,0.081690
1958000,0.098592,0.081690
1958100,0.111737,0.081690
1958200,0.120188,0.081690
1958300,0.118310,0.081690
1958400,0.130516,0.081690
1958500,0.120188,0.081690
1958600,0.118310,0.081690
1958700,0.131455,0.081690
1958800,0.137089,0.081690
1958900,0.123005,0.081690
1959000,0.139906,0.081690
1959100,0.130516,0.081690
1959200,0.108920,0.081690
1959300,0.117371,0.081690
1959400,0.127700,0.081690
1959500,0.107042,0.081690
1959600,0.108920,0.081690
1959700,0.114554,0.081690
1959800,0.110798,0.081690
1959900,0.122066,0.081690
1960000,0.129577,0.081690
1960100,0.116432,0.081690
1960200,0.120188,0.081690
1960300,0.096714,0.081690
1960400,0.100469,0.081690
1960500,0.110798,0.081690
1960600,0.110798,0.081690
1960700,0.134272,0.081690
1960800,0.135211,0.081690
1960900,0.105164,0.081690
1961000,0.129577,0.081690
1961100,0.129577,0.081690
1961200,0.123944,0.081690
1961300,0.119249,0.081690
1961400,0.125822,0.081690
1961500,0.135211,0.081690
1961600,0.141784,0.081690
1961700,0.117371,0.081690
1961800,0.133333,0.081690
1961900,0.119249,0.081690
1962000,0.134272,0.081690
1962100,0.118310,0.081690
1962200,0.116432,0.081690
1962300,0.138967,0.081690
1962400,0.116432,0.081690
1962500,0.121127,0.081690
1962600,0.120188,0.081690
1962700,0.125822,0.081690
1962800,0.110798,0.081690
1962900,0.112676,0.081690
1963000,0.114554,0.081690
1963100,0.136150,0.081690
1963200,0.138967,0.081690
1963300,0.106103,0.081690
1963400,0.136150,0.081690
1963500,0.119249,0.081690
1963600,0.125822,0.081690
1963700,0.112676,0.081690
1963800,0.122066,0.081690
1963900,0.131455,0.081690
1964000,0.138967,0.081690
1964100,0.119249,0.081690
1964200,0.126761,0.081690
1964300,0.118310,0.081690
1964400,0.140845,0.081690
1964500,0.138967,0.081690
1964600,0.133333,0.081690
1964700,0.138967,0.081690
1964800,0.116432,0.081690
1964900,0.126761,0.081690
1965000,0.100469,0.081690
1965100,0.101408,0.081690
1965200,0.115493,0.081690
1965300,0.135211,0.081690
1965400,0.146479,0.081690
1965500,0.111737,0.081690
1965600,0.104225,0.081690
1965700,0.117371,0.081690
1965800,0.108920,0.081690
1965900,0.131455,0.081690
1966000,0.134272,0.081690
1966100,0.133333,0.081690
1966200,0.135211,0.081690
1966300,0.127700,0.081690
1966400,0.115493,0.081690
1966500,0.126761,0.081690
1966600,0.131455,0.081690
1966700,0.123005,0.081690
1966800,0.125822,0.081690
1966900,0.116432,0.081690
1967000,0.123944,0.081690
1967100,0.134272,0.081690
1967200,0.128638,0.081690
1967300,0.129577,0.081690
1967400,0.122066,0.081690
1967500,0.123944,0.081690
1967600,0.124883,0.081690
1967700,0.107042,0.081690
1967800,0.105164,0.081690
1967900,0.119249,0.081690
1968000,0.136150,0.081690
1968100,0.121127,0.081690
1968200,0.123944,0.081690
1968300,0.143662,0.081690
1968400,0.148357,0.081690
1968500,0.115493,0.081690
1968600,0.115493,0.081690
1968700,0.124883,0.081690
1968800,0.120188,0.081690
1968900,0.111737,0.081690
1969000,0.117371,0.081690
1969100,0.109859,0.081690
1969200,0.118310,0.081690
1969300,0.147418,0.081690
1969400,0.130516,0.081690
1969500,0.138028,0.081690
1969600,0.119249,0.081690
1969700,0.121127,0.081690
1969800,0.142723,0.081690
1969900,0.140845,0.081690
1970000,0.137089,0.081690
1970100,0.109859,0.081690
1970200,0.106103,0.081690
1970300,0.120188,0.081690
1970400,0.128638,0.081690
1970500,0.139906,0.081690
1970600,0.145540,0.081690
1970700,0.148357,0.081690
1970800,0.135211,0.081690
1970900,0.145540,0.081690
1971000,0.118310,0.081690
1971100,0.117371,0.081690
1971200,0.140845,0.081690
1971300,0.136150,0.081690
1971400,0.126761,0.081690
1971500,0.120188,0.081690
1971600,0.125822,0.081690
1971700,0.120188,0.081690
1971800,0.107042,0.081690
1971900,0.123944,0.081690
1972000,0.125822,0.081690
1972100,0.123005,0.081690
1972200,0.123005,0.081690
1972300,0.103286,0.081690
1972400,0.113615,0.081690
1972500,0.118310,0.081690
1972600,0.110798,0.081690
1972700,0.134272,0.081690
1972800,0.134272,0.081690
1972900,0.127700,0.081690
1973000,0.126761,0.081690
1973100,0.118310,0.081690
1973200,0.108920,0.081690
1973300,0.110798,0.081690
1973400,0.125822,0.081690
1973500,0.119249,0.081690
1973600,0.119249,0.081690
1973700,0.107042,0.081690
1973800,0.112676,0.081690
1973900,0.118310,0.081690
1974000,0.118310,0.081690
1974100,0.132394,0.081690
1974200,0.110798,0.081690
1974300,0.129577,0.081690
1974400,0.112676,0.081690
1974500,0.105164,0.081690
1974600,0.110798,0.081690
1974700,0.122066,0.081690
1974800,0.132394,0.081690
1974900,0.131455,0.081690
1975000,0.123944,0.081690
1975100,0.129577,0.081690
1975200,0.110798,0.081690
1975300,0.108920,0.081690
1975400,0.129577,0.081690
1975500,0.114554,0.081690
1975600,0.116432,0.081690
1975700,0.134272,0.081690
1975800,0.127700,0.081690
1975900,0.135211,0.081690
1976000,0.131455,0.081690
1976100,0.130516,0.081690
1976200,0.119249,0.081690
1976300,0.131455,0.081690
1976400,0.135211,0.081690
1976500,0.125822,0.081690
1976600,0.138967,0.081690
1976700,0.110798,0.081690
1976800,0.124883,0.081690
1976900,0.136150,0.081690
1977000,0.126761,0.081690
1977100,0.149296,0.081690
1977200,0.138967,0.081690
1977300,0.138967,0.081690
1977400,0.131455,0.081690
1977500,0.128638,0.081690
1977600,0.115493,0.081690
1977700,0.120188,0.081690
1977800,0.122066,0.081690
1977900,0.131455,0.081690
1978000,0.135211,0.081690
1978100,0.129577,0.081690
1978200,0.132394,0.081690
1978300,0.122066,0.081690
1978400,0.119249,0.081690
1978500,0.130516,0.081690
1978600,0.111737,0.081690
1978700,0.123944,0.081690
1978800,0.138028,0.081690
1978900,0.133333,0.081690
1979000,0.115493,0.081690
1979100,0.131455,0.081690
1979200,0.143662,0.081690
1979300,0.103286,0.081690
1979400,0.123944,0.081690
1979500,0.120188,0.081690
1979600,0.123005,0.081690
1979700,0.140845,0.081690
1979800,0.126761,0.081690
1979900,0.122066,0.081690
1980000,0.122066,0.081690
1980100,0.116432,0.081690
1980200,0.129577,0.081690
1980300,0.117371,0.081690
1980400,0.127700,0.081690
1980500,0.134272,0.081690
1980600,0.142723,0.081690
1980700,0.136150,0.081690
1980800,0.129577,0.081690
1980900,0.135211,0.081690
1981000,0.125822,0.081690
1981100,0.134272,0.081690
1981200,0.121127,0.081690
1981300,0.123944,0.081690
1981400,0.123005,0.081690
1981500,0.101408,0.081690
1981600,0.113615,0.081690
1981700,0.120188,0.081690
1981800,0.128638,0.081690
1981900,0.123005,0.081690
1982000,0.120188,0.081690
1982100,0.116432,0.081690
1982200,0.115493,0.081690
1982300,0.107981,0.081690
1982400,0.123944,0.081690
1982500,0.131455,0.081690
1982600,0.105164,0.081690
1982700,0.125822,0.081690
1982800,0.122066,0.081690
1982900,0.119249,0.081690
1983000,0.129577,0.081690
1983100,0.107981,0.081690
1983200,0.111737,0.081690
1983300,0.129577,0.081690
1983400,0.122066,0.081690
1983500,0.140845,0.081690
1983600,0.138028,0.081690
1983700,0.123005,0.081690
1983800,0.138028,0.081690
1983900,0.120188,0.081690
1984000,0.103286,0.081690
1984100,0.123005,0.081690
1984200,0.124883,0.081690
1984300,0.113615,0.081690
1984400,0.138967,0.081690
1984500,0.128638,0.081690
1984600,0.136150,0.081690
1984700,0.129577,0.081690
1984800,0.124883,0.081690
1984900,0.108920,0.081690
1985000,0.120188,0.081690
1985100,0.129577,0.081690
1985200,0.112676,0.081690
1985300,0.120188,0.081690
1985400,0.113615,0.081690
1985500,0.116432,0.081690
1985600,0.126761,0.081690
1985700,0.137089,0.081690
1985800,0.129577,0.081690
1985900,0.133333,0.081690
1986000,0.123944,0.081690
1986100,0.133333,0.081690
1986200,0.128638,0.081690
1986300,0.110798,0.081690
1986400,0.110798,0.081690
1986500,0.129577,0.081690
1986600,0.122066,0.081690
1986700,0.113615,0.081690
1986800,0.115493,0.081690
1986900,0.118310,0.081690
1987000,0.118310,0.081690
1987100,0.114554,0.081690
1987200,0.121127,0.081690
1987300,0.123944,0.081690
1987400,0.110798,0.081690
1987500,0.129577,0.081690
1987600,0.122066,0.081690
1987700,0.127700,0.081690
1987800,0.117371,0.081690
1987900,0.130516,0.081690
1988000,0.132394,0.081690
1988100,0.116432,0.081690
1988200,0.113615,0.081690
1988300,0.119249,0.081690
1988400,0.132394,0.081690
1988500,0.123944,0.081690
1988600,0.118310,0.081690
1988700,0.118310,0.081690
1988800,0.117371,0.081690
1988900,0.108920,0.081690
1989000,0.117371,0.081690
1989100,0.119249,0.081690
1989200,0.110798,0.081690
1989300,0.130516,0.081690
1989400,0.131455,0.081690
1989500,0.141784,0.081690
1989600,0.125822,0.081690
1989700,0.137089,0.081690
1989800,0.142723,0.081690
1989900,0.131455,0.081690
1990000,0.133333,0.081690
1990100,0.109859,0.081690
1990200,0.118310,0.081690
1990300,0.113615,0.081690
1990400,0.123005,0.081690
1990500,0.140845,0.081690
1990600,0.113615,0.081690
1990700,0.120188,0.081690
1990800,0.123944,0.081690
1990900,0.113615,0.081690
1991000,0.123944,0.081690
1991100,0.120188,0.081690
1991200,0.109859,0.081690
1991300,0.098592,0.081690
1991400,0.119249,0.081690
1991500,0.122066,0.081690
1991600,0.108920,0.081690
1991700,0.104225,0.081690
1991800,0.116432,0.081690
1991900,0.121127,0.081690
1992000,0.117371,0.081690
1992100,0.131455,0.081690
1992200,0.160563,0.081690
1992300,0.137089,0.081690
1992400,0.121127,0.081690
1992500,0.113615,0.081690
1992600,0.138028,0.081690
1992700,0.123944,0.081690
1992800,0.111737,0.081690
1992900,0.141784,0.081690
1993000,0.128638,0.081690
1993100,0.120188,0.081690
1993200,0.112676,0.081690
1993300,0.107042,0.081690
1993400,0.126761,0.081690
1993500,0.132394,0.081690
1993600,0.128638,0.081690
1993700,0.123944,0.081690
1993800,0.119249,0.081690
1993900,0.126761,0.081690
1994000,0.126761,0.081690
1994100,0.127700,0.081690
1994200,0.149296,0.081690
1994300,0.121127,0.081690
1994400,0.119249,0.081690
1994500,0.123005,0.081690
1994600,0.133333,0.081690
1994700,0.123005,0.081690
1994800,0.117371,0.081690
1994900,0.097653,0.081690
1995000,0.112676,0.081690
1995100,0.123005,0.081690
1995200,0.123944,0.081690
1995300,0.111737,0.081690
1995400,0.109859,0.081690
1995500,0.114554,0.081690
1995600,0.123944,0.081690
1995700,0.124883,0.081690
1995800,0.135211,0.081690
1995900,0.136150,0.081690
1996000,0.126761,0.081690
1996100,0.132394,0.081690
1996200,0.128638,0.081690
1996300,0.125822,0.081690
1996400,0.118310,0.081690
1996500,0.119249,0.081690
1996600,0.128638,0.081690
1996700,0.133333,0.081690
1996800,0.125822,0.081690
1996900,0.117371,0.081690
1997000,0.121127,0.081690
1997100,0.125822,0.081690
1997200,0.117371,0.081690
1997300,0.116432,0.081690
1997400,0.135211,0.081690
1997500,0.148357,0.081690
1997600,0.120188,0.081690
1997700,0.126761,0.081690
1997800,0.134272,0.081690
1997900,0.143662,0.081690
1998000,0.145540,0.081690
1998100,0.118310,0.081690
1998200,0.117371,0.081690
1998300,0.130516,0.081690
1998400,0.120188,0.081690
1998500,0.146479,0.081690
1998600,0.120188,0.081690
1998700,0.109859,0.081690
1998800,0.114554,0.081690
1998900,0.103286,0.081690
1999000,0.119249,0.081690
1999100,0.129577,0.081690
1999200,0.123944,0.081690
1999300,0.123944,0.081690
1999400,0.124883,0.081690
1999500,0.124883,0.081690
1999600,0.111737,0.081690
1999700,0.124883,0.081690
1999800,0.130516,0.081690
1999900,0.138028,0.081690
2000000,0.144601,0.081690
2000100,0.129577,0.081690
2000200,0.118310,0.081690
2000300,0.128638,0.081690
2000400,0.140845,0.081690
2000500,0.142723,0.081690
2000600,0.133333,0.081690
2000700,0.137089,0.081690
2000800,0.128638,0.081690
2000900,0.137089,0.081690
2001000,0.117371,0.081690
2001100,0.148357,0.081690
2001200,0.114554,0.081690
2001300,0.123005,0.081690
2001400,0.120188,0.081690
2001500,0.116432,0.081690
2001600,0.123944,0.081690
2001700,0.128638,0.081690
2001800,0.114554,0.081690
2001900,0.105164,0.081690
2002000,0.129577,0.081690
2002100,0.129577,0.081690
2002200,0.125822,0.081690
2002300,0.123005,0.081690
2002400,0.131455,0.081690
2002500,0.138028,0.081690
2002600,0.114554,0.081690
2002700,0.131455,0.081690
2002800,0.128638,0.081690
2002900,0.121127,0.081690
2003000,0.099531,0.081690
2003100,0.140845,0.081690
2003200,0.125822,0.081690
2003300,0.110798,0.081690
2003400,0.107981,0.081690
2003500,0.127700,0.081690
2003600,0.137089,0.081690
2003700,0.129577,0.081690
2003800,0.111737,0.081690
2003900,0.134272,0.081690
2004000,0.127700,0.081690
2004100,0.122066,0.081690
2004200,0.135211,0.081690
2004300,0.122066,0.081690
2004400,0.122066,0.081690
2004500,0.126761,0.081690
2004600,0.135211,0.081690
2004700,0.113615,0.081690
2004800,0.105164,0.081690
2004900,0.111737,0.081690
2005000,0.125822,0.081690
2005100,0.133333,0.081690
2005200,0.113615,0.081690
2005300,0.122066,0.081690
2005400,0.127700,0.081690
2005500,0.123944,0.081690
2005600,0.138967,0.081690
2005700,0.127700,0.081690
2005800,0.141784,0.081690
2005900,0.128638,0.081690
2006000,0.136150,0.081690
2006100,0.127700,0.081690
2006200,0.154930,0.081690
2006300,0.120188,0.081690
2006400,0.123005,0.081690
2006500,0.092019,0.081690
2006600,0.110798,0.081690
2006700,0.119249,0.081690
2006800,0.120188,0.081690
2006900,0.138028,0.081690
2007000,0.133333,0.081690
2007100,0.143662,0.081690
2007200,0.122066,0.081690
2007300,0.104225,0.081690
2007400,0.107042,0.081690
2007500,0.117371,0.081690
2007600,0.130516,0.081690
2007700,0.139906,0.081690
2007800,0.131455,0.081690
2007900,0.128638,0.081690
2008000,0.128638,0.081690
2008100,0.111737,0.081690
2008200,0.130516,0.081690
2008300,0.111737,0.081690
2008400,0.123005,0.081690
2008500,0.123944,0.081690
2008600,0.114554,0.081690
2008700,0.126761,0.081690
2008800,0.134272,0.081690
2008900,0.133333,0.081690
2009000,0.143662,0.081690
2009100,0.124883,0.081690
2009200,0.132394,0.081690
2009300,0.130516,0.081690
2009400,0.140845,0.081690
2009500,0.130516,0.081690
2009600,0.124883,0.081690
2009700,0.120188,0.081690
2009800,0.128638,0.081690
2009900,0.127700,0.081690
2010000,0.107981,0.081690
2010100,0.141784,0.081690
2010200,0.135211,0.081690
2010300,0.127700,0.081690
2010400,0.130516,0.081690
2010500,0.120188,0.081690
2010600,0.123944,0.081690
2010700,0.135211,0.081690
2010800,0.118310,0.081690
2010900,0.125822,0.081690
2011000,0.129577,0.081690
2011100,0.119249,0.081690
2011200,0.116432,0.081690
2011300,0.126761,0.081690
2011400,0.127700,0.081690
2011500,0.115493,0.081690
2011600,0.123944,0.081690
2011700,0.111737,0.081690
2011800,0.121127,0.081690
2011900,0.120188,0.081690
2012000,0.123005,0.081690
2012100,0.116432,0.081690
2012200,0.116432,0.081690
2012300,0.108920,0.081690
2012400,0.131455,0.081690
2012500,0.134272,0.081690
2012600,0.148357,0.081690
2012700,0.130516,0.081690
2012800,0.147418,0.081690
2012900,0.128638,0.081690
2013000,0.115493,0.081690
2013100,0.133333,0.081690
2013200,0.117371,0.081690
2013300,0.135211,0.081690
2013400,0.131455,0.081690
2013500,0.111737,0.081690
2013600,0.098592,0.081690
2013700,0.114554,0.081690
2013800,0.123005,0.081690
2013900,0.127700,0.081690
2014000,0.133333,0.081690
2014100,0.133333,0.081690
2014200,0.143662,0.081690
2014300,0.165258,0.081690
2014400,0.106103,0.081690
2014500,0.122066,0.081690
2014600,0.108920,0.081690
2014700,0.125822,0.081690
2014800,0.124883,0.081690
2014900,0.143662,0.081690
2015000,0.135211,0.081690
2015100,0.124883,0.081690
2015200,0.127700,0.081690
2015300,0.135211,0.081690
2015400,0.110798,0.081690
2015500,0.134272,0.081690
2015600,0.117371,0.081690
2015700,0.115493,0.081690
2015800,0.136150,0.081690
2015900,0.135211,0.081690
2016000,0.135211,0.081690
2016100,0.106103,0.081690
2016200,0.127700,0.081690
2016300,0.108920,0.081690
2016400,0.115493,0.081690
2016500,0.118310,0.081690
2016600,0.120188,0.081690
2016700,0.128638,0.081690
2016800,0.122066,0.081690
2016900,0.115493,0.081690
2017000,0.129577,0.081690
2017100,0.135211,0.081690
2017200,0.134272,0.081690
2017300,0.127700,0.081690
2017400,0.110798,0.081690
2017500,0.116432,0.081690
2017600,0.118310,0.081690
2017700,0.134272,0.081690
2017800,0.123005,0.081690
2017900,0.101408,0.081690
2018000,0.118310,0.081690
2018100,0.111737,0.081690
2018200,0.105164,0.081690
2018300,0.114554,0.081690
2018400,0.129577,0.081690
2018500,0.114554,0.081690
2018600,0.116432,0.081690
2018700,0.127700,0.081690
2018800,0.126761,0.081690
2018900,0.125822,0.081690
2019000,0.128638,0.081690
2019100,0.142723,0.081690
2019200,0.134272,0.081690
2019300,0.135211,0.081690
2019400,0.124883,0.081690
2019500,0.131455,0.081690
2019600,0.122066,0.081690
2019700,0.107981,0.081690
2019800,0.139906,0.081690
2019900,0.100469,0.081690
2020000,0.106103,0.081690
2020100,0.107981,0.081690
2020200,0.119249,0.081690
2020300,0.123944,0.081690
2020400,0.129577,0.081690
2020500,0.125822,0.081690
2020600,0.123944,0.081690
2020700,0.117371,0.081690
2020800,0.124883,0.081690
2020900,0.113615,0.081690
2021000,0.125822,0.081690
2021100,0.123944,0.081690
2021200,0.128638,0.081690
2021300,0.124883,0.081690
2021400,0.119249,0.081690
2021500,0.126761,0.081690
2021600,0.128638,0.081690
2021700,0.138028,0.081690
2021800,0.133333,0.081690
2021900,0.121127,0.081690
2022000,0.129577,0.081690
2022100,0.122066,0.081690
2022200,0.114554,0.081690
2022300,0.109859,0.081690
2022400,0.107042,0.081690
2022500,0.128638,0.081690
2022600,0.116432,0.081690
2022700,0.114554,0.081690
2022800,0.124883,0.081690
2022900,0.102347,0.081690
2023000,0.098592,0.081690
2023100,0.110798,0.081690
2023200,0.107981,0.081690
2023300,0.112676,0.081690
2023400,0.119249,0.081690
2023500,0.106103,0.081690
2023600,0.128638,0.081690
2023700,0.133333,0.081690
2023800,0.123944,0.081690
2023900,0.126761,0.081690
2024000,0.130516,0.081690
2024100,0.132394,0.081690
2024200,0.119249,0.081690
2024300,0.114554,0.081690
2024400,0.120188,0.081690
2024500,0.135211,0.081690
2024600,0.123944,0.081690
2024700,0.123005,0.081690
2024800,0.123944,0.081690
2024900,0.127700,0.081690
2025000,0.134272,0.081690
2025100,0.124883,0.081690
2025200,0.116432,0.081690
2025300,0.144601,0.081690
2025400,0.112676,0.081690
2025500,0.127700,0.081690
2025600,0.119249,0.081690
2025700,0.121127,0.081690
2025800,0.118310,0.081690
2025900,0.129577,0.081690
2026000,0.100469,0.081690
2026100,0.116432,0.081690
2026200,0.123005,0.081690
2026300,0.123005,0.081690
2026400,0.107042,0.081690
2026500,0.138028,0.081690
2026600,0.135211,0.081690
2026700,0.118310,0.081690
2026800,0.129577,0.081690
2026900,0.119249,0.081690
2027000,0.123005,0.081690
2027100,0.122066,0.081690
2027200,0.116432,0.081690
2027300,0.126761,0.081690
2027400,0.131455,0.081690
2027500,0.124883,0.081690
2027600,0.120188,0.081690
2027700,0.146479,0.081690
2027800,0.134272,0.081690
2027900,0.129577,0.081690
2028000,0.128638,0.081690
2028100,0.132394,0.081690
2028200,0.103286,0.081690
2028300,0.140845,0.081690
2028400,0.115493,0.081690
2028500,0.102347,0.081690
2028600,0.102347,0.081690
2028700,0.103286,0.081690
2028800,0.130516,0.081690
2028900,0.121127,0.081690
2029000,0.126761,0.081690
2029100,0.129577,0.081690
2029200,0.123005,0.081690
2029300,0.127700,0.081690
2029400,0.108920,0.081690
2029500,0.119249,0.081690
2029600,0.131455,0.081690
2029700,0.122066,0.081690
2029800,0.142723,0.081690
2029900,0.127700,0.081690
2030000,0.134272,0.081690
2030100,0.143662,0.081690
2030200,0.131455,0.081690
2030300,0.117371,0.081690
2030400,0.118310,0.081690
2030500,0.122066,0.081690
2030600,0.127700,0.081690
2030700,0.125822,0.081690
2030800,0.096714,0.081690
2030900,0.138967,0.081690
2031000,0.121127,0.081690
2031100,0.127700,0.081690
2031200,0.133333,0.081690
2031300,0.131455,0.081690
2031400,0.138967,0.081690
2031500,0.135211,0.081690
2031600,0.107981,0.081690
2031700,0.134272,0.081690
2031800,0.125822,0.081690
2031900,0.137089,0.081690
2032000,0.134272,0.081690
2032100,0.125822,0.081690
2032200,0.123005,0.081690
2032300,0.127700,0.081690
2032400,0.119249,0.081690
2032500,0.114554,0.081690
2032600,0.116432,0.081690
2032700,0.121127,0.081690
2032800,0.121127,0.081690
2032900,0.115493,0.081690
2033000,0.126761,0.081690
2033100,0.120188,0.081690
2033200,0.104225,0.081690
2033300,0.114554,0.081690
2033400,0.128638,0.081690
2033500,0.131455,0.081690
2033600,0.160563,0.081690
2033700,0.142723,0.081690
2033800,0.152113,0.081690
2033900,0.128638,0.081690
2034000,0.114554,0.081690
2034100,0.112676,0.081690
2034200,0.128638,0.081690
2034300,0.119249,0.081690
2034400,0.127700,0.081690
2034500,0.134272,0.081690
2034600,0.125822,0.081690
2034700,0.132394,0.081690
2034800,0.114554,0.081690
2034900,0.120188,0.081690
2035000,0.120188,0.081690
2035100,0.125822,0.081690
2035200,0.115493,0.081690
2035300,0.110798,0.081690
2035400,0.128638,0.081690
2035500,0.107042,0.081690
2035600,0.144601,0.081690
2035700,0.119249,0.081690
2035800,0.131455,0.081690
2035900,0.135211,0.081690
2036000,0.127700,0.081690
2036100,0.125822,0.081690
2036200,0.132394,0.081690
2036300,0.131455,0.081690
2036400,0.128638,0.081690
2036500,0.133333,0.081690
2036600,0.130516,0.081690
2036700,0.124883,0.081690
2036800,0.128638,0.081690
2036900,0.107042,0.081690
2037000,0.136150,0.081690
2037100,0.119249,0.081690
2037200,0.128638,0.081690
2037300,0.140845,0.081690
2037400,0.130516,0.081690
2037500,0.124883,0.081690
2037600,0.124883,0.081690
2037700,0.127700,0.081690
2037800,0.124883,0.081690
2037900,0.136150,0.081690
2038000,0.114554,0.081690
2038100,0.117371,0.081690
2038200,0.120188,0.081690
2038300,0.106103,0.081690
2038400,0.109859,0.081690
2038500,0.111737,0.081690
2038600,0.131455,0.081690
2038700,0.110798,0.081690
2038800,0.090141,0.081690
2038900,0.107981,0.081690
2039000,0.110798,0.081690
2039100,0.117371,0.081690
2039200,0.113615,0.081690
2039300,0.138028,0.081690
2039400,0.121127,0.081690
2039500,0.104225,0.081690
2039600,0.106103,0.081690
2039700,0.095775,0.081690
2039800,0.137089,0.081690
2039900,0.115493,0.081690
2040000,0.128638,0.081690
2040100,0.139906,0.081690
2040200,0.144601,0.081690
2040300,0.128638,0.081690
2040400,0.118310,0.081690
2040500,0.134272,0.081690
2040600,0.142723,0.081690
2040700,0.137089,0.081690
2040800,0.133333,0.081690
2040900,0.128638,0.081690
2041000,0.140845,0.081690
2041100,0.131455,0.081690
2041200,0.114554,0.081690
2041300,0.116432,0.081690
2041400,0.136150,0.081690
2041500,0.132394,0.081690
2041600,0.135211,0.081690
2041700,0.133333,0.081690
2041800,0.110798,0.081690
2041900,0.120188,0.081690
2042000,0.127700,0.081690
2042100,0.120188,0.081690
2042200,0.130516,0.081690
2042300,0.141784,0.081690
2042400,0.136150,0.081690
2042500,0.139906,0.081690
2042600,0.138967,0.081690
2042700,0.120188,0.081690
2042800,0.111737,0.081690
2042900,0.117371,0.081690
2043000,0.112676,0.081690
2043100,0.124883,0.081690
2043200,0.135211,0.081690
2043300,0.136150,0.081690
2043400,0.133333,0.081690
2043500,0.126761,0.081690
2043600,0.114554,0.081690
2043700,0.116432,0.081690
2043800,0.116432,0.081690
2043900,0.110798,0.081690
2044000,0.112676,0.081690
2044100,0.118310,0.081690
2044200,0.138028,0.081690
2044300,0.115493,0.081690
2044400,0.125822,0.081690
2044500,0.121127,0.081690
2044600,0.138967,0.081690
2044700,0.138967,0.081690
2044800,0.113615,0.081690
2044900,0.095775,0.081690
2045000,0.105164,0.081690
2045100,0.122066,0.081690
2045200,0.122066,0.081690
2045300,0.121127,0.081690
2045400,0.133333,0.081690
2045500,0.123005,0.081690
2045600,0.113615,0.081690
2045700,0.121127,0.081690
2045800,0.121127,0.081690
2045900,0.126761,0.081690
2046000,0.114554,0.081690
2046100,0.113615,0.081690
2046200,0.111737,0.081690
2046300,0.102347,0.081690
2046400,0.123005,0.081690
2046500,0.111737,0.081690
2046600,0.121127,0.081690
2046700,0.114554,0.081690
2046800,0.127700,0.081690
2046900,0.134272,0.081690
2047000,0.128638,0.081690
2047100,0.133333,0.081690
2047200,0.121127,0.081690
2047300,0.123944,0.081690
2047400,0.130516,0.081690
2047500,0.124883,0.081690
2047600,0.119249,0.081690
2047700,0.123005,0.081690
2047800,0.123005,0.081690
2047900,0.138028,0.081690
2048000,0.126761,0.081690
2048100,0.135211,0.081690
2048200,0.134272,0.081690
2048300,0.136150,0.081690
2048400,0.145540,0.081690
2048500,0.124883,0.081690
2048600,0.132394,0.081690
2048700,0.112676,0.081690
2048800,0.123005,0.081690
2048900,0.137089,0.081690
2049000,0.108920,0.081690
2049100,0.100469,0.081690
2049200,0.099531,0.081690
2049300,0.113615,0.081690
2049400,0.128638,0.081690
2049500,0.129577,0.081690
2049600,0.113615,0.081690
2049700,0.126761,0.081690
2049800,0.113615,0.081690
2049900,0.111737,0.081690
2050000,0.123944,0.081690
2050100,0.114554,0.081690
2050200,0.119249,0.081690
2050300,0.148357,0.081690
2050400,0.132394,0.081690
2050500,0.133333,0.081690
2050600,0.123944,0.081690
2050700,0.128638,0.081690
2050800,0.127700,0.081690
2050900,0.125822,0.081690
2051000,0.129577,0.081690
2051100,0.132394,0.081690
2051200,0.115493,0.081690
2051300,0.121127,0.081690
2051400,0.124883,0.081690
2051500,0.112676,0.081690
2051600,0.123005,0.081690
2051700,0.129577,0.081690
2051800,0.119249,0.081690
2051900,0.112676,0.081690
2052000,0.115493,0.081690
2052100,0.113615,0.081690
2052200,0.111737,0.081690
2052300,0.105164,0.081690
2052400,0.098592,0.081690
2052500,0.115493,0.081690
2052600,0.123005,0.081690
2052700,0.127700,0.081690
2052800,0.136150,0.081690
2052900,0.104225,0.081690
2053000,0.136150,0.081690
2053100,0.135211,0.081690
2053200,0.130516,0.081690
2053300,0.121127,0.081690
2053400,0.120188,0.081690
2053500,0.146479,0.081690
2053600,0.123944,0.081690
2053700,0.111737,0.081690
2053800,0.127700,0.081690
2053900,0.130516,0.081690
2054000,0.100469,0.081690
2054100,0.106103,0.081690
2054200,0.121127,0.081690
2054300,0.134272,0.081690
2054400,0.132394,0.081690
2054500,0.149296,0.081690
2054600,0.124883,0.081690
2054700,0.123944,0.081690
2054800,0.119249,0.081690
2054900,0.127700,0.081690
2055000,0.136150,0.081690
2055100,0.114554,0.081690
2055200,0.113615,0.081690
2055300,0.120188,0.081690
2055400,0.117371,0.081690
2055500,0.125822,0.081690
2055600,0.141784,0.081690
2055700,0.138028,0.081690
2055800,0.128638,0.081690
2055900,0.121127,0.081690
2056000,0.130516,0.081690
2056100,0.117371,0.081690
2056200,0.121127,0.081690
2056300,0.125822,0.081690
2056400,0.123944,0.081690
2056500,0.127700,0.081690
2056600,0.122066,0.081690
2056700,0.123005,0.081690
2056800,0.136150,0.081690
2056900,0.108920,0.081690
2057000,0.113615,0.081690
2057100,0.126761,0.081690
2057200,0.127700,0.081690
2057300,0.126761,0.081690
2057400,0.123005,0.081690
2057500,0.138967,0.081690
2057600,0.128638,0.081690
2057700,0.122066,0.081690
2057800,0.131455,0.081690
2057900,0.112676,0.081690
2058000,0.120188,0.081690
2058100,0.121127,0.081690
2058200,0.123005,0.081690
2058300,0.123005,0.081690
2058400,0.112676,0.081690
2058500,0.129577,0.081690
2058600,0.147418,0.081690
2058700,0.137089,0.081690
2058800,0.123944,0.081690
2058900,0.128638,0.081690
2059000,0.111737,0.081690
2059100,0.112676,0.081690
2059200,0.133333,0.081690
2059300,0.132394,0.081690
2059400,0.101408,0.081690
2059500,0.105164,0.081690
2059600,0.108920,0.081690
2059700,0.115493,0.081690
2059800,0.105164,0.081690
2059900,0.123005,0.081690
2060000,0.110798,0.081690
2060100,0.121127,0.081690
2060200,0.120188,0.081690
2060300,0.120188,0.081690
2060400,0.133333,0.081690
2060500,0.128638,0.081690
2060600,0.136150,0.081690
2060700,0.131455,0.081690
2060800,0.123944,0.081690
2060900,0.123944,0.081690
2061000,0.144601,0.081690
2061100,0.133333,0.081690
2061200,0.115493,0.081690
2061300,0.120188,0.081690
2061400,0.129577,0.081690
2061500,0.112676,0.081690
2061600,0.116432,0.081690
2061700,0.124883,0.081690
2061800,0.131455,0.081690
2061900,0.120188,0.081690
2062000,0.130516,0.081690
2062100,0.123944,0.081690
2062200,0.121127,0.081690
2062300,0.141784,0.081690
2062400,0.135211,0.081690
2062500,0.115493,0.081690
2062600,0.119249,0.081690
2062700,0.113615,0.081690
2062800,0.128638,0.081690
2062900,0.117371,0.081690
2063000,0.116432,0.081690
2063100,0.144601,0.081690
2063200,0.144601,0.081690
2063300,0.138967,0.081690
2063400,0.114554,0.081690
2063500,0.122066,0.081690
2063600,0.111737,0.081690
2063700,0.108920,0.081690
2063800,0.126761,0.081690
2063900,0.114554,0.081690
2064000,0.127700,0.081690
2064100,0.112676,0.081690
2064200,0.114554,0.081690
2064300,0.117371,0.081690
2064400,0.124883,0.081690
2064500,0.114554,0.081690
2064600,0.128638,0.081690
2064700,0.132394,0.081690
2064800,0.127700,0.081690
2064900,0.123944,0.081690
2065000,0.121127,0.081690
2065100,0.123944,0.081690
2065200,0.124883,0.081690
2065300,0.135211,0.081690
2065400,0.119249,0.081690
2065500,0.118310,0.081690
2065600,0.137089,0.081690
2065700,0.128638,0.081690
2065800,0.129577,0.081690
2065900,0.130516,0.081690
2066000,0.138028,0.081690
2066100,0.133333,0.081690
2066200,0.151174,0.081690
2066300,0.137089,0.081690
2066400,0.138028,0.081690
2066500,0.138028,0.081690
2066600,0.145540,0.081690
2066700,0.137089,0.081690
2066800,0.130516,0.081690
2066900,0.142723,0.081690
2067000,0.112676,0.081690
2067100,0.145540,0.081690
2067200,0.137089,0.081690
2067300,0.134272,0.081690
2067400,0.131455,0.081690
2067500,0.123005,0.081690
2067600,0.133333,0.081690
2067700,0.143662,0.081690
2067800,0.113615,0.081690
2067900,0.118310,0.081690
2068000,0.104225,0.081690
2068100,0.110798,0.081690
2068200,0.120188,0.081690
2068300,0.123944,0.081690
2068400,0.123944,0.081690
2068500,0.102347,0.081690
2068600,0.115493,0.081690
2068700,0.145540,0.081690
2068800,0.141784,0.081690
2068900,0.126761,0.081690
2069000,0.121127,0.081690
2069100,0.095775,0.081690
2069200,0.104225,0.081690
2069300,0.128638,0.081690
2069400,0.123944,0.081690
2069500,0.138028,0.081690
2069600,0.129577,0.081690
2069700,0.130516,0.081690
2069800,0.125822,0.081690
2069900,0.158685,0.081690
2070000,0.123005,0.081690
2070100,0.124883,0.081690
2070200,0.114554,0.081690
2070300,0.124883,0.081690
2070400,0.129577,0.081690
2070500,0.128638,0.081690
2070600,0.120188,0.081690
2070700,0.116432,0.081690
2070800,0.113615,0.081690
2070900,0.130516,0.081690
2071000,0.120188,0.081690
2071100,0.127700,0.081690
2071200,0.125822,0.081690
2071300,0.127700,0.081690
2071400,0.123005,0.081690
2071500,0.115493,0.081690
2071600,0.125822,0.081690
2071700,0.124883,0.081690
2071800,0.124883,0.081690
2071900,0.113615,0.081690
2072000,0.125822,0.081690
2072100,0.139906,0.081690
2072200,0.129577,0.081690
2072300,0.123944,0.081690
2072400,0.123944,0.081690
2072500,0.120188,0.081690
2072600,0.121127,0.081690
2072700,0.131455,0.081690
2072800,0.127700,0.081690
2072900,0.118310,0.081690
2073000,0.133333,0.081690
2073100,0.139906,0.081690
2073200,0.118310,0.081690
2073300,0.113615,0.081690
2073400,0.123944,0.081690
2073500,0.137089,0.081690
2073600,0.144601,0.081690
2073700,0.129577,0.081690
2073800,0.131455,0.081690
2073900,0.129577,0.081690
2074000,0.130516,0.081690
2074100,0.117371,0.081690
2074200,0.136150,0.081690
2074300,0.119249,0.081690
2074400,0.125822,0.081690
2074500,0.133333,0.081690
2074600,0.132394,0.081690
2074700,0.129577,0.081690
2074800,0.113615,0.081690
2074900,0.110798,0.081690
2075000,0.116432,0.081690
2075100,0.107042,0.081690
2075200,0.114554,0.081690
2075300,0.112676,0.081690
2075400,0.121127,0.081690
2075500,0.125822,0.081690
2075600,0.128638,0.081690
2075700,0.124883,0.081690
2075800,0.113615,0.081690
2075900,0.107042,0.081690
2076000,0.114554,0.081690
2076100,0.119249,0.081690
2076200,0.130516,0.081690
2076300,0.122066,0.081690
2076400,0.111737,0.081690
2076500,0.116432,0.081690
2076600,0.116432,0.081690
2076700,0.116432,0.081690
2076800,0.102347,0.081690
2076900,0.110798,0.081690
2077000,0.151174,0.081690
2077100,0.105164,0.081690
2077200,0.125822,0.081690
2077300,0.122066,0.081690
2077400,0.115493,0.081690
2077500,0.132394,0.081690
2077600,0.122066,0.081690
2077700,0.144601,0.081690
2077800,0.137089,0.081690
2077900,0.132394,0.081690
2078000,0.120188,0.081690
2078100,0.117371,0.081690
2078200,0.107981,0.081690
2078300,0.118310,0.081690
2078400,0.117371,0.081690
2078500,0.130516,0.081690
2078600,0.109859,0.081690
2078700,0.121127,0.081690
2078800,0.110798,0.081690
2078900,0.127700,0.081690
2079000,0.117371,0.081690
2079100,0.120188,0.081690
2079200,0.119249,0.081690
2079300,0.120188,0.081690
2079400,0.106103,0.081690
2079500,0.125822,0.081690
2079600,0.130516,0.081690
2079700,0.137089,0.081690
2079800,0.138028,0.081690
2079900,0.140845,0.081690
2080000,0.123005,0.081690
2080100,0.124883,0.081690
2080200,0.105164,0.081690
2080300,0.129577,0.081690
2080400,0.132394,0.081690
2080500,0.131455,0.081690
2080600,0.138028,0.081690
2080700,0.138967,0.081690
2080800,0.127700,0.081690
2080900,0.125822,0.081690
2081000,0.118310,0.081690
2081100,0.107042,0.081690
2081200,0.117371,0.081690
2081300,0.115493,0.081690
2081400,0.120188,0.081690
2081500,0.129577,0.081690
2081600,0.123944,0.081690
2081700,0.129577,0.081690
2081800,0.106103,0.081690
2081900,0.128638,0.081690
2082000,0.109859,0.081690
2082100,0.115493,0.081690
2082200,0.093897,0.081690
2082300,0.118310,0.081690
2082400,0.127700,0.081690
2082500,0.115493,0.081690
2082600,0.123005,0.081690
2082700,0.111737,0.081690
2082800,0.131455,0.081690
2082900,0.115493,0.081690
2083000,0.116432,0.081690
2083100,0.111737,0.081690
2083200,0.108920,0.081690
2083300,0.130516,0.081690
2083400,0.124883,0.081690
2083500,0.117371,0.081690
2083600,0.114554,0.081690
2083700,0.117371,0.081690
2083800,0.123944,0.081690
2083900,0.116432,0.081690
2084000,0.121127,0.081690
2084100,0.127700,0.081690
2084200,0.141784,0.081690
2084300,0.117371,0.081690
2084400,0.117371,0.081690
2084500,0.108920,0.081690
2084600,0.123005,0.081690
2084700,0.126761,0.081690
2084800,0.130516,0.081690
2084900,0.108920,0.081690
2085000,0.125822,0.081690
2085100,0.142723,0.081690
2085200,0.124883,0.081690
2085300,0.134272,0.081690
2085400,0.123005,0.081690
2085500,0.123005,0.081690
2085600,0.132394,0.081690
2085700,0.118310,0.081690
2085800,0.121127,0.081690
2085900,0.125822,0.081690
2086000,0.117371,0.081690
2086100,0.123944,0.081690
2086200,0.128638,0.081690
2086300,0.125822,0.081690
2086400,0.122066,0.081690
2086500,0.119249,0.081690
2086600,0.138028,0.081690
2086700,0.118310,0.081690
2086800,0.111737,0.081690
2086900,0.121127,0.081690
2087000,0.107981,0.081690
2087100,0.109859,0.081690
2087200,0.128638,0.081690
2087300,0.137089,0.081690
2087400,0.128638,0.081690
2087500,0.116432,0.081690
2087600,0.123944,0.081690
2087700,0.120188,0.081690
2087800,0.125822,0.081690
2087900,0.125822,0.081690
2088000,0.110798,0.081690
2088100,0.123005,0.081690
2088200,0.118310,0.081690
2088300,0.120188,0.081690
2088400,0.122066,0.081690
2088500,0.140845,0.081690
2088600,0.135211,0.081690
2088700,0.107981,0.081690
2088800,0.124883,0.081690
2088900,0.123944,0.081690
2089000,0.123944,0.081690
2089100,0.121127,0.081690
2089200,0.121127,0.081690
2089300,0.115493,0.081690
2089400,0.112676,0.081690
2089500,0.106103,0.081690
2089600,0.113615,0.081690
2089700,0.116432,0.081690
2089800,0.108920,0.081690
2089900,0.117371,0.081690
2090000,0.123005,0.081690
2090100,0.114554,0.081690
2090200,0.120188,0.081690
2090300,0.136150,0.081690
2090400,0.104225,0.081690
2090500,0.113615,0.081690
2090600,0.115493,0.081690
2090700,0.120188,0.081690
2090800,0.122066,0.081690
2090900,0.128638,0.081690
2091000,0.118310,0.081690
2091100,0.122066,0.081690
2091200,0.116432,0.081690
2091300,0.117371,0.081690
2091400,0.134272,0.081690
2091500,0.115493,0.081690
2091600,0.123944,0.081690
2091700,0.130516,0.081690
2091800,0.138967,0.081690
2091900,0.127700,0.081690
2092000,0.137089,0.081690
2092100,0.144601,0.081690
2092200,0.130516,0.081690
2092300,0.123005,0.081690
2092400,0.119249,0.081690
2092500,0.128638,0.081690
2092600,0.120188,0.081690
2092700,0.113615,0.081690
2092800,0.109859,0.081690
2092900,0.134272,0.081690
2093000,0.113615,0.081690
2093100,0.112676,0.081690
2093200,0.116432,0.081690
2093300,0.140845,0.081690
2093400,0.123944,0.081690
2093500,0.129577,0.081690
2093600,0.123944,0.081690
2093700,0.126761,0.081690
2093800,0.114554,0.081690
2093900,0.124883,0.081690
2094000,0.121127,0.081690
2094100,0.129577,0.081690
2094200,0.114554,0.081690
2094300,0.117371,0.081690
2094400,0.132394,0.081690
2094500,0.139906,0.081690
2094600,0.119249,0.081690
2094700,0.114554,0.081690
2094800,0.117371,0.081690
2094900,0.115493,0.081690
2095000,0.106103,0.081690
2095100,0.107981,0.081690
2095200,0.126761,0.081690
2095300,0.109859,0.081690
2095400,0.129577,0.081690
2095500,0.137089,0.081690
2095600,0.126761,0.081690
2095700,0.128638,0.081690
2095800,0.125822,0.081690
2095900,0.140845,0.081690
2096000,0.121127,0.081690
2096100,0.138028,0.081690
2096200,0.142723,0.081690
2096300,0.145540,0.081690
2096400,0.119249,0.081690
2096500,0.116432,0.081690
2096600,0.121127,0.081690
2096700,0.118310,0.081690
2096800,0.139906,0.081690
2096900,0.138967,0.081690
2097000,0.113615,0.081690
2097100,0.128638,0.081690
2097200,0.118310,0.081690
2097300,0.131455,0.081690
2097400,0.124883,0.081690
2097500,0.128638,0.081690
2097600,0.107042,0.081690
2097700,0.133333,0.081690
2097800,0.135211,0.081690
2097900,0.124883,0.081690
2098000,0.126761,0.081690
2098100,0.137089,0.081690
2098200,0.132394,0.081690
2098300,0.114554,0.081690
2098400,0.109859,0.081690
2098500,0.092019,0.081690
2098600,0.102347,0.081690
2098700,0.123944,0.081690
2098800,0.110798,0.081690
2098900,0.116432,0.081690
2099000,0.123944,0.081690
2099100,0.124883,0.081690
2099200,0.151174,0.081690
2099300,0.139906,0.081690
2099400,0.138967,0.081690
2099500,0.139906,0.081690
2099600,0.152113,0.081690
2099700,0.129577,0.081690
2099800,0.135211,0.081690
2099900,0.123944,0.081690
2100000,0.115493,0.081690
2100100,0.114554,0.081690
2100200,0.115493,0.081690
2100300,0.138967,0.081690
2100400,0.123944,0.081690
2100500,0.130516,0.081690
2100600,0.116432,0.081690
2100700,0.113615,0.081690
2100800,0.109859,0.081690
2100900,0.121127,0.081690
2101000,0.141784,0.081690
2101100,0.116432,0.081690
2101200,0.135211,0.081690
2101300,0.105164,0.081690
2101400,0.121127,0.081690
2101500,0.115493,0.081690
2101600,0.101408,0.081690
2101700,0.123944,0.081690
2101800,0.127700,0.081690
2101900,0.119249,0.081690
2102000,0.106103,0.081690
2102100,0.116432,0.081690
2102200,0.111737,0.081690
2102300,0.126761,0.081690
2102400,0.119249,0.081690
2102500,0.132394,0.081690
2102600,0.127700,0.081690
2102700,0.132394,0.081690
2102800,0.117371,0.081690
2102900,0.107981,0.081690
2103000,0.127700,0.081690
2103100,0.105164,0.081690
2103200,0.111737,0.081690
2103300,0.105164,0.081690
2103400,0.108920,0.081690
2103500,0.116432,0.081690
2103600,0.127700,0.081690
2103700,0.118310,0.081690
2103800,0.123005,0.081690
2103900,0.125822,0.081690
2104000,0.120188,0.081690
2104100,0.138028,0.081690
2104200,0.125822,0.081690
2104300,0.125822,0.081690
2104400,0.123944,0.081690
2104500,0.119249,0.081690
2104600,0.108920,0.081690
2104700,0.124883,0.081690
2104800,0.115493,0.081690
2104900,0.107981,0.081690
2105000,0.118310,0.081690
2105100,0.108920,0.081690
2105200,0.130516,0.081690
2105300,0.125822,0.081690
2105400,0.131455,0.081690
2105500,0.116432,0.081690
2105600,0.102347,0.081690
2105700,0.103286,0.081690
2105800,0.125822,0.081690
2105900,0.122066,0.081690
2106000,0.103286,0.081690
2106100,0.105164,0.081690
2106200,0.120188,0.081690
2106300,0.111737,0.081690
2106400,0.119249,0.081690
2106500,0.105164,0.081690
2106600,0.115493,0.081690
2106700,0.116432,0.081690
2106800,0.121127,0.081690
2106900,0.150235,0.081690
2107000,0.121127,0.081690
2107100,0.122066,0.081690
2107200,0.137089,0.081690
2107300,0.129577,0.081690
2107400,0.134272,0.081690
2107500,0.140845,0.081690
2107600,0.129577,0.081690
2107700,0.129577,0.081690
2107800,0.131455,0.081690
2107900,0.134272,0.081690
2108000,0.120188,0.081690
2108100,0.109859,0.081690
2108200,0.109859,0.081690
2108300,0.109859,0.081690
2108400,0.113615,0.081690
2108500,0.119249,0.081690
2108600,0.127700,0.081690
2108700,0.128638,0.081690
2108800,0.123005,0.081690
2108900,0.123005,0.081690
2109000,0.116432,0.081690
2109100,0.117371,0.081690
2109200,0.108920,0.081690
2109300,0.104225,0.081690
2109400,0.118310,0.081690
2109500,0.118310,0.081690
2109600,0.130516,0.081690
2109700,0.130516,0.081690
2109800,0.114554,0.081690
2109900,0.125822,0.081690
2110000,0.132394,0.081690
2110100,0.123944,0.081690
2110200,0.126761,0.081690
2110300,0.126761,0.081690
2110400,0.108920,0.081690
2110500,0.122066,0.081690
2110600,0.119249,0.081690
2110700,0.103286,0.081690
2110800,0.101408,0.081690
2110900,0.110798,0.081690
2111000,0.123005,0.081690
2111100,0.121127,0.081690
2111200,0.116432,0.081690
2111300,0.142723,0.081690
2111400,0.143662,0.081690
2111500,0.131455,0.081690
2111600,0.124883,0.081690
2111700,0.138028,0.081690
2111800,0.123944,0.081690
2111900,0.122066,0.081690
2112000,0.129577,0.081690
2112100,0.117371,0.081690
2112200,0.114554,0.081690
2112300,0.121127,0.081690
2112400,0.117371,0.081690
2112500,0.121127,0.081690
2112600,0.138028,0.081690
2112700,0.125822,0.081690
2112800,0.134272,0.081690
2112900,0.116432,0.081690
2113000,0.127700,0.081690
2113100,0.130516,0.081690
2113200,0.123005,0.081690
2113300,0.132394,0.081690
2113400,0.106103,0.081690
2113500,0.106103,0.081690
2113600,0.107981,0.081690
2113700,0.129577,0.081690
2113800,0.123944,0.081690
2113900,0.116432,0.081690
2114000,0.110798,0.081690
2114100,0.123944,0.081690
2114200,0.112676,0.081690
2114300,0.124883,0.081690
2114400,0.113615,0.081690
2114500,0.115493,0.081690
2114600,0.125822,0.081690
2114700,0.120188,0.081690
2114800,0.111737,0.081690
2114900,0.112676,0.081690
2115000,0.110798,0.081690
2115100,0.122066,0.081690
2115200,0.115493,0.081690
2115300,0.125822,0.081690
2115400,0.120188,0.081690
2115500,0.125822,0.081690
2115600,0.124883,0.081690
2115700,0.133333,0.081690
2115800,0.132394,0.081690
2115900,0.136150,0.081690
2116000,0.101408,0.081690
2116100,0.109859,0.081690
2116200,0.104225,0.081690
2116300,0.108920,0.081690
2116400,0.122066,0.081690
2116500,0.119249,0.081690
2116600,0.131455,0.081690
2116700,0.129577,0.081690
2116800,0.129577,0.081690
2116900,0.125822,0.081690
2117000,0.123944,0.081690
2117100,0.108920,0.081690
2117200,0.125822,0.081690
2117300,0.129577,0.081690
2117400,0.106103,0.081690
2117500,0.131455,0.081690
2117600,0.116432,0.081690
2117700,0.091080,0.081690
2117800,0.115493,0.081690
2117900,0.140845,0.081690
2118000,0.120188,0.081690
2118100,0.140845,0.081690
2118200,0.130516,0.081690
2118300,0.123005,0.081690
2118400,0.115493,0.081690
2118500,0.109859,0.081690
2118600,0.127700,0.081690
2118700,0.137089,0.081690
2118800,0.131455,0.081690
2118900,0.132394,0.081690
2119000,0.139906,0.081690
2119100,0.129577,0.081690
2119200,0.118310,0.081690
2119300,0.128638,0.081690
2119400,0.126761,0.081690
2119500,0.120188,0.081690
2119600,0.118310,0.081690
2119700,0.122066,0.081690
2119800,0.119249,0.081690
2119900,0.133333,0.081690
2120000,0.130516,0.081690
2120100,0.119249,0.081690
2120200,0.131455,0.081690
2120300,0.152113,0.081690
2120400,0.125822,0.081690
2120500,0.134272,0.081690
2120600,0.124883,0.081690
2120700,0.104225,0.081690
2120800,0.123944,0.081690
2120900,0.121127,0.081690
2121000,0.143662,0.081690
2121100,0.126761,0.081690
2121200,0.145540,0.081690
2121300,0.125822,0.081690
2121400,0.129577,0.081690
2121500,0.140845,0.081690
2121600,0.118310,0.081690
2121700,0.142723,0.081690
2121800,0.122066,0.081690
2121900,0.123944,0.081690
2122000,0.129577,0.081690
2122100,0.121127,0.081690
2122200,0.118310,0.081690
2122300,0.123005,0.081690
2122400,0.126761,0.081690
2122500,0.131455,0.081690
2122600,0.111737,0.081690
2122700,0.142723,0.081690
2122800,0.112676,0.081690
2122900,0.110798,0.081690
2123000,0.123944,0.081690
2123100,0.124883,0.081690
2123200,0.116432,0.081690
2123300,0.137089,0.081690
2123400,0.117371,0.081690
2123500,0.115493,0.081690
2123600,0.109859,0.081690
2123700,0.130516,0.081690
2123800,0.127700,0.081690
2123900,0.127700,0.081690
2124000,0.117371,0.081690
2124100,0.131455,0.081690
2124200,0.121127,0.081690
2124300,0.129577,0.081690
2124400,0.128638,0.081690
2124500,0.121127,0.081690
2124600,0.121127,0.081690
2124700,0.125822,0.081690
2124800,0.126761,0.081690
2124900,0.112676,0.081690
2125000,0.118310,0.081690
2125100,0.119249,0.081690
2125200,0.123005,0.081690
2125300,0.122066,0.081690
2125400,0.138967,0.081690
2125500,0.121127,0.081690
2125600,0.116432,0.081690
2125700,0.100469,0.081690
2125800,0.115493,0.081690
2125900,0.122066,0.081690
2126000,0.118310,0.081690
2126100,0.131455,0.081690
2126200,0.132394,0.081690
2126300,0.123944,0.081690
2126400,0.117371,0.081690
2126500,0.114554,0.081690
2126600,0.129577,0.081690
2126700,0.105164,0.081690
2126800,0.123944,0.081690
2126900,0.136150,0.081690
2127000,0.109859,0.081690
2127100,0.124883,0.081690
2127200,0.117371,0.081690
2127300,0.121127,0.081690
2127400,0.126761,0.081690
2127500,0.132394,0.081690
2127600,0.131455,0.081690
2127700,0.128638,0.081690
2127800,0.128638,0.081690
2127900,0.123944,0.081690
2128000,0.125822,0.081690
2128100,0.120188,0.081690
2128200,0.120188,0.081690
2128300,0.113615,0.081690
2128400,0.112676,0.081690
2128500,0.107981,0.081690
2128600,0.138028,0.081690
2128700,0.138028,0.081690
2128800,0.133333,0.081690
2128900,0.136150,0.081690
2129000,0.124883,0.081690
2129100,0.120188,0.081690
2129200,0.133333,0.081690
2129300,0.123005,0.081690
2129400,0.121127,0.081690
2129500,0.126761,0.081690
2129600,0.127700,0.081690
2129700,0.118310,0.081690
2129800,0.129577,0.081690
2129900,0.121127,0.081690
2130000,0.138967,0.081690
2130100,0.127700,0.081690
2130200,0.130516,0.081690
2130300,0.132394,0.081690
2130400,0.153991,0.081690
2130500,0.130516,0.081690
2130600,0.132394,0.081690
2130700,0.140845,0.081690
2130800,0.125822,0.081690
2130900,0.103286,0.081690
2131000,0.123005,0.081690
2131100,0.118310,0.081690
2131200,0.123005,0.081690
2131300,0.130516,0.081690
2131400,0.111737,0.081690
2131500,0.129577,0.081690
2131600,0.135211,0.081690
2131700,0.127700,0.081690
2131800,0.113615,0.081690
2131900,0.118310,0.081690
2132000,0.124883,0.081690
2132100,0.157746,0.081690
2132200,0.134272,0.081690
2132300,0.124883,0.081690
2132400,0.112676,0.081690
2132500,0.123005,0.081690
2132600,0.123944,0.081690
2132700,0.108920,0.081690
2132800,0.125822,0.081690
2132900,0.125822,0.081690
2133000,0.116432,0.081690
2133100,0.127700,0.081690
2133200,0.132394,0.081690
2133300,0.133333,0.081690
2133400,0.138028,0.081690
2133500,0.132394,0.081690
2133600,0.123944,0.081690
2133700,0.128638,0.081690
2133800,0.131455,0.081690
2133900,0.127700,0.081690
2134000,0.132394,0.081690
2134100,0.126761,0.081690
2134200,0.116432,0.081690
2134300,0.116432,0.081690
2134400,0.118310,0.081690
2134500,0.127700,0.081690
2134600,0.130516,0.081690
2134700,0.124883,0.081690
2134800,0.116432,0.081690
2134900,0.134272,0.081690
2135000,0.115493,0.081690
2135100,0.112676,0.081690
2135200,0.123005,0.081690
2135300,0.128638,0.081690
2135400,0.133333,0.081690
2135500,0.124883,0.081690
2135600,0.114554,0.081690
2135700,0.133333,0.081690
2135800,0.115493,0.081690
2135900,0.107981,0.081690
2136000,0.131455,0.081690
2136100,0.118310,0.081690
2136200,0.113615,0.081690
2136300,0.099531,0.081690
2136400,0.108920,0.081690
2136500,0.131455,0.081690
2136600,0.115493,0.081690
2136700,0.122066,0.081690
2136800,0.133333,0.081690
2136900,0.124883,0.081690
2137000,0.134272,0.081690
2137100,0.117371,0.081690
2137200,0.121127,0.081690
2137300,0.137089,0.081690
2137400,0.130516,0.081690
2137500,0.124883,0.081690
2137600,0.132394,0.081690
2137700,0.123005,0.081690
2137800,0.130516,0.081690
2137900,0.124883,0.081690
2138000,0.115493,0.081690
2138100,0.122066,0.081690
2138200,0.123005,0.081690
2138300,0.120188,0.081690
2138400,0.116432,0.081690
2138500,0.110798,0.081690
2138600,0.102347,0.081690
2138700,0.122066,0.081690
2138800,0.127700,0.081690
2138900,0.126761,0.081690
2139000,0.107042,0.081690
2139100,0.107981,0.081690
2139200,0.109859,0.081690
2139300,0.135211,0.081690
2139400,0.110798,0.081690
2139500,0.127700,0.081690
2139600,0.119249,0.081690
2139700,0.119249,0.081690
2139800,0.139906,0.081690
2139900,0.134272,0.081690
2140000,0.112676,0.081690
2140100,0.097653,0.081690
2140200,0.119249,0.081690
2140300,0.145540,0.081690
2140400,0.133333,0.081690
2140500,0.151174,0.081690
2140600,0.122066,0.081690
2140700,0.119249,0.081690
2140800,0.129577,0.081690
2140900,0.106103,0.081690
2141000,0.106103,0.081690
2141100,0.116432,0.081690
2141200,0.131455,0.081690
2141300,0.126761,0.081690
2141400,0.125822,0.081690
2141500,0.129577,0.081690
2141600,0.117371,0.081690
2141700,0.127700,0.081690
2141800,0.123944,0.081690
2141900,0.114554,0.081690
2142000,0.126761,0.081690
2142100,0.111737,0.081690
2142200,0.115493,0.081690
2142300,0.114554,0.081690
2142400,0.105164,0.081690
2142500,0.111737,0.081690
2142600,0.108920,0.081690
2142700,0.114554,0.081690
2142800,0.123005,0.081690
2142900,0.119249,0.081690
2143000,0.107981,0.081690
2143100,0.107981,0.081690
2143200,0.128638,0.081690
2143300,0.115493,0.081690
2143400,0.123005,0.081690
2143500,0.114554,0.081690
2143600,0.117371,0.081690
2143700,0.131455,0.081690
2143800,0.123944,0.081690
2143900,0.112676,0.081690
2144000,0.143662,0.081690
2144100,0.133333,0.081690
2144200,0.137089,0.081690
2144300,0.117371,0.081690
2144400,0.108920,0.081690
2144500,0.113615,0.081690
2144600,0.120188,0.081690
2144700,0.141784,0.081690
2144800,0.123005,0.081690
2144900,0.132394,0.081690
2145000,0.119249,0.081690
2145100,0.108920,0.081690
2145200,0.132394,0.081690
2145300,0.127700,0.081690
2145400,0.122066,0.081690
2145500,0.124883,0.081690
2145600,0.142723,0.081690
2145700,0.127700,0.081690
2145800,0.103286,0.081690
2145900,0.120188,0.081690
2146000,0.121127,0.081690
2146100,0.126761,0.081690
2146200,0.111737,0.081690
2146300,0.123005,0.081690
2146400,0.123944,0.081690
2146500,0.124883,0.081690
2146600,0.127700,0.081690
2146700,0.128638,0.081690
2146800,0.119249,0.081690
2146900,0.112676,0.081690
2147000,0.117371,0.081690
2147100,0.129577,0.081690
2147200,0.131455,0.081690
2147300,0.138967,0.081690
2147400,0.114554,0.081690
2147500,0.109859,0.081690
2147600,0.102347,0.081690
2147700,0.128638,0.081690
2147800,0.123005,0.081690
2147900,0.115493,0.081690
2148000,0.118310,0.081690
2148100,0.115493,0.081690
2148200,0.120188,0.081690
2148300,0.109859,0.081690
2148400,0.122066,0.081690
2148500,0.115493,0.081690
2148600,0.144601,0.081690
2148700,0.135211,0.081690
2148800,0.145540,0.081690
2148900,0.109859,0.081690
2149000,0.120188,0.081690
2149100,0.135211,0.081690
2149200,0.131455,0.081690
2149300,0.127700,0.081690
2149400,0.127700,0.081690
2149500,0.110798,0.081690
2149600,0.123005,0.081690
2149700,0.126761,0.081690
2149800,0.107981,0.081690
2149900,0.122066,0.081690
2150000,0.117371,0.081690
2150100,0.127700,0.081690
2150200,0.107981,0.081690
2150300,0.136150,0.081690
2150400,0.153991,0.081690
2150500,0.126761,0.081690
2150600,0.114554,0.081690
2150700,0.115493,0.081690
2150800,0.121127,0.081690
2150900,0.106103,0.081690
2151000,0.130516,0.081690
2151100,0.138967,0.081690
2151200,0.123005,0.081690
2151300,0.111737,0.081690
2151400,0.104225,0.081690
2151500,0.125822,0.081690
2151600,0.128638,0.081690
2151700,0.125822,0.081690
2151800,0.099531,0.081690
2151900,0.117371,0.081690
2152000,0.108920,0.081690
2152100,0.121127,0.081690
2152200,0.128638,0.081690
2152300,0.111737,0.081690
2152400,0.131455,0.081690
2152500,0.134272,0.081690
2152600,0.121127,0.081690
2152700,0.125822,0.081690
2152800,0.118310,0.081690
2152900,0.114554,0.081690
2153000,0.124883,0.081690
2153100,0.111737,0.081690
2153200,0.122066,0.081690
2153300,0.120188,0.081690
2153400,0.106103,0.081690
2153500,0.115493,0.081690
2153600,0.124883,0.081690
2153700,0.136150,0.081690
2153800,0.132394,0.081690
2153900,0.112676,0.081690
2154000,0.110798,0.081690
2154100,0.120188,0.081690
2154200,0.123944,0.081690
2154300,0.150235,0.081690
2154400,0.167136,0.081690
2154500,0.148357,0.081690
2154600,0.131455,0.081690
2154700,0.123944,0.081690
2154800,0.123944,0.081690
2154900,0.108920,0.081690
2155000,0.109859,0.081690
2155100,0.097653,0.081690
2155200,0.117371,0.081690
2155300,0.131455,0.081690
2155400,0.120188,0.081690
2155500,0.121127,0.081690
2155600,0.138028,0.081690
2155700,0.125822,0.081690
2155800,0.133333,0.081690
2155900,0.123005,0.081690
2156000,0.124883,0.081690
2156100,0.121127,0.081690
2156200,0.114554,0.081690
2156300,0.118310,0.081690
2156400,0.103286,0.081690
2156500,0.125822,0.081690
2156600,0.135211,0.081690
2156700,0.133333,0.081690
2156800,0.129577,0.081690
2156900,0.114554,0.081690
2157000,0.117371,0.081690
2157100,0.114554,0.081690
2157200,0.123944,0.081690
2157300,0.129577,0.081690
2157400,0.136150,0.081690
2157500,0.123005,0.081690
2157600,0.116432,0.081690
2157700,0.098592,0.081690
2157800,0.104225,0.081690
2157900,0.123944,0.081690
2158000,0.107042,0.081690
2158100,0.116432,0.081690
2158200,0.126761,0.081690
2158300,0.110798,0.081690
2158400,0.108920,0.081690
2158500,0.110798,0.081690
2158600,0.123944,0.081690
2158700,0.110798,0.081690
2158800,0.134272,0.081690
2158900,0.132394,0.081690
2159000,0.126761,0.081690
2159100,0.135211,0.081690
2159200,0.121127,0.081690
2159300,0.114554,0.081690
2159400,0.115493,0.081690
2159500,0.120188,0.081690
2159600,0.119249,0.081690
2159700,0.119249,0.081690
2159800,0.127700,0.081690
2159900,0.128638,0.081690
2160000,0.125822,0.081690
2160100,0.107042,0.081690
2160200,0.102347,0.081690
2160300,0.113615,0.081690
2160400,0.123005,0.081690
2160500,0.130516,0.081690
2160600,0.120188,0.081690
2160700,0.106103,0.081690
2160800,0.117371,0.081690
2160900,0.117371,0.081690
2161000,0.124883,0.081690
2161100,0.104225,0.081690
2161200,0.133333,0.081690
2161300,0.136150,0.081690
2161400,0.114554,0.081690
2161500,0.123944,0.081690
2161600,0.119249,0.081690
2161700,0.126761,0.081690
2161800,0.124883,0.081690
2161900,0.112676,0.081690
2162000,0.111737,0.081690
2162100,0.119249,0.081690
2162200,0.127700,0.081690
2162300,0.118310,0.081690
2162400,0.140845,0.081690
2162500,0.142723,0.081690
2162600,0.138967,0.081690
2162700,0.134272,0.081690
2162800,0.123005,0.081690
2162900,0.122066,0.081690
2163000,0.128638,0.081690
2163100,0.126761,0.081690
2163200,0.117371,0.081690
2163300,0.144601,0.081690
2163400,0.145540,0.081690
2163500,0.130516,0.081690
2163600,0.110798,0.081690
2163700,0.129577,0.081690
2163800,0.108920,0.081690
2163900,0.140845,0.081690
2164000,0.132394,0.081690
2164100,0.112676,0.081690
2164200,0.123944,0.081690
2164300,0.122066,0.081690
2164400,0.129577,0.081690
2164500,0.112676,0.081690
2164600,0.112676,0.081690
2164700,0.137089,0.081690
2164800,0.124883,0.081690
2164900,0.133333,0.081690
2165000,0.129577,0.081690
2165100,0.123944,0.081690
2165200,0.129577,0.081690
2165300,0.125822,0.081690
2165400,0.129577,0.081690
2165500,0.111737,0.081690
2165600,0.114554,0.081690
2165700,0.129577,0.081690
2165800,0.127700,0.081690
2165900,0.104225,0.081690
2166000,0.127700,0.081690
2166100,0.129577,0.081690
2166200,0.110798,0.081690
2166300,0.099531,0.081690
2166400,0.122066,0.081690
2166500,0.145540,0.081690
2166600,0.122066,0.081690
2166700,0.123944,0.081690
2166800,0.104225,0.081690
2166900,0.121127,0.081690
2167000,0.116432,0.081690
2167100,0.135211,0.081690
2167200,0.138028,0.081690
2167300,0.126761,0.081690
2167400,0.144601,0.081690
2167500,0.129577,0.081690
2167600,0.138028,0.081690
2167700,0.130516,0.081690
2167800,0.131455,0.081690
2167900,0.125822,0.081690
2168000,0.126761,0.081690
2168100,0.117371,0.081690
2168200,0.115493,0.081690
2168300,0.110798,0.081690
2168400,0.114554,0.081690
2168500,0.135211,0.081690
2168600,0.126761,0.081690
2168700,0.129577,0.081690
2168800,0.135211,0.081690
2168900,0.133333,0.081690
2169000,0.131455,0.081690
2169100,0.124883,0.081690
2169200,0.107042,0.081690
2169300,0.132394,0.081690
2169400,0.119249,0.081690
2169500,0.129577,0.081690
2169600,0.121127,0.081690
2169700,0.127700,0.081690
2169800,0.104225,0.081690
2169900,0.115493,0.081690
2170000,0.103286,0.081690
2170100,0.123005,0.081690
2170200,0.112676,0.081690
2170300,0.126761,0.081690
2170400,0.118310,0.081690
2170500,0.131455,0.081690
2170600,0.142723,0.081690
2170700,0.133333,0.081690
2170800,0.134272,0.081690
2170900,0.122066,0.081690
2171000,0.119249,0.081690
2171100,0.126761,0.081690
2171200,0.123005,0.081690
2171300,0.119249,0.081690
2171400,0.131455,0.081690
2171500,0.129577,0.081690
2171600,0.123944,0.081690
2171700,0.113615,0.081690
2171800,0.123005,0.081690
2171900,0.105164,0.081690
2172000,0.124883,0.081690
2172100,0.140845,0.081690
2172200,0.134272,0.081690
2172300,0.128638,0.081690
2172400,0.121127,0.081690
2172500,0.132394,0.081690
2172600,0.121127,0.081690
2172700,0.109859,0.081690
2172800,0.114554,0.081690
2172900,0.110798,0.081690
2173000,0.123005,0.081690
2173100,0.124883,0.081690
2173200,0.116432,0.081690
2173300,0.134272,0.081690
2173400,0.123005,0.081690
2173500,0.117371,0.081690
2173600,0.111737,0.081690
2173700,0.134272,0.081690
2173800,0.123005,0.081690
2173900,0.125822,0.081690
2174000,0.122066,0.081690
2174100,0.138967,0.081690
2174200,0.120188,0.081690
2174300,0.128638,0.081690
2174400,0.112676,0.081690
2174500,0.115493,0.081690
2174600,0.122066,0.081690
2174700,0.129577,0.081690
2174800,0.126761,0.081690
2174900,0.129577,0.081690
2175000,0.137089,0.081690
2175100,0.123944,0.081690
2175200,0.133333,0.081690
2175300,0.122066,0.081690
2175400,0.116432,0.081690
2175500,0.106103,0.081690
2175600,0.101408,0.081690
2175700,0.123944,0.081690
2175800,0.123944,0.081690
2175900,0.129577,0.081690
2176000,0.119249,0.081690
2176100,0.110798,0.081690
2176200,0.110798,0.081690
2176300,0.122066,0.081690
2176400,0.125822,0.081690
2176500,0.128638,0.081690
2176600,0.124883,0.081690
2176700,0.105164,0.081690
2176800,0.104225,0.081690
2176900,0.107981,0.081690
2177000,0.128638,0.081690
2177100,0.117371,0.081690
2177200,0.140845,0.081690
2177300,0.128638,0.081690
2177400,0.131455,0.081690
2177500,0.133333,0.081690
2177600,0.131455,0.081690
2177700,0.123944,0.081690
2177800,0.138028,0.081690
2177900,0.128638,0.081690
2178000,0.131455,0.081690
2178100,0.118310,0.081690
2178200,0.133333,0.081690
2178300,0.131455,0.081690
2178400,0.142723,0.081690
2178500,0.129577,0.081690
2178600,0.123005,0.081690
2178700,0.107042,0.081690
2178800,0.109859,0.081690
2178900,0.131455,0.081690
2179000,0.112676,0.081690
2179100,0.121127,0.081690
2179200,0.119249,0.081690
2179300,0.099531,0.081690
2179400,0.127700,0.081690
2179500,0.134272,0.081690
2179600,0.117371,0.081690
2179700,0.124883,0.081690
2179800,0.120188,0.081690
2179900,0.139906,0.081690
2180000,0.118310,0.081690
2180100,0.128638,0.081690
2180200,0.136150,0.081690
2180300,0.123005,0.081690
2180400,0.128638,0.081690
2180500,0.133333,0.081690
2180600,0.138028,0.081690
2180700,0.112676,0.081690
2180800,0.113615,0.081690
2180900,0.121127,0.081690
2181000,0.103286,0.081690
2181100,0.116432,0.081690
2181200,0.123005,0.081690
2181300,0.129577,0.081690
2181400,0.134272,0.081690
2181500,0.118310,0.081690
2181600,0.130516,0.081690
2181700,0.128638,0.081690
2181800,0.123944,0.081690
2181900,0.113615,0.081690
2182000,0.106103,0.081690
2182100,0.130516,0.081690
2182200,0.124883,0.081690
2182300,0.125822,0.081690
2182400,0.129577,0.081690
2182500,0.102347,0.081690
2182600,0.142723,0.081690
2182700,0.127700,0.081690
2182800,0.121127,0.081690
2182900,0.137089,0.081690
2183000,0.118310,0.081690
2183100,0.131455,0.081690
2183200,0.123005,0.081690
2183300,0.126761,0.081690
2183400,0.115493,0.081690
2183500,0.124883,0.081690
2183600,0.118310,0.081690
2183700,0.107981,0.081690
2183800,0.120188,0.081690
2183900,0.113615,0.081690
2184000,0.108920,0.081690
2184100,0.123944,0.081690
2184200,0.122066,0.081690
2184300,0.138028,0.081690
2184400,0.129577,0.081690
2184500,0.132394,0.081690
2184600,0.120188,0.081690
2184700,0.133333,0.081690
2184800,0.127700,0.081690
2184900,0.141784,0.081690
2185000,0.128638,0.081690
2185100,0.139906,0.081690
2185200,0.120188,0.081690
2185300,0.120188,0.081690
2185400,0.112676,0.081690
2185500,0.124883,0.081690
2185600,0.103286,0.081690
2185700,0.123005,0.081690
2185800,0.138028,0.081690
2185900,0.116432,0.081690
2186000,0.123005,0.081690
2186100,0.132394,0.081690
2186200,0.135211,0.081690
2186300,0.121127,0.081690
2186400,0.118310,0.081690
2186500,0.123005,0.081690
2186600,0.123005,0.081690
2186700,0.114554,0.081690
2186800,0.113615,0.081690
2186900,0.150235,0.081690
2187000,0.101408,0.081690
2187100,0.113615,0.081690
2187200,0.142723,0.081690
2187300,0.133333,0.081690
2187400,0.147418,0.081690
2187500,0.134272,0.081690
2187600,0.116432,0.081690
2187700,0.121127,0.081690
2187800,0.107981,0.081690
2187900,0.121127,0.081690
2188000,0.120188,0.081690
2188100,0.108920,0.081690
2188200,0.138967,0.081690
2188300,0.132394,0.081690
2188400,0.121127,0.081690
2188500,0.112676,0.081690
2188600,0.122066,0.081690
2188700,0.121127,0.081690
2188800,0.120188,0.081690
2188900,0.120188,0.081690
2189000,0.140845,0.081690
2189100,0.132394,0.081690
2189200,0.126761,0.081690
2189300,0.136150,0.081690
2189400,0.117371,0.081690
2189500,0.125822,0.081690
2189600,0.138028,0.081690
2189700,0.131455,0.081690
2189800,0.119249,0.081690
2189900,0.092958,0.081690
2190000,0.108920,0.081690
2190100,0.109859,0.081690
2190200,0.118310,0.081690
2190300,0.107042,0.081690
2190400,0.107042,0.081690
2190500,0.133333,0.081690
2190600,0.133333,0.081690
2190700,0.130516,0.081690
2190800,0.106103,0.081690
2190900,0.117371,0.081690
2191000,0.122066,0.081690
2191100,0.117371,0.081690
2191200,0.117371,0.081690
2191300,0.137089,0.081690
2191400,0.117371,0.081690
2191500,0.126761,0.081690
2191600,0.127700,0.081690
2191700,0.123005,0.081690
2191800,0.148357,0.081690
2191900,0.128638,0.081690
2192000,0.128638,0.081690
2192100,0.144601,0.081690
2192200,0.136150,0.081690
2192300,0.129577,0.081690
2192400,0.119249,0.081690
2192500,0.129577,0.081690
2192600,0.122066,0.081690
2192700,0.108920,0.081690
2192800,0.109859,0.081690
2192900,0.112676,0.081690
2193000,0.129577,0.081690
2193100,0.131455,0.081690
2193200,0.114554,0.081690
2193300,0.123005,0.081690
2193400,0.136150,0.081690
2193500,0.123944,0.081690
2193600,0.099531,0.081690
2193700,0.101408,0.081690
2193800,0.116432,0.081690
2193900,0.110798,0.081690
2194000,0.111737,0.081690
2194100,0.127700,0.081690
2194200,0.132394,0.081690
2194300,0.125822,0.081690
2194400,0.136150,0.081690
2194500,0.129577,0.081690
2194600,0.138028,0.081690
2194700,0.135211,0.081690
2194800,0.126761,0.081690
2194900,0.118310,0.081690
2195000,0.124883,0.081690
2195100,0.107981,0.081690
2195200,0.125822,0.081690
2195300,0.118310,0.081690
2195400,0.125822,0.081690
2195500,0.120188,0.081690
2195600,0.086385,0.081690
2195700,0.104225,0.081690
2195800,0.119249,0.081690
2195900,0.141784,0.081690
2196000,0.132394,0.081690
2196100,0.118310,0.081690
2196200,0.129577,0.081690
2196300,0.113615,0.081690
2196400,0.109859,0.081690
2196500,0.110798,0.081690
2196600,0.129577,0.081690
2196700,0.113615,0.081690
2196800,0.115493,0.081690
2196900,0.118310,0.081690
2197000,0.129577,0.081690
2197100,0.139906,0.081690
2197200,0.104225,0.081690
2197300,0.130516,0.081690
2197400,0.128638,0.081690
2197500,0.113615,0.081690
2197600,0.120188,0.081690
2197700,0.132394,0.081690
2197800,0.140845,0.081690
2197900,0.130516,0.081690
2198000,0.125822,0.081690
2198100,0.114554,0.081690
2198200,0.131455,0.081690
2198300,0.137089,0.081690
2198400,0.137089,0.081690
2198500,0.124883,0.081690
2198600,0.127700,0.081690
2198700,0.139906,0.081690
2198800,0.134272,0.081690
2198900,0.139906,0.081690
2199000,0.130516,0.081690
2199100,0.132394,0.081690
2199200,0.123005,0.081690
2199300,0.134272,0.081690
2199400,0.135211,0.081690
2199500,0.125822,0.081690
2199600,0.113615,0.081690
2199700,0.099531,0.081690
2199800,0.112676,0.081690
2199900,0.129577,0.081690
2200000,0.123005,0.081690
2200100,0.109859,0.081690
2200200,0.123005,0.081690
2200300,0.124883,0.081690
2200400,0.130516,0.081690
2200500,0.131455,0.081690
2200600,0.123005,0.081690
2200700,0.119249,0.081690
2200800,0.119249,0.081690
2200900,0.138028,0.081690
2201000,0.138967,0.081690
2201100,0.118310,0.081690
2201200,0.118310,0.081690
2201300,0.104225,0.081690
2201400,0.124883,0.081690
2201500,0.131455,0.081690
2201600,0.124883,0.081690
2201700,0.118310,0.081690
2201800,0.111737,0.081690
2201900,0.110798,0.081690
2202000,0.120188,0.081690
2202100,0.113615,0.081690
2202200,0.132394,0.081690
2202300,0.121127,0.081690
2202400,0.125822,0.081690
2202500,0.136150,0.081690
2202600,0.125822,0.081690
2202700,0.098592,0.081690
2202800,0.108920,0.081690
2202900,0.107981,0.081690
2203000,0.120188,0.081690
2203100,0.124883,0.081690
2203200,0.109859,0.081690
2203300,0.107042,0.081690
2203400,0.118310,0.081690
2203500,0.127700,0.081690
2203600,0.122066,0.081690
2203700,0.119249,0.081690
2203800,0.136150,0.081690
2203900,0.115493,0.081690
2204000,0.107042,0.081690
2204100,0.113615,0.081690
2204200,0.123005,0.081690
2204300,0.129577,0.081690
2204400,0.108920,0.081690
2204500,0.123944,0.081690
2204600,0.128638,0.081690
2204700,0.118310,0.081690
2204800,0.138967,0.081690
2204900,0.121127,0.081690
2205000,0.121127,0.081690
2205100,0.140845,0.081690
2205200,0.113615,0.081690
2205300,0.125822,0.081690
2205400,0.107042,0.081690
2205500,0.139906,0.081690
2205600,0.129577,0.081690
2205700,0.140845,0.081690
2205800,0.134272,0.081690
2205900,0.136150,0.081690
2206000,0.133333,0.081690
2206100,0.115493,0.081690
2206200,0.124883,0.081690
2206300,0.128638,0.081690
2206400,0.131455,0.081690
2206500,0.124883,0.081690
2206600,0.125822,0.081690
2206700,0.115493,0.081690
2206800,0.118310,0.081690
2206900,0.120188,0.081690
2207000,0.104225,0.081690
2207100,0.125822,0.081690
2207200,0.121127,0.081690
2207300,0.125822,0.081690
2207400,0.117371,0.081690
2207500,0.124883,0.081690
2207600,0.124883,0.081690
2207700,0.133333,0.081690
2207800,0.122066,0.081690
2207900,0.136150,0.081690
2208000,0.137089,0.081690
2208100,0.133333,0.081690
2208200,0.113615,0.081690
2208300,0.112676,0.081690
2208400,0.121127,0.081690
2208500,0.114554,0.081690
2208600,0.143662,0.081690
2208700,0.130516,0.081690
2208800,0.129577,0.081690
2208900,0.141784,0.081690
2209000,0.142723,0.081690
2209100,0.108920,0.081690
2209200,0.114554,0.081690
2209300,0.115493,0.081690
2209400,0.100469,0.081690
2209500,0.099531,0.081690
2209600,0.100469,0.081690
2209700,0.105164,0.081690
2209800,0.131455,0.081690
2209900,0.108920,0.081690
2210000,0.134272,0.081690
2210100,0.118310,0.081690
2210200,0.121127,0.081690
2210300,0.124883,0.081690
2210400,0.118310,0.081690
2210500,0.107981,0.081690
2210600,0.109859,0.081690
2210700,0.121127,0.081690
2210800,0.133333,0.081690
2210900,0.126761,0.081690
2211000,0.113615,0.081690
2211100,0.115493,0.081690
2211200,0.114554,0.081690
2211300,0.115493,0.081690
2211400,0.115493,0.081690
2211500,0.131455,0.081690
2211600,0.125822,0.081690
2211700,0.128638,0.081690
2211800,0.112676,0.081690
2211900,0.128638,0.081690
2212000,0.125822,0.081690
2212100,0.115493,0.081690
2212200,0.118310,0.081690
2212300,0.111737,0.081690
2212400,0.121127,0.081690
2212500,0.127700,0.081690
2212600,0.129577,0.081690
2212700,0.126761,0.081690
2212800,0.126761,0.081690
2212900,0.107981,0.081690
2213000,0.110798,0.081690
2213100,0.104225,0.081690
2213200,0.123944,0.081690
2213300,0.117371,0.081690
2213400,0.126761,0.081690
2213500,0.112676,0.081690
2213600,0.100469,0.081690
2213700,0.119249,0.081690
2213800,0.107042,0.081690
2213900,0.133333,0.081690
2214000,0.120188,0.081690
2214100,0.135211,0.081690
2214200,0.124883,0.081690
2214300,0.120188,0.081690
2214400,0.097653,0.081690
2214500,0.131455,0.081690
2214600,0.117371,0.081690
2214700,0.126761,0.081690
2214800,0.126761,0.081690
2214900,0.121127,0.081690
2215000,0.130516,0.081690
2215100,0.122066,0.081690
2215200,0.134272,0.081690
2215300,0.113615,0.081690
2215400,0.110798,0.081690
2215500,0.125822,0.081690
2215600,0.132394,0.081690
2215700,0.108920,0.081690
2215800,0.123005,0.081690
2215900,0.124883,0.081690
2216000,0.102347,0.081690
2216100,0.111737,0.081690
2216200,0.108920,0.081690
2216300,0.118310,0.081690
2216400,0.133333,0.081690
2216500,0.125822,0.081690
2216600,0.144601,0.081690
2216700,0.129577,0.081690
2216800,0.123944,0.081690
2216900,0.125822,0.081690
2217000,0.116432,0.081690
2217100,0.115493,0.081690
2217200,0.137089,0.081690
2217300,0.127700,0.081690
2217400,0.133333,0.081690
2217500,0.114554,0.081690
2217600,0.123005,0.081690
2217700,0.137089,0.081690
2217800,0.120188,0.081690
2217900,0.114554,0.081690
2218000,0.122066,0.081690
2218100,0.116432,0.081690
2218200,0.126761,0.081690
2218300,0.143662,0.081690
2218400,0.149296,0.081690
2218500,0.137089,0.081690
2218600,0.130516,0.081690
2218700,0.139906,0.081690
2218800,0.135211,0.081690
2218900,0.134272,0.081690
2219000,0.131455,0.081690
2219100,0.116432,0.081690
2219200,0.118310,0.081690
2219300,0.128638,0.081690
2219400,0.118310,0.081690
2219500,0.122066,0.081690
2219600,0.129577,0.081690
2219700,0.129577,0.081690
2219800,0.122066,0.081690
2219900,0.096714,0.081690
2220000,0.110798,0.081690
2220100,0.117371,0.081690
2220200,0.119249,0.081690
2220300,0.110798,0.081690
2220400,0.114554,0.081690
2220500,0.127700,0.081690
2220600,0.131455,0.081690
2220700,0.115493,0.081690
2220800,0.109859,0.081690
2220900,0.112676,0.081690
2221000,0.129577,0.081690
2221100,0.116432,0.081690
2221200,0.131455,0.081690
2221300,0.124883,0.081690
2221400,0.115493,0.081690
2221500,0.122066,0.081690
2221600,0.112676,0.081690
2221700,0.129577,0.081690
2221800,0.116432,0.081690
2221900,0.130516,0.081690
2222000,0.142723,0.081690
2222100,0.126761,0.081690
2222200,0.127700,0.081690
2222300,0.128638,0.081690
2222400,0.128638,0.081690
2222500,0.114554,0.081690
2222600,0.141784,0.081690
2222700,0.124883,0.081690
2222800,0.123005,0.081690
2222900,0.121127,0.081690
2223000,0.127700,0.081690
2223100,0.125822,0.081690
2223200,0.131455,0.081690
2223300,0.124883,0.081690
2223400,0.124883,0.081690
2223500,0.149296,0.081690
2223600,0.138967,0.081690
2223700,0.127700,0.081690
2223800,0.109859,0.081690
2223900,0.116432,0.081690
2224000,0.115493,0.081690
2224100,0.113615,0.081690
2224200,0.120188,0.081690
2224300,0.118310,0.081690
2224400,0.122066,0.081690
2224500,0.118310,0.081690
2224600,0.116432,0.081690
2224700,0.103286,0.081690
2224800,0.118310,0.081690
2224900,0.132394,0.081690
2225000,0.125822,0.081690
2225100,0.130516,0.081690
2225200,0.123005,0.081690
2225300,0.129577,0.081690
2225400,0.143662,0.081690
2225500,0.127700,0.081690
2225600,0.133333,0.081690
2225700,0.126761,0.081690
2225800,0.138028,0.081690
2225900,0.136150,0.081690
2226000,0.125822,0.081690
2226100,0.123005,0.081690
2226200,0.122066,0.081690
2226300,0.126761,0.081690
2226400,0.135211,0.081690
2226500,0.133333,0.081690
2226600,0.126761,0.081690
2226700,0.125822,0.081690
2226800,0.130516,0.081690
2226900,0.126761,0.081690
2227000,0.133333,0.081690
2227100,0.128638,0.081690
2227200,0.124883,0.081690
2227300,0.117371,0.081690
2227400,0.125822,0.081690
2227500,0.115493,0.081690
2227600,0.116432,0.081690
2227700,0.112676,0.081690
2227800,0.113615,0.081690
2227900,0.121127,0.081690
2228000,0.121127,0.081690
2228100,0.136150,0.081690
2228200,0.125822,0.081690
2228300,0.123005,0.081690
2228400,0.124883,0.081690
2228500,0.110798,0.081690
2228600,0.122066,0.081690
2228700,0.107981,0.081690
2228800,0.106103,0.081690
2228900,0.139906,0.081690
2229000,0.140845,0.081690
2229100,0.141784,0.081690
2229200,0.129577,0.081690
2229300,0.128638,0.081690
2229400,0.126761,0.081690
2229500,0.115493,0.081690
2229600,0.133333,0.081690
2229700,0.137089,0.081690
2229800,0.123944,0.081690
2229900,0.117371,0.081690
2230000,0.126761,0.081690
2230100,0.130516,0.081690
2230200,0.099531,0.081690
2230300,0.109859,0.081690
2230400,0.132394,0.081690
2230500,0.116432,0.081690
2230600,0.117371,0.081690
2230700,0.134272,0.081690
2230800,0.121127,0.081690
2230900,0.123944,0.081690
2231000,0.113615,0.081690
2231100,0.119249,0.081690
2231200,0.116432,0.081690
2231300,0.121127,0.081690
2231400,0.129577,0.081690
2231500,0.138967,0.081690
2231600,0.123005,0.081690
2231700,0.124883,0.081690
2231800,0.121127,0.081690
2231900,0.141784,0.081690
2232000,0.129577,0.081690
2232100,0.130516,0.081690
2232200,0.123944,0.081690
2232300,0.108920,0.081690
2232400,0.138028,0.081690
2232500,0.120188,0.081690
2232600,0.151174,0.081690
2232700,0.122066,0.081690
2232800,0.121127,0.081690
2232900,0.126761,0.081690
2233000,0.110798,0.081690
2233100,0.100469,0.081690
2233200,0.137089,0.081690
2233300,0.123944,0.081690
2233400,0.135211,0.081690
2233500,0.138028,0.081690
2233600,0.119249,0.081690
2233700,0.138967,0.081690
2233800,0.120188,0.081690
2233900,0.130516,0.081690
2234000,0.131455,0.081690
2234100,0.129577,0.081690
2234200,0.125822,0.081690
2234300,0.136150,0.081690
2234400,0.141784,0.081690
2234500,0.125822,0.081690
2234600,0.103286,0.081690
2234700,0.107981,0.081690
2234800,0.127700,0.081690
2234900,0.125822,0.081690
2235000,0.120188,0.081690
2235100,0.116432,0.081690
2235200,0.116432,0.081690
2235300,0.117371,0.081690
2235400,0.120188,0.081690
2235500,0.109859,0.081690
2235600,0.114554,0.081690
2235700,0.118310,0.081690
2235800,0.106103,0.081690
2235900,0.115493,0.081690
2236000,0.127700,0.081690
2236100,0.116432,0.081690
2236200,0.111737,0.081690
2236300,0.114554,0.081690
2236400,0.131455,0.081690
2236500,0.133333,0.081690
2236600,0.132394,0.081690
2236700,0.129577,0.081690
2236800,0.117371,0.081690
2236900,0.112676,0.081690
2237000,0.113615,0.081690
2237100,0.120188,0.081690
2237200,0.137089,0.081690
2237300,0.142723,0.081690
2237400,0.127700,0.081690
2237500,0.127700,0.081690
2237600,0.128638,0.081690
2237700,0.123944,0.081690
2237800,0.119249,0.081690
2237900,0.122066,0.081690
2238000,0.138967,0.081690
2238100,0.148357,0.081690
2238200,0.129577,0.081690
2238300,0.109859,0.081690
2238400,0.133333,0.081690
2238500,0.128638,0.081690
2238600,0.107042,0.081690
2238700,0.124883,0.081690
2238800,0.123944,0.081690
2238900,0.119249,0.081690
2239000,0.130516,0.081690
2239100,0.132394,0.081690
2239200,0.131455,0.081690
2239300,0.140845,0.081690
2239400,0.118310,0.081690
2239500,0.126761,0.081690
2239600,0.135211,0.081690
2239700,0.126761,0.081690
2239800,0.122066,0.081690
2239900,0.114554,0.081690
2240000,0.109859,0.081690
2240100,0.129577,0.081690
2240200,0.131455,0.081690
2240300,0.121127,0.081690
2240400,0.123005,0.081690
2240500,0.135211,0.081690
2240600,0.123005,0.081690
2240700,0.124883,0.081690
2240800,0.124883,0.081690
2240900,0.134272,0.081690
2241000,0.129577,0.081690
2241100,0.116432,0.081690
2241200,0.136150,0.081690
2241300,0.131455,0.081690
2241400,0.128638,0.081690
2241500,0.144601,0.081690
2241600,0.138028,0.081690
2241700,0.120188,0.081690
2241800,0.122066,0.081690
2241900,0.116432,0.081690
2242000,0.126761,0.081690
2242100,0.114554,0.081690
2242200,0.124883,0.081690
2242300,0.107981,0.081690
2242400,0.110798,0.081690
2242500,0.104225,0.081690
2242600,0.103286,0.081690
2242700,0.123944,0.081690
2242800,0.116432,0.081690
2242900,0.115493,0.081690
2243000,0.113615,0.081690
2243100,0.107042,0.081690
2243200,0.106103,0.081690
2243300,0.114554,0.081690
2243400,0.118310,0.081690
2243500,0.119249,0.081690
2243600,0.118310,0.081690
2243700,0.096714,0.081690
2243800,0.114554,0.081690
2243900,0.121127,0.081690
2244000,0.117371,0.081690
2244100,0.114554,0.081690
2244200,0.114554,0.081690
2244300,0.121127,0.081690
2244400,0.123005,0.081690
2244500,0.116432,0.081690
2244600,0.123005,0.081690
2244700,0.111737,0.081690
2244800,0.132394,0.081690
2244900,0.128638,0.081690
2245000,0.105164,0.081690
2245100,0.118310,0.081690
2245200,0.138028,0.081690
2245300,0.130516,0.081690
2245400,0.132394,0.081690
2245500,0.115493,0.081690
2245600,0.130516,0.081690
2245700,0.124883,0.081690
2245800,0.129577,0.081690
2245900,0.124883,0.081690
2246000,0.113615,0.081690
2246100,0.123005,0.081690
2246200,0.123944,0.081690
2246300,0.115493,0.081690
2246400,0.122066,0.081690
2246500,0.122066,0.081690
2246600,0.122066,0.081690
2246700,0.124883,0.081690
2246800,0.118310,0.081690
2246900,0.116432,0.081690
2247000,0.116432,0.081690
2247100,0.113615,0.081690
2247200,0.124883,0.081690
2247300,0.121127,0.081690
2247400,0.119249,0.081690
2247500,0.125822,0.081690
2247600,0.113615,0.081690
2247700,0.126761,0.081690
2247800,0.127700,0.081690
2247900,0.123944,0.081690
2248000,0.112676,0.081690
2248100,0.099531,0.081690
2248200,0.108920,0.081690
2248300,0.126761,0.081690
2248400,0.126761,0.081690
2248500,0.125822,0.081690
2248600,0.128638,0.081690
2248700,0.132394,0.081690
2248800,0.141784,0.081690
2248900,0.138028,0.081690
2249000,0.122066,0.081690
2249100,0.125822,0.081690
2249200,0.131455,0.081690
2249300,0.122066,0.081690
2249400,0.119249,0.081690
2249500,0.105164,0.081690
2249600,0.123944,0.081690
2249700,0.111737,0.081690
2249800,0.121127,0.081690
2249900,0.123005,0.081690
2250000,0.117371,0.081690
2250100,0.138028,0.081690
2250200,0.138967,0.081690
2250300,0.120188,0.081690
2250400,0.121127,0.081690
2250500,0.118310,0.081690
2250600,0.129577,0.081690
2250700,0.134272,0.081690
2250800,0.117371,0.081690
2250900,0.123005,0.081690
2251000,0.112676,0.081690
2251100,0.108920,0.081690
2251200,0.111737,0.081690
2251300,0.124883,0.081690
2251400,0.110798,0.081690
2251500,0.135211,0.081690
2251600,0.124883,0.081690
2251700,0.116432,0.081690
2251800,0.109859,0.081690
2251900,0.116432,0.081690
2252000,0.117371,0.081690
2252100,0.100469,0.081690
2252200,0.127700,0.081690
2252300,0.124883,0.081690
2252400,0.119249,0.081690
2252500,0.120188,0.081690
2252600,0.105164,0.081690
2252700,0.126761,0.081690
2252800,0.120188,0.081690
2252900,0.118310,0.081690
2253000,0.136150,0.081690
2253100,0.136150,0.081690
2253200,0.096714,0.081690
2253300,0.110798,0.081690
2253400,0.127700,0.081690
2253500,0.117371,0.081690
2253600,0.106103,0.081690
2253700,0.123944,0.081690
2253800,0.120188,0.081690
2253900,0.110798,0.081690
2254000,0.121127,0.081690
2254100,0.119249,0.081690
2254200,0.123944,0.081690
2254300,0.132394,0.081690
2254400,0.119249,0.081690
2254500,0.141784,0.081690
2254600,0.112676,0.081690
2254700,0.115493,0.081690
2254800,0.104225,0.081690
2254900,0.118310,0.081690
2255000,0.124883,0.081690
2255100,0.127700,0.081690
2255200,0.123005,0.081690
2255300,0.126761,0.081690
2255400,0.120188,0.081690
2255500,0.115493,0.081690
2255600,0.125822,0.081690
2255700,0.107981,0.081690
2255800,0.125822,0.081690
2255900,0.122066,0.081690
2256000,0.122066,0.081690
2256100,0.116432,0.081690
2256200,0.115493,0.081690
2256300,0.126761,0.081690
2256400,0.156808,0.081690
2256500,0.124883,0.081690
2256600,0.138028,0.081690
2256700,0.136150,0.081690
2256800,0.123944,0.081690
2256900,0.125822,0.081690
2257000,0.112676,0.081690
2257100,0.112676,0.081690
2257200,0.130516,0.081690
2257300,0.141784,0.081690
2257400,0.132394,0.081690
2257500,0.138028,0.081690
2257600,0.129577,0.081690
2257700,0.124883,0.081690
2257800,0.117371,0.081690
2257900,0.116432,0.081690
2258000,0.133333,0.081690
2258100,0.119249,0.081690
2258200,0.112676,0.081690
2258300,0.119249,0.081690
2258400,0.107042,0.081690
2258500,0.115493,0.081690
2258600,0.123944,0.081690
2258700,0.126761,0.081690
2258800,0.131455,0.081690
2258900,0.132394,0.081690
2259000,0.125822,0.081690
2259100,0.121127,0.081690
2259200,0.129577,0.081690
2259300,0.140845,0.081690
2259400,0.126761,0.081690
2259500,0.116432,0.081690
2259600,0.116432,0.081690
2259700,0.133333,0.081690
2259800,0.140845,0.081690
2259900,0.129577,0.081690
2260000,0.120188,0.081690
2260100,0.128638,0.081690
2260200,0.129577,0.081690
2260300,0.131455,0.081690
2260400,0.126761,0.081690
2260500,0.145540,0.081690
2260600,0.107042,0.081690
2260700,0.113615,0.081690
2260800,0.117371,0.081690
2260900,0.123005,0.081690
2261000,0.135211,0.081690
2261100,0.135211,0.081690
2261200,0.129577,0.081690
2261300,0.113615,0.081690
2261400,0.116432,0.081690
2261500,0.131455,0.081690
2261600,0.131455,0.081690
2261700,0.126761,0.081690
2261800,0.125822,0.081690
2261900,0.132394,0.081690
2262000,0.129577,0.081690
2262100,0.115493,0.081690
2262200,0.117371,0.081690
2262300,0.109859,0.081690
2262400,0.118310,0.081690
2262500,0.114554,0.081690
2262600,0.121127,0.081690
2262700,0.129577,0.081690
2262800,0.120188,0.081690
2262900,0.106103,0.081690
2263000,0.115493,0.081690
2263100,0.130516,0.081690
2263200,0.123944,0.081690
2263300,0.123005,0.081690
2263400,0.124883,0.081690
2263500,0.114554,0.081690
2263600,0.126761,0.081690
2263700,0.102347,0.081690
2263800,0.116432,0.081690
2263900,0.121127,0.081690
2264000,0.125822,0.081690
2264100,0.112676,0.081690
2264200,0.127700,0.081690
2264300,0.138028,0.081690
2264400,0.123005,0.081690
2264500,0.109859,0.081690
2264600,0.115493,0.081690
2264700,0.114554,0.081690
2264800,0.132394,0.081690
2264900,0.114554,0.081690
2265000,0.126761,0.081690
2265100,0.123944,0.081690
2265200,0.142723,0.081690
2265300,0.115493,0.081690
2265400,0.138028,0.081690
2265500,0.134272,0.081690
2265600,0.120188,0.081690
2265700,0.128638,0.081690
2265800,0.130516,0.081690
2265900,0.123005,0.081690
2266000,0.129577,0.081690
2266100,0.138967,0.081690
2266200,0.143662,0.081690
2266300,0.127700,0.081690
2266400,0.112676,0.081690
2266500,0.131455,0.081690
2266600,0.116432,0.081690
2266700,0.135211,0.081690
2266800,0.122066,0.081690
2266900,0.116432,0.081690
2267000,0.123944,0.081690
2267100,0.132394,0.081690
2267200,0.120188,0.081690
2267300,0.118310,0.081690
2267400,0.116432,0.081690
2267500,0.111737,0.081690
2267600,0.137089,0.081690
2267700,0.128638,0.081690
2267800,0.126761,0.081690
2267900,0.139906,0.081690
2268000,0.125822,0.081690
2268100,0.124883,0.081690
2268200,0.124883,0.081690
2268300,0.110798,0.081690
2268400,0.109859,0.081690
2268500,0.119249,0.081690
2268600,0.087324,0.081690
2268700,0.113615,0.081690
2268800,0.127700,0.081690
2268900,0.131455,0.081690
2269000,0.111737,0.081690
2269100,0.107981,0.081690
2269200,0.100469,0.081690
2269300,0.112676,0.081690
2269400,0.125822,0.081690
2269500,0.119249,0.081690
2269600,0.109859,0.081690
2269700,0.107042,0.081690
2269800,0.107042,0.081690
2269900,0.117371,0.081690
2270000,0.118310,0.081690
2270100,0.120188,0.081690
2270200,0.116432,0.081690
2270300,0.116432,0.081690
2270400,0.137089,0.081690
2270500,0.117371,0.081690
2270600,0.114554,0.081690
2270700,0.114554,0.081690
2270800,0.147418,0.081690
2270900,0.140845,0.081690
2271000,0.123005,0.081690
2271100,0.107042,0.081690
2271200,0.136150,0.081690
2271300,0.122066,0.081690
2271400,0.125822,0.081690
2271500,0.118310,0.081690
2271600,0.113615,0.081690
2271700,0.125822,0.081690
2271800,0.125822,0.081690
2271900,0.133333,0.081690
2272000,0.125822,0.081690
2272100,0.107042,0.081690
2272200,0.126761,0.081690
2272300,0.140845,0.081690
2272400,0.121127,0.081690
2272500,0.139906,0.081690
2272600,0.111737,0.081690
2272700,0.115493,0.081690
2272800,0.121127,0.081690
2272900,0.123944,0.081690
2273000,0.137089,0.081690
2273100,0.125822,0.081690
2273200,0.109859,0.081690
2273300,0.124883,0.081690
2273400,0.125822,0.081690
2273500,0.119249,0.081690
2273600,0.116432,0.081690
2273700,0.128638,0.081690
2273800,0.121127,0.081690
2273900,0.127700,0.081690
2274000,0.130516,0.081690
2274100,0.125822,0.081690
2274200,0.102347,0.081690
2274300,0.119249,0.081690
2274400,0.119249,0.081690
2274500,0.117371,0.081690
2274600,0.125822,0.081690
2274700,0.141784,0.081690
2274800,0.121127,0.081690
2274900,0.124883,0.081690
2275000,0.139906,0.081690
2275100,0.132394,0.081690
2275200,0.150235,0.081690
2275300,0.132394,0.081690
2275400,0.127700,0.081690
2275500,0.121127,0.081690
2275600,0.123005,0.081690
2275700,0.127700,0.081690
2275800,0.140845,0.081690
2275900,0.132394,0.081690
2276000,0.138028,0.081690
2276100,0.132394,0.081690
2276200,0.119249,0.081690
2276300,0.121127,0.081690
2276400,0.119249,0.081690
2276500,0.128638,0.081690
2276600,0.123944,0.081690
2276700,0.105164,0.081690
2276800,0.129577,0.081690
2276900,0.135211,0.081690
2277000,0.111737,0.081690
2277100,0.112676,0.081690
2277200,0.107042,0.081690
2277300,0.114554,0.081690
2277400,0.132394,0.081690
2277500,0.127700,0.081690
2277600,0.130516,0.081690
2277700,0.137089,0.081690
2277800,0.133333,0.081690
2277900,0.124883,0.081690
2278000,0.114554,0.081690
2278100,0.103286,0.081690
2278200,0.119249,0.081690
2278300,0.125822,0.081690
2278400,0.117371,0.081690
2278500,0.113615,0.081690
2278600,0.116432,0.081690
2278700,0.118310,0.081690
2278800,0.125822,0.081690
2278900,0.136150,0.081690
2279000,0.132394,0.081690
2279100,0.136150,0.081690
2279200,0.138028,0.081690
2279300,0.118310,0.081690
2279400,0.133333,0.081690
2279500,0.118310,0.081690
2279600,0.129577,0.081690
2279700,0.133333,0.081690
2279800,0.137089,0.081690
2279900,0.137089,0.081690
2280000,0.134272,0.081690
2280100,0.127700,0.081690
2280200,0.131455,0.081690
2280300,0.127700,0.081690
2280400,0.118310,0.081690
2280500,0.127700,0.081690
2280600,0.124883,0.081690
2280700,0.117371,0.081690
2280800,0.119249,0.081690
2280900,0.111737,0.081690
2281000,0.127700,0.081690
2281100,0.107042,0.081690
2281200,0.117371,0.081690
2281300,0.129577,0.081690
2281400,0.129577,0.081690
2281500,0.147418,0.081690
2281600,0.120188,0.081690
2281700,0.114554,0.081690
2281800,0.120188,0.081690
2281900,0.124883,0.081690
2282000,0.130516,0.081690
2282100,0.123944,0.081690
2282200,0.123944,0.081690
2282300,0.122066,0.081690
2282400,0.114554,0.081690
2282500,0.103286,0.081690
2282600,0.133333,0.081690
2282700,0.122066,0.081690
2282800,0.135211,0.081690
2282900,0.123944,0.081690
2283000,0.112676,0.081690
2283100,0.114554,0.081690
2283200,0.117371,0.081690
2283300,0.148357,0.081690
2283400,0.123944,0.081690
2283500,0.121127,0.081690
2283600,0.132394,0.081690
2283700,0.140845,0.081690
2283800,0.123005,0.081690
2283900,0.125822,0.081690
2284000,0.116432,0.081690
2284100,0.117371,0.081690
2284200,0.107981,0.081690
2284300,0.124883,0.081690
2284400,0.138967,0.081690
2284500,0.131455,0.081690
2284600,0.123944,0.081690
2284700,0.108920,0.081690
2284800,0.103286,0.081690
2284900,0.117371,0.081690
2285000,0.111737,0.081690
2285100,0.101408,0.081690
2285200,0.116432,0.081690
2285300,0.098592,0.081690
2285400,0.112676,0.081690
2285500,0.098592,0.081690
2285600,0.119249,0.081690
2285700,0.124883,0.081690
2285800,0.131455,0.081690
2285900,0.124883,0.081690
2286000,0.127700,0.081690
2286100,0.118310,0.081690
2286200,0.102347,0.081690
2286300,0.118310,0.081690
2286400,0.124883,0.081690
2286500,0.118310,0.081690
2286600,0.123005,0.081690
2286700,0.123005,0.081690
2286800,0.119249,0.081690
2286900,0.122066,0.081690
2287000,0.113615,0.081690
2287100,0.107981,0.081690
2287200,0.104225,0.081690
2287300,0.124883,0.081690
2287400,0.111737,0.081690
2287500,0.117371,0.081690
2287600,0.126761,0.081690
2287700,0.110798,0.081690
2287800,0.109859,0.081690
2287900,0.114554,0.081690
2288000,0.107042,0.081690
2288100,0.113615,0.081690
2288200,0.094836,0.081690
2288300,0.107042,0.081690
2288400,0.114554,0.081690
2288500,0.132394,0.081690
2288600,0.106103,0.081690
2288700,0.102347,0.081690
2288800,0.123005,0.081690
2288900,0.125822,0.081690
2289000,0.134272,0.081690
2289100,0.134272,0.081690
2289200,0.130516,0.081690
2289300,0.140845,0.081690
2289400,0.127700,0.081690
2289500,0.130516,0.081690
2289600,0.124883,0.081690
2289700,0.108920,0.081690
2289800,0.122066,0.081690
2289900,0.140845,0.081690
2290000,0.129577,0.081690
2290100,0.121127,0.081690
2290200,0.125822,0.081690
2290300,0.114554,0.081690
2290400,0.107042,0.081690
2290500,0.113615,0.081690
2290600,0.121127,0.081690
2290700,0.123005,0.081690
2290800,0.122066,0.081690
2290900,0.123005,0.081690
2291000,0.127700,0.081690
2291100,0.124883,0.081690
2291200,0.125822,0.081690
2291300,0.118310,0.081690
2291400,0.117371,0.081690
2291500,0.138028,0.081690
2291600,0.118310,0.081690
2291700,0.096714,0.081690
2291800,0.110798,0.081690
2291900,0.123005,0.081690
2292000,0.123944,0.081690
2292100,0.111737,0.081690
2292200,0.128638,0.081690
2292300,0.152113,0.081690
2292400,0.148357,0.081690
2292500,0.138967,0.081690
2292600,0.133333,0.081690
2292700,0.142723,0.081690
2292800,0.132394,0.081690
2292900,0.137089,0.081690
2293000,0.138967,0.081690
2293100,0.124883,0.081690
2293200,0.123944,0.081690
2293300,0.124883,0.081690
2293400,0.123944,0.081690
2293500,0.130516,0.081690
2293600,0.101408,0.081690
2293700,0.127700,0.081690
2293800,0.132394,0.081690
2293900,0.122066,0.081690
2294000,0.128638,0.081690
2294100,0.133333,0.081690
2294200,0.124883,0.081690
2294300,0.114554,0.081690
2294400,0.122066,0.081690
2294500,0.118310,0.081690
2294600,0.114554,0.081690
2294700,0.124883,0.081690
2294800,0.126761,0.081690
2294900,0.128638,0.081690
2295000,0.123005,0.081690
2295100,0.117371,0.081690
2295200,0.110798,0.081690
2295300,0.108920,0.081690
2295400,0.122066,0.081690
2295500,0.120188,0.081690
2295600,0.140845,0.081690
2295700,0.124883,0.081690
2295800,0.129577,0.081690
2295900,0.107981,0.081690
2296000,0.123005,0.081690
2296100,0.116432,0.081690
2296200,0.112676,0.081690
2296300,0.124883,0.081690
2296400,0.138028,0.081690
2296500,0.124883,0.081690
2296600,0.110798,0.081690
2296700,0.111737,0.081690
2296800,0.104225,0.081690
2296900,0.129577,0.081690
2297000,0.128638,0.081690
2297100,0.131455,0.081690
2297200,0.135211,0.081690
2297300,0.142723,0.081690
2297400,0.113615,0.081690
2297500,0.116432,0.081690
2297600,0.123005,0.081690
2297700,0.140845,0.081690
2297800,0.121127,0.081690
2297900,0.129577,0.081690
2298000,0.124883,0.081690
2298100,0.110798,0.081690
2298200,0.121127,0.081690
2298300,0.122066,0.081690
2298400,0.146479,0.081690
2298500,0.121127,0.081690
2298600,0.116432,0.081690
2298700,0.120188,0.081690
2298800,0.120188,0.081690
2298900,0.122066,0.081690
2299000,0.123944,0.081690
2299100,0.122066,0.081690
2299200,0.121127,0.081690
2299300,0.113615,0.081690
2299400,0.116432,0.081690
2299500,0.131455,0.081690
2299600,0.120188,0.081690
2299700,0.108920,0.081690
2299800,0.107981,0.081690
2299900,0.118310,0.081690
2300000,0.119249,0.081690
2300100,0.115493,0.081690
2300200,0.124883,0.081690
2300300,0.121127,0.081690
2300400,0.114554,0.081690
2300500,0.136150,0.081690
2300600,0.122066,0.081690
2300700,0.130516,0.081690
2300800,0.120188,0.081690
2300900,0.118310,0.081690
2301000,0.118310,0.081690
2301100,0.124883,0.081690
2301200,0.138028,0.081690
2301300,0.138967,0.081690
2301400,0.120188,0.081690
2301500,0.121127,0.081690
2301600,0.122066,0.081690
2301700,0.115493,0.081690
2301800,0.119249,0.081690
2301900,0.117371,0.081690
2302000,0.123944,0.081690
2302100,0.129577,0.081690
2302200,0.108920,0.081690
2302300,0.126761,0.081690
2302400,0.132394,0.081690
2302500,0.105164,0.081690
2302600,0.104225,0.081690
2302700,0.112676,0.081690
2302800,0.147418,0.081690
2302900,0.149296,0.081690
2303000,0.128638,0.081690
2303100,0.127700,0.081690
2303200,0.103286,0.081690
2303300,0.123944,0.081690
2303400,0.121127,0.081690
2303500,0.117371,0.081690
2303600,0.109859,0.081690
2303700,0.112676,0.081690
2303800,0.126761,0.081690
2303900,0.101408,0.081690
2304000,0.115493,0.081690
2304100,0.118310,0.081690
2304200,0.105164,0.081690
2304300,0.117371,0.081690
2304400,0.123005,0.081690
2304500,0.117371,0.081690
2304600,0.117371,0.081690
2304700,0.122066,0.081690
2304800,0.121127,0.081690
2304900,0.118310,0.081690
2305000,0.124883,0.081690
2305100,0.110798,0.081690
2305200,0.133333,0.081690
2305300,0.141784,0.081690
2305400,0.121127,0.081690
2305500,0.103286,0.081690
2305600,0.117371,0.081690
2305700,0.114554,0.081690
2305800,0.106103,0.081690
2305900,0.114554,0.081690
2306000,0.134272,0.081690
2306100,0.119249,0.081690
2306200,0.122066,0.081690
2306300,0.116432,0.081690
2306400,0.112676,0.081690
2306500,0.125822,0.081690
2306600,0.115493,0.081690
2306700,0.117371,0.081690
2306800,0.135211,0.081690
2306900,0.124883,0.081690
2307000,0.117371,0.081690
2307100,0.125822,0.081690
2307200,0.123005,0.081690
2307300,0.107042,0.081690
2307400,0.130516,0.081690
2307500,0.123944,0.081690
2307600,0.129577,0.081690
2307700,0.121127,0.081690
2307800,0.113615,0.081690
2307900,0.107042,0.081690
2308000,0.120188,0.081690
2308100,0.136150,0.081690
2308200,0.115493,0.081690
2308300,0.123944,0.081690
2308400,0.113615,0.081690
2308500,0.113615,0.081690
2308600,0.115493,0.081690
2308700,0.103286,0.081690
2308800,0.099531,0.081690
2308900,0.108920,0.081690
2309000,0.100469,0.081690
2309100,0.123005,0.081690
2309200,0.107981,0.081690
2309300,0.124883,0.081690
2309400,0.123944,0.081690
2309500,0.126761,0.081690
2309600,0.101408,0.081690
2309700,0.106103,0.081690
2309800,0.110798,0.081690
2309900,0.118310,0.081690
2310000,0.117371,0.081690
2310100,0.129577,0.081690
2310200,0.125822,0.081690
2310300,0.101408,0.081690
2310400,0.117371,0.081690
2310500,0.125822,0.081690
2310600,0.112676,0.081690
2310700,0.123005,0.081690
2310800,0.108920,0.081690
2310900,0.107042,0.081690
2311000,0.112676,0.081690
2311100,0.122066,0.081690
2311200,0.138967,0.081690
2311300,0.128638,0.081690
2311400,0.133333,0.081690
2311500,0.127700,0.081690
2311600,0.117371,0.081690
2311700,0.138028,0.081690
2311800,0.131455,0.081690
2311900,0.115493,0.081690
2312000,0.138028,0.081690
2312100,0.107981,0.081690
2312200,0.130516,0.081690
2312300,0.127700,0.081690
2312400,0.105164,0.081690
2312500,0.116432,0.081690
2312600,0.125822,0.081690
2312700,0.131455,0.081690
2312800,0.121127,0.081690
2312900,0.112676,0.081690
2313000,0.119249,0.081690
2313100,0.118310,0.081690
2313200,0.131455,0.081690
2313300,0.123944,0.081690
2313400,0.140845,0.081690
2313500,0.132394,0.081690
2313600,0.123005,0.081690
2313700,0.129577,0.081690
2313800,0.115493,0.081690
2313900,0.134272,0.081690
2314000,0.132394,0.081690
2314100,0.111737,0.081690
2314200,0.126761,0.081690
2314300,0.128638,0.081690
2314400,0.114554,0.081690
2314500,0.117371,0.081690
2314600,0.111737,0.081690
2314700,0.125822,0.081690
2314800,0.131455,0.081690
2314900,0.124883,0.081690
2315000,0.123005,0.081690
2315100,0.107981,0.081690
2315200,0.107981,0.081690
2315300,0.128638,0.081690
2315400,0.118310,0.081690
2315500,0.116432,0.081690
2315600,0.114554,0.081690
2315700,0.111737,0.081690
2315800,0.111737,0.081690
2315900,0.104225,0.081690
2316000,0.107042,0.081690
2316100,0.125822,0.081690
2316200,0.134272,0.081690
2316300,0.118310,0.081690
2316400,0.116432,0.081690
2316500,0.121127,0.081690
2316600,0.117371,0.081690
2316700,0.129577,0.081690
2316800,0.133333,0.081690
2316900,0.111737,0.081690
2317000,0.127700,0.081690
2317100,0.124883,0.081690
2317200,0.120188,0.081690
2317300,0.129577,0.081690
2317400,0.139906,0.081690
2317500,0.136150,0.081690
2317600,0.126761,0.081690
2317700,0.111737,0.081690
2317800,0.107042,0.081690
2317900,0.120188,0.081690
2318000,0.125822,0.081690
2318100,0.132394,0.081690
2318200,0.118310,0.081690
2318300,0.112676,0.081690
2318400,0.110798,0.081690
2318500,0.120188,0.081690
2318600,0.115493,0.081690
2318700,0.100469,0.081690
2318800,0.107981,0.081690
2318900,0.109859,0.081690
2319000,0.138967,0.081690
2319100,0.107042,0.081690
2319200,0.105164,0.081690
2319300,0.108920,0.081690
2319400,0.107981,0.081690
2319500,0.115493,0.081690
2319600,0.121127,0.081690
2319700,0.124883,0.081690
2319800,0.139906,0.081690
2319900,0.123944,0.081690
2320000,0.127700,0.081690
2320100,0.128638,0.081690
2320200,0.135211,0.081690
2320300,0.125822,0.081690
2320400,0.121127,0.081690
2320500,0.099531,0.081690
2320600,0.121127,0.081690
2320700,0.127700,0.081690
2320800,0.129577,0.081690
2320900,0.127700,0.081690
2321000,0.115493,0.081690
2321100,0.121127,0.081690
2321200,0.119249,0.081690
2321300,0.123005,0.081690
2321400,0.139906,0.081690
2321500,0.118310,0.081690
2321600,0.132394,0.081690
2321700,0.112676,0.081690
2321800,0.128638,0.081690
2321900,0.127700,0.081690
2322000,0.126761,0.081690
2322100,0.108920,0.081690
2322200,0.138967,0.081690
2322300,0.138967,0.081690
2322400,0.125822,0.081690
2322500,0.132394,0.081690
2322600,0.136150,0.081690
2322700,0.152113,0.081690
2322800,0.142723,0.081690
2322900,0.136150,0.081690
2323000,0.110798,0.081690
2323100,0.117371,0.081690
2323200,0.101408,0.081690
2323300,0.124883,0.081690
2323400,0.127700,0.081690
2323500,0.127700,0.081690
2323600,0.137089,0.081690
2323700,0.120188,0.081690
2323800,0.123944,0.081690
2323900,0.136150,0.081690
2324000,0.122066,0.081690
2324100,0.139906,0.081690
2324200,0.138967,0.081690
2324300,0.127700,0.081690
2324400,0.123005,0.081690
2324500,0.124883,0.081690
2324600,0.141784,0.081690
2324700,0.121127,0.081690
2324800,0.121127,0.081690
2324900,0.105164,0.081690
2325000,0.118310,0.081690
2325100,0.123005,0.081690
2325200,0.125822,0.081690
2325300,0.107981,0.081690
2325400,0.109859,0.081690
2325500,0.135211,0.081690
2325600,0.129577,0.081690
2325700,0.130516,0.081690
2325800,0.125822,0.081690
2325900,0.117371,0.081690
2326000,0.124883,0.081690
2326100,0.119249,0.081690
2326200,0.116432,0.081690
2326300,0.132394,0.081690
2326400,0.120188,0.081690
2326500,0.131455,0.081690
2326600,0.123005,0.081690
2326700,0.117371,0.081690
2326800,0.132394,0.081690
2326900,0.117371,0.081690
2327000,0.117371,0.081690
2327100,0.137089,0.081690
2327200,0.128638,0.081690
2327300,0.137089,0.081690
2327400,0.141784,0.081690
2327500,0.132394,0.081690
2327600,0.135211,0.081690
2327700,0.140845,0.081690
2327800,0.132394,0.081690
2327900,0.108920,0.081690
2328000,0.114554,0.081690
2328100,0.112676,0.081690
2328200,0.134272,0.081690
2328300,0.135211,0.081690
2328400,0.107981,0.081690
2328500,0.113615,0.081690
2328600,0.116432,0.081690
2328700,0.129577,0.081690
2328800,0.117371,0.081690
2328900,0.123944,0.081690
2329000,0.125822,0.081690
2329100,0.127700,0.081690
2329200,0.113615,0.081690
2329300,0.117371,0.081690
2329400,0.128638,0.081690
2329500,0.110798,0.081690
2329600,0.117371,0.081690
2329700,0.101408,0.081690
2329800,0.115493,0.081690
2329900,0.114554,0.081690
2330000,0.131455,0.081690
2330100,0.124883,0.081690
2330200,0.124883,0.081690
2330300,0.122066,0.081690
2330400,0.126761,0.081690
2330500,0.122066,0.081690
2330600,0.112676,0.081690
2330700,0.124883,0.081690
2330800,0.146479,0.081690
2330900,0.114554,0.081690
2331000,0.128638,0.081690
2331100,0.138967,0.081690
2331200,0.126761,0.081690
2331300,0.129577,0.081690
2331400,0.126761,0.081690
2331500,0.127700,0.081690
2331600,0.123005,0.081690
2331700,0.123944,0.081690
2331800,0.115493,0.081690
2331900,0.128638,0.081690
2332000,0.128638,0.081690
2332100,0.129577,0.081690
2332200,0.131455,0.081690
2332300,0.120188,0.081690
2332400,0.120188,0.081690
2332500,0.104225,0.081690
2332600,0.122066,0.081690
2332700,0.114554,0.081690
2332800,0.125822,0.081690
2332900,0.112676,0.081690
2333000,0.110798,0.081690
2333100,0.110798,0.081690
2333200,0.135211,0.081690
2333300,0.117371,0.081690
2333400,0.129577,0.081690
2333500,0.143662,0.081690
2333600,0.134272,0.081690
2333700,0.134272,0.081690
2333800,0.135211,0.081690
2333900,0.111737,0.081690
2334000,0.131455,0.081690
2334100,0.129577,0.081690
2334200,0.131455,0.081690
2334300,0.120188,0.081690
2334400,0.125822,0.081690
2334500,0.112676,0.081690
2334600,0.100469,0.081690
2334700,0.131455,0.081690
2334800,0.131455,0.081690
2334900,0.125822,0.081690
2335000,0.122066,0.081690
2335100,0.121127,0.081690
2335200,0.107042,0.081690
2335300,0.114554,0.081690
2335400,0.118310,0.081690
2335500,0.104225,0.081690
2335600,0.110798,0.081690
2335700,0.117371,0.081690
2335800,0.122066,0.081690
2335900,0.110798,0.081690
2336000,0.124883,0.081690
2336100,0.123944,0.081690
2336200,0.114554,0.081690
2336300,0.121127,0.081690
2336400,0.140845,0.081690
2336500,0.138028,0.081690
2336600,0.137089,0.081690
2336700,0.131455,0.081690
2336800,0.136150,0.081690
2336900,0.122066,0.081690
2337000,0.142723,0.081690
2337100,0.144601,0.081690
2337200,0.134272,0.081690
2337300,0.138967,0.081690
2337400,0.146479,0.081690
2337500,0.134272,0.081690
2337600,0.141784,0.081690
2337700,0.124883,0.081690
2337800,0.122066,0.081690
2337900,0.126761,0.081690
2338000,0.116432,0.081690
2338100,0.117371,0.081690
2338200,0.116432,0.081690
2338300,0.105164,0.081690
2338400,0.098592,0.081690
2338500,0.116432,0.081690
2338600,0.119249,0.081690
2338700,0.115493,0.081690
2338800,0.122066,0.081690
2338900,0.120188,0.081690
2339000,0.117371,0.081690
2339100,0.118310,0.081690
2339200,0.117371,0.081690
2339300,0.115493,0.081690
2339400,0.112676,0.081690
2339500,0.129577,0.081690
2339600,0.128638,0.081690
2339700,0.121127,0.081690
2339800,0.121127,0.081690
2339900,0.122066,0.081690
2340000,0.122066,0.081690
2340100,0.125822,0.081690
2340200,0.128638,0.081690
2340300,0.123005,0.081690
2340400,0.123005,0.081690
2340500,0.120188,0.081690
2340600,0.109859,0.081690
2340700,0.116432,0.081690
2340800,0.112676,0.081690
2340900,0.116432,0.081690
2341000,0.123944,0.081690
2341100,0.126761,0.081690
2341200,0.111737,0.081690
2341300,0.135211,0.081690
2341400,0.110798,0.081690
2341500,0.114554,0.081690
2341600,0.127700,0.081690
2341700,0.107042,0.081690
2341800,0.116432,0.081690
2341900,0.123005,0.081690
2342000,0.126761,0.081690
2342100,0.136150,0.081690
2342200,0.110798,0.081690
2342300,0.122066,0.081690
2342400,0.098592,0.081690
2342500,0.120188,0.081690
2342600,0.121127,0.081690
2342700,0.114554,0.081690
2342800,0.114554,0.081690
2342900,0.124883,0.081690
2343000,0.108920,0.081690
2343100,0.127700,0.081690
2343200,0.123944,0.081690
2343300,0.117371,0.081690
2343400,0.111737,0.081690
2343500,0.136150,0.081690
2343600,0.120188,0.081690
2343700,0.117371,0.081690
2343800,0.111737,0.081690
2343900,0.118310,0.081690
2344000,0.104225,0.081690
2344100,0.099531,0.081690
2344200,0.123005,0.081690
2344300,0.102347,0.081690
2344400,0.114554,0.081690
2344500,0.138028,0.081690
2344600,0.123005,0.081690
2344700,0.098592,0.081690
2344800,0.116432,0.081690
2344900,0.128638,0.081690
2345000,0.140845,0.081690
2345100,0.113615,0.081690
2345200,0.125822,0.081690
2345300,0.133333,0.081690
2345400,0.126761,0.081690
2345500,0.129577,0.081690
2345600,0.122066,0.081690
2345700,0.119249,0.081690
2345800,0.123944,0.081690
2345900,0.123944,0.081690
2346000,0.112676,0.081690
2346100,0.115493,0.081690
2346200,0.114554,0.081690
2346300,0.124883,0.081690
2346400,0.124883,0.081690
2346500,0.127700,0.081690
2346600,0.131455,0.081690
2346700,0.118310,0.081690
2346800,0.141784,0.081690
2346900,0.130516,0.081690
2347000,0.112676,0.081690
2347100,0.120188,0.081690
2347200,0.134272,0.081690
2347300,0.116432,0.081690
2347400,0.119249,0.081690
2347500,0.103286,0.081690
2347600,0.107042,0.081690
2347700,0.124883,0.081690
2347800,0.125822,0.081690
2347900,0.123944,0.081690
2348000,0.122066,0.081690
2348100,0.114554,0.081690
2348200,0.126761,0.081690
2348300,0.136150,0.081690
2348400,0.128638,0.081690
2348500,0.114554,0.081690
2348600,0.126761,0.081690
2348700,0.126761,0.081690
2348800,0.143662,0.081690
2348900,0.121127,0.081690
2349000,0.117371,0.081690
2349100,0.107042,0.081690
2349200,0.119249,0.081690
2349300,0.143662,0.081690
2349400,0.138028,0.081690
2349500,0.121127,0.081690
2349600,0.118310,0.081690
2349700,0.136150,0.081690
2349800,0.116432,0.081690
2349900,0.105164,0.081690
2350000,0.111737,0.081690
2350100,0.132394,0.081690
2350200,0.119249,0.081690
2350300,0.120188,0.081690
2350400,0.123944,0.081690
2350500,0.125822,0.081690
2350600,0.119249,0.081690
2350700,0.132394,0.081690
2350800,0.114554,0.081690
2350900,0.126761,0.081690
2351000,0.134272,0.081690
2351100,0.121127,0.081690
2351200,0.123944,0.081690
2351300,0.118310,0.081690
2351400,0.134272,0.081690
2351500,0.126761,0.081690
2351600,0.132394,0.081690
2351700,0.121127,0.081690
2351800,0.113615,0.081690
2351900,0.126761,0.081690
2352000,0.138028,0.081690
2352100,0.120188,0.081690
2352200,0.132394,0.081690
2352300,0.131455,0.081690
2352400,0.114554,0.081690
2352500,0.117371,0.081690
2352600,0.119249,0.081690
2352700,0.112676,0.081690
2352800,0.122066,0.081690
2352900,0.119249,0.081690
2353000,0.133333,0.081690
2353100,0.115493,0.081690
2353200,0.121127,0.081690
2353300,0.107981,0.081690
2353400,0.121127,0.081690
2353500,0.123005,0.081690
2353600,0.119249,0.081690
2353700,0.110798,0.081690
2353800,0.128638,0.081690
2353900,0.130516,0.081690
2354000,0.121127,0.081690
2354100,0.127700,0.081690
2354200,0.137089,0.081690
2354300,0.116432,0.081690
2354400,0.129577,0.081690
2354500,0.132394,0.081690
2354600,0.110798,0.081690
2354700,0.115493,0.081690
2354800,0.123944,0.081690
2354900,0.110798,0.081690
2355000,0.124883,0.081690
2355100,0.114554,0.081690
2355200,0.129577,0.081690
2355300,0.122066,0.081690
2355400,0.126761,0.081690
2355500,0.113615,0.081690
2355600,0.132394,0.081690
2355700,0.138967,0.081690
2355800,0.123005,0.081690
2355900,0.150235,0.081690
2356000,0.133333,0.081690
2356100,0.119249,0.081690
2356200,0.123944,0.081690
2356300,0.102347,0.081690
2356400,0.125822,0.081690
2356500,0.129577,0.081690
2356600,0.133333,0.081690
2356700,0.129577,0.081690
2356800,0.138028,0.081690
2356900,0.139906,0.081690
2357000,0.108920,0.081690
2357100,0.137089,0.081690
2357200,0.137089,0.081690
2357300,0.128638,0.081690
2357400,0.138028,0.081690
2357500,0.126761,0.081690
2357600,0.129577,0.081690
2357700,0.110798,0.081690
2357800,0.114554,0.081690
2357900,0.127700,0.081690
2358000,0.122066,0.081690
2358100,0.122066,0.081690
2358200,0.115493,0.081690
2358300,0.119249,0.081690
2358400,0.105164,0.081690
2358500,0.119249,0.081690
2358600,0.127700,0.081690
2358700,0.138967,0.081690
2358800,0.136150,0.081690
2358900,0.126761,0.081690
2359000,0.134272,0.081690
2359100,0.113615,0.081690
2359200,0.125822,0.081690
2359300,0.116432,0.081690
2359400,0.117371,0.081690
2359500,0.119249,0.081690
2359600,0.116432,0.081690
2359700,0.099531,0.081690
2359800,0.121127,0.081690
2359900,0.126761,0.081690
2360000,0.127700,0.081690
2360100,0.117371,0.081690
2360200,0.120188,0.081690
2360300,0.114554,0.081690
2360400,0.123005,0.081690
2360500,0.103286,0.081690
2360600,0.110798,0.081690
2360700,0.107042,0.081690
2360800,0.116432,0.081690
2360900,0.105164,0.081690
2361000,0.111737,0.081690
2361100,0.122066,0.081690
2361200,0.094836,0.081690
2361300,0.128638,0.081690
2361400,0.114554,0.081690
2361500,0.121127,0.081690
2361600,0.121127,0.081690
2361700,0.120188,0.081690
2361800,0.123944,0.081690
2361900,0.121127,0.081690
2362000,0.131455,0.081690
2362100,0.120188,0.081690
2362200,0.113615,0.081690
2362300,0.115493,0.081690
2362400,0.108920,0.081690
2362500,0.120188,0.081690
2362600,0.126761,0.081690
2362700,0.115493,0.081690
2362800,0.126761,0.081690
2362900,0.123005,0.081690
2363000,0.123944,0.081690
2363100,0.127700,0.081690
2363200,0.118310,0.081690
2363300,0.120188,0.081690
2363400,0.109859,0.081690
2363500,0.126761,0.081690
2363600,0.107042,0.081690
2363700,0.121127,0.081690
2363800,0.104225,0.081690
2363900,0.124883,0.081690
2364000,0.131455,0.081690
2364100,0.120188,0.081690
2364200,0.136150,0.081690
2364300,0.118310,0.081690
2364400,0.107042,0.081690
2364500,0.114554,0.081690
2364600,0.115493,0.081690
2364700,0.117371,0.081690
2364800,0.145540,0.081690
2364900,0.126761,0.081690
2365000,0.129577,0.081690
2365100,0.107042,0.081690
2365200,0.107042,0.081690
2365300,0.113615,0.081690
2365400,0.122066,0.081690
2365500,0.107981,0.081690
2365600,0.104225,0.081690
2365700,0.115493,0.081690
2365800,0.123944,0.081690
2365900,0.123005,0.081690
2366000,0.109859,0.081690
2366100,0.126761,0.081690
2366200,0.115493,0.081690
2366300,0.120188,0.081690
2366400,0.119249,0.081690
2366500,0.122066,0.081690
2366600,0.118310,0.081690
2366700,0.123944,0.081690
2366800,0.123005,0.081690
2366900,0.124883,0.081690
2367000,0.112676,0.081690
2367100,0.114554,0.081690
2367200,0.124883,0.081690
2367300,0.130516,0.081690
2367400,0.114554,0.081690
2367500,0.122066,0.081690
2367600,0.121127,0.081690
2367700,0.123944,0.081690
2367800,0.112676,0.081690
2367900,0.113615,0.081690
2368000,0.119249,0.081690
2368100,0.130516,0.081690
2368200,0.111737,0.081690
2368300,0.123005,0.081690
2368400,0.113615,0.081690
2368500,0.101408,0.081690
2368600,0.120188,0.081690
2368700,0.118310,0.081690
2368800,0.110798,0.081690
2368900,0.119249,0.081690
2369000,0.124883,0.081690
2369100,0.140845,0.081690
2369200,0.127700,0.081690
2369300,0.139906,0.081690
2369400,0.138028,0.081690
2369500,0.122066,0.081690
2369600,0.135211,0.081690
2369700,0.115493,0.081690
2369800,0.116432,0.081690
2369900,0.130516,0.081690
2370000,0.122066,0.081690
2370100,0.120188,0.081690
2370200,0.110798,0.081690
2370300,0.112676,0.081690
2370400,0.128638,0.081690
2370500,0.129577,0.081690
2370600,0.136150,0.081690
2370700,0.138967,0.081690
2370800,0.123944,0.081690
2370900,0.109859,0.081690
2371000,0.108920,0.081690
2371100,0.115493,0.081690
2371200,0.113615,0.081690
2371300,0.119249,0.081690
2371400,0.122066,0.081690
2371500,0.133333,0.081690
2371600,0.127700,0.081690
2371700,0.095775,0.081690
2371800,0.106103,0.081690
2371900,0.122066,0.081690
2372000,0.124883,0.081690
2372100,0.118310,0.081690
2372200,0.116432,0.081690
2372300,0.121127,0.081690
2372400,0.120188,0.081690
2372500,0.120188,0.081690
2372600,0.135211,0.081690
2372700,0.123005,0.081690
2372800,0.137089,0.081690
2372900,0.133333,0.081690
2373000,0.126761,0.081690
2373100,0.123005,0.081690
2373200,0.135211,0.081690
2373300,0.122066,0.081690
2373400,0.120188,0.081690
2373500,0.121127,0.081690
2373600,0.136150,0.081690
2373700,0.138967,0.081690
2373800,0.115493,0.081690
2373900,0.125822,0.081690
2374000,0.122066,0.081690
2374100,0.137089,0.081690
2374200,0.129577,0.081690
2374300,0.116432,0.081690
2374400,0.133333,0.081690
2374500,0.154930,0.081690
2374600,0.155869,0.081690
2374700,0.138967,0.081690
2374800,0.123005,0.081690
2374900,0.126761,0.081690
2375000,0.128638,0.081690
2375100,0.130516,0.081690
2375200,0.123005,0.081690
2375300,0.128638,0.081690
2375400,0.124883,0.081690
2375500,0.114554,0.081690
2375600,0.135211,0.081690
2375700,0.119249,0.081690
2375800,0.113615,0.081690
2375900,0.124883,0.081690
2376000,0.124883,0.081690
2376100,0.139906,0.081690
2376200,0.123005,0.081690
2376300,0.117371,0.081690
2376400,0.111737,0.081690
2376500,0.103286,0.081690
2376600,0.101408,0.081690
2376700,0.116432,0.081690
2376800,0.116432,0.081690
2376900,0.124883,0.081690
2377000,0.143662,0.081690
2377100,0.128638,0.081690
2377200,0.135211,0.081690
2377300,0.138967,0.081690
2377400,0.123944,0.081690
2377500,0.107042,0.081690
2377600,0.115493,0.081690
2377700,0.116432,0.081690
2377800,0.102347,0.081690
2377900,0.110798,0.081690
2378000,0.124883,0.081690
2378100,0.135211,0.081690
2378200,0.131455,0.081690
2378300,0.137089,0.081690
2378400,0.118310,0.081690
2378500,0.129577,0.081690
2378600,0.117371,0.081690
2378700,0.135211,0.081690
2378800,0.133333,0.081690
2378900,0.138028,0.081690
2379000,0.128638,0.081690
2379100,0.113615,0.081690
2379200,0.132394,0.081690
2379300,0.121127,0.081690
2379400,0.138028,0.081690
2379500,0.134272,0.081690
2379600,0.104225,0.081690
2379700,0.115493,0.081690
2379800,0.130516,0.081690
2379900,0.119249,0.081690
2380000,0.123005,0.081690
2380100,0.118310,0.081690
2380200,0.127700,0.081690
2380300,0.130516,0.081690
2380400,0.128638,0.081690
2380500,0.116432,0.081690
2380600,0.128638,0.081690
2380700,0.122066,0.081690
2380800,0.128638,0.081690
2380900,0.122066,0.081690
2381000,0.125822,0.081690
2381100,0.124883,0.081690
2381200,0.116432,0.081690
2381300,0.144601,0.081690
2381400,0.119249,0.081690
2381500,0.112676,0.081690
2381600,0.130516,0.081690
2381700,0.129577,0.081690
2381800,0.116432,0.081690
2381900,0.116432,0.081690
2382000,0.113615,0.081690
2382100,0.119249,0.081690
2382200,0.128638,0.081690
2382300,0.129577,0.081690
2382400,0.123005,0.081690
2382500,0.124883,0.081690
2382600,0.111737,0.081690
2382700,0.114554,0.081690
2382800,0.119249,0.081690
2382900,0.129577,0.081690
2383000,0.128638,0.081690
2383100,0.109859,0.081690
2383200,0.121127,0.081690
2383300,0.123005,0.081690
2383400,0.125822,0.081690
2383500,0.127700,0.081690
2383600,0.118310,0.081690
2383700,0.123005,0.081690
2383800,0.126761,0.081690
2383900,0.133333,0.081690
2384000,0.131455,0.081690
2384100,0.112676,0.081690
2384200,0.123005,0.081690
2384300,0.113615,0.081690
2384400,0.128638,0.081690
2384500,0.125822,0.081690
2384600,0.116432,0.081690
2384700,0.120188,0.081690
2384800,0.132394,0.081690
2384900,0.146479,0.081690
2385000,0.132394,0.081690
2385100,0.124883,0.081690
2385200,0.128638,0.081690
2385300,0.105164,0.081690
2385400,0.104225,0.081690
2385500,0.109859,0.081690
2385600,0.123005,0.081690
2385700,0.137089,0.081690
2385800,0.132394,0.081690
2385900,0.120188,0.081690
2386000,0.123944,0.081690
2386100,0.123005,0.081690
2386200,0.107981,0.081690
2386300,0.119249,0.081690
2386400,0.140845,0.081690
2386500,0.117371,0.081690
2386600,0.137089,0.081690
2386700,0.138967,0.081690
2386800,0.132394,0.081690
2386900,0.128638,0.081690
2387000,0.119249,0.081690
2387100,0.116432,0.081690
2387200,0.125822,0.081690
2387300,0.118310,0.081690
2387400,0.117371,0.081690
2387500,0.115493,0.081690
2387600,0.123005,0.081690
2387700,0.127700,0.081690
2387800,0.148357,0.081690
2387900,0.126761,0.081690
2388000,0.127700,0.081690
2388100,0.094836,0.081690
2388200,0.119249,0.081690
2388300,0.122066,0.081690
2388400,0.122066,0.081690
2388500,0.125822,0.081690
2388600,0.115493,0.081690
2388700,0.104225,0.081690
2388800,0.117371,0.081690
2388900,0.112676,0.081690
2389000,0.107042,0.081690
2389100,0.124883,0.081690
2389200,0.143662,0.081690
2389300,0.120188,0.081690
2389400,0.108920,0.081690
2389500,0.125822,0.081690
2389600,0.120188,0.081690
2389700,0.138967,0.081690
2389800,0.127700,0.081690
2389900,0.131455,0.081690
2390000,0.124883,0.081690
2390100,0.126761,0.081690
2390200,0.122066,0.081690
2390300,0.137089,0.081690
2390400,0.136150,0.081690
2390500,0.109859,0.081690
2390600,0.106103,0.081690
2390700,0.131455,0.081690
2390800,0.114554,0.081690
2390900,0.114554,0.081690
2391000,0.123005,0.081690
2391100,0.115493,0.081690
2391200,0.133333,0.081690
2391300,0.129577,0.081690
2391400,0.097653,0.081690
2391500,0.114554,0.081690
2391600,0.120188,0.081690
2391700,0.120188,0.081690
2391800,0.107981,0.081690
2391900,0.119249,0.081690
2392000,0.131455,0.081690
2392100,0.122066,0.081690
2392200,0.116432,0.081690
2392300,0.129577,0.081690
2392400,0.107981,0.081690
2392500,0.117371,0.081690
2392600,0.123005,0.081690
2392700,0.122066,0.081690
2392800,0.105164,0.081690
2392900,0.126761,0.081690
2393000,0.117371,0.081690
2393100,0.104225,0.081690
2393200,0.109859,0.081690
2393300,0.131455,0.081690
2393400,0.132394,0.081690
2393500,0.125822,0.081690
2393600,0.111737,0.081690
2393700,0.111737,0.081690
2393800,0.118310,0.081690
2393900,0.105164,0.081690
2394000,0.126761,0.081690
2394100,0.124883,0.081690
2394200,0.134272,0.081690
2394300,0.122066,0.081690
2394400,0.125822,0.081690
2394500,0.121127,0.081690
2394600,0.139906,0.081690
2394700,0.128638,0.081690
2394800,0.111737,0.081690
2394900,0.113615,0.081690
2395000,0.113615,0.081690
2395100,0.125822,0.081690
2395200,0.127700,0.081690
2395300,0.136150,0.081690
2395400,0.121127,0.081690
2395500,0.124883,0.081690
2395600,0.137089,0.081690
2395700,0.143662,0.081690
2395800,0.136150,0.081690
2395900,0.111737,0.081690
2396000,0.112676,0.081690
2396100,0.099531,0.081690
2396200,0.123005,0.081690
2396300,0.137089,0.081690
2396400,0.127700,0.081690
2396500,0.137089,0.081690
2396600,0.109859,0.081690
2396700,0.109859,0.081690
2396800,0.123005,0.081690
2396900,0.111737,0.081690
2397000,0.108920,0.081690
2397100,0.112676,0.081690
2397200,0.126761,0.081690
2397300,0.116432,0.081690
2397400,0.138967,0.081690
2397500,0.129577,0.081690
2397600,0.133333,0.081690
2397700,0.138967,0.081690
2397800,0.128638,0.081690
2397900,0.117371,0.081690
2398000,0.128638,0.081690
2398100,0.128638,0.081690
2398200,0.129577,0.081690
2398300,0.125822,0.081690
2398400,0.130516,0.081690
2398500,0.135211,0.081690
2398600,0.135211,0.081690
2398700,0.135211,0.081690
2398800,0.122066,0.081690
2398900,0.135211,0.081690
2399000,0.130516,0.081690
2399100,0.129577,0.081690
2399200,0.126761,0.081690
2399300,0.108920,0.081690
2399400,0.115493,0.081690
2399500,0.115493,0.081690
2399600,0.119249,0.081690
2399700,0.108920,0.081690
2399800,0.119249,0.081690
2399900,0.122066,0.081690
2400000,0.116432,0.081690
2400100,0.101408,0.081690
2400200,0.116432,0.081690
2400300,0.130516,0.081690
2400400,0.119249,0.081690
2400500,0.110798,0.081690
2400600,0.119249,0.081690
2400700,0.113615,0.081690
2400800,0.109859,0.081690
2400900,0.125822,0.081690
2401000,0.122066,0.081690
2401100,0.110798,0.081690
2401200,0.110798,0.081690
2401300,0.123944,0.081690
2401400,0.118310,0.081690
2401500,0.114554,0.081690
2401600,0.119249,0.081690
2401700,0.116432,0.081690
2401800,0.125822,0.081690
2401900,0.109859,0.081690
2402000,0.128638,0.081690
2402100,0.126761,0.081690
2402200,0.121127,0.081690
2402300,0.129577,0.081690
2402400,0.119249,0.081690
2402500,0.110798,0.081690
2402600,0.113615,0.081690
2402700,0.114554,0.081690
2402800,0.123005,0.081690
2402900,0.129577,0.081690
2403000,0.130516,0.081690
2403100,0.107981,0.081690
2403200,0.121127,0.081690
2403300,0.121127,0.081690
2403400,0.110798,0.081690
2403500,0.121127,0.081690
2403600,0.115493,0.081690
2403700,0.111737,0.081690
2403800,0.106103,0.081690
2403900,0.127700,0.081690
2404000,0.123944,0.081690
2404100,0.131455,0.081690
2404200,0.115493,0.081690
2404300,0.123005,0.081690
2404400,0.109859,0.081690
2404500,0.118310,0.081690
2404600,0.125822,0.081690
2404700,0.121127,0.081690
2404800,0.116432,0.081690
2404900,0.119249,0.081690
2405000,0.105164,0.081690
2405100,0.110798,0.081690
2405200,0.129577,0.081690
2405300,0.118310,0.081690
2405400,0.124883,0.081690
2405500,0.124883,0.081690
2405600,0.136150,0.081690
2405700,0.116432,0.081690
2405800,0.113615,0.081690
2405900,0.125822,0.081690
2406000,0.125822,0.081690
2406100,0.111737,0.081690
2406200,0.124883,0.081690
2406300,0.113615,0.081690
2406400,0.113615,0.081690
2406500,0.123944,0.081690
2406600,0.114554,0.081690
2406700,0.116432,0.081690
2406800,0.119249,0.081690
2406900,0.120188,0.081690
2407000,0.119249,0.081690
2407100,0.113615,0.081690
2407200,0.131455,0.081690
2407300,0.120188,0.081690
2407400,0.113615,0.081690
2407500,0.130516,0.081690
2407600,0.121127,0.081690
2407700,0.131455,0.081690
2407800,0.122066,0.081690
2407900,0.114554,0.081690
2408000,0.135211,0.081690
2408100,0.137089,0.081690
2408200,0.129577,0.081690
2408300,0.123944,0.081690
2408400,0.137089,0.081690
2408500,0.143662,0.081690
2408600,0.122066,0.081690
2408700,0.114554,0.081690
2408800,0.112676,0.081690
2408900,0.108920,0.081690
2409000,0.117371,0.081690
2409100,0.124883,0.081690
2409200,0.117371,0.081690
2409300,0.117371,0.081690
2409400,0.107042,0.081690
2409500,0.121127,0.081690
2409600,0.117371,0.081690
2409700,0.124883,0.081690
2409800,0.136150,0.081690
2409900,0.131455,0.081690
2410000,0.124883,0.081690
2410100,0.137089,0.081690
2410200,0.123944,0.081690
2410300,0.120188,0.081690
2410400,0.123005,0.081690
2410500,0.108920,0.081690
2410600,0.107042,0.081690
2410700,0.121127,0.081690
2410800,0.121127,0.081690
2410900,0.112676,0.081690
2411000,0.115493,0.081690
2411100,0.109859,0.081690
2411200,0.104225,0.081690
2411300,0.121127,0.081690
2411400,0.108920,0.081690
2411500,0.117371,0.081690
2411600,0.120188,0.081690
2411700,0.115493,0.081690
2411800,0.118310,0.081690
2411900,0.128638,0.081690
2412000,0.125822,0.081690
2412100,0.114554,0.081690
2412200,0.124883,0.081690
2412300,0.123944,0.081690
2412400,0.128638,0.081690
2412500,0.127700,0.081690
2412600,0.121127,0.081690
2412700,0.127700,0.081690
2412800,0.139906,0.081690
2412900,0.140845,0.081690
2413000,0.113615,0.081690
2413100,0.130516,0.081690
2413200,0.120188,0.081690
2413300,0.119249,0.081690
2413400,0.121127,0.081690
2413500,0.115493,0.081690
2413600,0.130516,0.081690
2413700,0.120188,0.081690
2413800,0.108920,0.081690
2413900,0.138028,0.081690
2414000,0.117371,0.081690
2414100,0.115493,0.081690
2414200,0.104225,0.081690
2414300,0.107042,0.081690
2414400,0.105164,0.081690
2414500,0.132394,0.081690
2414600,0.123005,0.081690
2414700,0.135211,0.081690
2414800,0.139906,0.081690
2414900,0.113615,0.081690
2415000,0.127700,0.081690
2415100,0.132394,0.081690
2415200,0.119249,0.081690
2415300,0.128638,0.081690
2415400,0.109859,0.081690
2415500,0.106103,0.081690
2415600,0.106103,0.081690
2415700,0.129577,0.081690
2415800,0.132394,0.081690
2415900,0.124883,0.081690
2416000,0.123005,0.081690
2416100,0.111737,0.081690
2416200,0.124883,0.081690
2416300,0.120188,0.081690
2416400,0.123944,0.081690
2416500,0.116432,0.081690
2416600,0.123005,0.081690
2416700,0.122066,0.081690
2416800,0.110798,0.081690
2416900,0.132394,0.081690
2417000,0.119249,0.081690
2417100,0.126761,0.081690
2417200,0.129577,0.081690
2417300,0.144601,0.081690
2417400,0.125822,0.081690
2417500,0.129577,0.081690
2417600,0.124883,0.081690
2417700,0.118310,0.081690
2417800,0.108920,0.081690
2417900,0.131455,0.081690
2418000,0.149296,0.081690
2418100,0.118310,0.081690
2418200,0.110798,0.081690
2418300,0.134272,0.081690
2418400,0.148357,0.081690
2418500,0.106103,0.081690
2418600,0.134272,0.081690
2418700,0.127700,0.081690
2418800,0.132394,0.081690
2418900,0.138028,0.081690
2419000,0.122066,0.081690
2419100,0.128638,0.081690
2419200,0.131455,0.081690
2419300,0.135211,0.081690
2419400,0.104225,0.081690
2419500,0.137089,0.081690
2419600,0.138028,0.081690
2419700,0.118310,0.081690
2419800,0.122066,0.081690
2419900,0.121127,0.081690
2420000,0.123005,0.081690
2420100,0.131455,0.081690
2420200,0.125822,0.081690
2420300,0.124883,0.081690
2420400,0.132394,0.081690
2420500,0.125822,0.081690
2420600,0.102347,0.081690
2420700,0.111737,0.081690
2420800,0.102347,0.081690
2420900,0.123944,0.081690
2421000,0.129577,0.081690
2421100,0.131455,0.081690
2421200,0.123005,0.081690
2421300,0.131455,0.081690
2421400,0.123005,0.081690
2421500,0.122066,0.081690
2421600,0.108920,0.081690
2421700,0.122066,0.081690
2421800,0.128638,0.081690
2421900,0.121127,0.081690
2422000,0.124883,0.081690
2422100,0.127700,0.081690
2422200,0.119249,0.081690
2422300,0.133333,0.081690
2422400,0.122066,0.081690
2422500,0.126761,0.081690
2422600,0.107042,0.081690
2422700,0.117371,0.081690
2422800,0.120188,0.081690
2422900,0.130516,0.081690
2423000,0.128638,0.081690
2423100,0.131455,0.081690
2423200,0.117371,0.081690
2423300,0.117371,0.081690
2423400,0.114554,0.081690
2423500,0.118310,0.081690
2423600,0.127700,0.081690
2423700,0.113615,0.081690
2423800,0.095775,0.081690
2423900,0.117371,0.081690
2424000,0.102347,0.081690
2424100,0.121127,0.081690
2424200,0.111737,0.081690
2424300,0.115493,0.081690
2424400,0.122066,0.081690
2424500,0.106103,0.081690
2424600,0.128638,0.081690
2424700,0.130516,0.081690
2424800,0.131455,0.081690
2424900,0.138967,0.081690
2425000,0.131455,0.081690
2425100,0.128638,0.081690
2425200,0.132394,0.081690
2425300,0.141784,0.081690
2425400,0.107981,0.081690
2425500,0.123944,0.081690
2425600,0.124883,0.081690
2425700,0.121127,0.081690
2425800,0.111737,0.081690
2425900,0.123944,0.081690
2426000,0.115493,0.081690
2426100,0.136150,0.081690
2426200,0.126761,0.081690
2426300,0.121127,0.081690
2426400,0.112676,0.081690
2426500,0.124883,0.081690
2426600,0.123944,0.081690
2426700,0.118310,0.081690
2426800,0.135211,0.081690
2426900,0.141784,0.081690
2427000,0.121127,0.081690
2427100,0.123005,0.081690
2427200,0.124883,0.081690
2427300,0.129577,0.081690
2427400,0.123944,0.081690
2427500,0.129577,0.081690
2427600,0.132394,0.081690
2427700,0.128638,0.081690
2427800,0.133333,0.081690
2427900,0.113615,0.081690
2428000,0.108920,0.081690
2428100,0.132394,0.081690
2428200,0.131455,0.081690
2428300,0.123944,0.081690
2428400,0.138967,0.081690
2428500,0.128638,0.081690
2428600,0.138028,0.081690
2428700,0.130516,0.081690
2428800,0.124883,0.081690
2428900,0.124883,0.081690
2429000,0.109859,0.081690
2429100,0.117371,0.081690
2429200,0.120188,0.081690
2429300,0.092958,0.081690
2429400,0.110798,0.081690
2429500,0.111737,0.081690
2429600,0.123005,0.081690
2429700,0.108920,0.081690
2429800,0.107042,0.081690
2429900,0.113615,0.081690
2430000,0.107981,0.081690
2430100,0.120188,0.081690
2430200,0.118310,0.081690
2430300,0.131455,0.081690
2430400,0.125822,0.081690
2430500,0.115493,0.081690
2430600,0.125822,0.081690
2430700,0.125822,0.081690
2430800,0.121127,0.081690
2430900,0.119249,0.081690
2431000,0.112676,0.081690
2431100,0.108920,0.081690
2431200,0.119249,0.081690
2431300,0.129577,0.081690
2431400,0.117371,0.081690
2431500,0.101408,0.081690
2431600,0.130516,0.081690
2431700,0.117371,0.081690
2431800,0.121127,0.081690
2431900,0.099531,0.081690
2432000,0.102347,0.081690
2432100,0.114554,0.081690
2432200,0.120188,0.081690
2432300,0.124883,0.081690
2432400,0.118310,0.081690
2432500,0.137089,0.081690
2432600,0.118310,0.081690
2432700,0.131455,0.081690
2432800,0.132394,0.081690
2432900,0.118310,0.081690
2433000,0.128638,0.081690
2433100,0.143662,0.081690
2433200,0.118310,0.081690
2433300,0.125822,0.081690
2433400,0.129577,0.081690
2433500,0.136150,0.081690
2433600,0.138967,0.081690
2433700,0.122066,0.081690
2433800,0.125822,0.081690
2433900,0.111737,0.081690
2434000,0.103286,0.081690
2434100,0.116432,0.081690
2434200,0.121127,0.081690
2434300,0.131455,0.081690
2434400,0.138028,0.081690
2434500,0.120188,0.081690
2434600,0.151174,0.081690
2434700,0.118310,0.081690
2434800,0.140845,0.081690
2434900,0.128638,0.081690
2435000,0.113615,0.081690
2435100,0.116432,0.081690
2435200,0.120188,0.081690
2435300,0.120188,0.081690
2435400,0.131455,0.081690
2435500,0.134272,0.081690
2435600,0.123005,0.081690
2435700,0.117371,0.081690
2435800,0.127700,0.081690
2435900,0.119249,0.081690
2436000,0.116432,0.081690
2436100,0.109859,0.081690
2436200,0.113615,0.081690
2436300,0.104225,0.081690
2436400,0.123944,0.081690
2436500,0.129577,0.081690
2436600,0.111737,0.081690
2436700,0.124883,0.081690
2436800,0.112676,0.081690
2436900,0.120188,0.081690
2437000,0.121127,0.081690
2437100,0.119249,0.081690
2437200,0.118310,0.081690
2437300,0.127700,0.081690
2437400,0.115493,0.081690
2437500,0.137089,0.081690
2437600,0.129577,0.081690
2437700,0.123944,0.081690
2437800,0.118310,0.081690
2437900,0.114554,0.081690
2438000,0.104225,0.081690
2438100,0.106103,0.081690
2438200,0.114554,0.081690
2438300,0.115493,0.081690
2438400,0.112676,0.081690
2438500,0.124883,0.081690
2438600,0.129577,0.081690
2438700,0.140845,0.081690
2438800,0.131455,0.081690
2438900,0.134272,0.081690
2439000,0.121127,0.081690
2439100,0.106103,0.081690
2439200,0.112676,0.081690
2439300,0.118310,0.081690
2439400,0.122066,0.081690
2439500,0.130516,0.081690
2439600,0.114554,0.081690
2439700,0.122066,0.081690
2439800,0.123944,0.081690
2439900,0.104225,0.081690
2440000,0.115493,0.081690
2440100,0.117371,0.081690
2440200,0.115493,0.081690
2440300,0.118310,0.081690
2440400,0.140845,0.081690
2440500,0.125822,0.081690
2440600,0.117371,0.081690
2440700,0.137089,0.081690
2440800,0.118310,0.081690
2440900,0.123944,0.081690
2441000,0.129577,0.081690
2441100,0.132394,0.081690
2441200,0.123944,0.081690
2441300,0.130516,0.081690
2441400,0.118310,0.081690
2441500,0.132394,0.081690
2441600,0.108920,0.081690
2441700,0.123944,0.081690
2441800,0.121127,0.081690
2441900,0.108920,0.081690
2442000,0.116432,0.081690
2442100,0.121127,0.081690
2442200,0.115493,0.081690
2442300,0.126761,0.081690
2442400,0.117371,0.081690
2442500,0.113615,0.081690
2442600,0.107981,0.081690
2442700,0.107042,0.081690
2442800,0.115493,0.081690
2442900,0.103286,0.081690
2443000,0.126761,0.081690
2443100,0.144601,0.081690
2443200,0.114554,0.081690
2443300,0.129577,0.081690
2443400,0.117371,0.081690
2443500,0.099531,0.081690
2443600,0.129577,0.081690
2443700,0.126761,0.081690
2443800,0.116432,0.081690
2443900,0.127700,0.081690
2444000,0.121127,0.081690
2444100,0.128638,0.081690
2444200,0.123005,0.081690
2444300,0.119249,0.081690
2444400,0.117371,0.081690
2444500,0.121127,0.081690
2444600,0.113615,0.081690
2444700,0.118310,0.081690
2444800,0.110798,0.081690
2444900,0.123005,0.081690
2445000,0.103286,0.081690
2445100,0.128638,0.081690
2445200,0.126761,0.081690
2445300,0.118310,0.081690
2445400,0.112676,0.081690
2445500,0.120188,0.081690
2445600,0.123944,0.081690
2445700,0.115493,0.081690
2445800,0.123005,0.081690
2445900,0.112676,0.081690
2446000,0.114554,0.081690
2446100,0.122066,0.081690
2446200,0.119249,0.081690
2446300,0.107981,0.081690
2446400,0.107981,0.081690
2446500,0.120188,0.081690
2446600,0.137089,0.081690
2446700,0.126761,0.081690
2446800,0.129577,0.081690
2446900,0.109859,0.081690
2447000,0.114554,0.081690
2447100,0.125822,0.081690
2447200,0.117371,0.081690
2447300,0.108920,0.081690
2447400,0.104225,0.081690
2447500,0.128638,0.081690
2447600,0.112676,0.081690
2447700,0.124883,0.081690
2447800,0.123005,0.081690
2447900,0.120188,0.081690
2448000,0.107042,0.081690
2448100,0.106103,0.081690
2448200,0.129577,0.081690
2448300,0.135211,0.081690
2448400,0.118310,0.081690
2448500,0.127700,0.081690
2448600,0.115493,0.081690
2448700,0.138967,0.081690
2448800,0.134272,0.081690
2448900,0.126761,0.081690
2449000,0.124883,0.081690
2449100,0.101408,0.081690
2449200,0.123005,0.081690
2449300,0.144601,0.081690
2449400,0.118310,0.081690
2449500,0.095775,0.081690
2449600,0.109859,0.081690
2449700,0.135211,0.081690
2449800,0.127700,0.081690
2449900,0.109859,0.081690
2450000,0.126761,0.081690
2450100,0.113615,0.081690
2450200,0.107981,0.081690
2450300,0.118310,0.081690
2450400,0.114554,0.081690
2450500,0.119249,0.081690
2450600,0.119249,0.081690
2450700,0.132394,0.081690
2450800,0.127700,0.081690
2450900,0.116432,0.081690
2451000,0.106103,0.081690
2451100,0.123944,0.081690
2451200,0.117371,0.081690
2451300,0.127700,0.081690
2451400,0.109859,0.081690
2451500,0.111737,0.081690
2451600,0.114554,0.081690
2451700,0.104225,0.081690
2451800,0.123944,0.081690
2451900,0.123944,0.081690
2452000,0.115493,0.081690
2452100,0.104225,0.081690
2452200,0.110798,0.081690
2452300,0.116432,0.081690
2452400,0.108920,0.081690
2452500,0.127700,0.081690
2452600,0.146479,0.081690
2452700,0.138967,0.081690
2452800,0.123005,0.081690
2452900,0.134272,0.081690
2453000,0.137089,0.081690
2453100,0.126761,0.081690
2453200,0.128638,0.081690
2453300,0.116432,0.081690
2453400,0.132394,0.081690
2453500,0.132394,0.081690
2453600,0.132394,0.081690
2453700,0.123944,0.081690
2453800,0.117371,0.081690
2453900,0.118310,0.081690
2454000,0.117371,0.081690
2454100,0.136150,0.081690
2454200,0.141784,0.081690
2454300,0.111737,0.081690
2454400,0.111737,0.081690
2454500,0.129577,0.081690
2454600,0.123944,0.081690
2454700,0.129577,0.081690
2454800,0.122066,0.081690
2454900,0.128638,0.081690
2455000,0.118310,0.081690
2455100,0.117371,0.081690
2455200,0.121127,0.081690
2455300,0.123005,0.081690
2455400,0.130516,0.081690
2455500,0.138028,0.081690
2455600,0.120188,0.081690
2455700,0.125822,0.081690
2455800,0.134272,0.081690
2455900,0.138967,0.081690
2456000,0.118310,0.081690
2456100,0.120188,0.081690
2456200,0.116432,0.081690
2456300,0.126761,0.081690
2456400,0.140845,0.081690
2456500,0.128638,0.081690
2456600,0.124883,0.081690
2456700,0.122066,0.081690
2456800,0.122066,0.081690
2456900,0.133333,0.081690
2457000,0.132394,0.081690
2457100,0.127700,0.081690
2457200,0.135211,0.081690
2457300,0.130516,0.081690
2457400,0.108920,0.081690
2457500,0.105164,0.081690
2457600,0.111737,0.081690
2457700,0.115493,0.081690
2457800,0.123944,0.081690
2457900,0.107981,0.081690
2458000,0.122066,0.081690
2458100,0.117371,0.081690
2458200,0.125822,0.081690
2458300,0.134272,0.081690
2458400,0.120188,0.081690
2458500,0.128638,0.081690
2458600,0.107981,0.081690
2458700,0.108920,0.081690
2458800,0.134272,0.081690
2458900,0.114554,0.081690
2459000,0.138028,0.081690
2459100,0.116432,0.081690
2459200,0.109859,0.081690
2459300,0.119249,0.081690
2459400,0.101408,0.081690
2459500,0.103286,0.081690
2459600,0.131455,0.081690
2459700,0.124883,0.081690
2459800,0.138967,0.081690
2459900,0.125822,0.081690
2460000,0.118310,0.081690
2460100,0.123944,0.081690
2460200,0.120188,0.081690
2460300,0.127700,0.081690
2460400,0.106103,0.081690
2460500,0.118310,0.081690
2460600,0.120188,0.081690
2460700,0.118310,0.081690
2460800,0.120188,0.081690
2460900,0.109859,0.081690
2461000,0.109859,0.081690
2461100,0.113615,0.081690
2461200,0.120188,0.081690
2461300,0.108920,0.081690
2461400,0.110798,0.081690
2461500,0.125822,0.081690
2461600,0.114554,0.081690
2461700,0.130516,0.081690
2461800,0.123944,0.081690
2461900,0.131455,0.081690
2462000,0.111737,0.081690
2462100,0.131455,0.081690
2462200,0.124883,0.081690
2462300,0.123005,0.081690
2462400,0.117371,0.081690
2462500,0.121127,0.081690
2462600,0.141784,0.081690
2462700,0.126761,0.081690
2462800,0.118310,0.081690
2462900,0.109859,0.081690
2463000,0.119249,0.081690
2463100,0.126761,0.081690
2463200,0.131455,0.081690
2463300,0.123005,0.081690
2463400,0.132394,0.081690
2463500,0.131455,0.081690
2463600,0.129577,0.081690
2463700,0.120188,0.081690
2463800,0.109859,0.081690
2463900,0.113615,0.081690
2464000,0.113615,0.081690
2464100,0.116432,0.081690
2464200,0.119249,0.081690
2464300,0.117371,0.081690
2464400,0.112676,0.081690
2464500,0.128638,0.081690
2464600,0.137089,0.081690
2464700,0.122066,0.081690
2464800,0.125822,0.081690
2464900,0.120188,0.081690
2465000,0.110798,0.081690
2465100,0.109859,0.081690
2465200,0.123944,0.081690
2465300,0.126761,0.081690
2465400,0.115493,0.081690
2465500,0.129577,0.081690
2465600,0.130516,0.081690
2465700,0.137089,0.081690
2465800,0.127700,0.081690
2465900,0.104225,0.081690
2466000,0.117371,0.081690
2466100,0.117371,0.081690
2466200,0.116432,0.081690
2466300,0.127700,0.081690
2466400,0.140845,0.081690
2466500,0.123005,0.081690
2466600,0.128638,0.081690
2466700,0.123005,0.081690
2466800,0.121127,0.081690
2466900,0.120188,0.081690
2467000,0.115493,0.081690
2467100,0.119249,0.081690
2467200,0.123944,0.081690
2467300,0.127700,0.081690
2467400,0.112676,0.081690
2467500,0.118310,0.081690
2467600,0.122066,0.081690
2467700,0.118310,0.081690
2467800,0.100469,0.081690
2467900,0.109859,0.081690
2468000,0.137089,0.081690
2468100,0.130516,0.081690
2468200,0.120188,0.081690
2468300,0.115493,0.081690
2468400,0.118310,0.081690
2468500,0.111737,0.081690
2468600,0.132394,0.081690
2468700,0.117371,0.081690
2468800,0.115493,0.081690
2468900,0.127700,0.081690
2469000,0.126761,0.081690
2469100,0.132394,0.081690
2469200,0.122066,0.081690
2469300,0.125822,0.081690
2469400,0.109859,0.081690
2469500,0.106103,0.081690
2469600,0.127700,0.081690
2469700,0.120188,0.081690
2469800,0.113615,0.081690
2469900,0.109859,0.081690
2470000,0.127700,0.081690
2470100,0.128638,0.081690
2470200,0.097653,0.081690
2470300,0.125822,0.081690
2470400,0.120188,0.081690
2470500,0.120188,0.081690
2470600,0.122066,0.081690
2470700,0.125822,0.081690
2470800,0.123944,0.081690
2470900,0.117371,0.081690
2471000,0.137089,0.081690
2471100,0.138028,0.081690
2471200,0.133333,0.081690
2471300,0.124883,0.081690
2471400,0.123005,0.081690
2471500,0.123944,0.081690
2471600,0.116432,0.081690
2471700,0.120188,0.081690
2471800,0.117371,0.081690
2471900,0.113615,0.081690
2472000,0.124883,0.081690
2472100,0.131455,0.081690
2472200,0.121127,0.081690
2472300,0.115493,0.081690
2472400,0.116432,0.081690
2472500,0.110798,0.081690
2472600,0.107042,0.081690
2472700,0.104225,0.081690
2472800,0.117371,0.081690
2472900,0.123944,0.081690
2473000,0.137089,0.081690
2473100,0.130516,0.081690
2473200,0.107042,0.081690
2473300,0.107042,0.081690
2473400,0.126761,0.081690
2473500,0.114554,0.081690
2473600,0.148357,0.081690
2473700,0.141784,0.081690
2473800,0.117371,0.081690
2473900,0.133333,0.081690
2474000,0.129577,0.081690
2474100,0.115493,0.081690
2474200,0.122066,0.081690
2474300,0.119249,0.081690
2474400,0.122066,0.081690
2474500,0.132394,0.081690
2474600,0.127700,0.081690
2474700,0.132394,0.081690
2474800,0.120188,0.081690
2474900,0.113615,0.081690
2475000,0.109859,0.081690
2475100,0.136150,0.081690
2475200,0.133333,0.081690
2475300,0.119249,0.081690
2475400,0.110798,0.081690
2475500,0.114554,0.081690
2475600,0.115493,0.081690
2475700,0.128638,0.081690
2475800,0.123944,0.081690
2475900,0.110798,0.081690
2476000,0.117371,0.081690
2476100,0.127700,0.081690
2476200,0.127700,0.081690
2476300,0.134272,0.081690
2476400,0.139906,0.081690
2476500,0.117371,0.081690
2476600,0.103286,0.081690
2476700,0.116432,0.081690
2476800,0.104225,0.081690
2476900,0.118310,0.081690
2477000,0.133333,0.081690
2477100,0.119249,0.081690
2477200,0.114554,0.081690
2477300,0.107042,0.081690
2477400,0.113615,0.081690
2477500,0.122066,0.081690
2477600,0.125822,0.081690
2477700,0.121127,0.081690
2477800,0.124883,0.081690
2477900,0.122066,0.081690
2478000,0.118310,0.081690
2478100,0.135211,0.081690
2478200,0.116432,0.081690
2478300,0.126761,0.081690
2478400,0.123005,0.081690
2478500,0.133333,0.081690
2478600,0.131455,0.081690
2478700,0.133333,0.081690
2478800,0.103286,0.081690
2478900,0.098592,0.081690
2479000,0.102347,0.081690
2479100,0.115493,0.081690
2479200,0.106103,0.081690
2479300,0.118310,0.081690
2479400,0.112676,0.081690
2479500,0.113615,0.081690
2479600,0.122066,0.081690
2479700,0.111737,0.081690
2479800,0.117371,0.081690
2479900,0.128638,0.081690
2480000,0.131455,0.081690
2480100,0.107042,0.081690
2480200,0.117371,0.081690
2480300,0.123005,0.081690
2480400,0.114554,0.081690
2480500,0.128638,0.081690
2480600,0.128638,0.081690
2480700,0.107981,0.081690
2480800,0.114554,0.081690
2480900,0.135211,0.081690
2481000,0.133333,0.081690
2481100,0.134272,0.081690
2481200,0.127700,0.081690
2481300,0.125822,0.081690
2481400,0.123944,0.081690
2481500,0.121127,0.081690
2481600,0.140845,0.081690
2481700,0.109859,0.081690
2481800,0.107981,0.081690
2481900,0.117371,0.081690
2482000,0.123944,0.081690
2482100,0.128638,0.081690
2482200,0.123944,0.081690
2482300,0.132394,0.081690
2482400,0.123944,0.081690
2482500,0.135211,0.081690
2482600,0.124883,0.081690
2482700,0.119249,0.081690
2482800,0.113615,0.081690
2482900,0.128638,0.081690
2483000,0.121127,0.081690
2483100,0.132394,0.081690
2483200,0.126761,0.081690
2483300,0.131455,0.081690
2483400,0.136150,0.081690
2483500,0.117371,0.081690
2483600,0.126761,0.081690
2483700,0.126761,0.081690
2483800,0.108920,0.081690
2483900,0.123944,0.081690
2484000,0.126761,0.081690
2484100,0.131455,0.081690
2484200,0.123944,0.081690
2484300,0.132394,0.081690
2484400,0.131455,0.081690
2484500,0.123944,0.081690
2484600,0.108920,0.081690
2484700,0.103286,0.081690
2484800,0.112676,0.081690
2484900,0.126761,0.081690
2485000,0.133333,0.081690
2485100,0.127700,0.081690
2485200,0.130516,0.081690
2485300,0.115493,0.081690
2485400,0.130516,0.081690
2485500,0.127700,0.081690
2485600,0.114554,0.081690
2485700,0.107981,0.081690
2485800,0.121127,0.081690
2485900,0.108920,0.081690
2486000,0.124883,0.081690
2486100,0.121127,0.081690
2486200,0.143662,0.081690
2486300,0.142723,0.081690
2486400,0.130516,0.081690
2486500,0.101408,0.081690
2486600,0.130516,0.081690
2486700,0.130516,0.081690
2486800,0.116432,0.081690
2486900,0.118310,0.081690
2487000,0.133333,0.081690
2487100,0.128638,0.081690
2487200,0.131455,0.081690
2487300,0.132394,0.081690
2487400,0.141784,0.081690
2487500,0.110798,0.081690
2487600,0.119249,0.081690
2487700,0.119249,0.081690
2487800,0.119249,0.081690
2487900,0.113615,0.081690
2488000,0.122066,0.081690
2488100,0.115493,0.081690
2488200,0.138028,0.081690
2488300,0.139906,0.081690
2488400,0.124883,0.081690
2488500,0.121127,0.081690
2488600,0.119249,0.081690
2488700,0.105164,0.081690
2488800,0.117371,0.081690
2488900,0.122066,0.081690
2489000,0.122066,0.081690
2489100,0.126761,0.081690
2489200,0.116432,0.081690
2489300,0.126761,0.081690
2489400,0.138028,0.081690
2489500,0.125822,0.081690
2489600,0.125822,0.081690
2489700,0.129577,0.081690
2489800,0.132394,0.081690
2489900,0.134272,0.081690
2490000,0.133333,0.081690
2490100,0.130516,0.081690
2490200,0.136150,0.081690
2490300,0.109859,0.081690
2490400,0.112676,0.081690
2490500,0.128638,0.081690
2490600,0.114554,0.081690
2490700,0.138967,0.081690
2490800,0.115493,0.081690
2490900,0.116432,0.081690
2491000,0.132394,0.081690
2491100,0.115493,0.081690
2491200,0.111737,0.081690
2491300,0.130516,0.081690
2491400,0.129577,0.081690
2491500,0.128638,0.081690
2491600,0.121127,0.081690
2491700,0.099531,0.081690
2491800,0.123944,0.081690
2491900,0.137089,0.081690
2492000,0.133333,0.081690
2492100,0.126761,0.081690
2492200,0.107981,0.081690
2492300,0.133333,0.081690
2492400,0.123005,0.081690
2492500,0.117371,0.081690
2492600,0.121127,0.081690
2492700,0.099531,0.081690
2492800,0.116432,0.081690
2492900,0.117371,0.081690
2493000,0.129577,0.081690
2493100,0.110798,0.081690
2493200,0.120188,0.081690
2493300,0.122066,0.081690
2493400,0.102347,0.081690
2493500,0.121127,0.081690
2493600,0.116432,0.081690
2493700,0.123944,0.081690
2493800,0.121127,0.081690
2493900,0.108920,0.081690
2494000,0.096714,0.081690
2494100,0.114554,0.081690
2494200,0.106103,0.081690
2494300,0.107042,0.081690
2494400,0.115493,0.081690
2494500,0.109859,0.081690
2494600,0.102347,0.081690
2494700,0.116432,0.081690
2494800,0.120188,0.081690
2494900,0.113615,0.081690
2495000,0.116432,0.081690
2495100,0.114554,0.081690
2495200,0.115493,0.081690
2495300,0.126761,0.081690
2495400,0.119249,0.081690
2495500,0.103286,0.081690
2495600,0.122066,0.081690
2495700,0.123005,0.081690
2495800,0.102347,0.081690
2495900,0.104225,0.081690
2496000,0.118310,0.081690
2496100,0.125822,0.081690
2496200,0.121127,0.081690
2496300,0.114554,0.081690
2496400,0.119249,0.081690
2496500,0.126761,0.081690
2496600,0.126761,0.081690
2496700,0.127700,0.081690
2496800,0.126761,0.081690
2496900,0.134272,0.081690
2497000,0.119249,0.081690
2497100,0.123005,0.081690
2497200,0.124883,0.081690
2497300,0.133333,0.081690
2497400,0.137089,0.081690
2497500,0.123005,0.081690
2497600,0.139906,0.081690
2497700,0.131455,0.081690
2497800,0.122066,0.081690
2497900,0.128638,0.081690
2498000,0.129577,0.081690
2498100,0.112676,0.081690
2498200,0.117371,0.081690
2498300,0.112676,0.081690
2498400,0.129577,0.081690
2498500,0.136150,0.081690
2498600,0.113615,0.081690
2498700,0.123005,0.081690
2498800,0.120188,0.081690
2498900,0.131455,0.081690
2499000,0.123005,0.081690
2499100,0.138028,0.081690
2499200,0.108920,0.081690
2499300,0.103286,0.081690
2499400,0.105164,0.081690
2499500,0.127700,0.081690
2499600,0.123944,0.081690
2499700,0.108920,0.081690
2499800,0.124883,0.081690
2499900,0.119249,0.081690
2500000,0.138028,0.081690
2500100,0.127700,0.081690
2500200,0.130516,0.081690
2500300,0.117371,0.081690
2500400,0.124883,0.081690
2500500,0.107981,0.081690
2500600,0.119249,0.081690
2500700,0.107981,0.081690
2500800,0.123005,0.081690
2500900,0.107042,0.081690
2501000,0.136150,0.081690
2501100,0.139906,0.081690
2501200,0.134272,0.081690
2501300,0.131455,0.081690
2501400,0.120188,0.081690
2501500,0.111737,0.081690
2501600,0.135211,0.081690
2501700,0.110798,0.081690
2501800,0.120188,0.081690
2501900,0.120188,0.081690
2502000,0.126761,0.081690
2502100,0.123944,0.081690
2502200,0.116432,0.081690
2502300,0.118310,0.081690
2502400,0.102347,0.081690
2502500,0.103286,0.081690
2502600,0.130516,0.081690
2502700,0.118310,0.081690
2502800,0.120188,0.081690
2502900,0.123005,0.081690
2503000,0.124883,0.081690
2503100,0.131455,0.081690
2503200,0.116432,0.081690
2503300,0.124883,0.081690
2503400,0.140845,0.081690
2503500,0.131455,0.081690
2503600,0.120188,0.081690
2503700,0.134272,0.081690
2503800,0.130516,0.081690
2503900,0.125822,0.081690
2504000,0.132394,0.081690
2504100,0.122066,0.081690
2504200,0.131455,0.081690
2504300,0.120188,0.081690
2504400,0.134272,0.081690
2504500,0.117371,0.081690
2504600,0.116432,0.081690
2504700,0.118310,0.081690
2504800,0.131455,0.081690
2504900,0.126761,0.081690
2505000,0.135211,0.081690
2505100,0.120188,0.081690
2505200,0.109859,0.081690
2505300,0.109859,0.081690
2505400,0.106103,0.081690
2505500,0.115493,0.081690
2505600,0.111737,0.081690
2505700,0.100469,0.081690
2505800,0.118310,0.081690
2505900,0.127700,0.081690
2506000,0.121127,0.081690
2506100,0.097653,0.081690
2506200,0.117371,0.081690
2506300,0.132394,0.081690
2506400,0.135211,0.081690
2506500,0.141784,0.081690
2506600,0.127700,0.081690
2506700,0.124883,0.081690
2506800,0.121127,0.081690
2506900,0.109859,0.081690
2507000,0.126761,0.081690
2507100,0.131455,0.081690
2507200,0.106103,0.081690
2507300,0.122066,0.081690
2507400,0.102347,0.081690
2507500,0.119249,0.081690
2507600,0.106103,0.081690
2507700,0.123944,0.081690
2507800,0.145540,0.081690
2507900,0.122066,0.081690
2508000,0.127700,0.081690
2508100,0.129577,0.081690
2508200,0.109859,0.081690
2508300,0.112676,0.081690
2508400,0.119249,0.081690
2508500,0.128638,0.081690
2508600,0.116432,0.081690
2508700,0.120188,0.081690
2508800,0.122066,0.081690
2508900,0.126761,0.081690
2509000,0.118310,0.081690
2509100,0.123944,0.081690
2509200,0.115493,0.081690
2509300,0.130516,0.081690
2509400,0.149296,0.081690
2509500,0.134272,0.081690
2509600,0.130516,0.081690
2509700,0.129577,0.081690
2509800,0.121127,0.081690
2509900,0.117371,0.081690
2510000,0.114554,0.081690
2510100,0.107981,0.081690
2510200,0.116432,0.081690
2510300,0.114554,0.081690
2510400,0.108920,0.081690
2510500,0.124883,0.081690
2510600,0.117371,0.081690
2510700,0.110798,0.081690
2510800,0.139906,0.081690
2510900,0.145540,0.081690
2511000,0.132394,0.081690
2511100,0.123005,0.081690
2511200,0.114554,0.081690
2511300,0.111737,0.081690
2511400,0.120188,0.081690
2511500,0.120188,0.081690
2511600,0.132394,0.081690
2511700,0.117371,0.081690
2511800,0.114554,0.081690
2511900,0.093897,0.081690
2512000,0.110798,0.081690
2512100,0.132394,0.081690
2512200,0.128638,0.081690
2512300,0.114554,0.081690
2512400,0.121127,0.081690
2512500,0.132394,0.081690
2512600,0.114554,0.081690
2512700,0.123005,0.081690
2512800,0.112676,0.081690
2512900,0.112676,0.081690
2513000,0.102347,0.081690
2513100,0.107042,0.081690
2513200,0.123944,0.081690
2513300,0.121127,0.081690
2513400,0.120188,0.081690
2513500,0.112676,0.081690
2513600,0.116432,0.081690
2513700,0.114554,0.081690
2513800,0.130516,0.081690
2513900,0.134272,0.081690
2514000,0.115493,0.081690
2514100,0.119249,0.081690
2514200,0.122066,0.081690
2514300,0.109859,0.081690
2514400,0.120188,0.081690
2514500,0.139906,0.081690
2514600,0.133333,0.081690
2514700,0.124883,0.081690
2514800,0.131455,0.081690
2514900,0.119249,0.081690
2515000,0.115493,0.081690
2515100,0.110798,0.081690
2515200,0.111737,0.081690
2515300,0.118310,0.081690
2515400,0.145540,0.081690
2515500,0.130516,0.081690
2515600,0.122066,0.081690
2515700,0.122066,0.081690
2515800,0.116432,0.081690
2515900,0.111737,0.081690
2516000,0.127700,0.081690
2516100,0.126761,0.081690
2516200,0.126761,0.081690
2516300,0.127700,0.081690
2516400,0.118310,0.081690
2516500,0.122066,0.081690
2516600,0.120188,0.081690
2516700,0.126761,0.081690
2516800,0.114554,0.081690
2516900,0.138967,0.081690
2517000,0.118310,0.081690
2517100,0.120188,0.081690
2517200,0.128638,0.081690
2517300,0.128638,0.081690
2517400,0.122066,0.081690
2517500,0.109859,0.081690
2517600,0.107981,0.081690
2517700,0.112676,0.081690
2517800,0.125822,0.081690
2517900,0.124883,0.081690
2518000,0.112676,0.081690
2518100,0.118310,0.081690
2518200,0.117371,0.081690
2518300,0.112676,0.081690
2518400,0.106103,0.081690
2518500,0.107981,0.081690
2518600,0.103286,0.081690
2518700,0.101408,0.081690
2518800,0.123005,0.081690
2518900,0.129577,0.081690
2519000,0.129577,0.081690
2519100,0.135211,0.081690
2519200,0.114554,0.081690
2519300,0.107981,0.081690
2519400,0.108920,0.081690
2519500,0.113615,0.081690
2519600,0.121127,0.081690
2519700,0.109859,0.081690
2519800,0.123005,0.081690
2519900,0.141784,0.081690
2520000,0.127700,0.081690
2520100,0.125822,0.081690
2520200,0.134272,0.081690
2520300,0.113615,0.081690
2520400,0.124883,0.081690
2520500,0.131455,0.081690
2520600,0.124883,0.081690
2520700,0.136150,0.081690
2520800,0.124883,0.081690
2520900,0.120188,0.081690
2521000,0.125822,0.081690
2521100,0.132394,0.081690
2521200,0.124883,0.081690
2521300,0.124883,0.081690
2521400,0.130516,0.081690
2521500,0.123005,0.081690
2521600,0.113615,0.081690
2521700,0.138028,0.081690
2521800,0.129577,0.081690
2521900,0.108920,0.081690
2522000,0.130516,0.081690
2522100,0.127700,0.081690
2522200,0.115493,0.081690
2522300,0.111737,0.081690
2522400,0.114554,0.081690
2522500,0.107981,0.081690
2522600,0.123005,0.081690
2522700,0.114554,0.081690
2522800,0.126761,0.081690
2522900,0.115493,0.081690
2523000,0.138967,0.081690
2523100,0.139906,0.081690
2523200,0.114554,0.081690
2523300,0.118310,0.081690
2523400,0.125822,0.081690
2523500,0.137089,0.081690
2523600,0.122066,0.081690
2523700,0.120188,0.081690
2523800,0.116432,0.081690
2523900,0.121127,0.081690
2524000,0.125822,0.081690
2524100,0.138967,0.081690
2524200,0.129577,0.081690
2524300,0.125822,0.081690
2524400,0.123005,0.081690
2524500,0.131455,0.081690
2524600,0.129577,0.081690
2524700,0.121127,0.081690
2524800,0.118310,0.081690
2524900,0.125822,0.081690
2525000,0.118310,0.081690
2525100,0.113615,0.081690
2525200,0.133333,0.081690
2525300,0.117371,0.081690
2525400,0.121127,0.081690
2525500,0.112676,0.081690
2525600,0.125822,0.081690
2525700,0.115493,0.081690
2525800,0.141784,0.081690
2525900,0.127700,0.081690
2526000,0.123944,0.081690
2526100,0.121127,0.081690
2526200,0.114554,0.081690
2526300,0.112676,0.081690
2526400,0.116432,0.081690
2526500,0.113615,0.081690
2526600,0.129577,0.081690
2526700,0.106103,0.081690
2526800,0.135211,0.081690
2526900,0.119249,0.081690
2527000,0.140845,0.081690
2527100,0.130516,0.081690
2527200,0.108920,0.081690
2527300,0.101408,0.081690
2527400,0.104225,0.081690
2527500,0.121127,0.081690
2527600,0.128638,0.081690
2527700,0.111737,0.081690
2527800,0.116432,0.081690
2527900,0.123005,0.081690
2528000,0.123944,0.081690
2528100,0.110798,0.081690
2528200,0.120188,0.081690
2528300,0.120188,0.081690
2528400,0.137089,0.081690
2528500,0.142723,0.081690
2528600,0.112676,0.081690
2528700,0.126761,0.081690
2528800,0.107042,0.081690
2528900,0.121127,0.081690
2529000,0.104225,0.081690
2529100,0.112676,0.081690
2529200,0.110798,0.081690
2529300,0.107981,0.081690
2529400,0.118310,0.081690
2529500,0.121127,0.081690
2529600,0.125822,0.081690
2529700,0.127700,0.081690
2529800,0.114554,0.081690
2529900,0.123005,0.081690
2530000,0.113615,0.081690
2530100,0.107981,0.081690
2530200,0.132394,0.081690
2530300,0.113615,0.081690
2530400,0.124883,0.081690
2530500,0.127700,0.081690
2530600,0.114554,0.081690
2530700,0.127700,0.081690
2530800,0.113615,0.081690
2530900,0.128638,0.081690
2531000,0.129577,0.081690
2531100,0.122066,0.081690
2531200,0.126761,0.081690
2531300,0.124883,0.081690
2531400,0.109859,0.081690
2531500,0.118310,0.081690
2531600,0.136150,0.081690
2531700,0.131455,0.081690
2531800,0.137089,0.081690
2531900,0.137089,0.081690
2532000,0.144601,0.081690
2532100,0.120188,0.081690
2532200,0.123005,0.081690
2532300,0.125822,0.081690
2532400,0.128638,0.081690
2532500,0.131455,0.081690
2532600,0.126761,0.081690
2532700,0.124883,0.081690
2532800,0.111737,0.081690
2532900,0.116432,0.081690
2533000,0.129577,0.081690
2533100,0.135211,0.081690
2533200,0.120188,0.081690
2533300,0.111737,0.081690
2533400,0.104225,0.081690
2533500,0.142723,0.081690
2533600,0.115493,0.081690
2533700,0.117371,0.081690
2533800,0.128638,0.081690
2533900,0.131455,0.081690
2534000,0.126761,0.081690
2534100,0.146479,0.081690
2534200,0.118310,0.081690
2534300,0.126761,0.081690
2534400,0.129577,0.081690
2534500,0.128638,0.081690
2534600,0.125822,0.081690
2534700,0.132394,0.081690
2534800,0.137089,0.081690
2534900,0.118310,0.081690
2535000,0.113615,0.081690
2535100,0.123944,0.081690
2535200,0.132394,0.081690
2535300,0.114554,0.081690
2535400,0.132394,0.081690
2535500,0.130516,0.081690
2535600,0.135211,0.081690
2535700,0.148357,0.081690
2535800,0.142723,0.081690
2535900,0.123005,0.081690
2536000,0.131455,0.081690
2536100,0.134272,0.081690
2536200,0.119249,0.081690
2536300,0.119249,0.081690
2536400,0.113615,0.081690
2536500,0.115493,0.081690
2536600,0.116432,0.081690
2536700,0.131455,0.081690
2536800,0.113615,0.081690
2536900,0.112676,0.081690
2537000,0.117371,0.081690
2537100,0.117371,0.081690
2537200,0.110798,0.081690
2537300,0.115493,0.081690
2537400,0.119249,0.081690
2537500,0.138967,0.081690
2537600,0.123005,0.081690
2537700,0.118310,0.081690
2537800,0.120188,0.081690
2537900,0.105164,0.081690
2538000,0.123005,0.081690
2538100,0.129577,0.081690
2538200,0.121127,0.081690
2538300,0.106103,0.081690
2538400,0.107981,0.081690
2538500,0.118310,0.081690
2538600,0.135211,0.081690
2538700,0.117371,0.081690
2538800,0.114554,0.081690
2538900,0.111737,0.081690
2539000,0.112676,0.081690
2539100,0.122066,0.081690
2539200,0.113615,0.081690
2539300,0.138967,0.081690
2539400,0.123944,0.081690
2539500,0.130516,0.081690
2539600,0.114554,0.081690
2539700,0.100469,0.081690
2539800,0.119249,0.081690
2539900,0.121127,0.081690
2540000,0.131455,0.081690
2540100,0.131455,0.081690
2540200,0.118310,0.081690
2540300,0.132394,0.081690
2540400,0.124883,0.081690
2540500,0.122066,0.081690
2540600,0.109859,0.081690
2540700,0.108920,0.081690
2540800,0.115493,0.081690
2540900,0.119249,0.081690
2541000,0.115493,0.081690
2541100,0.127700,0.081690
2541200,0.092958,0.081690
2541300,0.125822,0.081690
2541400,0.118310,0.081690
2541500,0.130516,0.081690
2541600,0.119249,0.081690
2541700,0.122066,0.081690
2541800,0.132394,0.081690
2541900,0.123005,0.081690
2542000,0.108920,0.081690
2542100,0.117371,0.081690
2542200,0.133333,0.081690
2542300,0.124883,0.081690
2542400,0.115493,0.081690
2542500,0.123005,0.081690
2542600,0.118310,0.081690
2542700,0.116432,0.081690
2542800,0.117371,0.081690
2542900,0.123005,0.081690
2543000,0.123944,0.081690
2543100,0.114554,0.081690
2543200,0.133333,0.081690
2543300,0.123944,0.081690
2543400,0.116432,0.081690
2543500,0.123944,0.081690
2543600,0.124883,0.081690
2543700,0.116432,0.081690
2543800,0.094836,0.081690
2543900,0.096714,0.077934
2544000,0.113615,0.077934
2544100,0.120188,0.077934
2544200,0.109859,0.077934
2544300,0.113615,0.077934
2544400,0.122066,0.077934
2544500,0.115493,0.077934
2544600,0.124883,0.077934
2544700,0.110798,0.077934
2544800,0.119249,0.077934
2544900,0.123005,0.077934
2545000,0.130516,0.077934
2545100,0.130516,0.077934
2545200,0.123005,0.077934
2545300,0.103286,0.077934
2545400,0.108920,0.077934
2545500,0.128638,0.077934
2545600,0.125822,0.077934
2545700,0.138967,0.077934
2545800,0.116432,0.077934
2545900,0.130516,0.077934
2546000,0.118310,0.077934
2546100,0.122066,0.077934
2546200,0.123005,0.077934
2546300,0.115493,0.077934
2546400,0.131455,0.077934
2546500,0.154930,0.077934
2546600,0.137089,0.077934
2546700,0.106103,0.077934
2546800,0.107981,0.077934
2546900,0.100469,0.077934
2547000,0.113615,0.077934
2547100,0.123944,0.077934
2547200,0.130516,0.077934
2547300,0.118310,0.077934
2547400,0.121127,0.077934
2547500,0.100469,0.077934
2547600,0.135211,0.077934
2547700,0.122066,0.077934
2547800,0.118310,0.077934
2547900,0.123005,0.077934
2548000,0.125822,0.077934
2548100,0.111737,0.077934
2548200,0.127700,0.077934
2548300,0.122066,0.077934
2548400,0.099531,0.077934
2548500,0.101408,0.077934
2548600,0.124883,0.077934
2548700,0.117371,0.077934
2548800,0.101408,0.077934
2548900,0.111737,0.077934
2549000,0.110798,0.077934
2549100,0.118310,0.077934
2549200,0.110798,0.077934
2549300,0.122066,0.077934
2549400,0.127700,0.077934
2549500,0.124883,0.077934
2549600,0.128638,0.077934
2549700,0.140845,0.077934
2549800,0.131455,0.077934
2549900,0.116432,0.077934
2550000,0.104225,0.077934
2550100,0.124883,0.077934
2550200,0.100469,0.077934
2550300,0.130516,0.077934
2550400,0.132394,0.077934
2550500,0.122066,0.077934
2550600,0.115493,0.077934
2550700,0.123944,0.077934
2550800,0.119249,0.077934
2550900,0.116432,0.077934
2551000,0.118310,0.077934
2551100,0.103286,0.077934
2551200,0.117371,0.077934
2551300,0.114554,0.077934
2551400,0.135211,0.077934
2551500,0.110798,0.077934
2551600,0.123005,0.077934
2551700,0.123005,0.077934
2551800,0.122066,0.077934
2551900,0.116432,0.077934
2552000,0.119249,0.077934
2552100,0.124883,0.077934
2552200,0.127700,0.077934
2552300,0.138967,0.077934
2552400,0.134272,0.077934
2552500,0.107042,0.077934
2552600,0.109859,0.077934
2552700,0.107042,0.077934
2552800,0.094836,0.077934
2552900,0.099531,0.077934
2553000,0.118310,0.077934
2553100,0.123944,0.077934
2553200,0.119249,0.077934
2553300,0.131455,0.077934
2553400,0.142723,0.077934
2553500,0.133333,0.077934
2553600,0.117371,0.077934
2553700,0.125822,0.077934
2553800,0.122066,0.077934
2553900,0.114554,0.077934
2554000,0.113615,0.077934
2554100,0.120188,0.077934
2554200,0.111737,0.077934
2554300,0.116432,0.077934
2554400,0.119249,0.077934
2554500,0.119249,0.077934
2554600,0.116432,0.077934
2554700,0.126761,0.077934
2554800,0.117371,0.077934
2554900,0.128638,0.077934
2555000,0.125822,0.077934
2555100,0.114554,0.077934
2555200,0.120188,0.077934
2555300,0.129577,0.077934
2555400,0.135211,0.077934
2555500,0.115493,0.077934
2555600,0.127700,0.077934
2555700,0.116432,0.077934
2555800,0.139906,0.077934
2555900,0.117371,0.077934
2556000,0.128638,0.077934
2556100,0.131455,0.077934
2556200,0.113615,0.077934
2556300,0.111737,0.077934
2556400,0.105164,0.077934
2556500,0.114554,0.077934
2556600,0.126761,0.077934
2556700,0.124883,0.077934
2556800,0.138967,0.077934
2556900,0.104225,0.077934
2557000,0.122066,0.077934
2557100,0.114554,0.077934
2557200,0.127700,0.077934
2557300,0.119249,0.077934
2557400,0.115493,0.077934
2557500,0.119249,0.077934
2557600,0.122066,0.077934
2557700,0.122066,0.077934
2557800,0.131455,0.077934
2557900,0.112676,0.077934
2558000,0.118310,0.077934
2558100,0.123005,0.077934
2558200,0.139906,0.077934
2558300,0.118310,0.077934
2558400,0.109859,0.077934
2558500,0.120188,0.077934
2558600,0.112676,0.077934
2558700,0.124883,0.077934
2558800,0.127700,0.077934
2558900,0.131455,0.077934
2559000,0.128638,0.077934
2559100,0.107981,0.077934
2559200,0.138967,0.077934
2559300,0.133333,0.077934
2559400,0.136150,0.077934
2559500,0.123944,0.077934
2559600,0.120188,0.077934
2559700,0.119249,0.077934
2559800,0.107042,0.077934
2559900,0.113615,0.077934
2560000,0.121127,0.077934
2560100,0.114554,0.077934
2560200,0.120188,0.077934
2560300,0.125822,0.077934
2560400,0.126761,0.077934
2560500,0.141784,0.077934
2560600,0.138967,0.077934
2560700,0.141784,0.077934
2560800,0.124883,0.077934
2560900,0.122066,0.077934
2561000,0.127700,0.077934
2561100,0.117371,0.077934
2561200,0.138028,0.077934
2561300,0.131455,0.077934
2561400,0.115493,0.077934
2561500,0.127700,0.077934
2561600,0.104225,0.077934
2561700,0.110798,0.077934
2561800,0.146479,0.077934
2561900,0.116432,0.077934
2562000,0.131455,0.077934
2562100,0.127700,0.077934
2562200,0.132394,0.077934
2562300,0.142723,0.077934
2562400,0.118310,0.077934
2562500,0.108920,0.077934
2562600,0.129577,0.077934
2562700,0.124883,0.077934
2562800,0.132394,0.077934
2562900,0.134272,0.077934
2563000,0.123005,0.077934
2563100,0.124883,0.077934
2563200,0.113615,0.077934
2563300,0.106103,0.077934
2563400,0.113615,0.077934
2563500,0.117371,0.077934
2563600,0.107981,0.077934
2563700,0.119249,0.077934
2563800,0.118310,0.077934
2563900,0.106103,0.077934
2564000,0.122066,0.077934
2564100,0.129577,0.077934
2564200,0.114554,0.077934
2564300,0.131455,0.077934
2564400,0.116432,0.077934
2564500,0.121127,0.077934
2564600,0.121127,0.077934
2564700,0.119249,0.077934
2564800,0.108920,0.077934
2564900,0.113615,0.077934
2565000,0.124883,0.077934
2565100,0.132394,0.077934
2565200,0.107981,0.077934
2565300,0.107981,0.077934
2565400,0.136150,0.077934
2565500,0.129577,0.077934
2565600,0.120188,0.077934
2565700,0.137089,0.077934
2565800,0.124883,0.077934
2565900,0.116432,0.077934
2566000,0.122066,0.077934
2566100,0.114554,0.077934
2566200,0.115493,0.077934
2566300,0.133333,0.077934
2566400,0.121127,0.077934
2566500,0.104225,0.077934
2566600,0.123005,0.077934
2566700,0.129577,0.077934
2566800,0.115493,0.077934
2566900,0.111737,0.077934
2567000,0.113615,0.077934
2567100,0.134272,0.077934
2567200,0.116432,0.077934
2567300,0.119249,0.077934
2567400,0.112676,0.077934
2567500,0.127700,0.077934
2567600,0.107042,0.077934
2567700,0.101408,0.077934
2567800,0.100469,0.077934
2567900,0.108920,0.077934
2568000,0.128638,0.077934
2568100,0.123005,0.077934
2568200,0.132394,0.077934
2568300,0.135211,0.077934
2568400,0.115493,0.077934
2568500,0.109859,0.077934
2568600,0.129577,0.077934
2568700,0.111737,0.077934
2568800,0.149296,0.077934
2568900,0.123005,0.077934
2569000,0.127700,0.077934
2569100,0.133333,0.077934
2569200,0.121127,0.077934
2569300,0.120188,0.077934
2569400,0.110798,0.077934
2569500,0.113615,0.077934
2569600,0.132394,0.077934
2569700,0.135211,0.077934
2569800,0.113615,0.077934
2569900,0.107042,0.077934
2570000,0.123005,0.077934
2570100,0.138967,0.077934
2570200,0.119249,0.077934
2570300,0.130516,0.077934
2570400,0.125822,0.077934
2570500,0.110798,0.077934
2570600,0.115493,0.077934
2570700,0.123005,0.077934
2570800,0.118310,0.077934
2570900,0.099531,0.077934
2571000,0.106103,0.077934
2571100,0.121127,0.077934
2571200,0.116432,0.077934
2571300,0.124883,0.077934
2571400,0.114554,0.077934
2571500,0.123944,0.077934
2571600,0.117371,0.077934
2571700,0.119249,0.077934
2571800,0.122066,0.077934
2571900,0.115493,0.077934
2572000,0.114554,0.077934
2572100,0.109859,0.077934
2572200,0.140845,0.077934
2572300,0.148357,0.077934
2572400,0.128638,0.077934
2572500,0.136150,0.077934
2572600,0.117371,0.077934
2572700,0.120188,0.077934
2572800,0.118310,0.077934
2572900,0.115493,0.077934
2573000,0.123005,0.077934
2573100,0.114554,0.077934
2573200,0.105164,0.077934
2573300,0.102347,0.077934
2573400,0.120188,0.077934
2573500,0.128638,0.077934
2573600,0.117371,0.077934
2573700,0.122066,0.077934
2573800,0.148357,0.077934
2573900,0.137089,0.077934
2574000,0.121127,0.077934
2574100,0.136150,0.077934
2574200,0.138967,0.077934
2574300,0.136150,0.077934
2574400,0.122066,0.077934
2574500,0.117371,0.077934
2574600,0.092019,0.077934
2574700,0.105164,0.077934
2574800,0.120188,0.077934
2574900,0.123005,0.077934
2575000,0.138028,0.077934
2575100,0.130516,0.077934
2575200,0.127700,0.077934
2575300,0.137089,0.077934
2575400,0.125822,0.077934
2575500,0.119249,0.077934
2575600,0.126761,0.077934
2575700,0.113615,0.077934
2575800,0.100469,0.077934
2575900,0.112676,0.077934
2576000,0.131455,0.077934
2576100,0.116432,0.077934
2576200,0.110798,0.077934
2576300,0.123944,0.077934
2576400,0.117371,0.077934
2576500,0.114554,0.077934
2576600,0.123005,0.077934
2576700,0.131455,0.077934
2576800,0.137089,0.077934
2576900,0.125822,0.077934
2577000,0.112676,0.077934
2577100,0.108920,0.077934
2577200,0.113615,0.077934
2577300,0.110798,0.077934
2577400,0.107042,0.077934
2577500,0.116432,0.077934
2577600,0.147418,0.077934
2577700,0.131455,0.077934
2577800,0.119249,0.077934
2577900,0.120188,0.077934
2578000,0.126761,0.077934
2578100,0.118310,0.077934
2578200,0.113615,0.077934
2578300,0.114554,0.077934
2578400,0.103286,0.077934
2578500,0.110798,0.077934
2578600,0.108920,0.077934
2578700,0.119249,0.077934
2578800,0.115493,0.077934
2578900,0.131455,0.077934
2579000,0.116432,0.077934
2579100,0.118310,0.077934
2579200,0.113615,0.077934
2579300,0.108920,0.077934
2579400,0.122066,0.077934
2579500,0.122066,0.077934
2579600,0.114554,0.077934
2579700,0.129577,0.077934
2579800,0.114554,0.077934
2579900,0.123944,0.077934
2580000,0.128638,0.077934
2580100,0.118310,0.077934
2580200,0.113615,0.077934
2580300,0.108920,0.077934
2580400,0.115493,0.077934
2580500,0.112676,0.077934
2580600,0.123944,0.077934
2580700,0.135211,0.077934
2580800,0.133333,0.077934
2580900,0.107981,0.077934
2581000,0.110798,0.077934
2581100,0.129577,0.077934
2581200,0.124883,0.077934
2581300,0.129577,0.077934
2581400,0.115493,0.077934
2581500,0.114554,0.077934
2581600,0.143662,0.077934
2581700,0.143662,0.077934
2581800,0.141784,0.077934
2581900,0.140845,0.077934
2582000,0.129577,0.077934
2582100,0.136150,0.077934
2582200,0.140845,0.077934
2582300,0.132394,0.077934
2582400,0.115493,0.077934
2582500,0.112676,0.077934
2582600,0.111737,0.077934
2582700,0.117371,0.077934
2582800,0.110798,0.077934
2582900,0.128638,0.077934
2583000,0.126761,0.077934
2583100,0.124883,0.077934
2583200,0.134272,0.077934
2583300,0.128638,0.077934
2583400,0.118310,0.077934
2583500,0.129577,0.077934
2583600,0.118310,0.077934
2583700,0.104225,0.077934
2583800,0.114554,0.077934
2583900,0.140845,0.077934
2584000,0.114554,0.077934
2584100,0.108920,0.077934
2584200,0.117371,0.077934
2584300,0.113615,0.077934
2584400,0.120188,0.077934
2584500,0.118310,0.077934
2584600,0.117371,0.077934
2584700,0.141784,0.077934
2584800,0.140845,0.077934
2584900,0.130516,0.077934
2585000,0.120188,0.077934
2585100,0.131455,0.077934
2585200,0.123944,0.077934
2585300,0.137089,0.077934
2585400,0.130516,0.077934
2585500,0.107042,0.077934
2585600,0.138967,0.077934
2585700,0.139906,0.077934
2585800,0.124883,0.077934
2585900,0.105164,0.077934
2586000,0.123944,0.077934
2586100,0.122066,0.077934
2586200,0.117371,0.077934
2586300,0.104225,0.077934
2586400,0.110798,0.077934
2586500,0.116432,0.077934
2586600,0.128638,0.077934
2586700,0.109859,0.077934
2586800,0.142723,0.077934
2586900,0.124883,0.077934
2587000,0.133333,0.077934
2587100,0.123944,0.077934
2587200,0.118310,0.077934
2587300,0.133333,0.077934
2587400,0.123005,0.077934
2587500,0.113615,0.077934
2587600,0.123944,0.077934
2587700,0.125822,0.077934
2587800,0.131455,0.077934
2587900,0.119249,0.077934
2588000,0.127700,0.077934
2588100,0.124883,0.077934
2588200,0.110798,0.077934
2588300,0.114554,0.077934
2588400,0.136150,0.077934
2588500,0.138028,0.077934
2588600,0.142723,0.077934
2588700,0.135211,0.077934
2588800,0.131455,0.077934
2588900,0.117371,0.077934
2589000,0.130516,0.077934
2589100,0.114554,0.077934
2589200,0.106103,0.077934
2589300,0.118310,0.077934
2589400,0.125822,0.077934
2589500,0.110798,0.077934
2589600,0.113615,0.077934
2589700,0.127700,0.077934
2589800,0.129577,0.077934
2589900,0.106103,0.077934
2590000,0.101408,0.077934
2590100,0.106103,0.077934
2590200,0.102347,0.077934
2590300,0.109859,0.077934
2590400,0.117371,0.077934
2590500,0.112676,0.077934
2590600,0.107042,0.077934
2590700,0.133333,0.077934
2590800,0.124883,0.077934
2590900,0.128638,0.077934
2591000,0.134272,0.077934
2591100,0.117371,0.077934
2591200,0.134272,0.077934
2591300,0.111737,0.077934
2591400,0.119249,0.077934
2591500,0.112676,0.077934
2591600,0.116432,0.077934
2591700,0.119249,0.077934
2591800,0.111737,0.077934
2591900,0.121127,0.077934
2592000,0.123005,0.077934
2592100,0.117371,0.077934
2592200,0.122066,0.077934
2592300,0.128638,0.077934
2592400,0.110798,0.077934
2592500,0.115493,0.077934
2592600,0.138967,0.077934
2592700,0.133333,0.077934
2592800,0.123005,0.077934
2592900,0.123005,0.077934
2593000,0.119249,0.077934
2593100,0.122066,0.077934
2593200,0.126761,0.077934
2593300,0.129577,0.077934
2593400,0.154930,0.077934
2593500,0.123005,0.077934
2593600,0.108920,0.077934
2593700,0.119249,0.077934
2593800,0.112676,0.077934
2593900,0.100469,0.077934
2594000,0.120188,0.077934
2594100,0.123005,0.077934
2594200,0.140845,0.077934
2594300,0.135211,0.077934
2594400,0.112676,0.077934
2594500,0.123005,0.077934
2594600,0.107981,0.077934
2594700,0.111737,0.077934
2594800,0.128638,0.077934
2594900,0.123005,0.077934
2595000,0.116432,0.077934
2595100,0.123944,0.077934
2595200,0.121127,0.077934
2595300,0.140845,0.077934
2595400,0.135211,0.077934
2595500,0.121127,0.077934
2595600,0.113615,0.077934
2595700,0.127700,0.077934
2595800,0.115493,0.077934
2595900,0.133333,0.077934
2596000,0.124883,0.077934
2596100,0.123944,0.077934
2596200,0.113615,0.077934
2596300,0.116432,0.077934
2596400,0.101408,0.077934
2596500,0.114554,0.077934
2596600,0.091080,0.077934
2596700,0.121127,0.077934
2596800,0.116432,0.077934
2596900,0.109859,0.077934
2597000,0.119249,0.077934
2597100,0.111737,0.077934
2597200,0.116432,0.077934
2597300,0.118310,0.077934
2597400,0.117371,0.077934
2597500,0.123944,0.077934
2597600,0.129577,0.077934
2597700,0.134272,0.077934
2597800,0.107981,0.077934
2597900,0.127700,0.077934
2598000,0.138967,0.077934
2598100,0.109859,0.077934
2598200,0.118310,0.077934
2598300,0.118310,0.077934
2598400,0.118310,0.077934
2598500,0.121127,0.077934
2598600,0.121127,0.077934
2598700,0.141784,0.077934
2598800,0.142723,0.077934
2598900,0.138967,0.077934
2599000,0.137089,0.077934
2599100,0.133333,0.077934
2599200,0.122066,0.077934
2599300,0.115493,0.077934
2599400,0.124883,0.077934
2599500,0.125822,0.077934
2599600,0.111737,0.077934
2599700,0.108920,0.077934
2599800,0.126761,0.077934
2599900,0.141784,0.077934
2600000,0.108920,0.077934
2600100,0.103286,0.077934
2600200,0.105164,0.077934
2600300,0.116432,0.077934
2600400,0.132394,0.077934
2600500,0.118310,0.077934
2600600,0.123005,0.077934
2600700,0.129577,0.077934
2600800,0.118310,0.077934
2600900,0.123944,0.077934
2601000,0.156808,0.077934
2601100,0.135211,0.077934
2601200,0.132394,0.077934
2601300,0.122066,0.077934
2601400,0.119249,0.077934
2601500,0.117371,0.077934
2601600,0.098592,0.077934
2601700,0.115493,0.077934
2601800,0.128638,0.077934
2601900,0.122066,0.077934
2602000,0.121127,0.077934
2602100,0.116432,0.077934
2602200,0.119249,0.077934
2602300,0.114554,0.077934
2602400,0.115493,0.077934
2602500,0.114554,0.077934
2602600,0.112676,0.077934
2602700,0.128638,0.077934
2602800,0.106103,0.077934
2602900,0.102347,0.077934
2603000,0.123005,0.077934
2603100,0.115493,0.077934
2603200,0.120188,0.077934
2603300,0.113615,0.077934
2603400,0.092958,0.077934
2603500,0.121127,0.077934
2603600,0.126761,0.077934
2603700,0.110798,0.077934
2603800,0.114554,0.077934
2603900,0.101408,0.077934
2604000,0.107981,0.077934
2604100,0.104225,0.077934
2604200,0.127700,0.077934
2604300,0.133333,0.077934
2604400,0.117371,0.077934
2604500,0.106103,0.077934
2604600,0.122066,0.077934
2604700,0.129577,0.077934
2604800,0.117371,0.077934
2604900,0.138028,0.077934
2605000,0.125822,0.077934
2605100,0.123005,0.077934
2605200,0.123005,0.077934
2605300,0.122066,0.077934
2605400,0.136150,0.077934
2605500,0.124883,0.077934
2605600,0.123944,0.077934
2605700,0.132394,0.077934
2605800,0.113615,0.077934
2605900,0.129577,0.077934
2606000,0.110798,0.077934
2606100,0.132394,0.077934
2606200,0.129577,0.077934
2606300,0.136150,0.077934
2606400,0.143662,0.077934
2606500,0.140845,0.077934
2606600,0.107042,0.077934
2606700,0.133333,0.077934
2606800,0.136150,0.077934
2606900,0.129577,0.077934
2607000,0.116432,0.077934
2607100,0.131455,0.077934
2607200,0.124883,0.077934
2607300,0.139906,0.077934
2607400,0.124883,0.077934
2607500,0.126761,0.077934
2607600,0.107981,0.077934
2607700,0.116432,0.077934
2607800,0.130516,0.077934
2607900,0.139906,0.077934
2608000,0.123005,0.077934
2608100,0.119249,0.077934
2608200,0.128638,0.077934
2608300,0.130516,0.077934
2608400,0.121127,0.077934
2608500,0.104225,0.077934
2608600,0.113615,0.077934
2608700,0.121127,0.077934
2608800,0.121127,0.077934
2608900,0.125822,0.077934
2609000,0.119249,0.077934
2609100,0.135211,0.077934
2609200,0.118310,0.077934
2609300,0.133333,0.077934
2609400,0.117371,0.077934
2609500,0.129577,0.077934
2609600,0.136150,0.077934
2609700,0.138967,0.077934
2609800,0.127700,0.077934
2609900,0.108920,0.077934
2610000,0.128638,0.077934
2610100,0.131455,0.077934
2610200,0.135211,0.077934
2610300,0.117371,0.077934
2610400,0.120188,0.077934
2610500,0.124883,0.077934
2610600,0.138028,0.077934
2610700,0.125822,0.077934
2610800,0.126761,0.077934
2610900,0.130516,0.077934
2611000,0.120188,0.077934
2611100,0.105164,0.077934
2611200,0.107042,0.077934
2611300,0.123005,0.077934
2611400,0.113615,0.077934
2611500,0.120188,0.077934
2611600,0.116432,0.077934
2611700,0.125822,0.077934
2611800,0.130516,0.077934
2611900,0.110798,0.077934
2612000,0.133333,0.077934
2612100,0.118310,0.077934
2612200,0.120188,0.077934
2612300,0.130516,0.077934
2612400,0.120188,0.077934
2612500,0.146479,0.077934
2612600,0.137089,0.077934
2612700,0.142723,0.077934
2612800,0.104225,0.077934
2612900,0.115493,0.077934
2613000,0.104225,0.077934
2613100,0.115493,0.077934
2613200,0.121127,0.077934
2613300,0.126761,0.077934
2613400,0.110798,0.077934
2613500,0.121127,0.077934
2613600,0.122066,0.077934
2613700,0.119249,0.077934
2613800,0.128638,0.077934
2613900,0.136150,0.077934
2614000,0.121127,0.077934
2614100,0.106103,0.077934
2614200,0.123944,0.077934
2614300,0.123005,0.077934
2614400,0.133333,0.077934
2614500,0.126761,0.077934
2614600,0.109859,0.077934
2614700,0.138967,0.077934
2614800,0.129577,0.077934
2614900,0.134272,0.077934
2615000,0.128638,0.077934
2615100,0.119249,0.077934
2615200,0.112676,0.077934
2615300,0.111737,0.077934
2615400,0.117371,0.077934
2615500,0.117371,0.077934
2615600,0.106103,0.077934
2615700,0.136150,0.077934
2615800,0.123944,0.077934
2615900,0.107981,0.077934
2616000,0.127700,0.077934
2616100,0.133333,0.077934
2616200,0.115493,0.077934
2616300,0.121127,0.077934
2616400,0.126761,0.077934
2616500,0.121127,0.077934
2616600,0.103286,0.077934
2616700,0.116432,0.077934
2616800,0.133333,0.077934
2616900,0.119249,0.077934
2617000,0.107981,0.077934
2617100,0.123005,0.077934
2617200,0.120188,0.077934
2617300,0.138028,0.077934
2617400,0.113615,0.077934
2617500,0.130516,0.077934
2617600,0.132394,0.077934
2617700,0.124883,0.077934
2617800,0.123944,0.077934
2617900,0.108920,0.077934
2618000,0.129577,0.077934
2618100,0.126761,0.077934
2618200,0.129577,0.077934
2618300,0.117371,0.077934
2618400,0.112676,0.077934
2618500,0.117371,0.077934
2618600,0.113615,0.077934
2618700,0.127700,0.077934
2618800,0.132394,0.077934
2618900,0.123944,0.077934
2619000,0.099531,0.077934
2619100,0.121127,0.077934
2619200,0.116432,0.077934
2619300,0.118310,0.077934
2619400,0.096714,0.077934
2619500,0.108920,0.077934
2619600,0.107042,0.077934
2619700,0.112676,0.077934
2619800,0.119249,0.077934
2619900,0.121127,0.077934
2620000,0.118310,0.077934
2620100,0.116432,0.077934
2620200,0.134272,0.077934
2620300,0.135211,0.077934
2620400,0.123005,0.077934
2620500,0.111737,0.077934
2620600,0.124883,0.077934
2620700,0.117371,0.077934
2620800,0.116432,0.077934
2620900,0.130516,0.077934
2621000,0.120188,0.077934
2621100,0.115493,0.077934
2621200,0.108920,0.077934
2621300,0.124883,0.077934
2621400,0.116432,0.077934
2621500,0.138028,0.077934
2621600,0.121127,0.077934
2621700,0.112676,0.077934
2621800,0.106103,0.077934
2621900,0.123005,0.077934
2622000,0.104225,0.077934
2622100,0.120188,0.077934
2622200,0.113615,0.077934
2622300,0.120188,0.077934
2622400,0.117371,0.077934
2622500,0.133333,0.077934
2622600,0.144601,0.077934
2622700,0.140845,0.077934
2622800,0.126761,0.077934
2622900,0.108920,0.077934
2623000,0.112676,0.077934
2623100,0.104225,0.077934
2623200,0.105164,0.077934
2623300,0.129577,0.077934
2623400,0.135211,0.077934
2623500,0.113615,0.077934
2623600,0.136150,0.077934
2623700,0.123944,0.077934
2623800,0.120188,0.077934
2623900,0.123944,0.077934
2624000,0.125822,0.077934
2624100,0.122066,0.077934
2624200,0.104225,0.077934
2624300,0.123944,0.077934
2624400,0.135211,0.077934
2624500,0.118310,0.077934
2624600,0.110798,0.077934
2624700,0.103286,0.077934
2624800,0.138967,0.077934
2624900,0.111737,0.077934
2625000,0.104225,0.077934
2625100,0.135211,0.077934
2625200,0.128638,0.077934
2625300,0.130516,0.077934
2625400,0.121127,0.077934
2625500,0.125822,0.077934
2625600,0.123005,0.077934
2625700,0.098592,0.077934
2625800,0.094836,0.077934
2625900,0.123005,0.077934
2626000,0.131455,0.077934
2626100,0.113615,0.077934
2626200,0.115493,0.077934
2626300,0.114554,0.077934
2626400,0.120188,0.077934
2626500,0.111737,0.077934
2626600,0.107042,0.077934
2626700,0.137089,0.077934
2626800,0.121127,0.077934
2626900,0.121127,0.077934
2627000,0.123944,0.077934
2627100,0.144601,0.077934
2627200,0.137089,0.077934
2627300,0.151174,0.077934
2627400,0.117371,0.077934
2627500,0.128638,0.077934
2627600,0.114554,0.077934
2627700,0.117371,0.077934
2627800,0.120188,0.077934
2627900,0.122066,0.077934
2628000,0.111737,0.077934
2628100,0.119249,0.077934
2628200,0.123005,0.077934
2628300,0.125822,0.077934
2628400,0.130516,0.077934
2628500,0.115493,0.077934
2628600,0.121127,0.077934
2628700,0.111737,0.077934
2628800,0.136150,0.077934
2628900,0.119249,0.077934
2629000,0.112676,0.077934
2629100,0.116432,0.077934
2629200,0.123005,0.077934
2629300,0.103286,0.077934
2629400,0.123005,0.077934
2629500,0.119249,0.077934
2629600,0.113615,0.077934
2629700,0.143662,0.077934
2629800,0.132394,0.077934
2629900,0.123944,0.077934
2630000,0.112676,0.077934
2630100,0.117371,0.077934
2630200,0.126761,0.077934
2630300,0.113615,0.077934
2630400,0.114554,0.077934
2630500,0.119249,0.077934
2630600,0.117371,0.077934
2630700,0.117371,0.077934
2630800,0.100469,0.077934
2630900,0.106103,0.077934
2631000,0.117371,0.077934
2631100,0.114554,0.077934
2631200,0.114554,0.077934
2631300,0.099531,0.077934
2631400,0.109859,0.077934
2631500,0.108920,0.077934
2631600,0.102347,0.077934
2631700,0.105164,0.077934
2631800,0.113615,0.077934
2631900,0.112676,0.077934
2632000,0.108920,0.077934
2632100,0.111737,0.077934
2632200,0.127700,0.077934
2632300,0.128638,0.077934
2632400,0.105164,0.077934
2632500,0.120188,0.077934
2632600,0.143662,0.077934
2632700,0.130516,0.077934
2632800,0.127700,0.077934
2632900,0.125822,0.077934
2633000,0.125822,0.077934
2633100,0.117371,0.077934
2633200,0.124883,0.077934
2633300,0.129577,0.077934
2633400,0.119249,0.077934
2633500,0.110798,0.077934
2633600,0.128638,0.077934
2633700,0.103286,0.077934
2633800,0.111737,0.077934
2633900,0.107042,0.077934
2634000,0.108920,0.077934
2634100,0.141784,0.077934
2634200,0.132394,0.077934
2634300,0.134272,0.077934
2634400,0.113615,0.077934
2634500,0.122066,0.077934
2634600,0.127700,0.077934
2634700,0.116432,0.077934
2634800,0.095775,0.077934
2634900,0.108920,0.077934
2635000,0.107981,0.077934
2635100,0.110798,0.077934
2635200,0.117371,0.077934
2635300,0.126761,0.077934
2635400,0.116432,0.077934
2635500,0.121127,0.077934
2635600,0.133333,0.077934
2635700,0.122066,0.077934
2635800,0.134272,0.077934
2635900,0.123005,0.077934
2636000,0.131455,0.077934
2636100,0.110798,0.077934
2636200,0.113615,0.077934
2636300,0.107042,0.077934
2636400,0.115493,0.077934
2636500,0.124883,0.077934
2636600,0.110798,0.077934
2636700,0.127700,0.077934
2636800,0.123005,0.077934
2636900,0.123005,0.077934
2637000,0.119249,0.077934
2637100,0.115493,0.077934
2637200,0.102347,0.077934
2637300,0.118310,0.077934
2637400,0.131455,0.077934
2637500,0.126761,0.077934
2637600,0.107981,0.077934
2637700,0.114554,0.077934
2637800,0.104225,0.077934
2637900,0.130516,0.077934
2638000,0.124883,0.077934
2638100,0.120188,0.077934
2638200,0.113615,0.077934
2638300,0.132394,0.077934
2638400,0.138028,0.077934
2638500,0.127700,0.077934
2638600,0.114554,0.077934
2638700,0.113615,0.077934
2638800,0.122066,0.077934
2638900,0.113615,0.077934
2639000,0.120188,0.077934
2639100,0.125822,0.077934
2639200,0.113615,0.077934
2639300,0.115493,0.077934
2639400,0.111737,0.077934
2639500,0.113615,0.077934
2639600,0.119249,0.077934
2639700,0.123005,0.077934
2639800,0.104225,0.077934
2639900,0.117371,0.077934
2640000,0.120188,0.077934
2640100,0.117371,0.077934
2640200,0.123944,0.077934
2640300,0.123944,0.077934
2640400,0.125822,0.077934
2640500,0.137089,0.077934
2640600,0.123005,0.077934
2640700,0.117371,0.077934
2640800,0.124883,0.077934
2640900,0.125822,0.077934
2641000,0.119249,0.077934
2641100,0.113615,0.077934
2641200,0.087324,0.077934
2641300,0.106103,0.077934
2641400,0.139906,0.077934
2641500,0.132394,0.077934
2641600,0.127700,0.077934
2641700,0.134272,0.077934
2641800,0.133333,0.077934
2641900,0.124883,0.077934
2642000,0.112676,0.077934
2642100,0.133333,0.077934
2642200,0.120188,0.077934
2642300,0.124883,0.077934
2642400,0.122066,0.077934
2642500,0.123005,0.077934
2642600,0.114554,0.077934
2642700,0.123944,0.077934
2642800,0.122066,0.077934
2642900,0.121127,0.077934
2643000,0.109859,0.077934
2643100,0.111737,0.077934
2643200,0.127700,0.077934
2643300,0.129577,0.077934
2643400,0.111737,0.077934
2643500,0.113615,0.077934
2643600,0.111737,0.077934
2643700,0.122066,0.077934
2643800,0.123944,0.077934
2643900,0.106103,0.077934
2644000,0.104225,0.077934
2644100,0.121127,0.077934
2644200,0.123005,0.077934
2644300,0.146479,0.077934
2644400,0.129577,0.077934
2644500,0.140845,0.077934
2644600,0.124883,0.077934
2644700,0.131455,0.077934
2644800,0.135211,0.077934
2644900,0.133333,0.077934
2645000,0.129577,0.077934
2645100,0.123005,0.077934
2645200,0.108920,0.077934
2645300,0.112676,0.077934
2645400,0.117371,0.077934
2645500,0.107981,0.077934
2645600,0.123005,0.077934
2645700,0.112676,0.077934
2645800,0.116432,0.077934
2645900,0.115493,0.077934
2646000,0.125822,0.077934
2646100,0.121127,0.077934
2646200,0.109859,0.077934
2646300,0.114554,0.077934
2646400,0.134272,0.077934
2646500,0.123005,0.077934
2646600,0.116432,0.077934
2646700,0.109859,0.077934
2646800,0.115493,0.077934
2646900,0.126761,0.077934
2647000,0.115493,0.077934
2647100,0.111737,0.077934
2647200,0.121127,0.077934
2647300,0.119249,0.077934
2647400,0.120188,0.077934
2647500,0.120188,0.077934
2647600,0.117371,0.077934
2647700,0.109859,0.077934
2647800,0.113615,0.077934
2647900,0.141784,0.077934
2648000,0.140845,0.077934
2648100,0.110798,0.077934
2648200,0.105164,0.077934
2648300,0.123944,0.077934
2648400,0.129577,0.077934
2648500,0.117371,0.077934
2648600,0.127700,0.077934
2648700,0.133333,0.077934
2648800,0.121127,0.077934
2648900,0.112676,0.077934
2649000,0.101408,0.077934
2649100,0.097653,0.077934
2649200,0.132394,0.077934
2649300,0.134272,0.077934
2649400,0.125822,0.077934
2649500,0.117371,0.077934
2649600,0.103286,0.077934
2649700,0.114554,0.077934
2649800,0.118310,0.077934
2649900,0.138028,0.077934
2650000,0.122066,0.077934
2650100,0.101408,0.077934
2650200,0.123944,0.077934
2650300,0.128638,0.077934
2650400,0.122066,0.077934
2650500,0.122066,0.077934
2650600,0.122066,0.077934
2650700,0.127700,0.077934
2650800,0.131455,0.077934
2650900,0.127700,0.077934
2651000,0.106103,0.077934
2651100,0.127700,0.077934
2651200,0.121127,0.077934
2651300,0.107981,0.077934
2651400,0.117371,0.077934
2651500,0.115493,0.077934
2651600,0.114554,0.077934
2651700,0.131455,0.077934
2651800,0.104225,0.077934
2651900,0.088263,0.077934
2652000,0.126761,0.077934
2652100,0.129577,0.077934
2652200,0.122066,0.077934
2652300,0.111737,0.077934
2652400,0.106103,0.077934
2652500,0.114554,0.077934
2652600,0.103286,0.077934
2652700,0.140845,0.077934
2652800,0.113615,0.077934
2652900,0.120188,0.077934
2653000,0.110798,0.077934
2653100,0.103286,0.077934
2653200,0.125822,0.077934
2653300,0.108920,0.077934
2653400,0.107042,0.077934
2653500,0.116432,0.077934
2653600,0.108920,0.077934
2653700,0.107042,0.077934
2653800,0.124883,0.077934
2653900,0.114554,0.077934
2654000,0.113615,0.077934
2654100,0.120188,0.077934
2654200,0.128638,0.077934
2654300,0.126761,0.077934
2654400,0.133333,0.077934
2654500,0.118310,0.077934
2654600,0.118310,0.077934
2654700,0.121127,0.077934
2654800,0.122066,0.077934
2654900,0.108920,0.077934
2655000,0.116432,0.077934
2655100,0.125822,0.077934
2655200,0.107042,0.077934
2655300,0.109859,0.077934
2655400,0.125822,0.077934
2655500,0.122066,0.077934
2655600,0.137089,0.077934
2655700,0.122066,0.077934
2655800,0.134272,0.077934
2655900,0.107981,0.077934
2656000,0.102347,0.077934
2656100,0.109859,0.077934
2656200,0.110798,0.077934
2656300,0.111737,0.077934
2656400,0.132394,0.077934
2656500,0.147418,0.077934
2656600,0.144601,0.077934
2656700,0.126761,0.077934
2656800,0.122066,0.077934
2656900,0.131455,0.077934
2657000,0.123944,0.077934
2657100,0.123944,0.077934
2657200,0.126761,0.077934
2657300,0.118310,0.077934
2657400,0.118310,0.077934
2657500,0.121127,0.077934
2657600,0.117371,0.077934
2657700,0.115493,0.077934
2657800,0.123005,0.077934
2657900,0.126761,0.077934
2658000,0.123944,0.077934
2658100,0.102347,0.077934
2658200,0.123005,0.077934
2658300,0.131455,0.077934
2658400,0.114554,0.077934
2658500,0.116432,0.077934
2658600,0.130516,0.077934
2658700,0.097653,0.077934
2658800,0.103286,0.077934
2658900,0.109859,0.077934
2659000,0.128638,0.077934
2659100,0.116432,0.077934
2659200,0.122066,0.077934
2659300,0.107981,0.077934
2659400,0.114554,0.077934
2659500,0.120188,0.077934
2659600,0.132394,0.077934
2659700,0.131455,0.077934
2659800,0.123005,0.077934
2659900,0.113615,0.077934
2660000,0.112676,0.077934
2660100,0.107981,0.077934
2660200,0.113615,0.077934
2660300,0.129577,0.077934
2660400,0.125822,0.077934
2660500,0.118310,0.077934
2660600,0.126761,0.077934
2660700,0.112676,0.077934
2660800,0.113615,0.077934
2660900,0.123005,0.077934
2661000,0.115493,0.077934
2661100,0.107042,0.077934
2661200,0.128638,0.077934
2661300,0.103286,0.077934
2661400,0.126761,0.077934
2661500,0.130516,0.077934
2661600,0.125822,0.077934
2661700,0.134272,0.077934
2661800,0.139906,0.077934
2661900,0.133333,0.077934
2662000,0.125822,0.077934
2662100,0.134272,0.077934
2662200,0.118310,0.077934
2662300,0.115493,0.077934
2662400,0.128638,0.077934
2662500,0.125822,0.077934
2662600,0.134272,0.077934
2662700,0.141784,0.077934
2662800,0.120188,0.077934
2662900,0.114554,0.077934
2663000,0.120188,0.077934
2663100,0.129577,0.077934
2663200,0.119249,0.077934
2663300,0.106103,0.077934
2663400,0.110798,0.077934
2663500,0.123944,0.077934
2663600,0.114554,0.077934
2663700,0.129577,0.077934
2663800,0.130516,0.077934
2663900,0.131455,0.077934
2664000,0.118310,0.077934
2664100,0.120188,0.077934
2664200,0.107042,0.077934
2664300,0.123005,0.077934
2664400,0.138967,0.077934
2664500,0.117371,0.077934
2664600,0.117371,0.077934
2664700,0.117371,0.077934
2664800,0.130516,0.077934
2664900,0.113615,0.077934
2665000,0.148357,0.077934
2665100,0.129577,0.077934
2665200,0.130516,0.077934
2665300,0.129577,0.077934
2665400,0.121127,0.077934
2665500,0.133333,0.077934
2665600,0.138028,0.077934
2665700,0.124883,0.077934
2665800,0.125822,0.077934
2665900,0.117371,0.077934
2666000,0.126761,0.077934
2666100,0.116432,0.077934
2666200,0.128638,0.077934
2666300,0.114554,0.077934
2666400,0.115493,0.077934
2666500,0.116432,0.077934
2666600,0.111737,0.077934
2666700,0.116432,0.077934
2666800,0.114554,0.077934
2666900,0.109859,0.077934
2667000,0.123005,0.077934
2667100,0.109859,0.077934
2667200,0.110798,0.077934
2667300,0.111737,0.077934
2667400,0.107981,0.077934
2667500,0.130516,0.077934
2667600,0.120188,0.077934
2667700,0.129577,0.077934
2667800,0.128638,0.077934
2667900,0.138967,0.077934
2668000,0.099531,0.077934
2668100,0.127700,0.077934
2668200,0.136150,0.077934
2668300,0.142723,0.077934
2668400,0.119249,0.077934
2668500,0.155869,0.077934
2668600,0.133333,0.077934
2668700,0.114554,0.077934
2668800,0.127700,0.077934
2668900,0.126761,0.077934
2669000,0.137089,0.077934
2669100,0.116432,0.077934
2669200,0.122066,0.077934
2669300,0.123005,0.077934
2669400,0.114554,0.077934
2669500,0.111737,0.077934
2669600,0.110798,0.077934
2669700,0.097653,0.077934
2669800,0.112676,0.077934
2669900,0.110798,0.077934
2670000,0.102347,0.077934
2670100,0.115493,0.077934
2670200,0.115493,0.077934
2670300,0.113615,0.077934
2670400,0.136150,0.077934
2670500,0.139906,0.077934
2670600,0.123944,0.077934
2670700,0.124883,0.077934
2670800,0.107042,0.077934
2670900,0.134272,0.077934
2671000,0.121127,0.077934
2671100,0.116432,0.077934
2671200,0.117371,0.077934
2671300,0.106103,0.077934
2671400,0.118310,0.077934
2671500,0.117371,0.077934
2671600,0.125822,0.077934
2671700,0.126761,0.077934
2671800,0.117371,0.077934
2671900,0.115493,0.077934
2672000,0.110798,0.077934
2672100,0.117371,0.077934
2672200,0.110798,0.077934
2672300,0.118310,0.077934
2672400,0.117371,0.077934
2672500,0.145540,0.077934
2672600,0.105164,0.077934
2672700,0.122066,0.077934
2672800,0.115493,0.077934
2672900,0.129577,0.077934
2673000,0.127700,0.077934
2673100,0.116432,0.077934
2673200,0.125822,0.077934
2673300,0.119249,0.077934
2673400,0.131455,0.077934
2673500,0.132394,0.077934
2673600,0.132394,0.077934
2673700,0.123005,0.077934
2673800,0.107042,0.077934
2673900,0.123944,0.077934
2674000,0.117371,0.077934
2674100,0.122066,0.077934
2674200,0.132394,0.077934
2674300,0.115493,0.077934
2674400,0.107981,0.077934
2674500,0.112676,0.077934
2674600,0.114554,0.077934
2674700,0.102347,0.077934
2674800,0.106103,0.077934
2674900,0.113615,0.077934
2675000,0.118310,0.077934
2675100,0.125822,0.077934
2675200,0.114554,0.077934
2675300,0.113615,0.077934
2675400,0.117371,0.077934
2675500,0.134272,0.077934
2675600,0.123944,0.077934
2675700,0.131455,0.077934
2675800,0.123944,0.077934
2675900,0.126761,0.077934
2676000,0.125822,0.077934
2676100,0.139906,0.077934
2676200,0.108920,0.077934
2676300,0.117371,0.077934
2676400,0.103286,0.077934
2676500,0.105164,0.077934
2676600,0.123005,0.077934
2676700,0.128638,0.077934
2676800,0.111737,0.077934
2676900,0.133333,0.077934
2677000,0.130516,0.077934
2677100,0.127700,0.077934
2677200,0.117371,0.077934
2677300,0.107042,0.077934
2677400,0.127700,0.077934
2677500,0.100469,0.077934
2677600,0.126761,0.077934
2677700,0.132394,0.077934
2677800,0.125822,0.077934
2677900,0.126761,0.077934
2678000,0.114554,0.077934
2678100,0.147418,0.077934
2678200,0.145540,0.077934
2678300,0.102347,0.077934
2678400,0.120188,0.077934
2678500,0.117371,0.077934
2678600,0.125822,0.077934
2678700,0.125822,0.077934
2678800,0.106103,0.077934
2678900,0.081690,0.077934
2679000,0.118310,0.077934
2679100,0.110798,0.077934
2679200,0.110798,0.077934
2679300,0.121127,0.077934
2679400,0.121127,0.077934
2679500,0.125822,0.077934
2679600,0.133333,0.077934
2679700,0.127700,0.077934
2679800,0.115493,0.077934
2679900,0.123005,0.077934
2680000,0.119249,0.077934
2680100,0.109859,0.077934
2680200,0.118310,0.077934
2680300,0.108920,0.077934
2680400,0.111737,0.077934
2680500,0.109859,0.077934
2680600,0.124883,0.077934
2680700,0.128638,0.077934
2680800,0.134272,0.077934
2680900,0.109859,0.077934
2681000,0.119249,0.077934
2681100,0.141784,0.077934
2681200,0.132394,0.077934
2681300,0.121127,0.077934
2681400,0.128638,0.077934
2681500,0.110798,0.077934
2681600,0.102347,0.077934
2681700,0.105164,0.077934
2681800,0.122066,0.077934
2681900,0.126761,0.077934
2682000,0.140845,0.077934
2682100,0.128638,0.077934
2682200,0.120188,0.077934
2682300,0.123005,0.077934
2682400,0.133333,0.077934
2682500,0.133333,0.077934
2682600,0.105164,0.077934
2682700,0.137089,0.077934
2682800,0.109859,0.077934
2682900,0.129577,0.077934
2683000,0.137089,0.077934
2683100,0.123944,0.077934
2683200,0.108920,0.077934
2683300,0.107981,0.077934
2683400,0.125822,0.077934
2683500,0.117371,0.077934
2683600,0.119249,0.077934
2683700,0.111737,0.077934
2683800,0.129577,0.077934
2683900,0.130516,0.077934
2684000,0.127700,0.077934
2684100,0.120188,0.077934
2684200,0.125822,0.077934
2684300,0.123005,0.077934
2684400,0.107042,0.077934
2684500,0.125822,0.077934
2684600,0.116432,0.077934
2684700,0.133333,0.077934
2684800,0.125822,0.077934
2684900,0.108920,0.077934
2685000,0.104225,0.077934
2685100,0.124883,0.077934
2685200,0.124883,0.077934
2685300,0.109859,0.077934
2685400,0.117371,0.077934
2685500,0.122066,0.077934
2685600,0.130516,0.077934
2685700,0.112676,0.077934
2685800,0.113615,0.077934
2685900,0.128638,0.077934
2686000,0.117371,0.077934
2686100,0.111737,0.077934
2686200,0.111737,0.077934
2686300,0.119249,0.077934
2686400,0.126761,0.077934
2686500,0.115493,0.077934
2686600,0.114554,0.077934
2686700,0.109859,0.077934
2686800,0.110798,0.077934
2686900,0.115493,0.077934
2687000,0.096714,0.077934
2687100,0.111737,0.077934
2687200,0.092958,0.077934
2687300,0.104225,0.077934
2687400,0.130516,0.077934
2687500,0.130516,0.077934
2687600,0.124883,0.077934
2687700,0.118310,0.077934
2687800,0.106103,0.077934
2687900,0.112676,0.077934
2688000,0.103286,0.077934
2688100,0.113615,0.077934
2688200,0.121127,0.077934
2688300,0.126761,0.077934
2688400,0.129577,0.077934
2688500,0.129577,0.077934
2688600,0.123944,0.077934
2688700,0.121127,0.077934
2688800,0.118310,0.077934
2688900,0.129577,0.077934
2689000,0.121127,0.077934
2689100,0.121127,0.077934
2689200,0.125822,0.077934
2689300,0.113615,0.077934
2689400,0.123944,0.077934
2689500,0.132394,0.077934
2689600,0.123005,0.077934
2689700,0.117371,0.077934
2689800,0.136150,0.077934
2689900,0.118310,0.077934
2690000,0.120188,0.077934
2690100,0.119249,0.077934
2690200,0.106103,0.077934
2690300,0.095775,0.077934
2690400,0.112676,0.077934
2690500,0.109859,0.077934
2690600,0.108920,0.077934
2690700,0.099531,0.077934
2690800,0.118310,0.077934
2690900,0.131455,0.077934
2691000,0.116432,0.077934
2691100,0.106103,0.077934
2691200,0.109859,0.077934
2691300,0.118310,0.077934
2691400,0.122066,0.077934
2691500,0.123005,0.077934
2691600,0.118310,0.077934
2691700,0.120188,0.077934
2691800,0.102347,0.077934
2691900,0.112676,0.077934
2692000,0.105164,0.077934
2692100,0.123005,0.077934
2692200,0.109859,0.077934
2692300,0.111737,0.077934
2692400,0.119249,0.077934
2692500,0.109859,0.077934
2692600,0.114554,0.077934
2692700,0.122066,0.077934
2692800,0.122066,0.077934
2692900,0.135211,0.077934
2693000,0.102347,0.077934
2693100,0.106103,0.077934
2693200,0.137089,0.077934
2693300,0.138967,0.077934
2693400,0.111737,0.077934
2693500,0.130516,0.077934
2693600,0.126761,0.077934
2693700,0.122066,0.077934
2693800,0.126761,0.077934
2693900,0.117371,0.077934
2694000,0.112676,0.077934
2694100,0.115493,0.077934
2694200,0.104225,0.077934
2694300,0.098592,0.077934
2694400,0.111737,0.077934
2694500,0.109859,0.077934
2694600,0.110798,0.077934
2694700,0.097653,0.077934
2694800,0.096714,0.077934
2694900,0.118310,0.077934
2695000,0.101408,0.077934
2695100,0.112676,0.077934
2695200,0.117371,0.077934
2695300,0.129577,0.077934
2695400,0.125822,0.077934
2695500,0.117371,0.077934
2695600,0.118310,0.077934
2695700,0.127700,0.077934
2695800,0.136150,0.077934
2695900,0.135211,0.077934
2696000,0.107042,0.077934
2696100,0.100469,0.077934
2696200,0.113615,0.077934
2696300,0.118310,0.077934
2696400,0.102347,0.077934
2696500,0.128638,0.077934
2696600,0.120188,0.077934
2696700,0.133333,0.077934
2696800,0.083568,0.077934
2696900,0.099531,0.077934
2697000,0.111737,0.077934
2697100,0.113615,0.077934
2697200,0.142723,0.077934
2697300,0.120188,0.077934
2697400,0.095775,0.077934
2697500,0.106103,0.077934
2697600,0.107042,0.077934
2697700,0.124883,0.077934
2697800,0.108920,0.077934
2697900,0.107981,0.077934
2698000,0.099531,0.077934
2698100,0.116432,0.077934
2698200,0.129577,0.077934
2698300,0.123005,0.077934
2698400,0.138028,0.077934
2698500,0.124883,0.077934
2698600,0.113615,0.077934
2698700,0.136150,0.077934
2698800,0.136150,0.077934
2698900,0.142723,0.077934
2699000,0.131455,0.077934
2699100,0.113615,0.077934
2699200,0.127700,0.077934
2699300,0.123005,0.077934
2699400,0.125822,0.077934
2699500,0.119249,0.077934
2699600,0.116432,0.077934
2699700,0.115493,0.077934
2699800,0.117371,0.077934
2699900,0.120188,0.077934
2700000,0.107981,0.077934
2700100,0.122066,0.077934
2700200,0.132394,0.077934
2700300,0.127700,0.077934
2700400,0.120188,0.077934
2700500,0.107981,0.077934
2700600,0.121127,0.077934
2700700,0.128638,0.077934
2700800,0.141784,0.077934
2700900,0.127700,0.077934
2701000,0.121127,0.077934
2701100,0.117371,0.077934
2701200,0.116432,0.077934
2701300,0.119249,0.077934
2701400,0.107042,0.077934
2701500,0.098592,0.077934
2701600,0.107042,0.077934
2701700,0.119249,0.077934
2701800,0.116432,0.077934
2701900,0.121127,0.077934
2702000,0.124883,0.077934
2702100,0.122066,0.077934
2702200,0.136150,0.077934
2702300,0.134272,0.077934
2702400,0.126761,0.077934
2702500,0.120188,0.077934
2702600,0.125822,0.077934
2702700,0.132394,0.077934
2702800,0.122066,0.077934
2702900,0.114554,0.077934
2703000,0.115493,0.077934
2703100,0.132394,0.077934
2703200,0.112676,0.077934
2703300,0.117371,0.077934
2703400,0.104225,0.077934
2703500,0.110798,0.077934
2703600,0.134272,0.077934
2703700,0.122066,0.077934
2703800,0.105164,0.077934
2703900,0.122066,0.077934
2704000,0.119249,0.077934
2704100,0.111737,0.077934
2704200,0.129577,0.077934
2704300,0.139906,0.077934
2704400,0.137089,0.077934
2704500,0.104225,0.077934
2704600,0.108920,0.077934
2704700,0.131455,0.077934
2704800,0.124883,0.077934
2704900,0.113615,0.077934
2705000,0.115493,0.077934
2705100,0.107042,0.077934
2705200,0.115493,0.077934
2705300,0.123944,0.077934
2705400,0.130516,0.077934
2705500,0.123944,0.077934
2705600,0.129577,0.077934
2705700,0.128638,0.077934
2705800,0.113615,0.077934
2705900,0.123944,0.077934
2706000,0.121127,0.077934
2706100,0.115493,0.077934
2706200,0.122066,0.077934
2706300,0.125822,0.077934
2706400,0.121127,0.077934
2706500,0.106103,0.077934
2706600,0.108920,0.077934
2706700,0.103286,0.077934
2706800,0.122066,0.077934
2706900,0.137089,0.077934
2707000,0.118310,0.077934
2707100,0.123944,0.077934
2707200,0.120188,0.077934
2707300,0.132394,0.077934
2707400,0.120188,0.077934
2707500,0.124883,0.077934
2707600,0.115493,0.077934
2707700,0.121127,0.077934
2707800,0.125822,0.077934
2707900,0.123944,0.077934
2708000,0.121127,0.077934
2708100,0.128638,0.077934
2708200,0.132394,0.077934
2708300,0.117371,0.077934
2708400,0.117371,0.077934
2708500,0.125822,0.077934
2708600,0.116432,0.077934
2708700,0.111737,0.077934
2708800,0.113615,0.077934
2708900,0.112676,0.077934
2709000,0.132394,0.077934
2709100,0.134272,0.077934
2709200,0.120188,0.077934
2709300,0.108920,0.077934
2709400,0.124883,0.077934
2709500,0.111737,0.077934
2709600,0.106103,0.077934
2709700,0.124883,0.077934
2709800,0.115493,0.077934
2709900,0.153052,0.077934
2710000,0.131455,0.077934
2710100,0.107981,0.077934
2710200,0.118310,0.077934
2710300,0.117371,0.077934
2710400,0.117371,0.077934
2710500,0.120188,0.077934
2710600,0.112676,0.077934
2710700,0.125822,0.077934
2710800,0.117371,0.077934
2710900,0.094836,0.077934
2711000,0.116432,0.077934
2711100,0.123005,0.077934
2711200,0.119249,0.077934
2711300,0.135211,0.077934
2711400,0.113615,0.077934
2711500,0.112676,0.077934
2711600,0.125822,0.077934
2711700,0.128638,0.077934
2711800,0.102347,0.077934
2711900,0.128638,0.077934
2712000,0.121127,0.077934
2712100,0.112676,0.077934
2712200,0.109859,0.077934
2712300,0.110798,0.077934
2712400,0.119249,0.077934
2712500,0.118310,0.077934
2712600,0.116432,0.077934
2712700,0.104225,0.077934
2712800,0.107042,0.077934
2712900,0.118310,0.077934
2713000,0.120188,0.077934
2713100,0.116432,0.077934
2713200,0.133333,0.077934
2713300,0.132394,0.077934
2713400,0.133333,0.077934
2713500,0.117371,0.077934
2713600,0.116432,0.077934
2713700,0.129577,0.077934
2713800,0.120188,0.077934
2713900,0.125822,0.077934
2714000,0.139906,0.077934
2714100,0.131455,0.077934
2714200,0.133333,0.077934
2714300,0.117371,0.077934
2714400,0.113615,0.077934
2714500,0.122066,0.077934
2714600,0.129577,0.077934
2714700,0.119249,0.077934
2714800,0.123005,0.077934
2714900,0.111737,0.077934
2715000,0.123944,0.077934
2715100,0.116432,0.077934
2715200,0.124883,0.077934
2715300,0.138967,0.077934
2715400,0.137089,0.077934
2715500,0.137089,0.077934
2715600,0.132394,0.077934
2715700,0.135211,0.077934
2715800,0.123005,0.077934
2715900,0.118310,0.077934
2716000,0.118310,0.077934
2716100,0.090141,0.077934
2716200,0.134272,0.077934
2716300,0.121127,0.077934
2716400,0.119249,0.077934
2716500,0.102347,0.077934
2716600,0.137089,0.077934
2716700,0.120188,0.077934
2716800,0.115493,0.077934
2716900,0.105164,0.077934
2717000,0.122066,0.077934
2717100,0.130516,0.077934
2717200,0.123005,0.077934
2717300,0.126761,0.077934
2717400,0.117371,0.077934
2717500,0.111737,0.077934
2717600,0.111737,0.077934
2717700,0.119249,0.077934
2717800,0.123944,0.077934
2717900,0.126761,0.077934
2718000,0.107981,0.077934
2718100,0.116432,0.077934
2718200,0.111737,0.077934
2718300,0.107042,0.077934
2718400,0.134272,0.077934
2718500,0.125822,0.077934
2718600,0.124883,0.077934
2718700,0.115493,0.077934
2718800,0.107042,0.077934
2718900,0.105164,0.077934
2719000,0.120188,0.077934
2719100,0.126761,0.077934
2719200,0.130516,0.077934
2719300,0.126761,0.077934
2719400,0.132394,0.077934
2719500,0.119249,0.077934
2719600,0.119249,0.077934
2719700,0.123944,0.077934
2719800,0.114554,0.077934
2719900,0.111737,0.077934
2720000,0.116432,0.077934
2720100,0.125822,0.077934
2720200,0.122066,0.077934
2720300,0.115493,0.077934
2720400,0.113615,0.077934
2720500,0.120188,0.077934
2720600,0.123005,0.077934
2720700,0.126761,0.077934
2720800,0.137089,0.077934
2720900,0.132394,0.077934
2721000,0.136150,0.077934
2721100,0.107981,0.077934
2721200,0.116432,0.077934
2721300,0.110798,0.077934
2721400,0.108920,0.077934
2721500,0.122066,0.077934
2721600,0.118310,0.077934
2721700,0.117371,0.077934
2721800,0.126761,0.077934
2721900,0.126761,0.077934
2722000,0.115493,0.077934
2722100,0.128638,0.077934
2722200,0.123005,0.077934
2722300,0.107042,0.077934
2722400,0.130516,0.077934
2722500,0.118310,0.077934
2722600,0.123944,0.077934
2722700,0.127700,0.077934
2722800,0.125822,0.077934
2722900,0.130516,0.077934
2723000,0.129577,0.077934
2723100,0.126761,0.077934
2723200,0.124883,0.077934
2723300,0.123944,0.077934
2723400,0.120188,0.077934
2723500,0.124883,0.077934
2723600,0.136150,0.077934
2723700,0.122066,0.077934
2723800,0.120188,0.077934
2723900,0.140845,0.077934
2724000,0.118310,0.077934
2724100,0.111737,0.077934
2724200,0.112676,0.077934
2724300,0.131455,0.077934
2724400,0.107981,0.077934
2724500,0.131455,0.077934
2724600,0.118310,0.077934
2724700,0.126761,0.077934
2724800,0.123944,0.077934
2724900,0.143662,0.077934
2725000,0.142723,0.077934
2725100,0.128638,0.077934
2725200,0.112676,0.077934
2725300,0.107042,0.077934
2725400,0.107042,0.077934
2725500,0.109859,0.077934
2725600,0.123944,0.077934
2725700,0.099531,0.077934
2725800,0.089202,0.077934
2725900,0.115493,0.077934
2726000,0.104225,0.077934
2726100,0.109859,0.077934
2726200,0.123005,0.077934
2726300,0.130516,0.077934
2726400,0.125822,0.077934
2726500,0.131455,0.077934
2726600,0.122066,0.077934
2726700,0.117371,0.077934
2726800,0.108920,0.077934
2726900,0.110798,0.077934
2727000,0.115493,0.077934
2727100,0.125822,0.077934
2727200,0.122066,0.077934
2727300,0.112676,0.077934
2727400,0.119249,0.077934
2727500,0.118310,0.077934
2727600,0.134272,0.077934
2727700,0.121127,0.077934
2727800,0.105164,0.077934
2727900,0.107042,0.077934
2728000,0.115493,0.077934
2728100,0.122066,0.077934
2728200,0.138967,0.077934
2728300,0.123005,0.077934
2728400,0.120188,0.077934
2728500,0.122066,0.077934
2728600,0.134272,0.077934
2728700,0.105164,0.077934
2728800,0.109859,0.077934
2728900,0.112676,0.077934
2729000,0.138028,0.077934
2729100,0.110798,0.077934
2729200,0.138967,0.077934
2729300,0.117371,0.077934
2729400,0.103286,0.077934
2729500,0.114554,0.077934
2729600,0.123005,0.077934
2729700,0.135211,0.077934
2729800,0.116432,0.077934
2729900,0.098592,0.077934
2730000,0.127700,0.077934
2730100,0.118310,0.077934
2730200,0.115493,0.077934
2730300,0.117371,0.077934
2730400,0.106103,0.077934
2730500,0.117371,0.077934
2730600,0.109859,0.077934
2730700,0.107981,0.077934
2730800,0.103286,0.077934
2730900,0.115493,0.077934
2731000,0.123005,0.077934
2731100,0.107981,0.077934
2731200,0.116432,0.077934
2731300,0.135211,0.077934
2731400,0.115493,0.077934
2731500,0.137089,0.077934
2731600,0.138967,0.077934
2731700,0.123944,0.077934
2731800,0.124883,0.077934
2731900,0.120188,0.077934
2732000,0.132394,0.077934
2732100,0.140845,0.077934
2732200,0.132394,0.077934
2732300,0.109859,0.077934
2732400,0.137089,0.077934
2732500,0.123005,0.077934
2732600,0.115493,0.077934
2732700,0.120188,0.077934
2732800,0.133333,0.077934
2732900,0.107042,0.077934
2733000,0.115493,0.077934
2733100,0.115493,0.077934
2733200,0.124883,0.077934
2733300,0.117371,0.077934
2733400,0.121127,0.077934
2733500,0.132394,0.077934
2733600,0.142723,0.077934
2733700,0.129577,0.077934
2733800,0.123005,0.077934
2733900,0.124883,0.077934
2734000,0.118310,0.077934
2734100,0.122066,0.077934
2734200,0.101408,0.077934
2734300,0.111737,0.077934
2734400,0.130516,0.077934
2734500,0.112676,0.077934
2734600,0.128638,0.077934
2734700,0.125822,0.077934
2734800,0.128638,0.077934
2734900,0.125822,0.077934
2735000,0.115493,0.077934
2735100,0.118310,0.077934
2735200,0.133333,0.077934
2735300,0.119249,0.077934
2735400,0.127700,0.077934
2735500,0.132394,0.077934
2735600,0.141784,0.077934
2735700,0.133333,0.077934
2735800,0.121127,0.077934
2735900,0.107981,0.077934
2736000,0.116432,0.077934
2736100,0.137089,0.077934
2736200,0.116432,0.077934
2736300,0.120188,0.077934
2736400,0.122066,0.077934
2736500,0.118310,0.077934
2736600,0.117371,0.077934
2736700,0.109859,0.077934
2736800,0.123944,0.077934
2736900,0.121127,0.077934
2737000,0.127700,0.077934
2737100,0.123005,0.077934
2737200,0.111737,0.077934
2737300,0.118310,0.077934
2737400,0.129577,0.077934
2737500,0.127700,0.077934
2737600,0.148357,0.077934
2737700,0.117371,0.077934
2737800,0.125822,0.077934
2737900,0.121127,0.077934
2738000,0.115493,0.077934
2738100,0.106103,0.077934
2738200,0.112676,0.077934
2738300,0.093897,0.077934
2738400,0.111737,0.077934
2738500,0.112676,0.077934
2738600,0.123944,0.077934
2738700,0.122066,0.077934
2738800,0.113615,0.077934
2738900,0.137089,0.077934
2739000,0.134272,0.077934
2739100,0.113615,0.077934
2739200,0.129577,0.077934
2739300,0.100469,0.077934
2739400,0.114554,0.077934
2739500,0.111737,0.077934
2739600,0.115493,0.077934
2739700,0.113615,0.077934
2739800,0.137089,0.077934
2739900,0.118310,0.077934
2740000,0.100469,0.077934
2740100,0.116432,0.077934
2740200,0.112676,0.077934
2740300,0.124883,0.077934
2740400,0.130516,0.077934
2740500,0.121127,0.077934
2740600,0.105164,0.077934
2740700,0.134272,0.077934
2740800,0.120188,0.077934
2740900,0.115493,0.077934
2741000,0.127700,0.077934
2741100,0.111737,0.077934
2741200,0.116432,0.077934
2741300,0.101408,0.077934
2741400,0.112676,0.077934
2741500,0.101408,0.077934
2741600,0.118310,0.077934
2741700,0.113615,0.077934
2741800,0.127700,0.077934
2741900,0.133333,0.077934
2742000,0.115493,0.077934
2742100,0.131455,0.077934
2742200,0.110798,0.077934
2742300,0.130516,0.077934
2742400,0.143662,0.077934
2742500,0.141784,0.077934
2742600,0.124883,0.077934
2742700,0.124883,0.077934
2742800,0.105164,0.077934
2742900,0.121127,0.077934
2743000,0.137089,0.077934
2743100,0.113615,0.077934
2743200,0.105164,0.077934
2743300,0.108920,0.077934
2743400,0.101408,0.077934
2743500,0.114554,0.077934
2743600,0.115493,0.077934
2743700,0.115493,0.077934
2743800,0.121127,0.077934
2743900,0.131455,0.077934
2744000,0.127700,0.077934
2744100,0.134272,0.077934
2744200,0.134272,0.077934
2744300,0.126761,0.077934
2744400,0.120188,0.077934
2744500,0.125822,0.077934
2744600,0.127700,0.077934
2744700,0.120188,0.077934
2744800,0.115493,0.077934
2744900,0.132394,0.077934
2745000,0.119249,0.077934
2745100,0.110798,0.077934
2745200,0.121127,0.077934
2745300,0.123944,0.077934
2745400,0.133333,0.077934
2745500,0.114554,0.077934
2745600,0.120188,0.077934
2745700,0.119249,0.077934
2745800,0.122066,0.077934
2745900,0.098592,0.077934
2746000,0.117371,0.077934
2746100,0.128638,0.077934
2746200,0.116432,0.077934
2746300,0.123944,0.077934
2746400,0.132394,0.077934
2746500,0.127700,0.077934
2746600,0.114554,0.077934
2746700,0.113615,0.077934
2746800,0.141784,0.077934
2746900,0.154930,0.077934
2747000,0.143662,0.077934
2747100,0.128638,0.077934
2747200,0.140845,0.077934
2747300,0.104225,0.077934
2747400,0.114554,0.077934
2747500,0.126761,0.077934
2747600,0.113615,0.077934
2747700,0.131455,0.077934
2747800,0.131455,0.077934
2747900,0.138967,0.077934
2748000,0.126761,0.077934
2748100,0.138967,0.077934
2748200,0.134272,0.077934
2748300,0.129577,0.077934
2748400,0.138028,0.077934
2748500,0.147418,0.077934
2748600,0.120188,0.077934
2748700,0.111737,0.077934
2748800,0.115493,0.077934
2748900,0.116432,0.077934
2749000,0.108920,0.077934
2749100,0.109859,0.077934
2749200,0.109859,0.077934
2749300,0.113615,0.077934
2749400,0.114554,0.077934
2749500,0.136150,0.077934
2749600,0.109859,0.077934
2749700,0.138967,0.077934
2749800,0.140845,0.077934
2749900,0.114554,0.077934
2750000,0.139906,0.077934
2750100,0.124883,0.077934
2750200,0.135211,0.077934
2750300,0.135211,0.077934
2750400,0.111737,0.077934
2750500,0.129577,0.077934
2750600,0.128638,0.077934
2750700,0.150235,0.077934
2750800,0.135211,0.077934
2750900,0.143662,0.077934
2751000,0.141784,0.077934
2751100,0.126761,0.077934
2751200,0.111737,0.077934
2751300,0.127700,0.077934
2751400,0.107981,0.077934
2751500,0.112676,0.077934
2751600,0.105164,0.077934
2751700,0.105164,0.077934
2751800,0.116432,0.077934
2751900,0.123944,0.077934
2752000,0.115493,0.077934
2752100,0.097653,0.077934
2752200,0.130516,0.077934
2752300,0.119249,0.077934
2752400,0.106103,0.077934
2752500,0.112676,0.077934
2752600,0.105164,0.077934
2752700,0.114554,0.077934
2752800,0.125822,0.077934
2752900,0.122066,0.077934
2753000,0.123005,0.077934
2753100,0.112676,0.077934
2753200,0.114554,0.077934
2753300,0.117371,0.077934
2753400,0.099531,0.077934
2753500,0.117371,0.077934
2753600,0.122066,0.077934
2753700,0.120188,0.077934
2753800,0.123944,0.077934
2753900,0.130516,0.077934
2754000,0.113615,0.077934
2754100,0.094836,0.077934
2754200,0.117371,0.077934
2754300,0.117371,0.077934
2754400,0.110798,0.077934
2754500,0.131455,0.077934
2754600,0.121127,0.077934
2754700,0.099531,0.077934
2754800,0.124883,0.077934
2754900,0.116432,0.077934
2755000,0.110798,0.077934
2755100,0.107042,0.077934
2755200,0.115493,0.077934
2755300,0.095775,0.077934
2755400,0.115493,0.077934
2755500,0.116432,0.077934
2755600,0.117371,0.077934
2755700,0.102347,0.077934
2755800,0.113615,0.077934
2755900,0.102347,0.077934
2756000,0.105164,0.077934
2756100,0.110798,0.077934
2756200,0.111737,0.077934
2756300,0.110798,0.077934
2756400,0.118310,0.077934
2756500,0.120188,0.077934
2756600,0.120188,0.077934
2756700,0.125822,0.077934
2756800,0.143662,0.077934
2756900,0.116432,0.077934
2757000,0.119249,0.077934
2757100,0.110798,0.077934
2757200,0.124883,0.077934
2757300,0.107042,0.077934
2757400,0.097653,0.077934
2757500,0.123005,0.077934
2757600,0.111737,0.077934
2757700,0.099531,0.077934
2757800,0.116432,0.077934
2757900,0.115493,0.077934
2758000,0.108920,0.077934
2758100,0.107042,0.077934
2758200,0.119249,0.077934
2758300,0.133333,0.077934
2758400,0.119249,0.077934
2758500,0.144601,0.077934
2758600,0.123005,0.077934
2758700,0.129577,0.077934
2758800,0.118310,0.077934
2758900,0.109859,0.077934
2759000,0.132394,0.077934
2759100,0.125822,0.077934
2759200,0.127700,0.077934
2759300,0.130516,0.077934
2759400,0.128638,0.077934
2759500,0.116432,0.077934
2759600,0.120188,0.077934
2759700,0.119249,0.077934
2759800,0.122066,0.077934
2759900,0.111737,0.077934
2760000,0.123005,0.077934
2760100,0.107042,0.077934
2760200,0.125822,0.077934
2760300,0.122066,0.077934
2760400,0.130516,0.077934
2760500,0.124883,0.077934
2760600,0.116432,0.077934
2760700,0.108920,0.077934
2760800,0.130516,0.077934
2760900,0.127700,0.077934
2761000,0.117371,0.077934
2761100,0.127700,0.077934
2761200,0.121127,0.077934
2761300,0.108920,0.077934
2761400,0.132394,0.077934
2761500,0.131455,0.077934
2761600,0.116432,0.077934
2761700,0.123944,0.077934
2761800,0.107981,0.077934
2761900,0.115493,0.077934
2762000,0.115493,0.077934
2762100,0.132394,0.077934
2762200,0.129577,0.077934
2762300,0.135211,0.077934
2762400,0.118310,0.077934
2762500,0.122066,0.077934
2762600,0.131455,0.077934
2762700,0.122066,0.077934
2762800,0.118310,0.077934
2762900,0.115493,0.077934
2763000,0.126761,0.077934
2763100,0.141784,0.077934
2763200,0.123944,0.077934
2763300,0.120188,0.077934
2763400,0.119249,0.077934
2763500,0.123944,0.077934
2763600,0.126761,0.077934
2763700,0.103286,0.077934
2763800,0.127700,0.077934
2763900,0.123944,0.077934
2764000,0.118310,0.077934
2764100,0.117371,0.077934
2764200,0.113615,0.077934
2764300,0.105164,0.077934
2764400,0.107042,0.077934
2764500,0.119249,0.077934
2764600,0.111737,0.077934
2764700,0.114554,0.077934
2764800,0.124883,0.077934
2764900,0.120188,0.077934
2765000,0.112676,0.077934
2765100,0.093897,0.077934
2765200,0.111737,0.077934
2765300,0.109859,0.077934
2765400,0.125822,0.077934
2765500,0.113615,0.077934
2765600,0.108920,0.077934
2765700,0.136150,0.077934
2765800,0.120188,0.077934
2765900,0.103286,0.077934
2766000,0.123005,0.077934
2766100,0.117371,0.077934
2766200,0.121127,0.077934
2766300,0.119249,0.077934
2766400,0.136150,0.077934
2766500,0.111737,0.077934
2766600,0.116432,0.077934
2766700,0.115493,0.077934
2766800,0.128638,0.077934
2766900,0.129577,0.077934
2767000,0.123005,0.077934
2767100,0.131455,0.077934
2767200,0.122066,0.077934
2767300,0.119249,0.077934
2767400,0.121127,0.077934
2767500,0.143662,0.077934
2767600,0.123944,0.077934
2767700,0.119249,0.077934
2767800,0.122066,0.077934
2767900,0.111737,0.077934
2768000,0.114554,0.077934
2768100,0.123944,0.077934
2768200,0.115493,0.077934
2768300,0.114554,0.077934
2768400,0.105164,0.077934
2768500,0.110798,0.077934
2768600,0.121127,0.077934
2768700,0.127700,0.077934
2768800,0.139906,0.077934
2768900,0.125822,0.077934
2769000,0.120188,0.077934
2769100,0.133333,0.077934
2769200,0.124883,0.077934
2769300,0.109859,0.077934
2769400,0.103286,0.077934
2769500,0.107981,0.077934
2769600,0.111737,0.077934
2769700,0.126761,0.077934
2769800,0.111737,0.077934
2769900,0.132394,0.077934
2770000,0.107981,0.077934
2770100,0.111737,0.077934
2770200,0.110798,0.077934
2770300,0.126761,0.077934
2770400,0.111737,0.077934
2770500,0.107981,0.077934
2770600,0.114554,0.077934
2770700,0.129577,0.077934
2770800,0.112676,0.077934
2770900,0.119249,0.077934
2771000,0.108920,0.077934
2771100,0.105164,0.077934
2771200,0.129577,0.077934
2771300,0.118310,0.077934
2771400,0.125822,0.077934
2771500,0.107981,0.077934
2771600,0.111737,0.077934
2771700,0.123005,0.077934
2771800,0.124883,0.077934
2771900,0.125822,0.077934
2772000,0.110798,0.077934
2772100,0.123944,0.077934
2772200,0.124883,0.077934
2772300,0.119249,0.077934
2772400,0.134272,0.077934
2772500,0.105164,0.077934
2772600,0.113615,0.077934
2772700,0.121127,0.077934
2772800,0.120188,0.077934
2772900,0.116432,0.077934
2773000,0.112676,0.077934
2773100,0.130516,0.077934
2773200,0.141784,0.077934
2773300,0.117371,0.077934
2773400,0.132394,0.077934
2773500,0.134272,0.077934
2773600,0.108920,0.077934
2773700,0.112676,0.077934
2773800,0.128638,0.077934
2773900,0.123005,0.077934
2774000,0.109859,0.077934
2774100,0.112676,0.077934
2774200,0.114554,0.077934
2774300,0.117371,0.077934
2774400,0.114554,0.077934
2774500,0.124883,0.077934
2774600,0.119249,0.077934
2774700,0.111737,0.077934
2774800,0.124883,0.077934
2774900,0.113615,0.077934
2775000,0.114554,0.077934
2775100,0.127700,0.077934
2775200,0.109859,0.077934
2775300,0.129577,0.077934
2775400,0.129577,0.077934
2775500,0.124883,0.077934
2775600,0.113615,0.077934
2775700,0.143662,0.077934
2775800,0.109859,0.077934
2775900,0.116432,0.077934
2776000,0.122066,0.077934
2776100,0.126761,0.077934
2776200,0.114554,0.077934
2776300,0.114554,0.077934
2776400,0.130516,0.077934
2776500,0.157746,0.077934
2776600,0.129577,0.077934
2776700,0.108920,0.077934
2776800,0.101408,0.077934
2776900,0.107042,0.077934
2777000,0.117371,0.077934
2777100,0.120188,0.077934
2777200,0.114554,0.077934
2777300,0.124883,0.077934
2777400,0.115493,0.077934
2777500,0.112676,0.077934
2777600,0.120188,0.077934
2777700,0.131455,0.077934
2777800,0.099531,0.077934
2777900,0.095775,0.077934
2778000,0.118310,0.077934
2778100,0.105164,0.077934
2778200,0.117371,0.077934
2778300,0.125822,0.077934
2778400,0.113615,0.077934
2778500,0.113615,0.077934
2778600,0.108920,0.077934
2778700,0.131455,0.077934
2778800,0.112676,0.077934
2778900,0.124883,0.077934
2779000,0.126761,0.077934
2779100,0.114554,0.077934
2779200,0.106103,0.077934
2779300,0.110798,0.077934
2779400,0.109859,0.077934
2779500,0.119249,0.077934
2779600,0.121127,0.077934
2779700,0.121127,0.077934
2779800,0.116432,0.077934
2779900,0.120188,0.077934
2780000,0.118310,0.077934
2780100,0.094836,0.077934
2780200,0.106103,0.077934
2780300,0.094836,0.077934
2780400,0.096714,0.077934
2780500,0.121127,0.077934
2780600,0.132394,0.077934
2780700,0.128638,0.077934
2780800,0.127700,0.077934
2780900,0.123944,0.077934
2781000,0.121127,0.077934
2781100,0.109859,0.077934
2781200,0.141784,0.077934
2781300,0.115493,0.077934
2781400,0.119249,0.077934
2781500,0.108920,0.077934
2781600,0.115493,0.077934
2781700,0.135211,0.077934
2781800,0.122066,0.077934
2781900,0.116432,0.077934
2782000,0.124883,0.077934
2782100,0.110798,0.077934
2782200,0.101408,0.077934
2782300,0.111737,0.077934
2782400,0.121127,0.077934
2782500,0.116432,0.077934
2782600,0.112676,0.077934
2782700,0.112676,0.077934
2782800,0.110798,0.077934
2782900,0.130516,0.077934
2783000,0.132394,0.077934
2783100,0.135211,0.077934
2783200,0.108920,0.077934
2783300,0.110798,0.077934
2783400,0.105164,0.077934
2783500,0.115493,0.077934
2783600,0.124883,0.077934
2783700,0.141784,0.077934
2783800,0.127700,0.077934
2783900,0.137089,0.077934
2784000,0.124883,0.077934
2784100,0.123944,0.077934
2784200,0.112676,0.077934
2784300,0.113615,0.077934
2784400,0.106103,0.077934
2784500,0.093897,0.077934
2784600,0.121127,0.077934
2784700,0.110798,0.077934
2784800,0.119249,0.077934
2784900,0.120188,0.077934
2785000,0.099531,0.077934
2785100,0.110798,0.077934
2785200,0.112676,0.077934
2785300,0.128638,0.077934
2785400,0.123005,0.077934
2785500,0.108920,0.077934
2785600,0.127700,0.077934
2785700,0.124883,0.077934
2785800,0.108920,0.077934
2785900,0.116432,0.077934
2786000,0.125822,0.077934
2786100,0.116432,0.077934
2786200,0.134272,0.077934
2786300,0.121127,0.077934
2786400,0.119249,0.077934
2786500,0.118310,0.077934
2786600,0.099531,0.077934
2786700,0.115493,0.077934
2786800,0.106103,0.077934
2786900,0.122066,0.077934
2787000,0.123944,0.077934
2787100,0.127700,0.077934
2787200,0.107042,0.077934
2787300,0.107042,0.077934
2787400,0.119249,0.077934
2787500,0.123944,0.077934
2787600,0.124883,0.077934
2787700,0.130516,0.077934
2787800,0.112676,0.077934
2787900,0.114554,0.077934
2788000,0.110798,0.077934
2788100,0.107981,0.077934
2788200,0.115493,0.077934
2788300,0.112676,0.077934
2788400,0.132394,0.077934
2788500,0.116432,0.077934
2788600,0.140845,0.077934
2788700,0.146479,0.077934
2788800,0.131455,0.077934
2788900,0.137089,0.077934
2789000,0.133333,0.077934
2789100,0.128638,0.077934
2789200,0.101408,0.077934
2789300,0.114554,0.077934
2789400,0.120188,0.077934
2789500,0.116432,0.077934
2789600,0.122066,0.077934
2789700,0.109859,0.077934
2789800,0.114554,0.077934
2789900,0.126761,0.077934
2790000,0.110798,0.077934
2790100,0.111737,0.077934
2790200,0.120188,0.077934
2790300,0.113615,0.077934
2790400,0.098592,0.077934
2790500,0.101408,0.077934
2790600,0.123944,0.077934
2790700,0.108920,0.077934
2790800,0.099531,0.077934
2790900,0.104225,0.077934
2791000,0.115493,0.077934
2791100,0.116432,0.077934
2791200,0.112676,0.077934
2791300,0.119249,0.077934
2791400,0.110798,0.077934
2791500,0.107981,0.077934
2791600,0.112676,0.077934
2791700,0.108920,0.077934
2791800,0.122066,0.077934
2791900,0.108920,0.077934
2792000,0.116432,0.077934
2792100,0.134272,0.077934
2792200,0.112676,0.077934
2792300,0.102347,0.077934
2792400,0.107042,0.077934
2792500,0.114554,0.077934
2792600,0.125822,0.077934
2792700,0.117371,0.077934
2792800,0.121127,0.077934
2792900,0.144601,0.077934
2793000,0.128638,0.077934
2793100,0.116432,0.077934
2793200,0.107981,0.077934
2793300,0.122066,0.077934
2793400,0.115493,0.077934
2793500,0.120188,0.077934
2793600,0.117371,0.077934
2793700,0.117371,0.077934
2793800,0.106103,0.077934
2793900,0.122066,0.077934
2794000,0.120188,0.077934
2794100,0.121127,0.077934
2794200,0.132394,0.077934
2794300,0.117371,0.077934
2794400,0.110798,0.077934
2794500,0.135211,0.077934
2794600,0.138028,0.077934
2794700,0.134272,0.077934
2794800,0.107981,0.077934
2794900,0.120188,0.077934
2795000,0.123005,0.077934
2795100,0.129577,0.077934
2795200,0.138028,0.077934
2795300,0.128638,0.077934
2795400,0.123944,0.077934
2795500,0.126761,0.077934
2795600,0.123944,0.077934
2795700,0.103286,0.077934
2795800,0.115493,0.077934
2795900,0.115493,0.077934
2796000,0.124883,0.077934
2796100,0.107042,0.077934
2796200,0.130516,0.077934
2796300,0.121127,0.077934
2796400,0.119249,0.077934
2796500,0.125822,0.077934
2796600,0.102347,0.077934
2796700,0.117371,0.077934
2796800,0.125822,0.077934
2796900,0.131455,0.077934
2797000,0.124883,0.077934
2797100,0.119249,0.077934
2797200,0.102347,0.077934
2797300,0.101408,0.077934
2797400,0.116432,0.077934
2797500,0.134272,0.077934
2797600,0.110798,0.077934
2797700,0.112676,0.077934
2797800,0.108920,0.077934
2797900,0.119249,0.077934
2798000,0.110798,0.077934
2798100,0.101408,0.077934
2798200,0.105164,0.077934
2798300,0.094836,0.077934
2798400,0.112676,0.077934
2798500,0.120188,0.077934
2798600,0.135211,0.077934
2798700,0.103286,0.077934
2798800,0.120188,0.077934
2798900,0.134272,0.077934
2799000,0.123005,0.077934
2799100,0.109859,0.077934
2799200,0.106103,0.077934
2799300,0.094836,0.077934
2799400,0.104225,0.077934
2799500,0.115493,0.077934
2799600,0.129577,0.077934
2799700,0.137089,0.077934
2799800,0.123944,0.077934
2799900,0.106103,0.077934
2800000,0.112676,0.077934
2800100,0.118310,0.077934
2800200,0.128638,0.077934
2800300,0.117371,0.077934
2800400,0.122066,0.077934
2800500,0.134272,0.077934
2800600,0.137089,0.077934
2800700,0.105164,0.077934
2800800,0.109859,0.077934
2800900,0.096714,0.077934
2801000,0.107981,0.077934
2801100,0.112676,0.077934
2801200,0.107042,0.077934
2801300,0.133333,0.077934
2801400,0.130516,0.077934
2801500,0.118310,0.077934
2801600,0.140845,0.077934
2801700,0.135211,0.077934
2801800,0.137089,0.077934
2801900,0.102347,0.077934
2802000,0.114554,0.077934
2802100,0.132394,0.077934
2802200,0.120188,0.077934
2802300,0.127700,0.077934
2802400,0.114554,0.077934
2802500,0.107981,0.077934
2802600,0.114554,0.077934
2802700,0.123005,0.077934
2802800,0.123944,0.077934
2802900,0.126761,0.077934
2803000,0.140845,0.077934
2803100,0.142723,0.077934
2803200,0.115493,0.077934
2803300,0.132394,0.077934
2803400,0.127700,0.077934
2803500,0.129577,0.077934
2803600,0.123005,0.077934
2803700,0.131455,0.077934
2803800,0.123005,0.077934
2803900,0.107981,0.077934
2804000,0.101408,0.077934
2804100,0.104225,0.077934
2804200,0.122066,0.077934
2804300,0.109859,0.077934
2804400,0.111737,0.077934
2804500,0.111737,0.077934
2804600,0.113615,0.077934
2804700,0.100469,0.077934
2804800,0.118310,0.077934
2804900,0.128638,0.077934
2805000,0.122066,0.077934
2805100,0.109859,0.077934
2805200,0.123005,0.077934
2805300,0.132394,0.077934
2805400,0.136150,0.077934
2805500,0.123005,0.077934
2805600,0.110798,0.077934
2805700,0.114554,0.077934
2805800,0.124883,0.077934
2805900,0.135211,0.077934
2806000,0.126761,0.077934
2806100,0.120188,0.077934
2806200,0.115493,0.077934
2806300,0.111737,0.077934
2806400,0.106103,0.077934
2806500,0.104225,0.077934
2806600,0.123005,0.077934
2806700,0.120188,0.077934
2806800,0.113615,0.077934
2806900,0.116432,0.077934
2807000,0.116432,0.077934
2807100,0.105164,0.077934
2807200,0.129577,0.077934
2807300,0.142723,0.077934
2807400,0.112676,0.077934
2807500,0.113615,0.077934
2807600,0.126761,0.077934
2807700,0.125822,0.077934
2807800,0.099531,0.077934
2807900,0.104225,0.077934
2808000,0.118310,0.077934
2808100,0.125822,0.077934
2808200,0.135211,0.077934
2808300,0.103286,0.077934
2808400,0.131455,0.077934
2808500,0.130516,0.077934
2808600,0.111737,0.077934
2808700,0.104225,0.077934
2808800,0.107981,0.077934
2808900,0.116432,0.077934
2809000,0.116432,0.077934
2809100,0.120188,0.077934
2809200,0.114554,0.077934
2809300,0.114554,0.077934
2809400,0.132394,0.077934
2809500,0.138028,0.077934
2809600,0.125822,0.077934
2809700,0.130516,0.077934
2809800,0.132394,0.077934
2809900,0.104225,0.077934
2810000,0.113615,0.077934
2810100,0.105164,0.077934
2810200,0.127700,0.077934
2810300,0.118310,0.077934
2810400,0.123944,0.077934
2810500,0.101408,0.077934
2810600,0.104225,0.077934
2810700,0.111737,0.077934
2810800,0.106103,0.077934
2810900,0.112676,0.077934
2811000,0.113615,0.077934
2811100,0.123944,0.077934
2811200,0.117371,0.077934
2811300,0.115493,0.077934
2811400,0.121127,0.077934
2811500,0.132394,0.077934
2811600,0.131455,0.077934
2811700,0.146479,0.077934
2811800,0.137089,0.077934
2811900,0.124883,0.077934
2812000,0.119249,0.077934
2812100,0.132394,0.077934
2812200,0.136150,0.077934
2812300,0.129577,0.077934
2812400,0.122066,0.077934
2812500,0.120188,0.077934
2812600,0.113615,0.077934
2812700,0.122066,0.077934
2812800,0.125822,0.077934
2812900,0.123005,0.077934
2813000,0.113615,0.077934
2813100,0.115493,0.077934
2813200,0.112676,0.077934
2813300,0.109859,0.077934
2813400,0.112676,0.077934
2813500,0.110798,0.077934
2813600,0.105164,0.077934
2813700,0.111737,0.077934
2813800,0.122066,0.077934
2813900,0.117371,0.077934
2814000,0.111737,0.077934
2814100,0.120188,0.077934
2814200,0.121127,0.077934
2814300,0.128638,0.077934
2814400,0.118310,0.077934
2814500,0.130516,0.077934
2814600,0.120188,0.077934
2814700,0.117371,0.077934
2814800,0.103286,0.077934
2814900,0.098592,0.077934
2815000,0.108920,0.077934
2815100,0.112676,0.077934
2815200,0.096714,0.077934
2815300,0.110798,0.077934
2815400,0.130516,0.077934
2815500,0.118310,0.077934
2815600,0.124883,0.077934
2815700,0.124883,0.077934
2815800,0.118310,0.077934
2815900,0.123944,0.077934
2816000,0.118310,0.077934
2816100,0.104225,0.077934
2816200,0.096714,0.077934
2816300,0.113615,0.077934
2816400,0.123005,0.077934
2816500,0.109859,0.077934
2816600,0.129577,0.077934
2816700,0.135211,0.077934
2816800,0.109859,0.077934
2816900,0.115493,0.077934
2817000,0.123005,0.077934
2817100,0.126761,0.077934
2817200,0.122066,0.077934
2817300,0.103286,0.077934
2817400,0.123944,0.077934
2817500,0.129577,0.077934
2817600,0.130516,0.077934
2817700,0.107042,0.077934
2817800,0.102347,0.077934
2817900,0.109859,0.077934
2818000,0.109859,0.077934
2818100,0.115493,0.077934
2818200,0.116432,0.077934
2818300,0.121127,0.077934
2818400,0.108920,0.077934
2818500,0.110798,0.077934
2818600,0.135211,0.077934
2818700,0.123005,0.077934
2818800,0.108920,0.077934
2818900,0.111737,0.077934
2819000,0.133333,0.077934
2819100,0.113615,0.077934
2819200,0.107042,0.077934
2819300,0.138967,0.077934
2819400,0.135211,0.077934
2819500,0.129577,0.077934
2819600,0.122066,0.077934
2819700,0.118310,0.077934
2819800,0.118310,0.077934
2819900,0.107981,0.077934
2820000,0.117371,0.077934
2820100,0.133333,0.077934
2820200,0.128638,0.077934
2820300,0.118310,0.077934
2820400,0.115493,0.077934
2820500,0.118310,0.077934
2820600,0.118310,0.077934
2820700,0.113615,0.077934
2820800,0.132394,0.077934
2820900,0.119249,0.077934
2821000,0.115493,0.077934
2821100,0.122066,0.077934
2821200,0.114554,0.077934
2821300,0.126761,0.077934
2821400,0.131455,0.077934
2821500,0.114554,0.077934
2821600,0.130516,0.077934
2821700,0.141784,0.077934
2821800,0.113615,0.077934
2821900,0.117371,0.077934
2822000,0.112676,0.077934
2822100,0.110798,0.077934
2822200,0.113615,0.077934
2822300,0.124883,0.077934
2822400,0.126761,0.077934
2822500,0.112676,0.077934
2822600,0.112676,0.077934
2822700,0.115493,0.077934
2822800,0.112676,0.077934
2822900,0.102347,0.077934
2823000,0.123944,0.077934
2823100,0.126761,0.077934
2823200,0.121127,0.077934
2823300,0.125822,0.077934
2823400,0.123944,0.077934
2823500,0.104225,0.077934
2823600,0.122066,0.077934
2823700,0.116432,0.077934
2823800,0.124883,0.077934
2823900,0.120188,0.077934
2824000,0.123005,0.077934
2824100,0.114554,0.077934
2824200,0.112676,0.077934
2824300,0.109859,0.077934
2824400,0.112676,0.077934
2824500,0.118310,0.077934
2824600,0.117371,0.077934
2824700,0.114554,0.077934
2824800,0.123005,0.077934
2824900,0.109859,0.077934
2825000,0.114554,0.077934
2825100,0.109859,0.077934
2825200,0.109859,0.077934
2825300,0.114554,0.077934
2825400,0.104225,0.077934
2825500,0.114554,0.077934
2825600,0.116432,0.077934
2825700,0.101408,0.077934
2825800,0.107042,0.077934
2825900,0.114554,0.077934
2826000,0.106103,0.077934
2826100,0.111737,0.077934
2826200,0.109859,0.077934
2826300,0.118310,0.077934
2826400,0.105164,0.077934
2826500,0.116432,0.077934
2826600,0.116432,0.077934
2826700,0.116432,0.077934
2826800,0.120188,0.077934
2826900,0.104225,0.077934
2827000,0.122066,0.077934
2827100,0.105164,0.077934
2827200,0.103286,0.077934
2827300,0.122066,0.077934
2827400,0.113615,0.077934
2827500,0.119249,0.077934
2827600,0.115493,0.077934
2827700,0.138028,0.077934
2827800,0.123944,0.077934
2827900,0.097653,0.077934
2828000,0.092958,0.077934
2828100,0.113615,0.077934
2828200,0.119249,0.077934
2828300,0.123005,0.077934
2828400,0.091080,0.077934
2828500,0.101408,0.077934
2828600,0.136150,0.077934
2828700,0.120188,0.077934
2828800,0.111737,0.077934
2828900,0.117371,0.077934
2829000,0.135211,0.077934
2829100,0.115493,0.077934
2829200,0.103286,0.077934
2829300,0.107042,0.077934
2829400,0.110798,0.077934
2829500,0.125822,0.077934
2829600,0.116432,0.077934
2829700,0.119249,0.077934
2829800,0.133333,0.077934
2829900,0.116432,0.077934
2830000,0.103286,0.077934
2830100,0.120188,0.077934
2830200,0.119249,0.077934
2830300,0.105164,0.077934
2830400,0.109859,0.077934
2830500,0.137089,0.077934
2830600,0.119249,0.077934
2830700,0.120188,0.077934
2830800,0.123005,0.077934
2830900,0.101408,0.077934
2831000,0.100469,0.077934
2831100,0.097653,0.077934
2831200,0.116432,0.077934
2831300,0.120188,0.077934
2831400,0.145540,0.077934
2831500,0.125822,0.077934
2831600,0.135211,0.077934
2831700,0.120188,0.077934
2831800,0.117371,0.077934
2831900,0.109859,0.077934
2832000,0.119249,0.077934
2832100,0.131455,0.077934
2832200,0.129577,0.077934
2832300,0.117371,0.077934
2832400,0.131455,0.077934
2832500,0.151174,0.077934
2832600,0.128638,0.077934
2832700,0.133333,0.077934
2832800,0.118310,0.077934
2832900,0.116432,0.077934
2833000,0.105164,0.077934
2833100,0.107042,0.077934
2833200,0.104225,0.077934
2833300,0.104225,0.077934
2833400,0.126761,0.077934
2833500,0.113615,0.077934
2833600,0.100469,0.077934
2833700,0.098592,0.077934
2833800,0.104225,0.077934
2833900,0.100469,0.077934
2834000,0.097653,0.077934
2834100,0.114554,0.077934
2834200,0.101408,0.077934
2834300,0.107042,0.077934
2834400,0.114554,0.077934
2834500,0.106103,0.077934
2834600,0.121127,0.077934
2834700,0.113615,0.077934
2834800,0.116432,0.077934
2834900,0.135211,0.077934
2835000,0.138028,0.077934
2835100,0.120188,0.077934
2835200,0.135211,0.077934
2835300,0.122066,0.077934
2835400,0.125822,0.077934
2835500,0.126761,0.077934
2835600,0.146479,0.077934
2835700,0.138028,0.077934
2835800,0.131455,0.077934
2835900,0.118310,0.077934
2836000,0.119249,0.077934
2836100,0.146479,0.077934
2836200,0.121127,0.077934
2836300,0.134272,0.077934
2836400,0.123005,0.077934
2836500,0.118310,0.077934
2836600,0.117371,0.077934
2836700,0.122066,0.077934
2836800,0.121127,0.077934
2836900,0.121127,0.077934
2837000,0.113615,0.077934
2837100,0.109859,0.077934
2837200,0.108920,0.077934
2837300,0.109859,0.077934
2837400,0.113615,0.077934
2837500,0.117371,0.077934
2837600,0.128638,0.077934
2837700,0.110798,0.077934
2837800,0.108920,0.077934
2837900,0.120188,0.077934
2838000,0.121127,0.077934
2838100,0.102347,0.077934
2838200,0.107981,0.077934
2838300,0.117371,0.077934
2838400,0.109859,0.077934
2838500,0.123005,0.077934
2838600,0.117371,0.077934
2838700,0.114554,0.077934
2838800,0.114554,0.077934
2838900,0.106103,0.077934
2839000,0.126761,0.077934
2839100,0.108920,0.077934
2839200,0.123944,0.077934
2839300,0.113615,0.077934
2839400,0.120188,0.077934
2839500,0.124883,0.077934
2839600,0.133333,0.077934
2839700,0.131455,0.077934
2839800,0.112676,0.077934
2839900,0.127700,0.077934
2840000,0.107981,0.077934
2840100,0.123944,0.077934
2840200,0.125822,0.077934
2840300,0.107981,0.077934
2840400,0.105164,0.077934
2840500,0.106103,0.077934
2840600,0.107981,0.077934
2840700,0.109859,0.077934
2840800,0.118310,0.077934
2840900,0.123944,0.077934
2841000,0.111737,0.077934
2841100,0.131455,0.077934
2841200,0.124883,0.077934
2841300,0.123944,0.077934
2841400,0.120188,0.077934
2841500,0.112676,0.077934
2841600,0.111737,0.077934
2841700,0.119249,0.077934
2841800,0.103286,0.077934
2841900,0.107042,0.077934
2842000,0.126761,0.077934
2842100,0.109859,0.077934
2842200,0.106103,0.077934
2842300,0.109859,0.077934
2842400,0.122066,0.077934
2842500,0.120188,0.077934
2842600,0.123944,0.077934
2842700,0.130516,0.077934
2842800,0.118310,0.077934
2842900,0.123944,0.077934
2843000,0.123005,0.077934
2843100,0.106103,0.077934
2843200,0.109859,0.077934
2843300,0.109859,0.077934
2843400,0.107981,0.077934
2843500,0.112676,0.077934
2843600,0.108920,0.077934
2843700,0.107981,0.077934
2843800,0.110798,0.077934
2843900,0.105164,0.077934
2844000,0.114554,0.077934
2844100,0.117371,0.077934
2844200,0.125822,0.077934
2844300,0.131455,0.077934
2844400,0.117371,0.077934
2844500,0.119249,0.077934
2844600,0.107042,0.077934
2844700,0.097653,0.077934
2844800,0.097653,0.077934
2844900,0.097653,0.077934
2845000,0.115493,0.077934
2845100,0.108920,0.077934
2845200,0.130516,0.077934
2845300,0.130516,0.077934
2845400,0.132394,0.077934
2845500,0.123944,0.077934
2845600,0.100469,0.077934
2845700,0.108920,0.077934
2845800,0.119249,0.077934
2845900,0.114554,0.077934
2846000,0.108920,0.077934
2846100,0.119249,0.077934
2846200,0.110798,0.077934
2846300,0.117371,0.077934
2846400,0.116432,0.077934
2846500,0.125822,0.077934
2846600,0.116432,0.077934
2846700,0.107042,0.077934
2846800,0.107981,0.077934
2846900,0.130516,0.077934
2847000,0.132394,0.077934
2847100,0.121127,0.077934
2847200,0.125822,0.077934
2847300,0.112676,0.077934
2847400,0.113615,0.077934
2847500,0.133333,0.077934
2847600,0.117371,0.077934
2847700,0.123944,0.077934
2847800,0.107981,0.077934
2847900,0.117371,0.077934
2848000,0.124883,0.077934
2848100,0.148357,0.077934
2848200,0.139906,0.077934
2848300,0.119249,0.077934
2848400,0.112676,0.077934
2848500,0.113615,0.077934
2848600,0.114554,0.077934
2848700,0.123944,0.077934
2848800,0.130516,0.077934
2848900,0.127700,0.077934
2849000,0.126761,0.077934
2849100,0.121127,0.077934
2849200,0.128638,0.077934
2849300,0.116432,0.077934
2849400,0.103286,0.077934
2849500,0.119249,0.077934
2849600,0.103286,0.077934
2849700,0.107981,0.077934
2849800,0.119249,0.077934
2849900,0.111737,0.077934
2850000,0.123005,0.077934
2850100,0.105164,0.077934
2850200,0.120188,0.077934
2850300,0.102347,0.077934
2850400,0.114554,0.077934
2850500,0.110798,0.077934
2850600,0.135211,0.077934
2850700,0.133333,0.077934
2850800,0.130516,0.077934
2850900,0.142723,0.077934
2851000,0.144601,0.077934
2851100,0.123944,0.077934
2851200,0.127700,0.077934
2851300,0.107981,0.077934
2851400,0.107981,0.077934
2851500,0.105164,0.077934
2851600,0.117371,0.077934
2851700,0.127700,0.077934
2851800,0.131455,0.077934
2851900,0.112676,0.077934
2852000,0.115493,0.077934
2852100,0.117371,0.077934
2852200,0.115493,0.077934
2852300,0.131455,0.077934
2852400,0.123005,0.077934
2852500,0.115493,0.077934
2852600,0.112676,0.077934
2852700,0.128638,0.077934
2852800,0.132394,0.077934
2852900,0.115493,0.077934
2853000,0.091080,0.077934
2853100,0.092958,0.077934
2853200,0.115493,0.077934
2853300,0.113615,0.077934
2853400,0.116432,0.077934
2853500,0.121127,0.077934
2853600,0.109859,0.077934
2853700,0.115493,0.077934
2853800,0.125822,0.077934
2853900,0.106103,0.077934
2854000,0.104225,0.077934
2854100,0.138967,0.077934
2854200,0.120188,0.077934
2854300,0.115493,0.077934
2854400,0.110798,0.077934
2854500,0.119249,0.077934
2854600,0.127700,0.077934
2854700,0.109859,0.077934
2854800,0.113615,0.077934
2854900,0.108920,0.077934
2855000,0.122066,0.077934
2855100,0.134272,0.077934
2855200,0.113615,0.077934
2855300,0.107042,0.077934
2855400,0.143662,0.077934
2855500,0.129577,0.077934
2855600,0.118310,0.077934
2855700,0.125822,0.077934
2855800,0.116432,0.077934
2855900,0.115493,0.077934
2856000,0.106103,0.077934
2856100,0.110798,0.077934
2856200,0.108920,0.077934
2856300,0.101408,0.077934
2856400,0.109859,0.077934
2856500,0.119249,0.077934
2856600,0.127700,0.077934
2856700,0.135211,0.077934
2856800,0.111737,0.077934
2856900,0.122066,0.077934
2857000,0.138028,0.077934
2857100,0.132394,0.077934
2857200,0.108920,0.077934
2857300,0.103286,0.077934
2857400,0.112676,0.077934
2857500,0.127700,0.077934
2857600,0.123944,0.077934
2857700,0.106103,0.077934
2857800,0.121127,0.077934
2857900,0.121127,0.077934
2858000,0.129577,0.077934
2858100,0.123005,0.077934
2858200,0.136150,0.077934
2858300,0.117371,0.077934
2858400,0.137089,0.077934
2858500,0.122066,0.077934
2858600,0.118310,0.077934
2858700,0.114554,0.077934
2858800,0.114554,0.077934
2858900,0.111737,0.077934
2859000,0.118310,0.077934
2859100,0.123944,0.077934
2859200,0.116432,0.077934
2859300,0.109859,0.077934
2859400,0.118310,0.077934
2859500,0.113615,0.077934
2859600,0.123944,0.077934
2859700,0.136150,0.077934
2859800,0.133333,0.077934
2859900,0.120188,0.077934
2860000,0.120188,0.077934
2860100,0.109859,0.077934
2860200,0.119249,0.077934
2860300,0.106103,0.077934
2860400,0.124883,0.077934
2860500,0.126761,0.077934
2860600,0.116432,0.077934
2860700,0.122066,0.077934
2860800,0.118310,0.077934
2860900,0.133333,0.077934
2861000,0.106103,0.077934
2861100,0.119249,0.077934
2861200,0.092958,0.077934
2861300,0.117371,0.077934
2861400,0.125822,0.077934
2861500,0.116432,0.077934
2861600,0.116432,0.077934
2861700,0.114554,0.077934
2861800,0.122066,0.077934
2861900,0.112676,0.077934
2862000,0.127700,0.077934
2862100,0.130516,0.077934
2862200,0.098592,0.077934
2862300,0.115493,0.077934
2862400,0.122066,0.077934
2862500,0.100469,0.077934
2862600,0.111737,0.077934
2862700,0.105164,0.077934
2862800,0.108920,0.077934
2862900,0.116432,0.077934
2863000,0.117371,0.077934
2863100,0.121127,0.077934
2863200,0.125822,0.077934
2863300,0.111737,0.077934
2863400,0.127700,0.077934
2863500,0.114554,0.077934
2863600,0.123944,0.077934
2863700,0.124883,0.077934
2863800,0.120188,0.077934
2863900,0.112676,0.077934
2864000,0.111737,0.077934
2864100,0.104225,0.077934
2864200,0.128638,0.077934
2864300,0.125822,0.077934
2864400,0.119249,0.077934
2864500,0.124883,0.077934
2864600,0.129577,0.077934
2864700,0.135211,0.077934
2864800,0.108920,0.077934
2864900,0.107981,0.077934
2865000,0.132394,0.077934
2865100,0.120188,0.077934
2865200,0.119249,0.077934
2865300,0.102347,0.077934
2865400,0.108920,0.077934
2865500,0.122066,0.077934
2865600,0.124883,0.077934
2865700,0.118310,0.077934
2865800,0.136150,0.077934
2865900,0.118310,0.077934
2866000,0.130516,0.077934
2866100,0.135211,0.077934
2866200,0.109859,0.077934
2866300,0.120188,0.077934
2866400,0.120188,0.077934
2866500,0.106103,0.077934
2866600,0.119249,0.077934
2866700,0.113615,0.077934
2866800,0.130516,0.077934
2866900,0.117371,0.077934
2867000,0.123005,0.077934
2867100,0.129577,0.077934
2867200,0.122066,0.077934
2867300,0.111737,0.077934
2867400,0.131455,0.077934
2867500,0.126761,0.077934
2867600,0.114554,0.077934
2867700,0.119249,0.077934
2867800,0.124883,0.077934
2867900,0.120188,0.077934
2868000,0.115493,0.077934
2868100,0.132394,0.077934
2868200,0.104225,0.077934
2868300,0.116432,0.077934
2868400,0.116432,0.077934
2868500,0.114554,0.077934
2868600,0.120188,0.077934
2868700,0.115493,0.077934
2868800,0.122066,0.077934
2868900,0.132394,0.077934
2869000,0.120188,0.077934
2869100,0.109859,0.077934
2869200,0.098592,0.077934
2869300,0.103286,0.077934
2869400,0.125822,0.077934
2869500,0.117371,0.077934
2869600,0.146479,0.077934
2869700,0.132394,0.077934
2869800,0.118310,0.077934
2869900,0.122066,0.077934
2870000,0.092958,0.077934
2870100,0.113615,0.077934
2870200,0.113615,0.077934
2870300,0.100469,0.077934
2870400,0.119249,0.077934
2870500,0.122066,0.077934
2870600,0.123005,0.077934
2870700,0.109859,0.077934
2870800,0.113615,0.077934
2870900,0.099531,0.077934
2871000,0.111737,0.077934
2871100,0.129577,0.077934
2871200,0.122066,0.077934
2871300,0.115493,0.077934
2871400,0.114554,0.077934
2871500,0.115493,0.077934
2871600,0.118310,0.077934
2871700,0.120188,0.077934
2871800,0.109859,0.077934
2871900,0.116432,0.077934
2872000,0.106103,0.077934
2872100,0.128638,0.077934
2872200,0.118310,0.077934
2872300,0.128638,0.077934
2872400,0.118310,0.077934
2872500,0.112676,0.077934
2872600,0.116432,0.077934
2872700,0.127700,0.077934
2872800,0.114554,0.077934
2872900,0.125822,0.077934
2873000,0.119249,0.077934
2873100,0.110798,0.077934
2873200,0.114554,0.077934
2873300,0.113615,0.077934
2873400,0.118310,0.077934
2873500,0.124883,0.077934
2873600,0.111737,0.077934
2873700,0.132394,0.077934
2873800,0.131455,0.077934
2873900,0.125822,0.077934
2874000,0.120188,0.077934
2874100,0.112676,0.077934
2874200,0.117371,0.077934
2874300,0.105164,0.077934
2874400,0.107042,0.077934
2874500,0.120188,0.077934
2874600,0.128638,0.077934
2874700,0.119249,0.077934
2874800,0.122066,0.077934
2874900,0.105164,0.077934
2875000,0.122066,0.077934
2875100,0.129577,0.077934
2875200,0.113615,0.077934
2875300,0.118310,0.077934
2875400,0.127700,0.077934
2875500,0.119249,0.077934
2875600,0.104225,0.077934
2875700,0.096714,0.077934
2875800,0.108920,0.077934
2875900,0.115493,0.077934
2876000,0.108920,0.077934
2876100,0.102347,0.077934
2876200,0.117371,0.077934
2876300,0.113615,0.077934
2876400,0.121127,0.077934
2876500,0.119249,0.077934
2876600,0.106103,0.077934
2876700,0.117371,0.077934
2876800,0.127700,0.077934
2876900,0.110798,0.077934
2877000,0.114554,0.077934
2877100,0.108920,0.077934
2877200,0.098592,0.077934
2877300,0.104225,0.077934
2877400,0.110798,0.077934
2877500,0.103286,0.077934
2877600,0.126761,0.077934
2877700,0.114554,0.077934
2877800,0.111737,0.077934
2877900,0.100469,0.077934
2878000,0.116432,0.077934
2878100,0.106103,0.077934
2878200,0.117371,0.077934
2878300,0.112676,0.077934
2878400,0.109859,0.077934
2878500,0.112676,0.077934
2878600,0.155869,0.077934
2878700,0.124883,0.077934
2878800,0.129577,0.077934
2878900,0.122066,0.077934
2879000,0.125822,0.077934
2879100,0.132394,0.077934
2879200,0.120188,0.077934
2879300,0.115493,0.077934
2879400,0.103286,0.077934
2879500,0.116432,0.077934
2879600,0.147418,0.077934
2879700,0.123005,0.077934
2879800,0.126761,0.077934
2879900,0.115493,0.077934
2880000,0.110798,0.077934
2880100,0.098592,0.077934
2880200,0.117371,0.077934
2880300,0.134272,0.077934
2880400,0.123005,0.077934
2880500,0.138967,0.077934
2880600,0.121127,0.077934
2880700,0.114554,0.077934
2880800,0.118310,0.077934
2880900,0.116432,0.077934
2881000,0.112676,0.077934
2881100,0.107042,0.077934
2881200,0.120188,0.077934
2881300,0.120188,0.077934
2881400,0.119249,0.077934
2881500,0.128638,0.077934
2881600,0.126761,0.077934
2881700,0.121127,0.077934
2881800,0.115493,0.077934
2881900,0.115493,0.077934
2882000,0.112676,0.077934
2882100,0.123944,0.077934
2882200,0.109859,0.077934
2882300,0.108920,0.077934
2882400,0.101408,0.077934
2882500,0.107042,0.077934
2882600,0.115493,0.077934
2882700,0.102347,0.077934
2882800,0.097653,0.077934
2882900,0.095775,0.077934
2883000,0.120188,0.077934
2883100,0.125822,0.077934
2883200,0.097653,0.077934
2883300,0.114554,0.077934
2883400,0.127700,0.077934
2883500,0.128638,0.077934
2883600,0.126761,0.077934
2883700,0.121127,0.077934
2883800,0.117371,0.077934
2883900,0.136150,0.077934
2884000,0.128638,0.077934
2884100,0.123005,0.077934
2884200,0.110798,0.077934
2884300,0.117371,0.077934
2884400,0.123005,0.077934
2884500,0.109859,0.077934
2884600,0.110798,0.077934
2884700,0.107981,0.077934
2884800,0.095775,0.077934
2884900,0.102347,0.077934
2885000,0.107981,0.077934
2885100,0.101408,0.077934
2885200,0.101408,0.077934
2885300,0.126761,0.077934
2885400,0.109859,0.077934
2885500,0.107042,0.077934
2885600,0.117371,0.077934
2885700,0.129577,0.077934
2885800,0.102347,0.077934
2885900,0.105164,0.077934
2886000,0.110798,0.077934
2886100,0.107042,0.077934
2886200,0.120188,0.077934
2886300,0.138028,0.077934
2886400,0.131455,0.077934
2886500,0.110798,0.077934
2886600,0.120188,0.077934
2886700,0.105164,0.077934
2886800,0.107042,0.077934
2886900,0.103286,0.077934
2887000,0.121127,0.077934
2887100,0.122066,0.077934
2887200,0.127700,0.077934
2887300,0.113615,0.077934
2887400,0.122066,0.077934
2887500,0.107042,0.077934
2887600,0.114554,0.077934
2887700,0.126761,0.077934
2887800,0.125822,0.077934
2887900,0.123005,0.077934
2888000,0.105164,0.077934
2888100,0.114554,0.077934
2888200,0.120188,0.077934
2888300,0.114554,0.077934
2888400,0.113615,0.077934
2888500,0.110798,0.077934
2888600,0.111737,0.077934
2888700,0.125822,0.077934
2888800,0.115493,0.077934
2888900,0.116432,0.077934
2889000,0.123944,0.077934
2889100,0.108920,0.077934
2889200,0.109859,0.077934
2889300,0.120188,0.077934
2889400,0.132394,0.077934
2889500,0.107981,0.077934
2889600,0.124883,0.077934
2889700,0.127700,0.077934
2889800,0.126761,0.077934
2889900,0.123944,0.077934
2890000,0.122066,0.077934
2890100,0.122066,0.077934
2890200,0.107981,0.077934
2890300,0.110798,0.077934
2890400,0.137089,0.077934
2890500,0.110798,0.077934
2890600,0.092019,0.077934
2890700,0.107981,0.077934
2890800,0.106103,0.077934
2890900,0.105164,0.077934
2891000,0.111737,0.077934
2891100,0.114554,0.077934
2891200,0.109859,0.077934
2891300,0.094836,0.077934
2891400,0.104225,0.077934
2891500,0.101408,0.077934
2891600,0.123944,0.077934
2891700,0.117371,0.077934
2891800,0.117371,0.077934
2891900,0.127700,0.077934
2892000,0.127700,0.077934
2892100,0.124883,0.077934
2892200,0.107042,0.077934
2892300,0.121127,0.077934
2892400,0.138028,0.077934
2892500,0.124883,0.077934
2892600,0.120188,0.077934
2892700,0.120188,0.077934
2892800,0.121127,0.077934
2892900,0.131455,0.077934
2893000,0.114554,0.077934
2893100,0.115493,0.077934
2893200,0.121127,0.077934
2893300,0.113615,0.077934
2893400,0.103286,0.077934
2893500,0.106103,0.077934
2893600,0.104225,0.077934
2893700,0.119249,0.077934
2893800,0.121127,0.077934
2893900,0.123005,0.077934
2894000,0.105164,0.077934
2894100,0.104225,0.077934
2894200,0.125822,0.077934
2894300,0.136150,0.077934
2894400,0.128638,0.077934
2894500,0.101408,0.077934
2894600,0.117371,0.077934
2894700,0.108920,0.077934
2894800,0.113615,0.077934
2894900,0.108920,0.077934
2895000,0.117371,0.077934
2895100,0.107981,0.077934
2895200,0.100469,0.077934
2895300,0.107042,0.077934
2895400,0.095775,0.077934
2895500,0.110798,0.077934
2895600,0.104225,0.077934
2895700,0.107042,0.077934
2895800,0.118310,0.077934
2895900,0.130516,0.077934
2896000,0.112676,0.077934
2896100,0.113615,0.077934
2896200,0.114554,0.077934
2896300,0.123944,0.077934
2896400,0.116432,0.077934
2896500,0.105164,0.077934
2896600,0.103286,0.077934
2896700,0.107981,0.077934
2896800,0.111737,0.077934
2896900,0.100469,0.077934
2897000,0.114554,0.077934
2897100,0.108920,0.077934
2897200,0.123005,0.077934
2897300,0.112676,0.077934
2897400,0.113615,0.077934
2897500,0.104225,0.077934
2897600,0.112676,0.077934
2897700,0.128638,0.077934
2897800,0.118310,0.077934
2897900,0.123944,0.077934
2898000,0.129577,0.077934
2898100,0.122066,0.077934
2898200,0.124883,0.077934
2898300,0.127700,0.077934
2898400,0.109859,0.077934
2898500,0.102347,0.077934
2898600,0.110798,0.077934
2898700,0.123005,0.077934
2898800,0.107981,0.077934
2898900,0.094836,0.077934
2899000,0.117371,0.077934
2899100,0.110798,0.077934
2899200,0.122066,0.077934
2899300,0.124883,0.077934
2899400,0.131455,0.077934
2899500,0.111737,0.077934
2899600,0.117371,0.077934
2899700,0.124883,0.077934
2899800,0.107981,0.077934
2899900,0.110798,0.077934
2900000,0.113615,0.077934
2900100,0.134272,0.077934
2900200,0.117371,0.077934
2900300,0.123005,0.077934
2900400,0.133333,0.077934
2900500,0.132394,0.077934
2900600,0.120188,0.077934
2900700,0.122066,0.077934
2900800,0.099531,0.077934
2900900,0.107981,0.077934
2901000,0.112676,0.077934
2901100,0.100469,0.077934
2901200,0.111737,0.077934
2901300,0.110798,0.077934
2901400,0.121127,0.077934
2901500,0.122066,0.077934
2901600,0.123944,0.077934
2901700,0.118310,0.077934
2901800,0.117371,0.077934
2901900,0.123005,0.077934
2902000,0.122066,0.077934
2902100,0.116432,0.077934
2902200,0.104225,0.077934
2902300,0.123944,0.077934
2902400,0.119249,0.077934
2902500,0.105164,0.077934
2902600,0.107981,0.077934
2902700,0.110798,0.077934
2902800,0.107981,0.077934
2902900,0.116432,0.077934
2903000,0.120188,0.077934
2903100,0.116432,0.077934
2903200,0.110798,0.077934
2903300,0.124883,0.077934
2903400,0.117371,0.077934
2903500,0.093897,0.077934
2903600,0.107981,0.077934
2903700,0.103286,0.077934
2903800,0.096714,0.077934
2903900,0.106103,0.077934
2904000,0.115493,0.077934
2904100,0.106103,0.077934
2904200,0.124883,0.077934
2904300,0.135211,0.077934
2904400,0.138028,0.077934
2904500,0.114554,0.077934
2904600,0.109859,0.077934
2904700,0.117371,0.077934
2904800,0.117371,0.077934
2904900,0.112676,0.077934
2905000,0.111737,0.077934
2905100,0.106103,0.077934
2905200,0.107981,0.077934
2905300,0.125822,0.077934
2905400,0.108920,0.077934
2905500,0.116432,0.077934
2905600,0.118310,0.077934
2905700,0.120188,0.077934
2905800,0.115493,0.077934
2905900,0.106103,0.077934
2906000,0.111737,0.077934
2906100,0.124883,0.077934
2906200,0.123944,0.077934
2906300,0.109859,0.077934
2906400,0.111737,0.077934
2906500,0.126761,0.077934
2906600,0.128638,0.077934
2906700,0.123005,0.077934
2906800,0.128638,0.077934
2906900,0.124883,0.077934
2907000,0.128638,0.077934
2907100,0.131455,0.077934
2907200,0.107042,0.077934
2907300,0.113615,0.077934
2907400,0.129577,0.077934
2907500,0.133333,0.077934
2907600,0.124883,0.077934
2907700,0.125822,0.077934
2907800,0.113615,0.077934
2907900,0.118310,0.077934
2908000,0.115493,0.077934
2908100,0.128638,0.077934
2908200,0.125822,0.077934
2908300,0.120188,0.077934
2908400,0.135211,0.077934
2908500,0.133333,0.077934
2908600,0.124883,0.077934
2908700,0.106103,0.077934
2908800,0.121127,0.077934
2908900,0.125822,0.077934
2909000,0.117371,0.077934
2909100,0.117371,0.077934
2909200,0.117371,0.077934
2909300,0.109859,0.077934
2909400,0.114554,0.077934
2909500,0.104225,0.077934
2909600,0.101408,0.077934
2909700,0.110798,0.077934
2909800,0.112676,0.077934
2909900,0.116432,0.077934
2910000,0.111737,0.077934
2910100,0.100469,0.077934
2910200,0.095775,0.077934
2910300,0.115493,0.077934
2910400,0.128638,0.077934
2910500,0.108920,0.077934
2910600,0.107042,0.077934
2910700,0.117371,0.077934
2910800,0.136150,0.077934
2910900,0.123944,0.077934
2911000,0.116432,0.077934
2911100,0.116432,0.077934
2911200,0.114554,0.077934
2911300,0.111737,0.077934
2911400,0.116432,0.077934
2911500,0.121127,0.077934
2911600,0.120188,0.077934
2911700,0.123944,0.077934
2911800,0.124883,0.077934
2911900,0.123005,0.077934
2912000,0.129577,0.077934
2912100,0.112676,0.077934
2912200,0.115493,0.077934
2912300,0.110798,0.077934
2912400,0.132394,0.077934
2912500,0.128638,0.077934
2912600,0.123944,0.077934
2912700,0.108920,0.077934
2912800,0.116432,0.077934
2912900,0.112676,0.077934
2913000,0.127700,0.077934
2913100,0.127700,0.077934
2913200,0.128638,0.077934
2913300,0.111737,0.077934
2913400,0.113615,0.077934
2913500,0.113615,0.077934
2913600,0.102347,0.077934
2913700,0.108920,0.077934
2913800,0.117371,0.077934
2913900,0.097653,0.077934
2914000,0.098592,0.077934
2914100,0.109859,0.077934
2914200,0.123005,0.077934
2914300,0.132394,0.077934
2914400,0.133333,0.077934
2914500,0.125822,0.077934
2914600,0.114554,0.077934
2914700,0.128638,0.077934
2914800,0.123944,0.077934
2914900,0.123944,0.077934
2915000,0.126761,0.077934
2915100,0.123005,0.077934
2915200,0.122066,0.077934
2915300,0.122066,0.077934
2915400,0.114554,0.077934
2915500,0.107042,0.077934
2915600,0.110798,0.077934
2915700,0.099531,0.077934
2915800,0.114554,0.077934
2915900,0.110798,0.077934
2916000,0.105164,0.077934
2916100,0.137089,0.077934
2916200,0.108920,0.077934
2916300,0.123944,0.077934
2916400,0.113615,0.077934
2916500,0.118310,0.077934
2916600,0.108920,0.077934
2916700,0.116432,0.077934
2916800,0.107042,0.077934
2916900,0.111737,0.077934
2917000,0.097653,0.077934
2917100,0.116432,0.077934
2917200,0.108920,0.077934
2917300,0.112676,0.077934
2917400,0.136150,0.077934
2917500,0.111737,0.077934
2917600,0.104225,0.077934
2917700,0.124883,0.077934
2917800,0.122066,0.077934
2917900,0.102347,0.077934
2918000,0.102347,0.077934
2918100,0.128638,0.077934
2918200,0.123005,0.077934
2918300,0.126761,0.077934
2918400,0.102347,0.077934
2918500,0.111737,0.077934
2918600,0.120188,0.077934
2918700,0.119249,0.077934
2918800,0.120188,0.077934
2918900,0.123944,0.077934
2919000,0.105164,0.077934
2919100,0.096714,0.077934
2919200,0.123005,0.077934
2919300,0.114554,0.077934
2919400,0.126761,0.077934
2919500,0.139906,0.077934
2919600,0.111737,0.077934
2919700,0.103286,0.077934
2919800,0.110798,0.077934
2919900,0.101408,0.077934
2920000,0.110798,0.077934
2920100,0.126761,0.077934
2920200,0.138028,0.077934
2920300,0.123944,0.077934
2920400,0.123944,0.077934
2920500,0.126761,0.077934
2920600,0.112676,0.077934
2920700,0.109859,0.077934
2920800,0.117371,0.077934
2920900,0.104225,0.077934
2921000,0.107042,0.077934
2921100,0.115493,0.077934
2921200,0.114554,0.077934
2921300,0.112676,0.077934
2921400,0.112676,0.077934
2921500,0.121127,0.077934
2921600,0.117371,0.077934
2921700,0.109859,0.077934
2921800,0.127700,0.077934
2921900,0.131455,0.077934
2922000,0.116432,0.077934
2922100,0.102347,0.077934
2922200,0.115493,0.077934
2922300,0.107042,0.077934
2922400,0.115493,0.077934
2922500,0.120188,0.077934
2922600,0.112676,0.077934
2922700,0.121127,0.077934
2922800,0.106103,0.077934
2922900,0.120188,0.077934
2923000,0.121127,0.077934
2923100,0.121127,0.077934
2923200,0.136150,0.077934
2923300,0.128638,0.077934
2923400,0.109859,0.077934
2923500,0.101408,0.077934
2923600,0.101408,0.077934
2923700,0.104225,0.077934
2923800,0.098592,0.077934
2923900,0.114554,0.077934
2924000,0.123005,0.077934
2924100,0.107042,0.077934
2924200,0.110798,0.077934
2924300,0.107042,0.077934
2924400,0.109859,0.077934
2924500,0.116432,0.077934
2924600,0.126761,0.077934
2924700,0.114554,0.077934
2924800,0.115493,0.077934
2924900,0.116432,0.077934
2925000,0.110798,0.077934
2925100,0.112676,0.077934
2925200,0.117371,0.077934
2925300,0.126761,0.077934
2925400,0.113615,0.077934
2925500,0.109859,0.077934
2925600,0.113615,0.077934
2925700,0.115493,0.077934
2925800,0.124883,0.077934
2925900,0.117371,0.077934
2926000,0.134272,0.077934
2926100,0.118310,0.077934
2926200,0.099531,0.077934
2926300,0.094836,0.077934
2926400,0.105164,0.077934
2926500,0.098592,0.077934
2926600,0.106103,0.077934
2926700,0.126761,0.077934
2926800,0.123944,0.077934
2926900,0.103286,0.077934
2927000,0.117371,0.077934
2927100,0.108920,0.077934
2927200,0.116432,0.077934
2927300,0.111737,0.077934
2927400,0.108920,0.077934
2927500,0.105164,0.077934
2927600,0.126761,0.077934
2927700,0.107042,0.077934
2927800,0.107981,0.077934
2927900,0.107981,0.077934
2928000,0.106103,0.077934
2928100,0.104225,0.077934
2928200,0.117371,0.077934
2928300,0.127700,0.077934
2928400,0.121127,0.077934
2928500,0.131455,0.077934
2928600,0.125822,0.077934
2928700,0.115493,0.077934
2928800,0.107981,0.077934
2928900,0.116432,0.077934
2929000,0.110798,0.077934
2929100,0.110798,0.077934
2929200,0.116432,0.077934
2929300,0.120188,0.077934
2929400,0.108920,0.077934
2929500,0.117371,0.077934
2929600,0.115493,0.077934
2929700,0.112676,0.077934
2929800,0.123005,0.077934
2929900,0.107981,0.077934
2930000,0.121127,0.077934
2930100,0.118310,0.077934
2930200,0.107042,0.077934
2930300,0.110798,0.077934
2930400,0.137089,0.077934
2930500,0.133333,0.077934
2930600,0.130516,0.077934
2930700,0.120188,0.077934
2930800,0.124883,0.077934
2930900,0.129577,0.077934
2931000,0.123005,0.077934
2931100,0.129577,0.077934
2931200,0.112676,0.077934
2931300,0.113615,0.077934
2931400,0.107981,0.077934
2931500,0.097653,0.077934
2931600,0.115493,0.077934
2931700,0.114554,0.077934
2931800,0.119249,0.077934
2931900,0.102347,0.077934
2932000,0.119249,0.077934
2932100,0.120188,0.077934
2932200,0.112676,0.077934
2932300,0.124883,0.077934
2932400,0.126761,0.077934
2932500,0.135211,0.077934
2932600,0.121127,0.077934
2932700,0.109859,0.077934
2932800,0.108920,0.077934
2932900,0.125822,0.077934
2933000,0.108920,0.077934
2933100,0.102347,0.077934
2933200,0.105164,0.077934
2933300,0.141784,0.077934
2933400,0.109859,0.077934
2933500,0.100469,0.077934
2933600,0.126761,0.077934
2933700,0.111737,0.077934
2933800,0.118310,0.077934
2933900,0.124883,0.077934
2934000,0.120188,0.077934
2934100,0.108920,0.077934
2934200,0.118310,0.077934
2934300,0.114554,0.077934
2934400,0.108920,0.077934
2934500,0.122066,0.077934
2934600,0.121127,0.077934
2934700,0.112676,0.077934
2934800,0.129577,0.077934
2934900,0.120188,0.077934
2935000,0.108920,0.077934
2935100,0.107042,0.077934
2935200,0.119249,0.077934
2935300,0.126761,0.077934
2935400,0.105164,0.077934
2935500,0.126761,0.077934
2935600,0.136150,0.077934
2935700,0.128638,0.077934
2935800,0.117371,0.077934
2935900,0.118310,0.077934
2936000,0.121127,0.077934
2936100,0.117371,0.077934
2936200,0.105164,0.077934
2936300,0.105164,0.077934
2936400,0.095775,0.077934
2936500,0.098592,0.077934
2936600,0.094836,0.077934
2936700,0.124883,0.077934
2936800,0.106103,0.077934
2936900,0.121127,0.077934
2937000,0.110798,0.077934
2937100,0.120188,0.077934
2937200,0.112676,0.077934
2937300,0.121127,0.077934
2937400,0.099531,0.077934
2937500,0.105164,0.077934
2937600,0.104225,0.077934
2937700,0.109859,0.077934
2937800,0.104225,0.077934
2937900,0.097653,0.077934
2938000,0.109859,0.077934
2938100,0.138967,0.077934
2938200,0.142723,0.077934
2938300,0.138967,0.077934
2938400,0.129577,0.077934
2938500,0.122066,0.077934
2938600,0.136150,0.077934
2938700,0.117371,0.077934
2938800,0.119249,0.077934
2938900,0.118310,0.077934
2939000,0.102347,0.077934
2939100,0.091080,0.077934
2939200,0.090141,0.077934
2939300,0.098592,0.077934
2939400,0.118310,0.077934
2939500,0.121127,0.077934
2939600,0.107042,0.077934
2939700,0.104225,0.077934
2939800,0.107981,0.077934
2939900,0.115493,0.077934
2940000,0.108920,0.077934
2940100,0.117371,0.077934
2940200,0.112676,0.077934
2940300,0.121127,0.077934
2940400,0.120188,0.077934
2940500,0.130516,0.077934
2940600,0.127700,0.077934
2940700,0.133333,0.077934
2940800,0.122066,0.077934
2940900,0.117371,0.077934
2941000,0.116432,0.077934
2941100,0.122066,0.077934
2941200,0.122066,0.077934
2941300,0.121127,0.077934
2941400,0.138967,0.077934
2941500,0.136150,0.077934
2941600,0.122066,0.077934
2941700,0.118310,0.077934
2941800,0.125822,0.077934
2941900,0.141784,0.077934
2942000,0.107042,0.077934
2942100,0.115493,0.077934
2942200,0.123005,0.077934
2942300,0.124883,0.077934
2942400,0.121127,0.077934
2942500,0.115493,0.077934
2942600,0.132394,0.077934
2942700,0.116432,0.077934
2942800,0.114554,0.077934
2942900,0.128638,0.077934
2943000,0.125822,0.077934
2943100,0.114554,0.077934
2943200,0.092958,0.077934
2943300,0.119249,0.077934
2943400,0.116432,0.077934
2943500,0.110798,0.077934
2943600,0.125822,0.077934
2943700,0.118310,0.077934
2943800,0.118310,0.077934
2943900,0.110798,0.077934
2944000,0.119249,0.077934
2944100,0.138028,0.077934
2944200,0.115493,0.077934
2944300,0.115493,0.077934
2944400,0.113615,0.077934
2944500,0.105164,0.077934
2944600,0.107042,0.077934
2944700,0.111737,0.077934
2944800,0.111737,0.077934
2944900,0.111737,0.077934
2945000,0.113615,0.077934
2945100,0.115493,0.077934
2945200,0.138967,0.077934
2945300,0.137089,0.077934
2945400,0.128638,0.077934
2945500,0.123005,0.077934
2945600,0.106103,0.077934
2945700,0.106103,0.077934
2945800,0.118310,0.077934
2945900,0.127700,0.077934
2946000,0.119249,0.077934
2946100,0.115493,0.077934
2946200,0.116432,0.077934
2946300,0.114554,0.077934
2946400,0.120188,0.077934
2946500,0.118310,0.077934
2946600,0.128638,0.077934
2946700,0.123005,0.077934
2946800,0.117371,0.077934
2946900,0.106103,0.077934
2947000,0.108920,0.077934
2947100,0.099531,0.077934
2947200,0.112676,0.077934
2947300,0.116432,0.077934
2947400,0.109859,0.077934
2947500,0.119249,0.077934
2947600,0.111737,0.077934
2947700,0.111737,0.077934
2947800,0.104225,0.077934
2947900,0.109859,0.077934
2948000,0.107042,0.077934
2948100,0.109859,0.077934
2948200,0.117371,0.077934
2948300,0.106103,0.077934
2948400,0.099531,0.077934
2948500,0.100469,0.077934
2948600,0.101408,0.077934
2948700,0.111737,0.077934
2948800,0.091080,0.077934
2948900,0.093897,0.077934
2949000,0.119249,0.077934
2949100,0.119249,0.077934
2949200,0.127700,0.077934
2949300,0.116432,0.077934
2949400,0.114554,0.077934
2949500,0.114554,0.077934
2949600,0.123005,0.077934
2949700,0.127700,0.077934
2949800,0.116432,0.077934
2949900,0.115493,0.077934
2950000,0.102347,0.077934
2950100,0.111737,0.077934
2950200,0.113615,0.077934
2950300,0.110798,0.077934
2950400,0.132394,0.077934
2950500,0.112676,0.077934
2950600,0.111737,0.077934
2950700,0.102347,0.077934
2950800,0.105164,0.077934
2950900,0.127700,0.077934
2951000,0.118310,0.077934
2951100,0.117371,0.077934
2951200,0.121127,0.077934
2951300,0.123005,0.077934
2951400,0.124883,0.077934
2951500,0.118310,0.077934
2951600,0.096714,0.077934
2951700,0.109859,0.077934
2951800,0.102347,0.077934
2951900,0.108920,0.077934
2952000,0.107981,0.077934
2952100,0.107042,0.077934
2952200,0.097653,0.077934
2952300,0.112676,0.077934
2952400,0.103286,0.077934
2952500,0.092958,0.077934
2952600,0.100469,0.077934
2952700,0.120188,0.077934
2952800,0.123944,0.077934
2952900,0.128638,0.077934
2953000,0.115493,0.077934
2953100,0.111737,0.077934
2953200,0.122066,0.077934
2953300,0.112676,0.077934
2953400,0.115493,0.077934
2953500,0.110798,0.077934
2953600,0.113615,0.077934
2953700,0.102347,0.077934
2953800,0.102347,0.077934
2953900,0.115493,0.077934
2954000,0.101408,0.077934
2954100,0.118310,0.077934
2954200,0.111737,0.077934
2954300,0.100469,0.077934
2954400,0.099531,0.077934
2954500,0.123944,0.077934
2954600,0.116432,0.077934
2954700,0.121127,0.077934
2954800,0.116432,0.077934
2954900,0.115493,0.077934
2955000,0.113615,0.077934
2955100,0.124883,0.077934
2955200,0.141784,0.077934
2955300,0.130516,0.077934
2955400,0.118310,0.077934
2955500,0.104225,0.077934
2955600,0.109859,0.077934
2955700,0.120188,0.077934
2955800,0.108920,0.077934
2955900,0.107981,0.077934
2956000,0.107981,0.077934
2956100,0.106103,0.077934
2956200,0.103286,0.077934
2956300,0.116432,0.077934
2956400,0.113615,0.077934
2956500,0.118310,0.077934
2956600,0.116432,0.077934
2956700,0.123005,0.077934
2956800,0.101408,0.077934
2956900,0.112676,0.077934
2957000,0.113615,0.077934
2957100,0.117371,0.077934
2957200,0.104225,0.077934
2957300,0.092958,0.077934
2957400,0.107042,0.077934
2957500,0.110798,0.077934
2957600,0.105164,0.077934
2957700,0.115493,0.077934
2957800,0.119249,0.077934
2957900,0.105164,0.077934
2958000,0.128638,0.077934
2958100,0.123944,0.077934
2958200,0.107042,0.077934
2958300,0.123005,0.077934
2958400,0.113615,0.077934
2958500,0.126761,0.077934
2958600,0.113615,0.077934
2958700,0.117371,0.077934
2958800,0.132394,0.077934
2958900,0.133333,0.077934
2959000,0.121127,0.077934
2959100,0.131455,0.077934
2959200,0.112676,0.077934
2959300,0.138028,0.077934
2959400,0.112676,0.077934
2959500,0.132394,0.077934
2959600,0.121127,0.077934
2959700,0.119249,0.077934
2959800,0.104225,0.077934
2959900,0.116432,0.077934
2960000,0.114554,0.077934
2960100,0.108920,0.077934
2960200,0.131455,0.077934
2960300,0.129577,0.077934
2960400,0.113615,0.077934
2960500,0.109859,0.077934
2960600,0.121127,0.077934
2960700,0.122066,0.077934
2960800,0.129577,0.077934
2960900,0.114554,0.077934
2961000,0.118310,0.077934
2961100,0.140845,0.077934
2961200,0.125822,0.077934
2961300,0.123944,0.077934
2961400,0.123944,0.077934
2961500,0.124883,0.077934
2961600,0.121127,0.077934
2961700,0.127700,0.077934
2961800,0.110798,0.077934
2961900,0.112676,0.077934
2962000,0.104225,0.077934
2962100,0.123005,0.077934
2962200,0.123944,0.077934
2962300,0.119249,0.077934
2962400,0.115493,0.077934
2962500,0.140845,0.077934
2962600,0.136150,0.077934
2962700,0.125822,0.077934
2962800,0.107042,0.077934
2962900,0.109859,0.077934
2963000,0.102347,0.077934
2963100,0.134272,0.077934
2963200,0.114554,0.077934
2963300,0.106103,0.077934
2963400,0.113615,0.077934
2963500,0.112676,0.077934
2963600,0.107042,0.077934
2963700,0.121127,0.077934
2963800,0.107042,0.077934
2963900,0.128638,0.077934
2964000,0.123005,0.077934
2964100,0.117371,0.077934
2964200,0.116432,0.077934
2964300,0.106103,0.077934
2964400,0.108920,0.077934
2964500,0.120188,0.077934
2964600,0.114554,0.077934
2964700,0.098592,0.077934
2964800,0.108920,0.077934
2964900,0.114554,0.077934
2965000,0.106103,0.077934
2965100,0.106103,0.077934
2965200,0.104225,0.077934
2965300,0.115493,0.077934
2965400,0.107042,0.077934
2965500,0.107042,0.077934
2965600,0.120188,0.077934
2965700,0.107042,0.077934
2965800,0.129577,0.077934
2965900,0.106103,0.077934
2966000,0.114554,0.077934
2966100,0.120188,0.077934
2966200,0.130516,0.077934
2966300,0.127700,0.077934
2966400,0.138967,0.077934
2966500,0.142723,0.077934
2966600,0.143662,0.077934
2966700,0.113615,0.077934
2966800,0.128638,0.077934
2966900,0.091080,0.077934
2967000,0.103286,0.077934
2967100,0.101408,0.077934
2967200,0.116432,0.077934
2967300,0.111737,0.077934
2967400,0.117371,0.077934
2967500,0.123944,0.077934
2967600,0.112676,0.077934
2967700,0.139906,0.077934
2967800,0.130516,0.077934
2967900,0.125822,0.077934
2968000,0.132394,0.077934
2968100,0.114554,0.077934
2968200,0.124883,0.077934
2968300,0.110798,0.077934
2968400,0.108920,0.077934
2968500,0.130516,0.077934
2968600,0.116432,0.077934
2968700,0.117371,0.077934
2968800,0.101408,0.077934
2968900,0.122066,0.077934
2969000,0.106103,0.077934
2969100,0.102347,0.077934
2969200,0.114554,0.077934
2969300,0.104225,0.077934
2969400,0.125822,0.077934
2969500,0.106103,0.077934
2969600,0.109859,0.077934
2969700,0.126761,0.077934
2969800,0.129577,0.077934
2969900,0.125822,0.077934
2970000,0.117371,0.077934
2970100,0.116432,0.077934
2970200,0.122066,0.077934
2970300,0.123005,0.077934
2970400,0.110798,0.077934
2970500,0.117371,0.077934
2970600,0.127700,0.077934
2970700,0.110798,0.077934
2970800,0.118310,0.077934
2970900,0.111737,0.077934
2971000,0.119249,0.077934
2971100,0.115493,0.077934
2971200,0.101408,0.077934
2971300,0.119249,0.077934
2971400,0.109859,0.077934
2971500,0.095775,0.077934
2971600,0.116432,0.077934
2971700,0.115493,0.077934
2971800,0.124883,0.077934
2971900,0.089202,0.077934
2972000,0.117371,0.077934
2972100,0.129577,0.077934
2972200,0.107981,0.077934
2972300,0.121127,0.077934
2972400,0.107981,0.077934
2972500,0.119249,0.077934
2972600,0.127700,0.077934
2972700,0.115493,0.077934
2972800,0.104225,0.077934
2972900,0.090141,0.077934
2973000,0.123944,0.077934
2973100,0.127700,0.077934
2973200,0.126761,0.077934
2973300,0.116432,0.077934
2973400,0.107981,0.077934
2973500,0.114554,0.077934
2973600,0.124883,0.077934
2973700,0.122066,0.077934
2973800,0.120188,0.077934
2973900,0.111737,0.077934
2974000,0.132394,0.077934
2974100,0.128638,0.077934
2974200,0.121127,0.077934
2974300,0.153052,0.077934
2974400,0.143662,0.077934
2974500,0.110798,0.077934
2974600,0.108920,0.077934
2974700,0.118310,0.077934
2974800,0.105164,0.077934
2974900,0.118310,0.077934
2975000,0.103286,0.077934
2975100,0.105164,0.077934
2975200,0.097653,0.077934
2975300,0.120188,0.077934
2975400,0.105164,0.077934
2975500,0.109859,0.077934
2975600,0.103286,0.077934
2975700,0.127700,0.077934
2975800,0.106103,0.077934
2975900,0.116432,0.077934
2976000,0.116432,0.077934
2976100,0.115493,0.077934
2976200,0.121127,0.077934
2976300,0.115493,0.077934
2976400,0.139906,0.077934
2976500,0.115493,0.077934
2976600,0.116432,0.077934
2976700,0.117371,0.077934
2976800,0.126761,0.077934
2976900,0.129577,0.077934
2977000,0.124883,0.077934
2977100,0.120188,0.077934
2977200,0.132394,0.077934
2977300,0.136150,0.077934
2977400,0.118310,0.077934
2977500,0.118310,0.077934
2977600,0.113615,0.077934
2977700,0.123005,0.077934
2977800,0.114554,0.077934
2977900,0.126761,0.077934
2978000,0.114554,0.077934
2978100,0.120188,0.077934
2978200,0.127700,0.077934
2978300,0.126761,0.077934
2978400,0.132394,0.077934
2978500,0.110798,0.077934
2978600,0.109859,0.077934
2978700,0.139906,0.077934
2978800,0.138967,0.077934
2978900,0.123944,0.077934
2979000,0.106103,0.077934
2979100,0.102347,0.077934
2979200,0.115493,0.077934
2979300,0.116432,0.077934
2979400,0.104225,0.077934
2979500,0.119249,0.077934
2979600,0.126761,0.077934
2979700,0.125822,0.077934
2979800,0.126761,0.077934
2979900,0.145540,0.077934
2980000,0.136150,0.077934
2980100,0.123005,0.077934
2980200,0.123944,0.077934
2980300,0.120188,0.077934
2980400,0.117371,0.077934
2980500,0.107981,0.077934
2980600,0.108920,0.077934
2980700,0.112676,0.077934
2980800,0.096714,0.077934
2980900,0.098592,0.077934
2981000,0.122066,0.077934
2981100,0.102347,0.077934
2981200,0.125822,0.077934
2981300,0.133333,0.077934
2981400,0.115493,0.077934
2981500,0.123944,0.077934
2981600,0.106103,0.077934
2981700,0.113615,0.077934
2981800,0.138967,0.077934
2981900,0.118310,0.077934
2982000,0.118310,0.077934
2982100,0.117371,0.077934
2982200,0.095775,0.077934
2982300,0.106103,0.077934
2982400,0.107981,0.077934
2982500,0.109859,0.077934
2982600,0.112676,0.077934
2982700,0.097653,0.077934
2982800,0.106103,0.077934
2982900,0.097653,0.077934
2983000,0.111737,0.077934
2983100,0.116432,0.077934
2983200,0.128638,0.077934
2983300,0.127700,0.077934
2983400,0.124883,0.077934
2983500,0.109859,0.077934
2983600,0.111737,0.077934
2983700,0.125822,0.077934
2983800,0.113615,0.077934
2983900,0.100469,0.077934
2984000,0.094836,0.077934
2984100,0.092019,0.077934
2984200,0.092019,0.077934
2984300,0.092019,0.077934
2984400,0.106103,0.077934
2984500,0.130516,0.077934
2984600,0.129577,0.077934
2984700,0.125822,0.077934
2984800,0.126761,0.077934
2984900,0.132394,0.077934
2985000,0.126761,0.077934
2985100,0.116432,0.077934
2985200,0.113615,0.077934
2985300,0.123944,0.077934
2985400,0.105164,0.077934
2985500,0.120188,0.077934
2985600,0.116432,0.077934
2985700,0.116432,0.077934
2985800,0.099531,0.077934
2985900,0.108920,0.077934
2986000,0.103286,0.077934
2986100,0.122066,0.077934
2986200,0.112676,0.077934
2986300,0.096714,0.077934
2986400,0.094836,0.077934
2986500,0.092958,0.077934
2986600,0.123005,0.077934
2986700,0.117371,0.077934
2986800,0.107981,0.077934
2986900,0.118310,0.077934
2987000,0.112676,0.077934
2987100,0.109859,0.077934
2987200,0.108920,0.077934
2987300,0.120188,0.077934
2987400,0.116432,0.077934
2987500,0.114554,0.077934
2987600,0.137089,0.077934
2987700,0.121127,0.077934
2987800,0.131455,0.077934
2987900,0.124883,0.077934
2988000,0.117371,0.077934
2988100,0.118310,0.077934
2988200,0.110798,0.077934
2988300,0.118310,0.077934
2988400,0.114554,0.077934
2988500,0.101408,0.077934
2988600,0.110798,0.077934
2988700,0.112676,0.077934
2988800,0.129577,0.077934
2988900,0.110798,0.077934
2989000,0.125822,0.077934
2989100,0.106103,0.077934
2989200,0.119249,0.077934
2989300,0.114554,0.077934
2989400,0.116432,0.077934
2989500,0.104225,0.077934
2989600,0.117371,0.077934
2989700,0.119249,0.077934
2989800,0.115493,0.077934
2989900,0.100469,0.077934
2990000,0.095775,0.077934
2990100,0.111737,0.077934
2990200,0.104225,0.077934
2990300,0.101408,0.077934
2990400,0.104225,0.077934
2990500,0.111737,0.077934
2990600,0.119249,0.077934
2990700,0.093897,0.077934
2990800,0.106103,0.077934
2990900,0.125822,0.077934
2991000,0.142723,0.077934
2991100,0.123944,0.077934
2991200,0.117371,0.077934
2991300,0.110798,0.077934
2991400,0.112676,0.077934
2991500,0.107042,0.077934
2991600,0.107981,0.077934
2991700,0.107042,0.077934
2991800,0.116432,0.077934
2991900,0.123005,0.077934
2992000,0.112676,0.077934
2992100,0.120188,0.077934
2992200,0.116432,0.077934
2992300,0.132394,0.077934
2992400,0.135211,0.077934
2992500,0.138967,0.077934
2992600,0.123944,0.077934
2992700,0.116432,0.077934
2992800,0.123005,0.077934
2992900,0.129577,0.077934
2993000,0.107981,0.077934
2993100,0.103286,0.077934
2993200,0.112676,0.077934
2993300,0.109859,0.077934
2993400,0.124883,0.077934
2993500,0.129577,0.077934
2993600,0.129577,0.077934
2993700,0.118310,0.077934
2993800,0.120188,0.077934
2993900,0.107042,0.077934
2994000,0.107981,0.077934
2994100,0.102347,0.077934
2994200,0.117371,0.077934
2994300,0.121127,0.077934
2994400,0.112676,0.077934
2994500,0.117371,0.077934
2994600,0.119249,0.077934
2994700,0.125822,0.077934
2994800,0.121127,0.077934
2994900,0.123005,0.077934
2995000,0.115493,0.077934
2995100,0.109859,0.077934
2995200,0.112676,0.077934
2995300,0.124883,0.077934
2995400,0.118310,0.077934
2995500,0.127700,0.077934
2995600,0.107981,0.077934
2995700,0.117371,0.077934
2995800,0.103286,0.077934
2995900,0.107981,0.077934
2996000,0.111737,0.077934
2996100,0.118310,0.077934
2996200,0.104225,0.077934
2996300,0.108920,0.077934
2996400,0.115493,0.077934
2996500,0.109859,0.077934
2996600,0.114554,0.077934
2996700,0.106103,0.077934
2996800,0.103286,0.077934
2996900,0.110798,0.077934
2997000,0.104225,0.077934
2997100,0.115493,0.077934
2997200,0.107042,0.077934
2997300,0.103286,0.077934
2997400,0.115493,0.077934
2997500,0.108920,0.077934
2997600,0.118310,0.077934
2997700,0.111737,0.077934
2997800,0.112676,0.077934
2997900,0.112676,0.077934
2998000,0.103286,0.077934
2998100,0.131455,0.077934
2998200,0.124883,0.077934
2998300,0.125822,0.077934
2998400,0.126761,0.077934
2998500,0.136150,0.077934
2998600,0.144601,0.077934
2998700,0.135211,0.077934
2998800,0.141784,0.077934
2998900,0.127700,0.077934
2999000,0.123944,0.077934
2999100,0.116432,0.077934
2999200,0.116432,0.077934
2999300,0.110798,0.077934
2999400,0.111737,0.077934
2999500,0.116432,0.077934
2999600,0.114554,0.077934
2999700,0.129577,0.077934
2999800,0.119249,0.077934
2999900,0.126761,0.077934
3000000,0.130516,0.077934
3000100,0.110798,0.077934
3000200,0.112676,0.077934
3000300,0.114554,0.077934
3000400,0.125822,0.077934
3000500,0.105164,0.077934
3000600,0.108920,0.077934
3000700,0.105164,0.077934
3000800,0.113615,0.077934
3000900,0.113615,0.077934
3001000,0.113615,0.077934
3001100,0.104225,0.077934
3001200,0.121127,0.077934
3001300,0.127700,0.077934
3001400,0.125822,0.077934
3001500,0.120188,0.077934
3001600,0.120188,0.077934
3001700,0.109859,0.077934
3001800,0.115493,0.077934
3001900,0.125822,0.077934
3002000,0.116432,0.077934
3002100,0.129577,0.077934
3002200,0.113615,0.077934
3002300,0.112676,0.077934
3002400,0.107981,0.077934
3002500,0.107042,0.077934
3002600,0.101408,0.077934
3002700,0.110798,0.077934
3002800,0.117371,0.077934
3002900,0.122066,0.077934
3003000,0.097653,0.077934
3003100,0.119249,0.077934
3003200,0.125822,0.077934
3003300,0.132394,0.077934
3003400,0.109859,0.077934
3003500,0.111737,0.077934
3003600,0.110798,0.077934
3003700,0.102347,0.077934
3003800,0.106103,0.077934
3003900,0.113615,0.077934
3004000,0.099531,0.077934
3004100,0.106103,0.077934
3004200,0.109859,0.077934
3004300,0.121127,0.077934
3004400,0.114554,0.077934
3004500,0.130516,0.077934
3004600,0.107042,0.077934
3004700,0.110798,0.077934
3004800,0.110798,0.077934
3004900,0.112676,0.077934
3005000,0.118310,0.077934
3005100,0.115493,0.077934
3005200,0.089202,0.077934
3005300,0.117371,0.077934
3005400,0.126761,0.077934
3005500,0.109859,0.077934
3005600,0.102347,0.077934
3005700,0.118310,0.077934
3005800,0.131455,0.077934
3005900,0.113615,0.077934
3006000,0.120188,0.077934
3006100,0.102347,0.077934
3006200,0.092019,0.077934
3006300,0.111737,0.077934
3006400,0.122066,0.077934
3006500,0.118310,0.077934
3006600,0.119249,0.077934
3006700,0.119249,0.077934
3006800,0.126761,0.077934
3006900,0.113615,0.077934
3007000,0.105164,0.077934
3007100,0.117371,0.077934
3007200,0.107981,0.077934
3007300,0.108920,0.077934
3007400,0.115493,0.077934
3007500,0.104225,0.077934
3007600,0.107981,0.077934
3007700,0.107042,0.077934
3007800,0.102347,0.077934
3007900,0.111737,0.077934
3008000,0.103286,0.077934
3008100,0.122066,0.077934
3008200,0.109859,0.077934
3008300,0.099531,0.077934
3008400,0.112676,0.077934
3008500,0.102347,0.077934
3008600,0.099531,0.077934
3008700,0.101408,0.077934
3008800,0.108920,0.077934
3008900,0.105164,0.077934
3009000,0.113615,0.077934
3009100,0.096714,0.077934
3009200,0.110798,0.077934
3009300,0.108920,0.077934
3009400,0.122066,0.077934
3009500,0.113615,0.077934
3009600,0.116432,0.077934
3009700,0.112676,0.077934
3009800,0.113615,0.077934
3009900,0.120188,0.077934
3010000,0.124883,0.077934
3010100,0.109859,0.077934
3010200,0.107981,0.077934
3010300,0.106103,0.077934
3010400,0.117371,0.077934
3010500,0.127700,0.077934
3010600,0.092019,0.077934
3010700,0.107981,0.077934
3010800,0.100469,0.077934
3010900,0.096714,0.077934
3011000,0.100469,0.077934
3011100,0.107981,0.077934
3011200,0.103286,0.077934
3011300,0.127700,0.077934
3011400,0.123005,0.077934
3011500,0.138028,0.077934
3011600,0.119249,0.077934
3011700,0.104225,0.077934
3011800,0.126761,0.077934
3011900,0.108920,0.077934
3012000,0.122066,0.077934
3012100,0.114554,0.077934
3012200,0.121127,0.077934
3012300,0.101408,0.077934
3012400,0.109859,0.077934
3012500,0.122066,0.077934
3012600,0.112676,0.077934
3012700,0.105164,0.077934
3012800,0.102347,0.077934
3012900,0.105164,0.077934
3013000,0.109859,0.077934
3013100,0.110798,0.077934
3013200,0.120188,0.077934
3013300,0.119249,0.077934
3013400,0.102347,0.077934
3013500,0.094836,0.077934
3013600,0.083568,0.077934
3013700,0.119249,0.077934
3013800,0.099531,0.077934
3013900,0.105164,0.077934
3014000,0.118310,0.077934
3014100,0.109859,0.077934
3014200,0.127700,0.077934
3014300,0.125822,0.077934
3014400,0.114554,0.077934
3014500,0.107981,0.077934
3014600,0.106103,0.077934
3014700,0.101408,0.077934
3014800,0.105164,0.077934
3014900,0.104225,0.077934
3015000,0.107981,0.077934
3015100,0.130516,0.077934
3015200,0.106103,0.077934
3015300,0.101408,0.077934
3015400,0.102347,0.077934
3015500,0.113615,0.077934
3015600,0.114554,0.077934
3015700,0.110798,0.077934
3015800,0.125822,0.077934
3015900,0.112676,0.077934
3016000,0.109859,0.077934
3016100,0.119249,0.077934
3016200,0.112676,0.077934
3016300,0.125822,0.077934
3016400,0.133333,0.077934
3016500,0.128638,0.077934
3016600,0.122066,0.077934
3016700,0.114554,0.077934
3016800,0.105164,0.077934
3016900,0.116432,0.077934
3017000,0.116432,0.077934
3017100,0.106103,0.077934
3017200,0.124883,0.077934
3017300,0.117371,0.077934
3017400,0.110798,0.077934
3017500,0.111737,0.077934
3017600,0.100469,0.077934
3017700,0.102347,0.077934
3017800,0.097653,0.077934
3017900,0.123944,0.077934
3018000,0.101408,0.077934
3018100,0.108920,0.077934
3018200,0.117371,0.077934
3018300,0.121127,0.077934
3018400,0.115493,0.077934
3018500,0.101408,0.077934
3018600,0.107981,0.077934
3018700,0.105164,0.077934
3018800,0.104225,0.077934
3018900,0.128638,0.077934
3019000,0.106103,0.077934
3019100,0.122066,0.077934
3019200,0.108920,0.077934
3019300,0.117371,0.077934
3019400,0.121127,0.077934
3019500,0.120188,0.077934
3019600,0.119249,0.077934
3019700,0.107981,0.077934
3019800,0.111737,0.077934
3019900,0.122066,0.077934
3020000,0.110798,0.077934
3020100,0.122066,0.077934
3020200,0.121127,0.077934
3020300,0.126761,0.077934
3020400,0.128638,0.077934
3020500,0.116432,0.077934
3020600,0.107981,0.077934
3020700,0.091080,0.077934
3020800,0.103286,0.077934
3020900,0.100469,0.077934
3021000,0.120188,0.077934
3021100,0.117371,0.077934
3021200,0.138967,0.077934
3021300,0.138967,0.077934
3021400,0.139906,0.077934
3021500,0.112676,0.077934
3021600,0.108920,0.077934
3021700,0.127700,0.077934
3021800,0.117371,0.077934
3021900,0.120188,0.077934
3022000,0.137089,0.077934
3022100,0.122066,0.077934
3022200,0.113615,0.077934
3022300,0.110798,0.077934
3022400,0.108920,0.077934
3022500,0.107981,0.077934
3022600,0.106103,0.077934
3022700,0.109859,0.077934
3022800,0.123005,0.077934
3022900,0.114554,0.077934
3023000,0.119249,0.077934
3023100,0.103286,0.077934
3023200,0.092958,0.077934
3023300,0.097653,0.077934
3023400,0.107981,0.077934
3023500,0.114554,0.077934
3023600,0.107981,0.077934
3023700,0.104225,0.077934
3023800,0.120188,0.077934
3023900,0.131455,0.077934
3024000,0.135211,0.077934
3024100,0.123944,0.077934
3024200,0.126761,0.077934
3024300,0.109859,0.077934
3024400,0.125822,0.077934
3024500,0.110798,0.077934
3024600,0.123005,0.077934
3024700,0.121127,0.077934
3024800,0.100469,0.077934
3024900,0.133333,0.077934
3025000,0.129577,0.077934
3025100,0.121127,0.077934
3025200,0.133333,0.077934
3025300,0.122066,0.077934
3025400,0.119249,0.077934
3025500,0.135211,0.077934
3025600,0.105164,0.077934
3025700,0.115493,0.077934
3025800,0.113615,0.077934
3025900,0.107042,0.077934
3026000,0.104225,0.077934
3026100,0.120188,0.077934
3026200,0.130516,0.077934
3026300,0.117371,0.077934
3026400,0.103286,0.077934
3026500,0.105164,0.077934
3026600,0.115493,0.076995
3026700,0.105164,0.076995
3026800,0.106103,0.076995
3026900,0.110798,0.076995
3027000,0.104225,0.076995
3027100,0.117371,0.076995
3027200,0.113615,0.076995
3027300,0.120188,0.076995
3027400,0.112676,0.076995
3027500,0.122066,0.076995
3027600,0.123944,0.076995
3027700,0.114554,0.076995
3027800,0.108920,0.076995
3027900,0.113615,0.076995
3028000,0.110798,0.076995
3028100,0.102347,0.076995
3028200,0.115493,0.076995
3028300,0.097653,0.076995
3028400,0.114554,0.076995
3028500,0.105164,0.076995
3028600,0.115493,0.076995
3028700,0.128638,0.076995
3028800,0.111737,0.076995
3028900,0.117371,0.076995
3029000,0.104225,0.076995
3029100,0.107981,0.076995
3029200,0.136150,0.076995
3029300,0.112676,0.076995
3029400,0.109859,0.076995
3029500,0.087324,0.076995
3029600,0.101408,0.076995
3029700,0.123005,0.076995
3029800,0.117371,0.076995
3029900,0.123944,0.076995
3030000,0.113615,0.076995
3030100,0.107981,0.076995
3030200,0.107981,0.076995
3030300,0.116432,0.076995
3030400,0.130516,0.076995
3030500,0.143662,0.076995
3030600,0.126761,0.076995
3030700,0.120188,0.076995
3030800,0.111737,0.076995
3030900,0.109859,0.076995
3031000,0.129577,0.076995
3031100,0.115493,0.076995
3031200,0.120188,0.076995
3031300,0.124883,0.076995
3031400,0.105164,0.076995
3031500,0.117371,0.076995
3031600,0.124883,0.076995
3031700,0.132394,0.076995
3031800,0.119249,0.076995
3031900,0.107981,0.076995
3032000,0.102347,0.076995
3032100,0.087324,0.076995
3032200,0.083568,0.076995
3032300,0.107042,0.076995
3032400,0.098592,0.076995
3032500,0.112676,0.076995
3032600,0.109859,0.076995
3032700,0.111737,0.076995
3032800,0.122066,0.076995
3032900,0.115493,0.076995
3033000,0.135211,0.076995
3033100,0.107042,0.076995
3033200,0.111737,0.076995
3033300,0.120188,0.076995
3033400,0.098592,0.076995
3033500,0.132394,0.076995
3033600,0.110798,0.076995
3033700,0.115493,0.076995
3033800,0.118310,0.076995
3033900,0.104225,0.076995
3034000,0.112676,0.076995
3034100,0.112676,0.076995
3034200,0.105164,0.076995
3034300,0.098592,0.076995
3034400,0.129577,0.076995
3034500,0.127700,0.076995
3034600,0.121127,0.076995
3034700,0.106103,0.076995
3034800,0.088263,0.076995
3034900,0.097653,0.076995
3035000,0.103286,0.076995
3035100,0.118310,0.076995
3035200,0.110798,0.076995
3035300,0.119249,0.076995
3035400,0.119249,0.076995
3035500,0.126761,0.076995
3035600,0.106103,0.076995
3035700,0.118310,0.076995
3035800,0.129577,0.076995
3035900,0.115493,0.076995
3036000,0.123944,0.076995
3036100,0.129577,0.076995
3036200,0.134272,0.076995
3036300,0.106103,0.076995
3036400,0.105164,0.076995
3036500,0.103286,0.076995
3036600,0.122066,0.076995
3036700,0.125822,0.076995
3036800,0.121127,0.076995
3036900,0.128638,0.076995
3037000,0.123944,0.076995
3037100,0.120188,0.076995
3037200,0.131455,0.076995
3037300,0.120188,0.076995
3037400,0.110798,0.076995
3037500,0.121127,0.076995
3037600,0.115493,0.076995
3037700,0.110798,0.076995
3037800,0.109859,0.076995
3037900,0.114554,0.076995
3038000,0.094836,0.076995
3038100,0.109859,0.076995
3038200,0.119249,0.076995
3038300,0.098592,0.076995
3038400,0.097653,0.076995
3038500,0.097653,0.076995
3038600,0.110798,0.076995
3038700,0.107981,0.076995
3038800,0.104225,0.076995
3038900,0.112676,0.076995
3039000,0.106103,0.076995
3039100,0.109859,0.076995
3039200,0.110798,0.076995
3039300,0.124883,0.076995
3039400,0.101408,0.076995
3039500,0.108920,0.076995
3039600,0.105164,0.076995
3039700,0.100469,0.076995
3039800,0.106103,0.076995
3039900,0.108920,0.076995
3040000,0.127700,0.076995
3040100,0.116432,0.076995
3040200,0.109859,0.076995
3040300,0.093897,0.076995
3040400,0.124883,0.076995
3040500,0.117371,0.076995
3040600,0.116432,0.076995
3040700,0.104225,0.076995
3040800,0.092019,0.076995
3040900,0.097653,0.076995
3041000,0.089202,0.076995
3041100,0.110798,0.076995
3041200,0.105164,0.076995
3041300,0.108920,0.076995
3041400,0.113615,0.076995
3041500,0.111737,0.076995
3041600,0.129577,0.076995
3041700,0.105164,0.076995
3041800,0.109859,0.076995
3041900,0.107042,0.076995
3042000,0.109859,0.076995
3042100,0.117371,0.076995
3042200,0.099531,0.076995
3042300,0.097653,0.076995
3042400,0.112676,0.076995
3042500,0.103286,0.076995
3042600,0.116432,0.076995
3042700,0.114554,0.076995
3042800,0.113615,0.076995
3042900,0.117371,0.076995
3043000,0.112676,0.076995
3043100,0.098592,0.076995
3043200,0.114554,0.076995
3043300,0.114554,0.076995
3043400,0.122066,0.076995
3043500,0.124883,0.076995
3043600,0.114554,0.076995
3043700,0.120188,0.076995
3043800,0.119249,0.076995
3043900,0.123005,0.076995
3044000,0.122066,0.076995
3044100,0.129577,0.076995
3044200,0.117371,0.076995
3044300,0.115493,0.076995
3044400,0.112676,0.076995
3044500,0.118310,0.076995
3044600,0.136150,0.076995
3044700,0.118310,0.076995
3044800,0.125822,0.076995
3044900,0.124883,0.076995
3045000,0.135211,0.076995
3045100,0.115493,0.076995
3045200,0.116432,0.076995
3045300,0.121127,0.076995
3045400,0.113615,0.076995
3045500,0.111737,0.076995
3045600,0.112676,0.076995
3045700,0.102347,0.076995
3045800,0.111737,0.076995
3045900,0.107042,0.076995
3046000,0.127700,0.076995
3046100,0.113615,0.076995
3046200,0.107981,0.076995
3046300,0.103286,0.076995
3046400,0.116432,0.076995
3046500,0.108920,0.076995
3046600,0.108920,0.076995
3046700,0.126761,0.076995
3046800,0.119249,0.076995
3046900,0.113615,0.076995
3047000,0.107042,0.076995
3047100,0.100469,0.076995
3047200,0.122066,0.076995
3047300,0.120188,0.076995
3047400,0.105164,0.076995
3047500,0.100469,0.076995
3047600,0.090141,0.076995
3047700,0.103286,0.076995
3047800,0.103286,0.076995
3047900,0.111737,0.076995
3048000,0.102347,0.076995
3048100,0.104225,0.076995
3048200,0.099531,0.076995
3048300,0.109859,0.076995
3048400,0.116432,0.076995
3048500,0.125822,0.076995
3048600,0.117371,0.076995
3048700,0.113615,0.076995
3048800,0.108920,0.076995
3048900,0.098592,0.076995
3049000,0.097653,0.076995
3049100,0.108920,0.076995
3049200,0.110798,0.076995
3049300,0.109859,0.076995
3049400,0.093897,0.076995
3049500,0.111737,0.076995
3049600,0.120188,0.076995
3049700,0.108920,0.076995
3049800,0.116432,0.076995
3049900,0.096714,0.076995
3050000,0.098592,0.076995
3050100,0.116432,0.076995
3050200,0.133333,0.076995
3050300,0.132394,0.076995
3050400,0.132394,0.076995
3050500,0.126761,0.076995
3050600,0.111737,0.076995
3050700,0.113615,0.076995
3050800,0.099531,0.076995
3050900,0.108920,0.076995
3051000,0.123944,0.076995
3051100,0.103286,0.076995
3051200,0.093897,0.076995
3051300,0.126761,0.076995
3051400,0.120188,0.076995
3051500,0.107981,0.076995
3051600,0.095775,0.076995
3051700,0.115493,0.076995
3051800,0.119249,0.076995
3051900,0.140845,0.076995
3052000,0.113615,0.076995
3052100,0.106103,0.076995
3052200,0.099531,0.076995
3052300,0.108920,0.076995
3052400,0.113615,0.076995
3052500,0.108920,0.076995
3052600,0.113615,0.076995
3052700,0.123944,0.076995
3052800,0.106103,0.076995
3052900,0.109859,0.076995
3053000,0.098592,0.076995
3053100,0.101408,0.076995
3053200,0.103286,0.076995
3053300,0.102347,0.076995
3053400,0.112676,0.076995
3053500,0.104225,0.076995
3053600,0.095775,0.076995
3053700,0.105164,0.076995
3053800,0.110798,0.076995
3053900,0.117371,0.076995
3054000,0.117371,0.076995
3054100,0.109859,0.076995
3054200,0.081690,0.076995
3054300,0.107981,0.076995
3054400,0.108920,0.076995
3054500,0.107981,0.076995
3054600,0.132394,0.076995
3054700,0.115493,0.076995
3054800,0.101408,0.076995
3054900,0.116432,0.076995
3055000,0.110798,0.076995
3055100,0.111737,0.076995
3055200,0.145540,0.076995
3055300,0.115493,0.076995
3055400,0.119249,0.076995
3055500,0.118310,0.076995
3055600,0.107042,0.076995
3055700,0.119249,0.076995
3055800,0.138028,0.076995
3055900,0.133333,0.076995
3056000,0.122066,0.076995
3056100,0.126761,0.076995
3056200,0.116432,0.076995
3056300,0.111737,0.076995
3056400,0.114554,0.076995
3056500,0.109859,0.076995
3056600,0.127700,0.076995
3056700,0.123005,0.076995
3056800,0.117371,0.076995
3056900,0.109859,0.076995
3057000,0.121127,0.076995
3057100,0.123944,0.076995
3057200,0.123944,0.076995
3057300,0.115493,0.076995
3057400,0.123944,0.076995
3057500,0.115493,0.076995
3057600,0.109859,0.076995
3057700,0.117371,0.076995
3057800,0.118310,0.076995
3057900,0.105164,0.076995
3058000,0.097653,0.076995
3058100,0.107981,0.076995
3058200,0.115493,0.076995
3058300,0.103286,0.076995
3058400,0.110798,0.076995
3058500,0.106103,0.076995
3058600,0.105164,0.076995
3058700,0.107981,0.076995
3058800,0.109859,0.076995
3058900,0.117371,0.076995
3059000,0.120188,0.076995
3059100,0.129577,0.076995
3059200,0.136150,0.076995
3059300,0.123944,0.076995
3059400,0.112676,0.076995
3059500,0.121127,0.076995
3059600,0.127700,0.076995
3059700,0.107042,0.076995
3059800,0.118310,0.076995
3059900,0.095775,0.076995
3060000,0.090141,0.076995
3060100,0.107042,0.076995
3060200,0.092019,0.076995
3060300,0.114554,0.076995
3060400,0.106103,0.076995
3060500,0.087324,0.076995
3060600,0.109859,0.076995
3060700,0.112676,0.076995
3060800,0.117371,0.076995
3060900,0.120188,0.076995
3061000,0.120188,0.076995
3061100,0.122066,0.076995
3061200,0.125822,0.076995
3061300,0.105164,0.076995
3061400,0.119249,0.076995
3061500,0.126761,0.076995
3061600,0.127700,0.076995
3061700,0.113615,0.076995
3061800,0.118310,0.076995
3061900,0.111737,0.076995
3062000,0.108920,0.076995
3062100,0.112676,0.076995
3062200,0.102347,0.076995
3062300,0.125822,0.076995
3062400,0.116432,0.076995
3062500,0.106103,0.076995
3062600,0.114554,0.076995
3062700,0.116432,0.076995
3062800,0.124883,0.076995
3062900,0.110798,0.076995
3063000,0.108920,0.076995
3063100,0.104225,0.076995
3063200,0.103286,0.076995
3063300,0.113615,0.076995
3063400,0.099531,0.076995
3063500,0.113615,0.076995
3063600,0.108920,0.076995
3063700,0.122066,0.076995
3063800,0.116432,0.076995
3063900,0.109859,0.076995
3064000,0.112676,0.076995
3064100,0.107981,0.076995
3064200,0.099531,0.076995
3064300,0.123005,0.076995
3064400,0.110798,0.076995
3064500,0.108920,0.076995
3064600,0.109859,0.076995
3064700,0.107981,0.076995
3064800,0.098592,0.076995
3064900,0.105164,0.076995
3065000,0.123944,0.076995
3065100,0.108920,0.076995
3065200,0.114554,0.076995
3065300,0.108920,0.076995
3065400,0.114554,0.076995
3065500,0.112676,0.076995
3065600,0.123944,0.076995
3065700,0.107981,0.076995
3065800,0.113615,0.076995
3065900,0.119249,0.076995
3066000,0.123005,0.076995
3066100,0.133333,0.076995
3066200,0.108920,0.076995
3066300,0.122066,0.076995
3066400,0.112676,0.076995
3066500,0.109859,0.076995
3066600,0.105164,0.076995
3066700,0.122066,0.076995
3066800,0.107042,0.076995
3066900,0.108920,0.076995
3067000,0.112676,0.076995
3067100,0.109859,0.076995
3067200,0.118310,0.076995
3067300,0.119249,0.076995
3067400,0.103286,0.076995
3067500,0.107042,0.076995
3067600,0.105164,0.076995
3067700,0.113615,0.076995
3067800,0.122066,0.076995
3067900,0.122066,0.076995
3068000,0.092958,0.076995
3068100,0.108920,0.076995
3068200,0.113615,0.076995
3068300,0.104225,0.076995
3068400,0.123005,0.076995
3068500,0.123005,0.076995
3068600,0.120188,0.076995
3068700,0.121127,0.076995
3068800,0.111737,0.076995
3068900,0.099531,0.076995
3069000,0.118310,0.076995
3069100,0.108920,0.076995
3069200,0.119249,0.076995
3069300,0.133333,0.076995
3069400,0.123944,0.076995
3069500,0.126761,0.076995
3069600,0.111737,0.076995
3069700,0.126761,0.076995
3069800,0.111737,0.076995
3069900,0.113615,0.076995
3070000,0.110798,0.076995
3070100,0.119249,0.076995
3070200,0.116432,0.076995
3070300,0.101408,0.076995
3070400,0.112676,0.076995
3070500,0.114554,0.076995
3070600,0.116432,0.076995
3070700,0.121127,0.076995
3070800,0.114554,0.076995
3070900,0.119249,0.076995
3071000,0.110798,0.076995
3071100,0.115493,0.076995
3071200,0.104225,0.076995
3071300,0.109859,0.076995
3071400,0.102347,0.076995
3071500,0.117371,0.076995
3071600,0.113615,0.076995
3071700,0.109859,0.076995
3071800,0.103286,0.076995
3071900,0.106103,0.076995
3072000,0.109859,0.076995
3072100,0.105164,0.076995
3072200,0.122066,0.076995
3072300,0.114554,0.076995
3072400,0.115493,0.076995
3072500,0.115493,0.076995
3072600,0.102347,0.076995
3072700,0.113615,0.076995
3072800,0.112676,0.076995
3072900,0.125822,0.076995
3073000,0.122066,0.076995
3073100,0.136150,0.076995
3073200,0.118310,0.076995
3073300,0.104225,0.076995
3073400,0.119249,0.076995
3073500,0.118310,0.076995
3073600,0.115493,0.076995
3073700,0.117371,0.076995
3073800,0.109859,0.076995
3073900,0.115493,0.076995
3074000,0.089202,0.076995
3074100,0.096714,0.076995
3074200,0.105164,0.076995
3074300,0.098592,0.076995
3074400,0.095775,0.076995
3074500,0.113615,0.076995
3074600,0.101408,0.076995
3074700,0.129577,0.076995
3074800,0.114554,0.076995
3074900,0.106103,0.076995
3075000,0.108920,0.076995
3075100,0.116432,0.076995
3075200,0.108920,0.076995
3075300,0.110798,0.076995
3075400,0.115493,0.076995
3075500,0.109859,0.076995
3075600,0.096714,0.076995
3075700,0.110798,0.076995
3075800,0.102347,0.076995
3075900,0.111737,0.076995
3076000,0.112676,0.076995
3076100,0.090141,0.076995
3076200,0.107042,0.076995
3076300,0.108920,0.076995
3076400,0.092019,0.076995
3076500,0.103286,0.076995
3076600,0.108920,0.076995
3076700,0.101408,0.076995
3076800,0.103286,0.076995
3076900,0.101408,0.076995
3077000,0.116432,0.076995
3077100,0.121127,0.076995
3077200,0.113615,0.076995
3077300,0.110798,0.076995
3077400,0.110798,0.076995
3077500,0.122066,0.076995
3077600,0.115493,0.076995
3077700,0.123944,0.076995
3077800,0.113615,0.076995
3077900,0.108920,0.076995
3078000,0.100469,0.076995
3078100,0.099531,0.076995
3078200,0.102347,0.076995
3078300,0.117371,0.076995
3078400,0.120188,0.076995
3078500,0.119249,0.076995
3078600,0.117371,0.076995
3078700,0.113615,0.076995
3078800,0.125822,0.076995
3078900,0.129577,0.076995
3079000,0.115493,0.076995
3079100,0.108920,0.076995
3079200,0.119249,0.076995
3079300,0.105164,0.076995
3079400,0.111737,0.076995
3079500,0.102347,0.076995
3079600,0.105164,0.076995
3079700,0.107042,0.076995
3079800,0.101408,0.076995
3079900,0.110798,0.076995
3080000,0.111737,0.076995
3080100,0.128638,0.076995
3080200,0.112676,0.076995
3080300,0.102347,0.076995
3080400,0.102347,0.076995
3080500,0.112676,0.076995
3080600,0.087324,0.076995
3080700,0.099531,0.076995
3080800,0.105164,0.076995
3080900,0.109859,0.076995
3081000,0.110798,0.076995
3081100,0.107042,0.076995
3081200,0.129577,0.076995
3081300,0.103286,0.076995
3081400,0.120188,0.076995
3081500,0.105164,0.076995
3081600,0.110798,0.076995
3081700,0.112676,0.076995
3081800,0.103286,0.076995
3081900,0.123005,0.076995
3082000,0.105164,0.076995
3082100,0.123944,0.076995
3082200,0.119249,0.076995
3082300,0.116432,0.076995
3082400,0.112676,0.076995
3082500,0.102347,0.076995
3082600,0.107042,0.076995
3082700,0.096714,0.076995
3082800,0.100469,0.076995
3082900,0.118310,0.076995
3083000,0.103286,0.076995
3083100,0.111737,0.076995
3083200,0.132394,0.076995
3083300,0.098592,0.076995
3083400,0.107981,0.076995
3083500,0.131455,0.076995
3083600,0.114554,0.076995
3083700,0.111737,0.076995
3083800,0.103286,0.076995
3083900,0.111737,0.076995
3084000,0.106103,0.076995
3084100,0.113615,0.076995
3084200,0.117371,0.076995
3084300,0.114554,0.076995
3084400,0.127700,0.076995
3084500,0.107981,0.076995
3084600,0.119249,0.076995
3084700,0.131455,0.076995
3084800,0.126761,0.076995
3084900,0.111737,0.076995
3085000,0.121127,0.076995
3085100,0.115493,0.076995
3085200,0.094836,0.076995
3085300,0.098592,0.076995
3085400,0.086385,0.076995
3085500,0.089202,0.076995
3085600,0.108920,0.076995
3085700,0.102347,0.076995
3085800,0.103286,0.076995
3085900,0.108920,0.076995
3086000,0.108920,0.076995
3086100,0.110798,0.076995
3086200,0.123005,0.076995
3086300,0.119249,0.076995
3086400,0.123944,0.076995
3086500,0.111737,0.076995
3086600,0.112676,0.076995
3086700,0.106103,0.076995
3086800,0.116432,0.076995
3086900,0.132394,0.076995
3087000,0.124883,0.076995
3087100,0.110798,0.076995
3087200,0.103286,0.076995
3087300,0.110798,0.076995
3087400,0.107981,0.076995
3087500,0.099531,0.076995
3087600,0.102347,0.076995
3087700,0.108920,0.076995
3087800,0.094836,0.076995
3087900,0.115493,0.076995
3088000,0.097653,0.076995
3088100,0.116432,0.076995
3088200,0.115493,0.076995
3088300,0.113615,0.076995
3088400,0.115493,0.076995
3088500,0.105164,0.076995
3088600,0.123005,0.076995
3088700,0.116432,0.076995
3088800,0.110798,0.076995
3088900,0.123005,0.076995
3089000,0.108920,0.076995
3089100,0.120188,0.076995
3089200,0.110798,0.076995
3089300,0.109859,0.076995
3089400,0.113615,0.076995
3089500,0.108920,0.076995
3089600,0.112676,0.076995
3089700,0.101408,0.076995
3089800,0.107981,0.076995
3089900,0.110798,0.076995
3090000,0.122066,0.076995
3090100,0.111737,0.076995
3090200,0.123005,0.076995
3090300,0.124883,0.076995
3090400,0.130516,0.076995
3090500,0.129577,0.076995
3090600,0.123944,0.076995
3090700,0.125822,0.076995
3090800,0.137089,0.076995
3090900,0.123944,0.076995
3091000,0.127700,0.076995
3091100,0.124883,0.076995
3091200,0.113615,0.076995
3091300,0.122066,0.076995
3091400,0.107042,0.076995
3091500,0.121127,0.076995
3091600,0.120188,0.076995
3091700,0.109859,0.076995
3091800,0.092019,0.076995
3091900,0.102347,0.076995
3092000,0.103286,0.076995
3092100,0.107981,0.076995
3092200,0.114554,0.076995
3092300,0.121127,0.076995
3092400,0.107981,0.076995
3092500,0.112676,0.076995
3092600,0.113615,0.076995
3092700,0.114554,0.076995
3092800,0.131455,0.076995
3092900,0.131455,0.076995
3093000,0.115493,0.076995
3093100,0.127700,0.076995
3093200,0.114554,0.076995
3093300,0.098592,0.076995
3093400,0.110798,0.076995
3093500,0.114554,0.076995
3093600,0.108920,0.076995
3093700,0.109859,0.076995
3093800,0.110798,0.076995
3093900,0.118310,0.076995
3094000,0.120188,0.076995
3094100,0.110798,0.076995
3094200,0.113615,0.076995
3094300,0.123005,0.076995
3094400,0.110798,0.076995
3094500,0.104225,0.076995
3094600,0.114554,0.076995
3094700,0.111737,0.076995
3094800,0.107981,0.076995
3094900,0.107981,0.076995
3095000,0.105164,0.076995
3095100,0.120188,0.076995
3095200,0.125822,0.076995
3095300,0.112676,0.076995
3095400,0.109859,0.076995
3095500,0.115493,0.076995
3095600,0.092019,0.076995
3095700,0.104225,0.076995
3095800,0.123944,0.076995
3095900,0.131455,0.076995
3096000,0.124883,0.076995
3096100,0.117371,0.076995
3096200,0.118310,0.076995
3096300,0.121127,0.076995
3096400,0.105164,0.076995
3096500,0.109859,0.076995
3096600,0.118310,0.076995
3096700,0.118310,0.076995
3096800,0.110798,0.076995
3096900,0.106103,0.076995
3097000,0.099531,0.076995
3097100,0.095775,0.076995
3097200,0.101408,0.076995
3097300,0.100469,0.076995
3097400,0.101408,0.076995
3097500,0.115493,0.076995
3097600,0.112676,0.076995
3097700,0.123005,0.076995
3097800,0.129577,0.076995
3097900,0.125822,0.076995
3098000,0.116432,0.076995
3098100,0.119249,0.076995
3098200,0.118310,0.076995
3098300,0.116432,0.076995
3098400,0.108920,0.076995
3098500,0.108920,0.076995
3098600,0.124883,0.076995
3098700,0.129577,0.076995
3098800,0.129577,0.076995
3098900,0.138028,0.076995
3099000,0.133333,0.076995
3099100,0.113615,0.076995
3099200,0.119249,0.076995
3099300,0.118310,0.076995
3099400,0.135211,0.076995
3099500,0.129577,0.076995
3099600,0.122066,0.076995
3099700,0.110798,0.076995
3099800,0.108920,0.076995
3099900,0.112676,0.076995
3100000,0.104225,0.076995
3100100,0.116432,0.076995
3100200,0.121127,0.076995
3100300,0.117371,0.076995
3100400,0.130516,0.076995
3100500,0.117371,0.076995
3100600,0.100469,0.076995
3100700,0.099531,0.076995
3100800,0.117371,0.076995
3100900,0.119249,0.076995
3101000,0.116432,0.076995
3101100,0.127700,0.076995
3101200,0.128638,0.076995
3101300,0.107981,0.076995
3101400,0.104225,0.076995
3101500,0.104225,0.076995
3101600,0.122066,0.076995
3101700,0.110798,0.076995
3101800,0.126761,0.076995
3101900,0.116432,0.076995
3102000,0.107042,0.076995
3102100,0.123944,0.076995
3102200,0.112676,0.076995
3102300,0.114554,0.076995
3102400,0.119249,0.076995
3102500,0.120188,0.076995
3102600,0.108920,0.076995
3102700,0.122066,0.076995
3102800,0.118310,0.076995
3102900,0.116432,0.076995
3103000,0.114554,0.076995
3103100,0.092958,0.076995
3103200,0.105164,0.076995
3103300,0.116432,0.076995
3103400,0.134272,0.076995
3103500,0.145540,0.076995
3103600,0.135211,0.076995
3103700,0.129577,0.076995
3103800,0.121127,0.076995
3103900,0.108920,0.076995
3104000,0.102347,0.076995
3104100,0.103286,0.076995
3104200,0.106103,0.076995
3104300,0.106103,0.076995
3104400,0.123005,0.076995
3104500,0.115493,0.076995
3104600,0.104225,0.076995
3104700,0.117371,0.076995
3104800,0.122066,0.076995
3104900,0.118310,0.076995
3105000,0.118310,0.076995
3105100,0.121127,0.076995
3105200,0.118310,0.076995
3105300,0.113615,0.076995
3105400,0.134272,0.076995
3105500,0.111737,0.076995
3105600,0.118310,0.076995
3105700,0.123944,0.076995
3105800,0.124883,0.076995
3105900,0.133333,0.076995
3106000,0.124883,0.076995
3106100,0.125822,0.076995
3106200,0.104225,0.076995
3106300,0.119249,0.076995
3106400,0.122066,0.076995
3106500,0.116432,0.076995
3106600,0.105164,0.076995
3106700,0.101408,0.076995
3106800,0.095775,0.076995
3106900,0.113615,0.076995
3107000,0.103286,0.076995
3107100,0.130516,0.076995
3107200,0.112676,0.076995
3107300,0.131455,0.076995
3107400,0.134272,0.076995
3107500,0.111737,0.076995
3107600,0.114554,0.076995
3107700,0.102347,0.076995
3107800,0.084507,0.076995
3107900,0.096714,0.076995
3108000,0.082629,0.076995
3108100,0.092019,0.076995
3108200,0.118310,0.076995
3108300,0.113615,0.076995
3108400,0.112676,0.076995
3108500,0.109859,0.076995
3108600,0.109859,0.076995
3108700,0.113615,0.076995
3108800,0.105164,0.076995
3108900,0.119249,0.076995
3109000,0.115493,0.076995
3109100,0.102347,0.076995
3109200,0.118310,0.076995
3109300,0.124883,0.076995
3109400,0.106103,0.076995
3109500,0.102347,0.076995
3109600,0.092958,0.076995
3109700,0.109859,0.076995
3109800,0.131455,0.076995
3109900,0.128638,0.076995
3110000,0.138967,0.076995
3110100,0.116432,0.076995
3110200,0.117371,0.076995
3110300,0.109859,0.076995
3110400,0.096714,0.076995
3110500,0.107042,0.076995
3110600,0.100469,0.076995
3110700,0.112676,0.076995
3110800,0.110798,0.076995
3110900,0.101408,0.076995
3111000,0.098592,0.076995
3111100,0.113615,0.076995
3111200,0.101408,0.076995
3111300,0.120188,0.076995
3111400,0.112676,0.076995
3111500,0.103286,0.076995
3111600,0.104225,0.076995
3111700,0.092019,0.076995
3111800,0.107981,0.076995
3111900,0.107981,0.076995
3112000,0.096714,0.076995
3112100,0.109859,0.076995
3112200,0.089202,0.076995
3112300,0.107042,0.076995
3112400,0.097653,0.076995
3112500,0.098592,0.076995
3112600,0.095775,0.076995
3112700,0.100469,0.076995
3112800,0.116432,0.076995
3112900,0.108920,0.076995
3113000,0.119249,0.076995
3113100,0.114554,0.076995
3113200,0.119249,0.076995
3113300,0.109859,0.076995
3113400,0.118310,0.076995
3113500,0.116432,0.076995
3113600,0.122066,0.076995
3113700,0.126761,0.076995
3113800,0.112676,0.076995
3113900,0.106103,0.076995
3114000,0.095775,0.076995
3114100,0.112676,0.076995
3114200,0.112676,0.076995
3114300,0.110798,0.076995
3114400,0.111737,0.076995
3114500,0.104225,0.076995
3114600,0.119249,0.076995
3114700,0.103286,0.076995
3114800,0.097653,0.076995
3114900,0.111737,0.076995
3115000,0.097653,0.076995
3115100,0.099531,0.076995
3115200,0.107042,0.076995
3115300,0.107042,0.076995
3115400,0.107981,0.076995
3115500,0.105164,0.076995
3115600,0.114554,0.076995
3115700,0.092019,0.076995
3115800,0.103286,0.076995
3115900,0.103286,0.076995
3116000,0.124883,0.076995
3116100,0.116432,0.076995
3116200,0.118310,0.076995
3116300,0.113615,0.076995
3116400,0.117371,0.076995
3116500,0.101408,0.076995
3116600,0.115493,0.076995
3116700,0.109859,0.076995
3116800,0.115493,0.076995
3116900,0.100469,0.076995
3117000,0.120188,0.076995
3117100,0.122066,0.076995
3117200,0.127700,0.076995
3117300,0.123944,0.076995
3117400,0.109859,0.076995
3117500,0.114554,0.076995
3117600,0.119249,0.076995
3117700,0.121127,0.076995
3117800,0.095775,0.076995
3117900,0.124883,0.076995
3118000,0.119249,0.076995
3118100,0.121127,0.076995
3118200,0.102347,0.076995
3118300,0.111737,0.076995
3118400,0.118310,0.076995
3118500,0.111737,0.076995
3118600,0.105164,0.076995
3118700,0.115493,0.076995
3118800,0.125822,0.076995
3118900,0.116432,0.076995
3119000,0.114554,0.076995
3119100,0.117371,0.076995
3119200,0.084507,0.076995
3119300,0.103286,0.076995
3119400,0.108920,0.076995
3119500,0.084507,0.076995
3119600,0.109859,0.076995
3119700,0.110798,0.076995
3119800,0.114554,0.076995
3119900,0.119249,0.076995
3120000,0.111737,0.076995
3120100,0.117371,0.076995
3120200,0.095775,0.076995
3120300,0.114554,0.076995
3120400,0.107042,0.076995
3120500,0.116432,0.076995
3120600,0.102347,0.076995
3120700,0.111737,0.076995
3120800,0.130516,0.076995
3120900,0.120188,0.076995
3121000,0.113615,0.076995
3121100,0.126761,0.076995
3121200,0.107981,0.076995
3121300,0.107981,0.076995
3121400,0.104225,0.076995
3121500,0.117371,0.076995
3121600,0.110798,0.076995
3121700,0.118310,0.076995
3121800,0.113615,0.076995
3121900,0.103286,0.076995
3122000,0.107981,0.076995
3122100,0.076995,0.073239
3122200,0.090141,0.073239
3122300,0.100469,0.073239
3122400,0.109859,0.073239
3122500,0.091080,0.073239
3122600,0.099531,0.073239
3122700,0.106103,0.073239
3122800,0.099531,0.073239
3122900,0.104225,0.073239
3123000,0.120188,0.073239
3123100,0.096714,0.073239
3123200,0.106103,0.073239
3123300,0.136150,0.073239
3123400,0.136150,0.073239
3123500,0.123944,0.073239
3123600,0.131455,0.073239
3123700,0.120188,0.073239
3123800,0.121127,0.073239
3123900,0.117371,0.073239
3124000,0.094836,0.073239
3124100,0.091080,0.073239
3124200,0.110798,0.073239
3124300,0.108920,0.073239
3124400,0.120188,0.073239
3124500,0.102347,0.073239
3124600,0.100469,0.073239
3124700,0.102347,0.073239
3124800,0.102347,0.073239
3124900,0.117371,0.073239
3125000,0.123944,0.073239
3125100,0.109859,0.073239
3125200,0.106103,0.073239
3125300,0.107981,0.073239
3125400,0.113615,0.073239
3125500,0.107042,0.073239
3125600,0.094836,0.073239
3125700,0.112676,0.073239
3125800,0.110798,0.073239
3125900,0.103286,0.073239
3126000,0.120188,0.073239
3126100,0.117371,0.073239
3126200,0.118310,0.073239
3126300,0.127700,0.073239
3126400,0.118310,0.073239
3126500,0.128638,0.073239
3126600,0.128638,0.073239
3126700,0.107042,0.073239
3126800,0.107042,0.073239
3126900,0.133333,0.073239
3127000,0.114554,0.073239
3127100,0.104225,0.073239
3127200,0.114554,0.073239
3127300,0.113615,0.073239
3127400,0.109859,0.073239
3127500,0.106103,0.073239
3127600,0.123944,0.073239
3127700,0.115493,0.073239
3127800,0.099531,0.073239
3127900,0.113615,0.073239
3128000,0.116432,0.073239
3128100,0.114554,0.073239
3128200,0.124883,0.073239
3128300,0.130516,0.073239
3128400,0.114554,0.073239
3128500,0.119249,0.073239
3128600,0.102347,0.073239
3128700,0.098592,0.073239
3128800,0.101408,0.073239
3128900,0.099531,0.073239
3129000,0.089202,0.073239
3129100,0.098592,0.073239
3129200,0.091080,0.073239
3129300,0.102347,0.073239
3129400,0.116432,0.073239
3129500,0.114554,0.073239
3129600,0.103286,0.073239
3129700,0.104225,0.073239
3129800,0.120188,0.073239
3129900,0.117371,0.073239
3130000,0.105164,0.073239
3130100,0.107981,0.073239
3130200,0.116432,0.073239
3130300,