rodagem,iteracao,qualidade_atual,qualidade_melhor
1,0,0.098901,0.087912
1,1,0.098901,0.087912
1,2,0.109890,0.087912
1,3,0.142857,0.087912
1,4,0.142857,0.087912
1,5,0.109890,0.087912
1,6,0.109890,0.087912
1,7,0.131868,0.087912
1,8,0.142857,0.087912
1,9,0.131868,0.087912
1,10,0.175824,0.087912
1,11,0.142857,0.087912
1,12,0.175824,0.087912
1,13,0.142857,0.087912
1,14,0.175824,0.087912
1,15,0.186813,0.087912
1,16,0.164835,0.087912
1,17,0.186813,0.087912
1,18,0.197802,0.087912
1,19,0.164835,0.087912
1,20,0.164835,0.087912
1,21,0.164835,0.087912
1,22,0.164835,0.087912
1,23,0.153846,0.087912
1,24,0.153846,0.087912
1,25,0.120879,0.087912
1,26,0.131868,0.087912
1,27,0.131868,0.087912
1,28,0.131868,0.087912
1,29,0.142857,0.087912
1,30,0.142857,0.087912
1,31,0.131868,0.087912
1,32,0.098901,0.087912
1,33,0.142857,0.087912
1,34,0.164835,0.087912
1,35,0.120879,0.087912
1,36,0.109890,0.087912
1,37,0.076923,0.076923
1,38,0.076923,0.076923
1,39,0.076923,0.076923
1,40,0.098901,0.076923
1,41,0.109890,0.076923
1,42,0.131868,0.076923
1,43,0.109890,0.076923
1,44,0.109890,0.076923
1,45,0.098901,0.076923
1,46,0.109890,0.076923
1,47,0.153846,0.076923
1,48,0.142857,0.076923
1,49,0.098901,0.076923
1,50,0.098901,0.076923
1,51,0.076923,0.076923
1,52,0.076923,0.076923
1,53,0.087912,0.076923
1,54,0.098901,0.076923
1,55,0.076923,0.076923
1,56,0.087912,0.076923
1,57,0.109890,0.076923
1,58,0.142857,0.076923
1,59,0.175824,0.076923
1,60,0.153846,0.076923
1,61,0.142857,0.076923
1,62,0.142857,0.076923
1,63,0.120879,0.076923
1,64,0.109890,0.076923
1,65,0.131868,0.076923
1,66,0.142857,0.076923
1,67,0.164835,0.076923
1,68,0.164835,0.076923
1,69,0.186813,0.076923
1,70,0.197802,0.076923
1,71,0.241758,0.076923
1,72,0.230769,0.076923
1,73,0.175824,0.076923
1,74,0.197802,0.076923
1,75,0.186813,0.076923
1,76,0.197802,0.076923
1,77,0.175824,0.076923
1,78,0.175824,0.076923
1,79,0.175824,0.076923
1,80,0.153846,0.076923
1,81,0.164835,0.076923
1,82,0.164835,0.076923
1,83,0.153846,0.076923
1,84,0.142857,0.076923
1,85,0.153846,0.076923
1,86,0.120879,0.076923
1,87,0.120879,0.076923
1,88,0.098901,0.076923
1,89,0.120879,0.076923
1,90,0.109890,0.076923
1,91,0.120879,0.076923
1,92,0.109890,0.076923
1,93,0.098901,0.076923
1,94,0.098901,0.076923
1,95,0.098901,0.076923
1,96,0.120879,0.076923
1,97,0.109890,0.076923
1,98,0.098901,0.076923
1,99,0.109890,0.076923
1,100,0.120879,0.076923
1,101,0.109890,0.076923
1,102,0.109890,0.076923
1,103,0.098901,0.076923
1,104,0.109890,0.076923
1,105,0.109890,0.076923
1,106,0.120879,0.076923
1,107,0.131868,0.076923
1,108,0.120879,0.076923
1,109,0.098901,0.076923
1,110,0.120879,0.076923
1,111,0.098901,0.076923
1,112,0.076923,0.076923
1,113,0.076923,0.076923
1,114,0.076923,0.076923
1,115,0.109890,0.076923
1,116,0.131868,0.076923
1,117,0.153846,0.076923
1,118,0.164835,0.076923
1,119,0.197802,0.076923
1,120,0.164835,0.076923
1,121,0.142857,0.076923
1,122,0.175824,0.076923
1,123,0.197802,0.076923
1,124,0.219780,0.076923
1,125,0.219780,0.076923
1,126,0.164835,0.076923
1,127,0.153846,0.076923
1,128,0.164835,0.076923
1,129,0.120879,0.076923
1,130,0.142857,0.076923
1,131,0.164835,0.076923
1,132,0.208791,0.076923
1,133,0.164835,0.076923
1,134,0.142857,0.076923
1,135,0.153846,0.076923
1,136,0.120879,0.076923
1,137,0.153846,0.076923
1,138,0.164835,0.076923
1,139,0.142857,0.076923
1,140,0.153846,0.076923
1,141,0.186813,0.076923
1,142,0.186813,0.076923
1,143,0.164835,0.076923
1,144,0.142857,0.076923
1,145,0.153846,0.076923
1,146,0.109890,0.076923
1,147,0.109890,0.076923
1,148,0.098901,0.076923
1,149,0.120879,0.076923
1,150,0.131868,0.076923
1,151,0.131868,0.076923
1,152,0.164835,0.076923
1,153,0.153846,0.076923
1,154,0.153846,0.076923
1,155,0.142857,0.076923
1,156,0.164835,0.076923
1,157,0.153846,0.076923
1,158,0.208791,0.076923
1,159,0.153846,0.076923
1,160,0.120879,0.076923
1,161,0.153846,0.076923
1,162,0.164835,0.076923
1,163,0.153846,0.076923
1,164,0.142857,0.076923
1,165,0.186813,0.076923
1,166,0.175824,0.076923
1,167,0.142857,0.076923
1,168,0.131868,0.076923
1,169,0.098901,0.076923
1,170,0.098901,0.076923
1,171,0.109890,0.076923
1,172,0.087912,0.076923
1,173,0.076923,0.076923
1,174,0.087912,0.076923
1,175,0.109890,0.076923
1,176,0.131868,0.076923
1,177,0.131868,0.076923
1,178,0.120879,0.076923
1,179,0.153846,0.076923
1,180,0.175824,0.076923
1,181,0.175824,0.076923
1,182,0.175824,0.076923
1,183,0.153846,0.076923
1,184,0.175824,0.076923
1,185,0.153846,0.076923
1,186,0.164835,0.076923
1,187,0.142857,0.076923
1,188,0.142857,0.076923
1,189,0.153846,0.076923
1,190,0.142857,0.076923
1,191,0.098901,0.076923
1,192,0.131868,0.076923
1,193,0.153846,0.076923
1,194,0.142857,0.076923
1,195,0.153846,0.076923
1,196,0.142857,0.076923
1,197,0.153846,0.076923
1,198,0.120879,0.076923
1,199,0.131868,0.076923
1,200,0.109890,0.076923
1,201,0.109890,0.076923
1,202,0.120879,0.076923
1,203,0.131868,0.076923
1,204,0.131868,0.076923
1,205,0.131868,0.076923
1,206,0.131868,0.076923
1,207,0.153846,0.076923
1,208,0.164835,0.076923
1,209,0.142857,0.076923
1,210,0.153846,0.076923
1,211,0.164835,0.076923
1,212,0.142857,0.076923
1,213,0.109890,0.076923
1,214,0.109890,0.076923
1,215,0.076923,0.076923
1,216,0.098901,0.076923
1,217,0.120879,0.076923
1,218,0.098901,0.076923
1,219,0.098901,0.076923
1,220,0.087912,0.076923
1,221,0.131868,0.076923
1,222,0.120879,0.076923
1,223,0.120879,0.076923
1,224,0.131868,0.076923
1,225,0.153846,0.076923
1,226,0.164835,0.076923
1,227,0.142857,0.076923
1,228,0.109890,0.076923
1,229,0.109890,0.076923
1,230,0.087912,0.076923
1,231,0.098901,0.076923
1,232,0.131868,0.076923
1,233,0.131868,0.076923
1,234,0.153846,0.076923
1,235,0.109890,0.076923
1,236,0.131868,0.076923
1,237,0.142857,0.076923
1,238,0.131868,0.076923
1,239,0.087912,0.076923
1,240,0.076923,0.076923
1,241,0.076923,0.076923
1,242,0.054945,0.054945
1,243,0.043956,0.043956
1,244,0.054945,0.043956
1,245,0.043956,0.043956
1,246,0.043956,0.043956
1,247,0.054945,0.043956
1,248,0.109890,0.043956
1,249,0.120879,0.043956
1,250,0.109890,0.043956
1,251,0.087912,0.043956
1,252,0.087912,0.043956
1,253,0.087912,0.043956
1,254,0.109890,0.043956
1,255,0.109890,0.043956
1,256,0.098901,0.043956
1,257,0.098901,0.043956
1,258,0.109890,0.043956
1,259,0.109890,0.043956
1,260,0.120879,0.043956
1,261,0.109890,0.043956
1,262,0.098901,0.043956
1,263,0.109890,0.043956
1,264,0.098901,0.043956
1,265,0.098901,0.043956
1,266,0.131868,0.043956
1,267,0.131868,0.043956
1,268,0.098901,0.043956
1,269,0.087912,0.043956
1,270,0.098901,0.043956
1,271,0.109890,0.043956
1,272,0.131868,0.043956
1,273,0.109890,0.043956
1,274,0.131868,0.043956
1,275,0.131868,0.043956
1,276,0.142857,0.043956
1,277,0.142857,0.043956
1,278,0.153846,0.043956
1,279,0.120879,0.043956
1,280,0.142857,0.043956
1,281,0.120879,0.043956
1,282,0.120879,0.043956
1,283,0.120879,0.043956
1,284,0.120879,0.043956
1,285,0.175824,0.043956
1,286,0.186813,0.043956
1,287,0.164835,0.043956
1,288,0.175824,0.043956
1,289,0.186813,0.043956
1,290,0.153846,0.043956
1,291,0.175824,0.043956
1,292,0.142857,0.043956
1,293,0.164835,0.043956
1,294,0.142857,0.043956
1,295,0.164835,0.043956
1,296,0.120879,0.043956
1,297,0.109890,0.043956
1,298,0.142857,0.043956
1,299,0.142857,0.043956
1,300,0.120879,0.043956
1,301,0.087912,0.043956
1,302,0.098901,0.043956
1,303,0.098901,0.043956
1,304,0.120879,0.043956
1,305,0.087912,0.043956
1,306,0.076923,0.043956
1,307,0.120879,0.043956
1,308,0.076923,0.043956
1,309,0.076923,0.043956
1,310,0.120879,0.043956
1,311,0.120879,0.043956
1,312,0.065934,0.043956
1,313,0.076923,0.043956
1,314,0.065934,0.043956
1,315,0.065934,0.043956
1,316,0.109890,0.043956
1,317,0.076923,0.043956
1,318,0.076923,0.043956
1,319,0.098901,0.043956
1,320,0.065934,0.043956
1,321,0.076923,0.043956
1,322,0.065934,0.043956
1,323,0.076923,0.043956
1,324,0.098901,0.043956
1,325,0.131868,0.043956
1,326,0.164835,0.043956
1,327,0.197802,0.043956
1,328,0.186813,0.043956
1,329,0.153846,0.043956
1,330,0.131868,0.043956
1,331,0.120879,0.043956
1,332,0.120879,0.043956
1,333,0.120879,0.043956
1,334,0.131868,0.043956
1,335,0.142857,0.043956
1,336,0.164835,0.043956
1,337,0.153846,0.043956
1,338,0.131868,0.043956
1,339,0.131868,0.043956
1,340,0.153846,0.043956
1,341,0.175824,0.043956
1,342,0.186813,0.043956
1,343,0.197802,0.043956
1,344,0.153846,0.043956
1,345,0.197802,0.043956
1,346,0.186813,0.043956
1,347,0.153846,0.043956
1,348,0.131868,0.043956
1,349,0.065934,0.043956
1,350,0.131868,0.043956
1,351,0.142857,0.043956
1,352,0.120879,0.043956
1,353,0.142857,0.043956
1,354,0.142857,0.043956
1,355,0.142857,0.043956
1,356,0.164835,0.043956
1,357,0.164835,0.043956
1,358,0.186813,0.043956
1,359,0.164835,0.043956
1,360,0.186813,0.043956
1,361,0.241758,0.043956
1,362,0.219780,0.043956
1,363,0.197802,0.043956
1,364,0.131868,0.043956
1,365,0.142857,0.043956
1,366,0.109890,0.043956
1,367,0.087912,0.043956
1,368,0.087912,0.043956
1,369,0.087912,0.043956
1,370,0.065934,0.043956
1,371,0.109890,0.043956
1,372,0.087912,0.043956
1,373,0.098901,0.043956
1,374,0.109890,0.043956
1,375,0.098901,0.043956
1,376,0.098901,0.043956
1,377,0.098901,0.043956
1,378,0.076923,0.043956
1,379,0.087912,0.043956
1,380,0.087912,0.043956
1,381,0.098901,0.043956
1,382,0.087912,0.043956
1,383,0.120879,0.043956
1,384,0.087912,0.043956
1,385,0.087912,0.043956
1,386,0.120879,0.043956
1,387,0.109890,0.043956
1,388,0.087912,0.043956
1,389,0.065934,0.043956
1,390,0.065934,0.043956
1,391,0.065934,0.043956
1,392,0.065934,0.043956
1,393,0.098901,0.043956
1,394,0.109890,0.043956
1,395,0.109890,0.043956
1,396,0.098901,0.043956
1,397,0.087912,0.043956
1,398,0.087912,0.043956
1,399,0.087912,0.043956
1,400,0.098901,0.043956
1,401,0.109890,0.043956
1,402,0.098901,0.043956
1,403,0.131868,0.043956
1,404,0.153846,0.043956
1,405,0.153846,0.043956
1,406,0.153846,0.043956
1,407,0.186813,0.043956
1,408,0.153846,0.043956
1,409,0.175824,0.043956
1,410,0.153846,0.043956
1,411,0.153846,0.043956
1,412,0.098901,0.043956
1,413,0.153846,0.043956
1,414,0.175824,0.043956
1,415,0.131868,0.043956
1,416,0.142857,0.043956
1,417,0.131868,0.043956
1,418,0.120879,0.043956
1,419,0.109890,0.043956
1,420,0.109890,0.043956
1,421,0.109890,0.043956
1,422,0.098901,0.043956
1,423,0.076923,0.043956
1,424,0.076923,0.043956
1,425,0.087912,0.043956
1,426,0.098901,0.043956
1,427,0.120879,0.043956
1,428,0.120879,0.043956
1,429,0.109890,0.043956
1,430,0.131868,0.043956
1,431,0.164835,0.043956
1,432,0.142857,0.043956
1,433,0.164835,0.043956
1,434,0.131868,0.043956
1,435,0.131868,0.043956
1,436,0.142857,0.043956
1,437,0.164835,0.043956
1,438,0.208791,0.043956
1,439,0.197802,0.043956
1,440,0.186813,0.043956
1,441,0.153846,0.043956
1,442,0.120879,0.043956
1,443,0.120879,0.043956
1,444,0.131868,0.043956
1,445,0.120879,0.043956
1,446,0.153846,0.043956
1,447,0.164835,0.043956
1,448,0.175824,0.043956
1,449,0.175824,0.043956
1,450,0.175824,0.043956
1,451,0.120879,0.043956
1,452,0.175824,0.043956
1,453,0.153846,0.043956
1,454,0.098901,0.043956
1,455,0.109890,0.043956
1,456,0.109890,0.043956
1,457,0.142857,0.043956
1,458,0.164835,0.043956
1,459,0.175824,0.043956
1,460,0.186813,0.043956
1,461,0.175824,0.043956
1,462,0.120879,0.043956
1,463,0.131868,0.043956
1,464,0.142857,0.043956
1,465,0.131868,0.043956
1,466,0.131868,0.043956
1,467,0.109890,0.043956
1,468,0.109890,0.043956
1,469,0.065934,0.043956
1,470,0.065934,0.043956
1,471,0.065934,0.043956
1,472,0.065934,0.043956
1,473,0.065934,0.043956
1,474,0.098901,0.043956
1,475,0.087912,0.043956
1,476,0.098901,0.043956
1,477,0.065934,0.043956
1,478,0.065934,0.043956
1,479,0.076923,0.043956
1,480,0.098901,0.043956
1,481,0.131868,0.043956
1,482,0.120879,0.043956
1,483,0.153846,0.043956
1,484,0.120879,0.043956
1,485,0.142857,0.043956
1,486,0.164835,0.043956
1,487,0.131868,0.043956
1,488,0.175824,0.043956
1,489,0.208791,0.043956
1,490,0.164835,0.043956
1,491,0.142857,0.043956
1,492,0.120879,0.043956
1,493,0.087912,0.043956
1,494,0.120879,0.043956
1,495,0.142857,0.043956
1,496,0.120879,0.043956
1,497,0.098901,0.043956
1,498,0.076923,0.043956
1,499,0.098901,0.043956
1,500,0.087912,0.043956
1,501,0.087912,0.043956
1,502,0.131868,0.043956
1,503,0.142857,0.043956
1,504,0.131868,0.043956
1,505,0.142857,0.043956
1,506,0.153846,0.043956
1,507,0.164835,0.043956
1,508,0.142857,0.043956
1,509,0.098901,0.043956
1,510,0.098901,0.043956
1,511,0.087912,0.043956
1,512,0.087912,0.043956
1,513,0.076923,0.043956
1,514,0.098901,0.043956
1,515,0.087912,0.043956
1,516,0.131868,0.043956
1,517,0.109890,0.043956
1,518,0.087912,0.043956
1,519,0.109890,0.043956
1,520,0.098901,0.043956
1,521,0.109890,0.043956
1,522,0.054945,0.043956
1,523,0.021978,0.021978
1,524,0.054945,0.021978
1,525,0.065934,0.021978
1,526,0.120879,0.021978
1,527,0.087912,0.021978
1,528,0.065934,0.021978
1,529,0.087912,0.021978
1,530,0.076923,0.021978
1,531,0.109890,0.021978
1,532,0.087912,0.021978
1,533,0.109890,0.021978
1,534,0.076923,0.021978
1,535,0.065934,0.021978
1,536,0.076923,0.021978
1,537,0.098901,0.021978
1,538,0.087912,0.021978
1,539,0.054945,0.021978
1,540,0.087912,0.021978
1,541,0.076923,0.021978
1,542,0.076923,0.021978
1,543,0.087912,0.021978
1,544,0.120879,0.021978
1,545,0.142857,0.021978
1,546,0.142857,0.021978
1,547,0.131868,0.021978
1,548,0.131868,0.021978
1,549,0.142857,0.021978
1,550,0.131868,0.021978
1,551,0.153846,0.021978
1,552,0.142857,0.021978
1,553,0.142857,0.021978
1,554,0.142857,0.021978
1,555,0.142857,0.021978
1,556,0.153846,0.021978
1,557,0.197802,0.021978
1,558,0.186813,0.021978
1,559,0.153846,0.021978
1,560,0.153846,0.021978
1,561,0.120879,0.021978
1,562,0.109890,0.021978
1,563,0.098901,0.021978
1,564,0.109890,0.021978
1,565,0.142857,0.021978
1,566,0.087912,0.021978
1,567,0.098901,0.021978
1,568,0.087912,0.021978
1,569,0.087912,0.021978
1,570,0.109890,0.021978
1,571,0.087912,0.021978
1,572,0.098901,0.021978
1,573,0.109890,0.021978
1,574,0.109890,0.021978
1,575,0.109890,0.021978
1,576,0.109890,0.021978
1,577,0.098901,0.021978
1,578,0.054945,0.021978
1,579,0.054945,0.021978
1,580,0.076923,0.021978
1,581,0.098901,0.021978
1,582,0.142857,0.021978
1,583,0.120879,0.021978
1,584,0.120879,0.021978
1,585,0.142857,0.021978
1,586,0.120879,0.021978
1,587,0.109890,0.021978
1,588,0.109890,0.021978
1,589,0.109890,0.021978
1,590,0.109890,0.021978
1,591,0.109890,0.021978
1,592,0.098901,0.021978
1,593,0.087912,0.021978
1,594,0.087912,0.021978
1,595,0.065934,0.021978
1,596,0.087912,0.021978
1,597,0.098901,0.021978
1,598,0.076923,0.021978
1,599,0.076923,0.021978
1,600,0.109890,0.021978
1,601,0.131868,0.021978
1,602,0.131868,0.021978
1,603,0.131868,0.021978
1,604,0.164835,0.021978
1,605,0.153846,0.021978
1,606,0.142857,0.021978
1,607,0.131868,0.021978
1,608,0.109890,0.021978
1,609,0.076923,0.021978
1,610,0.065934,0.021978
1,611,0.076923,0.021978
1,612,0.076923,0.021978
1,613,0.087912,0.021978
1,614,0.087912,0.021978
1,615,0.087912,0.021978
1,616,0.109890,0.021978
1,617,0.120879,0.021978
1,618,0.142857,0.021978
1,619,0.175824,0.021978
1,620,0.186813,0.021978
1,621,0.197802,0.021978
1,622,0.153846,0.021978
1,623,0.142857,0.021978
1,624,0.153846,0.021978
1,625,0.131868,0.021978
1,626,0.120879,0.021978
1,627,0.087912,0.021978
1,628,0.087912,0.021978
1,629,0.087912,0.021978
1,630,0.098901,0.021978
1,631,0.120879,0.021978
1,632,0.109890,0.021978
1,633,0.131868,0.021978
1,634,0.109890,0.021978
1,635,0.153846,0.021978
1,636,0.175824,0.021978
1,637,0.175824,0.021978
1,638,0.131868,0.021978
1,639,0.109890,0.021978
1,640,0.098901,0.021978
1,641,0.098901,0.021978
1,642,0.098901,0.021978
1,643,0.109890,0.021978
1,644,0.153846,0.021978
1,645,0.175824,0.021978
1,646,0.164835,0.021978
1,647,0.142857,0.021978
1,648,0.142857,0.021978
1,649,0.087912,0.021978
1,650,0.087912,0.021978
1,651,0.087912,0.021978
1,652,0.109890,0.021978
1,653,0.131868,0.021978
1,654,0.120879,0.021978
1,655,0.098901,0.021978
1,656,0.098901,0.021978
1,657,0.109890,0.021978
1,658,0.120879,0.021978
1,659,0.109890,0.021978
1,660,0.098901,0.021978
1,661,0.087912,0.021978
1,662,0.065934,0.021978
1,663,0.043956,0.021978
1,664,0.043956,0.021978
1,665,0.043956,0.021978
1,666,0.043956,0.021978
1,667,0.098901,0.021978
1,668,0.087912,0.021978
1,669,0.065934,0.021978
1,670,0.065934,0.021978
1,671,0.076923,0.021978
1,672,0.076923,0.021978
1,673,0.109890,0.021978
1,674,0.120879,0.021978
1,675,0.087912,0.021978
1,676,0.076923,0.021978
1,677,0.098901,0.021978
1,678,0.142857,0.021978
1,679,0.175824,0.021978
1,680,0.131868,0.021978
1,681,0.186813,0.021978
1,682,0.153846,0.021978
1,683,0.098901,0.021978
1,684,0.065934,0.021978
1,685,0.098901,0.021978
1,686,0.109890,0.021978
1,687,0.120879,0.021978
1,688,0.131868,0.021978
1,689,0.120879,0.021978
1,690,0.109890,0.021978
1,691,0.087912,0.021978
1,692,0.087912,0.021978
1,693,0.098901,0.021978
1,694,0.131868,0.021978
1,695,0.142857,0.021978
1,696,0.131868,0.021978
1,697,0.120879,0.021978
1,698,0.153846,0.021978
1,699,0.153846,0.021978
1,700,0.098901,0.021978
1,701,0.098901,0.021978
1,702,0.120879,0.021978
1,703,0.120879,0.021978
1,704,0.120879,0.021978
1,705,0.131868,0.021978
1,706,0.131868,0.021978
1,707,0.109890,0.021978
1,708,0.131868,0.021978
1,709,0.109890,0.021978
1,710,0.098901,0.021978
1,711,0.087912,0.021978
1,712,0.109890,0.021978
1,713,0.076923,0.021978
1,714,0.109890,0.021978
1,715,0.098901,0.021978
1,716,0.098901,0.021978
1,717,0.153846,0.021978
1,718,0.153846,0.021978
1,719,0.175824,0.021978
1,720,0.120879,0.021978
1,721,0.098901,0.021978
1,722,0.120879,0.021978
1,723,0.120879,0.021978
1,724,0.131868,0.021978
1,725,0.109890,0.021978
1,726,0.109890,0.021978
1,727,0.175824,0.021978
1,728,0.175824,0.021978
1,729,0.208791,0.021978
1,730,0.175824,0.021978
1,731,0.164835,0.021978
1,732,0.153846,0.021978
1,733,0.164835,0.021978
1,734,0.175824,0.021978
1,735,0.164835,0.021978
1,736,0.164835,0.021978
1,737,0.153846,0.021978
1,738,0.153846,0.021978
1,739,0.109890,0.021978
1,740,0.131868,0.021978
1,741,0.131868,0.021978
1,742,0.164835,0.021978
1,743,0.175824,0.021978
1,744,0.142857,0.021978
1,745,0.120879,0.021978
1,746,0.120879,0.021978
1,747,0.076923,0.021978
1,748,0.076923,0.021978
1,749,0.076923,0.021978
1,750,0.109890,0.021978
1,751,0.087912,0.021978
1,752,0.087912,0.021978
1,753,0.087912,0.021978
1,754,0.076923,0.021978
1,755,0.076923,0.021978
1,756,0.087912,0.021978
1,757,0.087912,0.021978
1,758,0.098901,0.021978
1,759,0.087912,0.021978
1,760,0.065934,0.021978
1,761,0.054945,0.021978
1,762,0.087912,0.021978
1,763,0.098901,0.021978
1,764,0.065934,0.021978
1,765,0.054945,0.021978
1,766,0.065934,0.021978
1,767,0.109890,0.021978
1,768,0.098901,0.021978
1,769,0.109890,0.021978
1,770,0.065934,0.021978
1,771,0.087912,0.021978
1,772,0.076923,0.021978
1,773,0.076923,0.021978
1,774,0.054945,0.021978
1,775,0.087912,0.021978
1,776,0.131868,0.021978
1,777,0.142857,0.021978
1,778,0.131868,0.021978
1,779,0.087912,0.021978
1,780,0.098901,0.021978
1,781,0.120879,0.021978
1,782,0.087912,0.021978
1,783,0.109890,0.021978
1,784,0.098901,0.021978
1,785,0.043956,0.021978
1,786,0.054945,0.021978
1,787,0.043956,0.021978
1,788,0.054945,0.021978
1,789,0.087912,0.021978
1,790,0.087912,0.021978
1,791,0.109890,0.021978
1,792,0.098901,0.021978
1,793,0.098901,0.021978
1,794,0.098901,0.021978
1,795,0.120879,0.021978
1,796,0.120879,0.021978
1,797,0.131868,0.021978
1,798,0.131868,0.021978
1,799,0.153846,0.021978
1,800,0.164835,0.021978
1,801,0.142857,0.021978
1,802,0.153846,0.021978
1,803,0.153846,0.021978
1,804,0.120879,0.021978
1,805,0.120879,0.021978
1,806,0.087912,0.021978
1,807,0.131868,0.021978
1,808,0.153846,0.021978
1,809,0.131868,0.021978
1,810,0.098901,0.021978
1,811,0.109890,0.021978
1,812,0.109890,0.021978
1,813,0.142857,0.021978
1,814,0.153846,0.021978
1,815,0.186813,0.021978
1,816,0.186813,0.021978
1,817,0.175824,0.021978
1,818,0.175824,0.021978
1,819,0.153846,0.021978
1,820,0.164835,0.021978
1,821,0.153846,0.021978
1,822,0.109890,0.021978
1,823,0.131868,0.021978
1,824,0.109890,0.021978
1,825,0.109890,0.021978
1,826,0.131868,0.021978
1,827,0.142857,0.021978
1,828,0.142857,0.021978
1,829,0.164835,0.021978
1,830,0.153846,0.021978
1,831,0.153846,0.021978
1,832,0.186813,0.021978
1,833,0.153846,0.021978
1,834,0.164835,0.021978
1,835,0.153846,0.021978
1,836,0.131868,0.021978
1,837,0.120879,0.021978
1,838,0.109890,0.021978
1,839,0.087912,0.021978
1,840,0.109890,0.021978
1,841,0.109890,0.021978
1,842,0.098901,0.021978
1,843,0.120879,0.021978
1,844,0.098901,0.021978
1,845,0.109890,0.021978
1,846,0.109890,0.021978
1,847,0.065934,0.021978
1,848,0.098901,0.021978
1,849,0.087912,0.021978
1,850,0.120879,0.021978
1,851,0.087912,0.021978
1,852,0.186813,0.021978
1,853,0.175824,0.021978
1,854,0.197802,0.021978
1,855,0.175824,0.021978
1,856,0.219780,0.021978
1,857,0.197802,0.021978
1,858,0.208791,0.021978
1,859,0.197802,0.021978
1,860,0.208791,0.021978
1,861,0.219780,0.021978
1,862,0.186813,0.021978
1,863,0.186813,0.021978
1,864,0.131868,0.021978
1,865,0.120879,0.021978
1,866,0.109890,0.021978
1,867,0.131868,0.021978
1,868,0.131868,0.021978
1,869,0.120879,0.021978
1,870,0.120879,0.021978
1,871,0.142857,0.021978
1,872,0.120879,0.021978
1,873,0.098901,0.021978
1,874,0.120879,0.021978
1,875,0.098901,0.021978
1,876,0.076923,0.021978
1,877,0.098901,0.021978
1,878,0.120879,0.021978
1,879,0.120879,0.021978
1,880,0.098901,0.021978
1,881,0.098901,0.021978
1,882,0.076923,0.021978
1,883,0.043956,0.021978
1,884,0.065934,0.021978
1,885,0.087912,0.021978
1,886,0.076923,0.021978
1,887,0.098901,0.021978
1,888,0.109890,0.021978
1,889,0.054945,0.021978
1,890,0.065934,0.021978
1,891,0.043956,0.021978
1,892,0.065934,0.021978
1,893,0.043956,0.021978
1,894,0.043956,0.021978
1,895,0.043956,0.021978
1,896,0.054945,0.021978
1,897,0.076923,0.021978
1,898,0.054945,0.021978
1,899,0.076923,0.021978
1,900,0.054945,0.021978
1,901,0.076923,0.021978
1,902,0.098901,0.021978
1,903,0.098901,0.021978
1,904,0.087912,0.021978
1,905,0.076923,0.021978
1,906,0.076923,0.021978
1,907,0.076923,0.021978
1,908,0.098901,0.021978
1,909,0.098901,0.021978
1,910,0.076923,0.021978
1,911,0.087912,0.021978
1,912,0.076923,0.021978
1,913,0.087912,0.021978
1,914,0.098901,0.021978
1,915,0.142857,0.021978
1,916,0.131868,0.021978
1,917,0.131868,0.021978
1,918,0.131868,0.021978
1,919,0.087912,0.021978
1,920,0.087912,0.021978
1,921,0.065934,0.021978
1,922,0.076923,0.021978
1,923,0.065934,0.021978
1,924,0.098901,0.021978
1,925,0.131868,0.021978
1,926,0.131868,0.021978
1,927,0.142857,0.021978
1,928,0.120879,0.021978
1,929,0.120879,0.021978
1,930,0.131868,0.021978
1,931,0.153846,0.021978
1,932,0.131868,0.021978
1,933,0.131868,0.021978
1,934,0.153846,0.021978
1,935,0.142857,0.021978
1,936,0.164835,0.021978
1,937,0.175824,0.021978
1,938,0.164835,0.021978
1,939,0.131868,0.021978
1,940,0.142857,0.021978
1,941,0.120879,0.021978
1,942,0.131868,0.021978
1,943,0.131868,0.021978
1,944,0.120879,0.021978
1,945,0.098901,0.021978
1,946,0.120879,0.021978
1,947,0.098901,0.021978
1,948,0.098901,0.021978
1,949,0.120879,0.021978
1,950,0.109890,0.021978
1,951,0.131868,0.021978
1,952,0.131868,0.021978
1,953,0.131868,0.021978
1,954,0.120879,0.021978
1,955,0.142857,0.021978
1,956,0.153846,0.021978
1,957,0.120879,0.021978
1,958,0.142857,0.021978
1,959,0.164835,0.021978
1,960,0.175824,0.021978
1,961,0.164835,0.021978
1,962,0.164835,0.021978
1,963,0.164835,0.021978
1,964,0.164835,0.021978
1,965,0.153846,0.021978
1,966,0.186813,0.021978
1,967,0.197802,0.021978
1,968,0.175824,0.021978
1,969,0.175824,0.021978
1,970,0.164835,0.021978
1,971,0.153846,0.021978
1,972,0.153846,0.021978
1,973,0.164835,0.021978
1,974,0.175824,0.021978
1,975,0.175824,0.021978
1,976,0.153846,0.021978
1,977,0.098901,0.021978
1,978,0.098901,0.021978
1,979,0.142857,0.021978
1,980,0.098901,0.021978
1,981,0.087912,0.021978
1,982,0.098901,0.021978
1,983,0.087912,0.021978
1,984,0.098901,0.021978
1,985,0.142857,0.021978
1,986,0.153846,0.021978
1,987,0.131868,0.021978
1,988,0.142857,0.021978
1,989,0.120879,0.021978
1,990,0.109890,0.021978
1,991,0.131868,0.021978
1,992,0.098901,0.021978
1,993,0.087912,0.021978
1,994,0.098901,0.021978
1,995,0.120879,0.021978
1,996,0.098901,0.021978
1,997,0.087912,0.021978
1,998,0.098901,0.021978
1,999,0.109890,0.021978
1,1000,0.098901,0.021978
1,1001,0.109890,0.021978
1,1002,0.054945,0.021978
1,1003,0.076923,0.021978
1,1004,0.065934,0.021978
1,1005,0.076923,0.021978
1,1006,0.098901,0.021978
1,1007,0.098901,0.021978
1,1008,0.076923,0.021978
1,1009,0.087912,0.021978
1,1010,0.087912,0.021978
1,1011,0.120879,0.021978
1,1012,0.164835,0.021978
1,1013,0.142857,0.021978
1,1014,0.131868,0.021978
1,1015,0.142857,0.021978
1,1016,0.109890,0.021978
1,1017,0.098901,0.021978
1,1018,0.131868,0.021978
1,1019,0.087912,0.021978
1,1020,0.098901,0.021978
1,1021,0.087912,0.021978
1,1022,0.087912,0.021978
1,1023,0.098901,0.021978
1,1024,0.153846,0.021978
1,1025,0.153846,0.021978
1,1026,0.142857,0.021978
1,1027,0.131868,0.021978
1,1028,0.131868,0.021978
1,1029,0.131868,0.021978
1,1030,0.153846,0.021978
1,1031,0.153846,0.021978
1,1032,0.164835,0.021978
1,1033,0.164835,0.021978
1,1034,0.142857,0.021978
1,1035,0.153846,0.021978
1,1036,0.164835,0.021978
1,1037,0.153846,0.021978
1,1038,0.098901,0.021978
1,1039,0.098901,0.021978
1,1040,0.109890,0.021978
1,1041,0.120879,0.021978
1,1042,0.142857,0.021978
1,1043,0.098901,0.021978
1,1044,0.142857,0.021978
1,1045,0.186813,0.021978
1,1046,0.186813,0.021978
1,1047,0.197802,0.021978
1,1048,0.186813,0.021978
1,1049,0.164835,0.021978
1,1050,0.131868,0.021978
1,1051,0.098901,0.021978
1,1052,0.087912,0.021978
1,1053,0.098901,0.021978
1,1054,0.065934,0.021978
1,1055,0.098901,0.021978
1,1056,0.120879,0.021978
1,1057,0.098901,0.021978
1,1058,0.109890,0.021978
1,1059,0.098901,0.021978
1,1060,0.098901,0.021978
1,1061,0.142857,0.021978
1,1062,0.142857,0.021978
1,1063,0.142857,0.021978
1,1064,0.153846,0.021978
1,1065,0.120879,0.021978
1,1066,0.109890,0.021978
1,1067,0.098901,0.021978
1,1068,0.109890,0.021978
1,1069,0.131868,0.021978
1,1070,0.142857,0.021978
1,1071,0.131868,0.021978
1,1072,0.109890,0.021978
1,1073,0.087912,0.021978
1,1074,0.087912,0.021978
1,1075,0.109890,0.021978
1,1076,0.087912,0.021978
1,1077,0.098901,0.021978
1,1078,0.109890,0.021978
1,1079,0.098901,0.021978
1,1080,0.076923,0.021978
1,1081,0.087912,0.021978
1,1082,0.109890,0.021978
1,1083,0.109890,0.021978
1,1084,0.131868,0.021978
1,1085,0.153846,0.021978
1,1086,0.153846,0.021978
1,1087,0.153846,0.021978
1,1088,0.164835,0.021978
1,1089,0.142857,0.021978
1,1090,0.109890,0.021978
1,1091,0.131868,0.021978
1,1092,0.131868,0.021978
1,1093,0.131868,0.021978
1,1094,0.131868,0.021978
1,1095,0.120879,0.021978
1,1096,0.120879,0.021978
1,1097,0.186813,0.021978
1,1098,0.186813,0.021978
1,1099,0.142857,0.021978
1,1100,0.120879,0.021978
1,1101,0.142857,0.021978
1,1102,0.120879,0.021978
1,1103,0.131868,0.021978
1,1104,0.120879,0.021978
1,1105,0.153846,0.021978
1,1106,0.109890,0.021978
1,1107,0.142857,0.021978
1,1108,0.109890,0.021978
1,1109,0.109890,0.021978
1,1110,0.087912,0.021978
1,1111,0.087912,0.021978
1,1112,0.109890,0.021978
1,1113,0.087912,0.021978
1,1114,0.109890,0.021978
1,1115,0.109890,0.021978
1,1116,0.131868,0.021978
1,1117,0.142857,0.021978
1,1118,0.164835,0.021978
1,1119,0.153846,0.021978
1,1120,0.164835,0.021978
1,1121,0.131868,0.021978
1,1122,0.131868,0.021978
1,1123,0.142857,0.021978
1,1124,0.131868,0.021978
1,1125,0.142857,0.021978
1,1126,0.120879,0.021978
1,1127,0.131868,0.021978
1,1128,0.087912,0.021978
1,1129,0.087912,0.021978
1,1130,0.087912,0.021978
1,1131,0.076923,0.021978
1,1132,0.065934,0.021978
1,1133,0.076923,0.021978
1,1134,0.076923,0.021978
1,1135,0.120879,0.021978
1,1136,0.109890,0.021978
1,1137,0.120879,0.021978
1,1138,0.120879,0.021978
1,1139,0.142857,0.021978
1,1140,0.120879,0.021978
1,1141,0.109890,0.021978
1,1142,0.109890,0.021978
1,1143,0.120879,0.021978
1,1144,0.120879,0.021978
1,1145,0.120879,0.021978
1,1146,0.109890,0.021978
1,1147,0.098901,0.021978
1,1148,0.109890,0.021978
1,1149,0.098901,0.021978
1,1150,0.109890,0.021978
1,1151,0.131868,0.021978
1,1152,0.131868,0.021978
1,1153,0.098901,0.021978
1,1154,0.098901,0.021978
1,1155,0.098901,0.021978
1,1156,0.087912,0.021978
1,1157,0.087912,0.021978
1,1158,0.120879,0.021978
1,1159,0.120879,0.021978
1,1160,0.120879,0.021978
1,1161,0.120879,0.021978
1,1162,0.153846,0.021978
1,1163,0.186813,0.021978
1,1164,0.164835,0.021978
1,1165,0.186813,0.021978
1,1166,0.197802,0.021978
1,1167,0.208791,0.021978
1,1168,0.175824,0.021978
1,1169,0.164835,0.021978
1,1170,0.164835,0.021978
1,1171,0.153846,0.021978
1,1172,0.120879,0.021978
1,1173,0.087912,0.021978
1,1174,0.087912,0.021978
1,1175,0.109890,0.021978
1,1176,0.087912,0.021978
1,1177,0.109890,0.021978
1,1178,0.098901,0.021978
1,1179,0.098901,0.021978
1,1180,0.109890,0.021978
1,1181,0.120879,0.021978
1,1182,0.131868,0.021978
1,1183,0.164835,0.021978
1,1184,0.164835,0.021978
1,1185,0.142857,0.021978
1,1186,0.120879,0.021978
1,1187,0.120879,0.021978
1,1188,0.109890,0.021978
1,1189,0.098901,0.021978
1,1190,0.142857,0.021978
1,1191,0.131868,0.021978
1,1192,0.098901,0.021978
1,1193,0.120879,0.021978
1,1194,0.142857,0.021978
1,1195,0.120879,0.021978
1,1196,0.153846,0.021978
1,1197,0.153846,0.021978
1,1198,0.087912,0.021978
1,1199,0.120879,0.021978
1,1200,0.120879,0.021978
1,1201,0.153846,0.021978
1,1202,0.164835,0.021978
1,1203,0.164835,0.021978
1,1204,0.175824,0.021978
1,1205,0.164835,0.021978
1,1206,0.197802,0.021978
1,1207,0.131868,0.021978
1,1208,0.142857,0.021978
1,1209,0.142857,0.021978
1,1210,0.120879,0.021978
1,1211,0.142857,0.021978
1,1212,0.109890,0.021978
1,1213,0.164835,0.021978
1,1214,0.164835,0.021978
1,1215,0.131868,0.021978
1,1216,0.131868,0.021978
1,1217,0.120879,0.021978
1,1218,0.131868,0.021978
1,1219,0.131868,0.021978
1,1220,0.131868,0.021978
1,1221,0.142857,0.021978
1,1222,0.131868,0.021978
1,1223,0.142857,0.021978
1,1224,0.164835,0.021978
1,1225,0.197802,0.021978
1,1226,0.164835,0.021978
1,1227,0.131868,0.021978
1,1228,0.153846,0.021978
1,1229,0.175824,0.021978
1,1230,0.175824,0.021978
1,1231,0.142857,0.021978
1,1232,0.120879,0.021978
1,1233,0.153846,0.021978
1,1234,0.175824,0.021978
1,1235,0.197802,0.021978
1,1236,0.208791,0.021978
1,1237,0.208791,0.021978
1,1238,0.186813,0.021978
1,1239,0.164835,0.021978
1,1240,0.142857,0.021978
1,1241,0.142857,0.021978
1,1242,0.142857,0.021978
1,1243,0.142857,0.021978
1,1244,0.098901,0.021978
1,1245,0.098901,0.021978
1,1246,0.076923,0.021978
1,1247,0.076923,0.021978
1,1248,0.109890,0.021978
1,1249,0.109890,0.021978
1,1250,0.109890,0.021978
1,1251,0.076923,0.021978
1,1252,0.076923,0.021978
1,1253,0.076923,0.021978
1,1254,0.076923,0.021978
1,1255,0.076923,0.021978
1,1256,0.076923,0.021978
1,1257,0.076923,0.021978
1,1258,0.054945,0.021978
1,1259,0.076923,0.021978
1,1260,0.054945,0.021978
1,1261,0.076923,0.021978
1,1262,0.087912,0.021978
1,1263,0.109890,0.021978
1,1264,0.142857,0.021978
1,1265,0.120879,0.021978
1,1266,0.131868,0.021978
1,1267,0.087912,0.021978
1,1268,0.098901,0.021978
1,1269,0.076923,0.021978
1,1270,0.065934,0.021978
1,1271,0.065934,0.021978
1,1272,0.054945,0.021978
1,1273,0.054945,0.021978
1,1274,0.065934,0.021978
1,1275,0.065934,0.021978
1,1276,0.098901,0.021978
1,1277,0.120879,0.021978
1,1278,0.098901,0.021978
1,1279,0.087912,0.021978
1,1280,0.054945,0.021978
1,1281,0.054945,0.021978
1,1282,0.054945,0.021978
1,1283,0.043956,0.021978
1,1284,0.021978,0.021978
1,1285,0.065934,0.021978
1,1286,0.087912,0.021978
1,1287,0.098901,0.021978
1,1288,0.076923,0.021978
1,1289,0.043956,0.021978
1,1290,0.076923,0.021978
1,1291,0.087912,0.021978
1,1292,0.087912,0.021978
1,1293,0.076923,0.021978
1,1294,0.087912,0.021978
1,1295,0.076923,0.021978
1,1296,0.032967,0.021978
1,1297,0.032967,0.021978
1,1298,0.076923,0.021978
1,1299,0.076923,0.021978
1,1300,0.076923,0.021978
1,1301,0.087912,0.021978
1,1302,0.109890,0.021978
1,1303,0.120879,0.021978
1,1304,0.120879,0.021978
1,1305,0.120879,0.021978
1,1306,0.109890,0.021978
1,1307,0.109890,0.021978
1,1308,0.087912,0.021978
1,1309,0.076923,0.021978
1,1310,0.065934,0.021978
1,1311,0.076923,0.021978
1,1312,0.109890,0.021978
1,1313,0.120879,0.021978
1,1314,0.098901,0.021978
1,1315,0.098901,0.021978
1,1316,0.087912,0.021978
1,1317,0.076923,0.021978
1,1318,0.065934,0.021978
1,1319,0.076923,0.021978
1,1320,0.076923,0.021978
1,1321,0.087912,0.021978
1,1322,0.087912,0.021978
1,1323,0.120879,0.021978
1,1324,0.120879,0.021978
1,1325,0.098901,0.021978
1,1326,0.098901,0.021978
1,1327,0.098901,0.021978
1,1328,0.098901,0.021978
1,1329,0.109890,0.021978
1,1330,0.109890,0.021978
1,1331,0.131868,0.021978
1,1332,0.109890,0.021978
1,1333,0.120879,0.021978
1,1334,0.109890,0.021978
1,1335,0.065934,0.021978
1,1336,0.065934,0.021978
1,1337,0.076923,0.021978
1,1338,0.076923,0.021978
1,1339,0.098901,0.021978
1,1340,0.098901,0.021978
1,1341,0.109890,0.021978
1,1342,0.131868,0.021978
1,1343,0.142857,0.021978
1,1344,0.131868,0.021978
1,1345,0.153846,0.021978
1,1346,0.120879,0.021978
1,1347,0.109890,0.021978
1,1348,0.131868,0.021978
1,1349,0.120879,0.021978
1,1350,0.142857,0.021978
1,1351,0.142857,0.021978
1,1352,0.109890,0.021978
1,1353,0.087912,0.021978
1,1354,0.087912,0.021978
1,1355,0.076923,0.021978
1,1356,0.087912,0.021978
1,1357,0.087912,0.021978
1,1358,0.142857,0.021978
1,1359,0.120879,0.021978
1,1360,0.120879,0.021978
1,1361,0.087912,0.021978
1,1362,0.087912,0.021978
1,1363,0.120879,0.021978
1,1364,0.120879,0.021978
1,1365,0.131868,0.021978
1,1366,0.120879,0.021978
1,1367,0.098901,0.021978
1,1368,0.109890,0.021978
1,1369,0.153846,0.021978
1,1370,0.142857,0.021978
1,1371,0.164835,0.021978
1,1372,0.164835,0.021978
1,1373,0.164835,0.021978
1,1374,0.164835,0.021978
1,1375,0.186813,0.021978
1,1376,0.197802,0.021978
1,1377,0.208791,0.021978
1,1378,0.208791,0.021978
1,1379,0.208791,0.021978
1,1380,0.208791,0.021978
1,1381,0.153846,0.021978
1,1382,0.153846,0.021978
1,1383,0.175824,0.021978
1,1384,0.153846,0.021978
1,1385,0.142857,0.021978
1,1386,0.208791,0.021978
1,1387,0.142857,0.021978
1,1388,0.131868,0.021978
1,1389,0.131868,0.021978
1,1390,0.120879,0.021978
1,1391,0.087912,0.021978
1,1392,0.109890,0.021978
1,1393,0.131868,0.021978
1,1394,0.153846,0.021978
1,1395,0.131868,0.021978
1,1396,0.153846,0.021978
1,1397,0.120879,0.021978
1,1398,0.120879,0.021978
1,1399,0.109890,0.021978
1,1400,0.120879,0.021978
1,1401,0.087912,0.021978
1,1402,0.087912,0.021978
1,1403,0.131868,0.021978
1,1404,0.120879,0.021978
1,1405,0.153846,0.021978
1,1406,0.120879,0.021978
1,1407,0.087912,0.021978
1,1408,0.109890,0.021978
1,1409,0.076923,0.021978
1,1410,0.076923,0.021978
1,1411,0.076923,0.021978
1,1412,0.076923,0.021978
1,1413,0.087912,0.021978
1,1414,0.087912,0.021978
1,1415,0.087912,0.021978
1,1416,0.054945,0.021978
1,1417,0.054945,0.021978
1,1418,0.054945,0.021978
1,1419,0.054945,0.021978
1,1420,0.087912,0.021978
1,1421,0.076923,0.021978
1,1422,0.109890,0.021978
1,1423,0.087912,0.021978
1,1424,0.087912,0.021978
1,1425,0.120879,0.021978
1,1426,0.120879,0.021978
1,1427,0.098901,0.021978
1,1428,0.131868,0.021978
1,1429,0.142857,0.021978
1,1430,0.109890,0.021978
1,1431,0.065934,0.021978
1,1432,0.065934,0.021978
1,1433,0.065934,0.021978
1,1434,0.087912,0.021978
1,1435,0.065934,0.021978
1,1436,0.076923,0.021978
1,1437,0.076923,0.021978
1,1438,0.087912,0.021978
1,1439,0.098901,0.021978
1,1440,0.131868,0.021978
1,1441,0.076923,0.021978
1,1442,0.087912,0.021978
1,1443,0.109890,0.021978
1,1444,0.109890,0.021978
1,1445,0.120879,0.021978
1,1446,0.109890,0.021978
1,1447,0.109890,0.021978
1,1448,0.109890,0.021978
1,1449,0.098901,0.021978
1,1450,0.109890,0.021978
1,1451,0.131868,0.021978
1,1452,0.120879,0.021978
1,1453,0.109890,0.021978
1,1454,0.131868,0.021978
1,1455,0.131868,0.021978
1,1456,0.098901,0.021978
1,1457,0.120879,0.021978
1,1458,0.098901,0.021978
1,1459,0.087912,0.021978
1,1460,0.109890,0.021978
1,1461,0.087912,0.021978
1,1462,0.098901,0.021978
1,1463,0.098901,0.021978
1,1464,0.087912,0.021978
1,1465,0.065934,0.021978
1,1466,0.065934,0.021978
1,1467,0.065934,0.021978
1,1468,0.087912,0.021978
1,1469,0.087912,0.021978
1,1470,0.065934,0.021978
1,1471,0.065934,0.021978
1,1472,0.076923,0.021978
1,1473,0.098901,0.021978
1,1474,0.120879,0.021978
1,1475,0.098901,0.021978
1,1476,0.120879,0.021978
1,1477,0.098901,0.021978
1,1478,0.076923,0.021978
1,1479,0.054945,0.021978
1,1480,0.054945,0.021978
1,1481,0.087912,0.021978
1,1482,0.065934,0.021978
1,1483,0.087912,0.021978
1,1484,0.109890,0.021978
1,1485,0.087912,0.021978
1,1486,0.065934,0.021978
1,1487,0.065934,0.021978
1,1488,0.065934,0.021978
1,1489,0.054945,0.021978
1,1490,0.065934,0.021978
1,1491,0.065934,0.021978
1,1492,0.054945,0.021978
1,1493,0.054945,0.021978
1,1494,0.065934,0.021978
1,1495,0.087912,0.021978
1,1496,0.109890,0.021978
1,1497,0.109890,0.021978
1,1498,0.109890,0.021978
1,1499,0.131868,0.021978
1,1500,0.109890,0.021978
1,1501,0.142857,0.021978
1,1502,0.142857,0.021978
1,1503,0.142857,0.021978
1,1504,0.164835,0.021978
1,1505,0.153846,0.021978
1,1506,0.120879,0.021978
1,1507,0.142857,0.021978
1,1508,0.142857,0.021978
1,1509,0.120879,0.021978
1,1510,0.142857,0.021978
1,1511,0.153846,0.021978
1,1512,0.120879,0.021978
1,1513,0.131868,0.021978
1,1514,0.120879,0.021978
1,1515,0.131868,0.021978
1,1516,0.120879,0.021978
1,1517,0.153846,0.021978
1,1518,0.120879,0.021978
1,1519,0.120879,0.021978
1,1520,0.120879,0.021978
1,1521,0.109890,0.021978
1,1522,0.120879,0.021978
1,1523,0.098901,0.021978
1,1524,0.054945,0.021978
1,1525,0.065934,0.021978
1,1526,0.065934,0.021978
1,1527,0.054945,0.021978
1,1528,0.054945,0.021978
1,1529,0.087912,0.021978
1,1530,0.109890,0.021978
1,1531,0.076923,0.021978
1,1532,0.065934,0.021978
1,1533,0.087912,0.021978
1,1534,0.120879,0.021978
1,1535,0.186813,0.021978
1,1536,0.175824,0.021978
1,1537,0.153846,0.021978
1,1538,0.131868,0.021978
1,1539,0.131868,0.021978
1,1540,0.175824,0.021978
1,1541,0.153846,0.021978
1,1542,0.164835,0.021978
1,1543,0.186813,0.021978
1,1544,0.142857,0.021978
1,1545,0.098901,0.021978
1,1546,0.142857,0.021978
1,1547,0.131868,0.021978
1,1548,0.120879,0.021978
1,1549,0.120879,0.021978
1,1550,0.131868,0.021978
1,1551,0.153846,0.021978
1,1552,0.120879,0.021978
1,1553,0.076923,0.021978
1,1554,0.065934,0.021978
1,1555,0.087912,0.021978
1,1556,0.076923,0.021978
1,1557,0.065934,0.021978
1,1558,0.065934,0.021978
1,1559,0.054945,0.021978
1,1560,0.065934,0.021978
1,1561,0.076923,0.021978
1,1562,0.087912,0.021978
1,1563,0.098901,0.021978
1,1564,0.087912,0.021978
1,1565,0.087912,0.021978
1,1566,0.087912,0.021978
1,1567,0.087912,0.021978
1,1568,0.120879,0.021978
1,1569,0.131868,0.021978
1,1570,0.131868,0.021978
1,1571,0.131868,0.021978
1,1572,0.109890,0.021978
1,1573,0.131868,0.021978
1,1574,0.109890,0.021978
1,1575,0.087912,0.021978
1,1576,0.098901,0.021978
1,1577,0.098901,0.021978
1,1578,0.087912,0.021978
1,1579,0.098901,0.021978
1,1580,0.109890,0.021978
1,1581,0.076923,0.021978
1,1582,0.076923,0.021978
1,1583,0.087912,0.021978
1,1584,0.087912,0.021978
1,1585,0.054945,0.021978
1,1586,0.054945,0.021978
1,1587,0.054945,0.021978
1,1588,0.087912,0.021978
1,1589,0.054945,0.021978
1,1590,0.120879,0.021978
1,1591,0.120879,0.021978
1,1592,0.109890,0.021978
1,1593,0.109890,0.021978
1,1594,0.098901,0.021978
1,1595,0.142857,0.021978
1,1596,0.120879,0.021978
1,1597,0.164835,0.021978
1,1598,0.164835,0.021978
1,1599,0.164835,0.021978
1,1600,0.142857,0.021978
1,1601,0.142857,0.021978
1,1602,0.142857,0.021978
1,1603,0.131868,0.021978
1,1604,0.120879,0.021978
1,1605,0.153846,0.021978
1,1606,0.142857,0.021978
1,1607,0.109890,0.021978
1,1608,0.120879,0.021978
1,1609,0.164835,0.021978
1,1610,0.175824,0.021978
1,1611,0.153846,0.021978
1,1612,0.142857,0.021978
1,1613,0.164835,0.021978
1,1614,0.164835,0.021978
1,1615,0.164835,0.021978
1,1616,0.164835,0.021978
1,1617,0.175824,0.021978
1,1618,0.175824,0.021978
1,1619,0.175824,0.021978
1,1620,0.142857,0.021978
1,1621,0.142857,0.021978
1,1622,0.131868,0.021978
1,1623,0.076923,0.021978
1,1624,0.087912,0.021978
1,1625,0.109890,0.021978
1,1626,0.098901,0.021978
1,1627,0.098901,0.021978
1,1628,0.164835,0.021978
1,1629,0.164835,0.021978
1,1630,0.219780,0.021978
1,1631,0.230769,0.021978
1,1632,0.153846,0.021978
1,1633,0.164835,0.021978
1,1634,0.131868,0.021978
1,1635,0.131868,0.021978
1,1636,0.153846,0.021978
1,1637,0.164835,0.021978
1,1638,0.142857,0.021978
1,1639,0.142857,0.021978
1,1640,0.131868,0.021978
1,1641,0.131868,0.021978
1,1642,0.120879,0.021978
1,1643,0.120879,0.021978
1,1644,0.087912,0.021978
1,1645,0.065934,0.021978
1,1646,0.032967,0.021978
1,1647,0.065934,0.021978
1,1648,0.065934,0.021978
1,1649,0.120879,0.021978
1,1650,0.153846,0.021978
1,1651,0.120879,0.021978
1,1652,0.120879,0.021978
1,1653,0.142857,0.021978
1,1654,0.153846,0.021978
1,1655,0.109890,0.021978
1,1656,0.087912,0.021978
1,1657,0.087912,0.021978
1,1658,0.065934,0.021978
1,1659,0.098901,0.021978
1,1660,0.098901,0.021978
1,1661,0.087912,0.021978
1,1662,0.087912,0.021978
1,1663,0.131868,0.021978
1,1664,0.142857,0.021978
1,1665,0.142857,0.021978
1,1666,0.076923,0.021978
1,1667,0.065934,0.021978
1,1668,0.076923,0.021978
1,1669,0.087912,0.021978
1,1670,0.065934,0.021978
1,1671,0.065934,0.021978
1,1672,0.065934,0.021978
1,1673,0.065934,0.021978
1,1674,0.087912,0.021978
1,1675,0.076923,0.021978
1,1676,0.087912,0.021978
1,1677,0.076923,0.021978
1,1678,0.076923,0.021978
1,1679,0.054945,0.021978
1,1680,0.076923,0.021978
1,1681,0.098901,0.021978
1,1682,0.109890,0.021978
1,1683,0.087912,0.021978
1,1684,0.076923,0.021978
1,1685,0.109890,0.021978
1,1686,0.109890,0.021978
1,1687,0.109890,0.021978
1,1688,0.098901,0.021978
1,1689,0.131868,0.021978
1,1690,0.153846,0.021978
1,1691,0.153846,0.021978
1,1692,0.142857,0.021978
1,1693,0.153846,0.021978
1,1694,0.164835,0.021978
1,1695,0.142857,0.021978
1,1696,0.131868,0.021978
1,1697,0.076923,0.021978
1,1698,0.087912,0.021978
1,1699,0.098901,0.021978
1,1700,0.109890,0.021978
1,1701,0.087912,0.021978
1,1702,0.109890,0.021978
1,1703,0.098901,0.021978
1,1704,0.098901,0.021978
1,1705,0.087912,0.021978
1,1706,0.109890,0.021978
1,1707,0.076923,0.021978
1,1708,0.087912,0.021978
1,1709,0.065934,0.021978
1,1710,0.065934,0.021978
1,1711,0.076923,0.021978
1,1712,0.065934,0.021978
1,1713,0.065934,0.021978
1,1714,0.065934,0.021978
1,1715,0.065934,0.021978
1,1716,0.087912,0.021978
1,1717,0.076923,0.021978
1,1718,0.087912,0.021978
1,1719,0.087912,0.021978
1,1720,0.076923,0.021978
1,1721,0.076923,0.021978
1,1722,0.098901,0.021978
1,1723,0.087912,0.021978
1,1724,0.098901,0.021978
1,1725,0.087912,0.021978
1,1726,0.098901,0.021978
1,1727,0.109890,0.021978
1,1728,0.109890,0.021978
1,1729,0.109890,0.021978
1,1730,0.109890,0.021978
1,1731,0.131868,0.021978
1,1732,0.153846,0.021978
1,1733,0.153846,0.021978
1,1734,0.120879,0.021978
1,1735,0.142857,0.021978
1,1736,0.120879,0.021978
1,1737,0.153846,0.021978
1,1738,0.164835,0.021978
1,1739,0.142857,0.021978
1,1740,0.142857,0.021978
1,1741,0.153846,0.021978
1,1742,0.153846,0.021978
1,1743,0.120879,0.021978
1,1744,0.120879,0.021978
1,1745,0.131868,0.021978
1,1746,0.131868,0.021978
1,1747,0.131868,0.021978
1,1748,0.120879,0.021978
1,1749,0.109890,0.021978
1,1750,0.076923,0.021978
1,1751,0.065934,0.021978
1,1752,0.076923,0.021978
1,1753,0.065934,0.021978
1,1754,0.076923,0.021978
1,1755,0.076923,0.021978
1,1756,0.065934,0.021978
1,1757,0.065934,0.021978
1,1758,0.065934,0.021978
1,1759,0.043956,0.021978
1,1760,0.043956,0.021978
1,1761,0.065934,0.021978
1,1762,0.087912,0.021978
1,1763,0.065934,0.021978
1,1764,0.087912,0.021978
1,1765,0.098901,0.021978
1,1766,0.098901,0.021978
1,1767,0.098901,0.021978
1,1768,0.065934,0.021978
1,1769,0.065934,0.021978
1,1770,0.109890,0.021978
1,1771,0.098901,0.021978
1,1772,0.131868,0.021978
1,1773,0.109890,0.021978
1,1774,0.131868,0.021978
1,1775,0.142857,0.021978
1,1776,0.142857,0.021978
1,1777,0.142857,0.021978
1,1778,0.098901,0.021978
1,1779,0.142857,0.021978
1,1780,0.142857,0.021978
1,1781,0.109890,0.021978
1,1782,0.142857,0.021978
1,1783,0.120879,0.021978
1,1784,0.098901,0.021978
1,1785,0.109890,0.021978
1,1786,0.142857,0.021978
1,1787,0.109890,0.021978
1,1788,0.098901,0.021978
1,1789,0.120879,0.021978
1,1790,0.142857,0.021978
1,1791,0.153846,0.021978
1,1792,0.142857,0.021978
1,1793,0.120879,0.021978
1,1794,0.153846,0.021978
1,1795,0.142857,0.021978
1,1796,0.142857,0.021978
1,1797,0.175824,0.021978
1,1798,0.164835,0.021978
1,1799,0.164835,0.021978
1,1800,0.175824,0.021978
1,1801,0.164835,0.021978
1,1802,0.175824,0.021978
1,1803,0.186813,0.021978
1,1804,0.186813,0.021978
1,1805,0.164835,0.021978
1,1806,0.142857,0.021978
1,1807,0.120879,0.021978
1,1808,0.098901,0.021978
1,1809,0.076923,0.021978
1,1810,0.098901,0.021978
1,1811,0.109890,0.021978
1,1812,0.098901,0.021978
1,1813,0.087912,0.021978
1,1814,0.087912,0.021978
1,1815,0.087912,0.021978
1,1816,0.076923,0.021978
1,1817,0.109890,0.021978
1,1818,0.120879,0.021978
1,1819,0.098901,0.021978
1,1820,0.098901,0.021978
1,1821,0.098901,0.021978
1,1822,0.098901,0.021978
1,1823,0.131868,0.021978
1,1824,0.109890,0.021978
1,1825,0.109890,0.021978
1,1826,0.076923,0.021978
1,1827,0.087912,0.021978
1,1828,0.109890,0.021978
1,1829,0.164835,0.021978
1,1830,0.164835,0.021978
1,1831,0.131868,0.021978
1,1832,0.153846,0.021978
1,1833,0.142857,0.021978
1,1834,0.109890,0.021978
1,1835,0.098901,0.021978
1,1836,0.087912,0.021978
1,1837,0.087912,0.021978
1,1838,0.098901,0.021978
1,1839,0.076923,0.021978
1,1840,0.076923,0.021978
1,1841,0.076923,0.021978
1,1842,0.098901,0.021978
1,1843,0.109890,0.021978
1,1844,0.109890,0.021978
1,1845,0.109890,0.021978
1,1846,0.098901,0.021978
1,1847,0.098901,0.021978
1,1848,0.098901,0.021978
1,1849,0.087912,0.021978
1,1850,0.098901,0.021978
1,1851,0.087912,0.021978
1,1852,0.131868,0.021978
1,1853,0.142857,0.021978
1,1854,0.142857,0.021978
1,1855,0.120879,0.021978
1,1856,0.131868,0.021978
1,1857,0.131868,0.021978
1,1858,0.131868,0.021978
1,1859,0.142857,0.021978
1,1860,0.131868,0.021978
1,1861,0.142857,0.021978
1,1862,0.142857,0.021978
1,1863,0.153846,0.021978
1,1864,0.098901,0.021978
1,1865,0.098901,0.021978
1,1866,0.109890,0.021978
1,1867,0.120879,0.021978
1,1868,0.120879,0.021978
1,1869,0.142857,0.021978
1,1870,0.142857,0.021978
1,1871,0.120879,0.021978
1,1872,0.120879,0.021978
1,1873,0.087912,0.021978
1,1874,0.098901,0.021978
1,1875,0.098901,0.021978
1,1876,0.087912,0.021978
1,1877,0.076923,0.021978
1,1878,0.076923,0.021978
1,1879,0.098901,0.021978
1,1880,0.076923,0.021978
1,1881,0.076923,0.021978
1,1882,0.109890,0.021978
1,1883,0.153846,0.021978
1,1884,0.142857,0.021978
1,1885,0.131868,0.021978
1,1886,0.142857,0.021978
1,1887,0.153846,0.021978
1,1888,0.142857,0.021978
1,1889,0.131868,0.021978
1,1890,0.131868,0.021978
1,1891,0.120879,0.021978
1,1892,0.109890,0.021978
1,1893,0.109890,0.021978
1,1894,0.109890,0.021978
1,1895,0.109890,0.021978
1,1896,0.087912,0.021978
1,1897,0.098901,0.021978
1,1898,0.098901,0.021978
1,1899,0.109890,0.021978
1,1900,0.131868,0.021978
1,1901,0.131868,0.021978
1,1902,0.142857,0.021978
1,1903,0.109890,0.021978
1,1904,0.109890,0.021978
1,1905,0.109890,0.021978
1,1906,0.109890,0.021978
1,1907,0.098901,0.021978
1,1908,0.120879,0.021978
1,1909,0.120879,0.021978
1,1910,0.109890,0.021978
1,1911,0.098901,0.021978
1,1912,0.120879,0.021978
1,1913,0.120879,0.021978
1,1914,0.131868,0.021978
1,1915,0.131868,0.021978
1,1916,0.120879,0.021978
1,1917,0.109890,0.021978
1,1918,0.120879,0.021978
1,1919,0.109890,0.021978
1,1920,0.109890,0.021978
1,1921,0.120879,0.021978
1,1922,0.131868,0.021978
1,1923,0.109890,0.021978
1,1924,0.109890,0.021978
1,1925,0.120879,0.021978
1,1926,0.153846,0.021978
1,1927,0.164835,0.021978
1,1928,0.186813,0.021978
1,1929,0.142857,0.021978
1,1930,0.131868,0.021978
1,1931,0.109890,0.021978
1,1932,0.109890,0.021978
1,1933,0.120879,0.021978
1,1934,0.142857,0.021978
1,1935,0.142857,0.021978
1,1936,0.120879,0.021978
1,1937,0.109890,0.021978
1,1938,0.098901,0.021978
1,1939,0.109890,0.021978
1,1940,0.098901,0.021978
1,1941,0.087912,0.021978
1,1942,0.087912,0.021978
1,1943,0.087912,0.021978
1,1944,0.076923,0.021978
1,1945,0.087912,0.021978
1,1946,0.076923,0.021978
1,1947,0.076923,0.021978
1,1948,0.076923,0.021978
1,1949,0.087912,0.021978
1,1950,0.076923,0.021978
1,1951,0.131868,0.021978
1,1952,0.087912,0.021978
1,1953,0.087912,0.021978
1,1954,0.087912,0.021978
1,1955,0.087912,0.021978
1,1956,0.076923,0.021978
1,1957,0.109890,0.021978
1,1958,0.109890,0.021978
1,1959,0.109890,0.021978
1,1960,0.109890,0.021978
1,1961,0.087912,0.021978
1,1962,0.087912,0.021978
1,1963,0.087912,0.021978
1,1964,0.076923,0.021978
1,1965,0.054945,0.021978
1,1966,0.076923,0.021978
1,1967,0.076923,0.021978
1,1968,0.087912,0.021978
1,1969,0.076923,0.021978
1,1970,0.087912,0.021978
1,1971,0.120879,0.021978
1,1972,0.131868,0.021978
1,1973,0.131868,0.021978
1,1974,0.131868,0.021978
1,1975,0.131868,0.021978
1,1976,0.120879,0.021978
1,1977,0.087912,0.021978
1,1978,0.098901,0.021978
1,1979,0.098901,0.021978
1,1980,0.098901,0.021978
1,1981,0.087912,0.021978
1,1982,0.109890,0.021978
1,1983,0.098901,0.021978
1,1984,0.098901,0.021978
1,1985,0.087912,0.021978
1,1986,0.087912,0.021978
1,1987,0.076923,0.021978
1,1988,0.076923,0.021978
1,1989,0.087912,0.021978
1,1990,0.098901,0.021978
1,1991,0.098901,0.021978
1,1992,0.087912,0.021978
1,1993,0.087912,0.021978
1,1994,0.076923,0.021978
1,1995,0.087912,0.021978
1,1996,0.087912,0.021978
1,1997,0.087912,0.021978
1,1998,0.087912,0.021978
1,1999,0.109890,0.021978
1,2000,0.131868,0.021978
1,2001,0.164835,0.021978
1,2002,0.164835,0.021978
1,2003,0.153846,0.021978
1,2004,0.131868,0.021978
1,2005,0.098901,0.021978
1,2006,0.131868,0.021978
1,2007,0.153846,0.021978
1,2008,0.164835,0.021978
1,2009,0.175824,0.021978
1,2010,0.153846,0.021978
1,2011,0.142857,0.021978
1,2012,0.120879,0.021978
1,2013,0.142857,0.021978
1,2014,0.120879,0.021978
1,2015,0.142857,0.021978
1,2016,0.142857,0.021978
1,2017,0.087912,0.021978
1,2018,0.054945,0.021978
1,2019,0.054945,0.021978
1,2020,0.087912,0.021978
1,2021,0.087912,0.021978
1,2022,0.054945,0.021978
1,2023,0.054945,0.021978
1,2024,0.054945,0.021978
1,2025,0.054945,0.021978
1,2026,0.054945,0.021978
1,2027,0.076923,0.021978
1,2028,0.098901,0.021978
1,2029,0.087912,0.021978
1,2030,0.087912,0.021978
1,2031,0.087912,0.021978
1,2032,0.098901,0.021978
1,2033,0.087912,0.021978
1,2034,0.098901,0.021978
1,2035,0.131868,0.021978
1,2036,0.131868,0.021978
1,2037,0.186813,0.021978
1,2038,0.142857,0.021978
1,2039,0.153846,0.021978
1,2040,0.153846,0.021978
1,2041,0.175824,0.021978
1,2042,0.197802,0.021978
1,2043,0.175824,0.021978
1,2044,0.142857,0.021978
1,2045,0.087912,0.021978
1,2046,0.087912,0.021978
1,2047,0.109890,0.021978
1,2048,0.109890,0.021978
1,2049,0.120879,0.021978
1,2050,0.098901,0.021978
1,2051,0.087912,0.021978
1,2052,0.065934,0.021978
1,2053,0.065934,0.021978
1,2054,0.065934,0.021978
1,2055,0.076923,0.021978
1,2056,0.131868,0.021978
1,2057,0.131868,0.021978
1,2058,0.131868,0.021978
1,2059,0.076923,0.021978
1,2060,0.076923,0.021978
1,2061,0.054945,0.021978
1,2062,0.065934,0.021978
1,2063,0.098901,0.021978
1,2064,0.098901,0.021978
1,2065,0.098901,0.021978
1,2066,0.109890,0.021978
1,2067,0.076923,0.021978
1,2068,0.065934,0.021978
1,2069,0.065934,0.021978
1,2070,0.054945,0.021978
1,2071,0.043956,0.021978
1,2072,0.054945,0.021978
1,2073,0.054945,0.021978
1,2074,0.076923,0.021978
1,2075,0.087912,0.021978
1,2076,0.120879,0.021978
1,2077,0.098901,0.021978
1,2078,0.131868,0.021978
1,2079,0.153846,0.021978
1,2080,0.175824,0.021978
1,2081,0.186813,0.021978
1,2082,0.219780,0.021978
1,2083,0.175824,0.021978
1,2084,0.153846,0.021978
1,2085,0.098901,0.021978
1,2086,0.076923,0.021978
1,2087,0.120879,0.021978
1,2088,0.131868,0.021978
1,2089,0.109890,0.021978
1,2090,0.109890,0.021978
1,2091,0.120879,0.021978
1,2092,0.098901,0.021978
1,2093,0.087912,0.021978
1,2094,0.098901,0.021978
1,2095,0.109890,0.021978
1,2096,0.087912,0.021978
1,2097,0.087912,0.021978
1,2098,0.087912,0.021978
1,2099,0.109890,0.021978
1,2100,0.098901,0.021978
1,2101,0.109890,0.021978
1,2102,0.098901,0.021978
1,2103,0.087912,0.021978
1,2104,0.076923,0.021978
1,2105,0.076923,0.021978
1,2106,0.076923,0.021978
1,2107,0.054945,0.021978
1,2108,0.054945,0.021978
1,2109,0.076923,0.021978
1,2110,0.098901,0.021978
1,2111,0.120879,0.021978
1,2112,0.098901,0.021978
1,2113,0.076923,0.021978
1,2114,0.098901,0.021978
1,2115,0.098901,0.021978
1,2116,0.120879,0.021978
1,2117,0.109890,0.021978
1,2118,0.098901,0.021978
1,2119,0.098901,0.021978
1,2120,0.120879,0.021978
1,2121,0.131868,0.021978
1,2122,0.098901,0.021978
1,2123,0.109890,0.021978
1,2124,0.098901,0.021978
1,2125,0.109890,0.021978
1,2126,0.087912,0.021978
1,2127,0.076923,0.021978
1,2128,0.087912,0.021978
1,2129,0.142857,0.021978
1,2130,0.197802,0.021978
1,2131,0.186813,0.021978
1,2132,0.153846,0.021978
1,2133,0.164835,0.021978
1,2134,0.131868,0.021978
1,2135,0.131868,0.021978
1,2136,0.131868,0.021978
1,2137,0.087912,0.021978
1,2138,0.087912,0.021978
1,2139,0.087912,0.021978
1,2140,0.087912,0.021978
1,2141,0.087912,0.021978
1,2142,0.076923,0.021978
1,2143,0.065934,0.021978
1,2144,0.087912,0.021978
1,2145,0.109890,0.021978
1,2146,0.120879,0.021978
1,2147,0.186813,0.021978
1,2148,0.186813,0.021978
1,2149,0.164835,0.021978
1,2150,0.142857,0.021978
1,2151,0.087912,0.021978
1,2152,0.109890,0.021978
1,2153,0.098901,0.021978
1,2154,0.109890,0.021978
1,2155,0.142857,0.021978
1,2156,0.153846,0.021978
1,2157,0.142857,0.021978
1,2158,0.142857,0.021978
1,2159,0.131868,0.021978
1,2160,0.109890,0.021978
1,2161,0.109890,0.021978
1,2162,0.153846,0.021978
1,2163,0.109890,0.021978
1,2164,0.131868,0.021978
1,2165,0.131868,0.021978
1,2166,0.120879,0.021978
1,2167,0.109890,0.021978
1,2168,0.087912,0.021978
1,2169,0.065934,0.021978
1,2170,0.065934,0.021978
1,2171,0.054945,0.021978
1,2172,0.076923,0.021978
1,2173,0.054945,0.021978
1,2174,0.065934,0.021978
1,2175,0.054945,0.021978
1,2176,0.054945,0.021978
1,2177,0.065934,0.021978
1,2178,0.043956,0.021978
1,2179,0.043956,0.021978
1,2180,0.043956,0.021978
1,2181,0.032967,0.021978
1,2182,0.043956,0.021978
1,2183,0.054945,0.021978
1,2184,0.065934,0.021978
1,2185,0.087912,0.021978
1,2186,0.087912,0.021978
1,2187,0.109890,0.021978
1,2188,0.109890,0.021978
1,2189,0.109890,0.021978
1,2190,0.131868,0.021978
1,2191,0.142857,0.021978
1,2192,0.131868,0.021978
1,2193,0.142857,0.021978
1,2194,0.131868,0.021978
1,2195,0.153846,0.021978
1,2196,0.120879,0.021978
1,2197,0.120879,0.021978
1,2198,0.120879,0.021978
1,2199,0.098901,0.021978
1,2200,0.087912,0.021978
1,2201,0.087912,0.021978
1,2202,0.120879,0.021978
1,2203,0.087912,0.021978
1,2204,0.109890,0.021978
1,2205,0.109890,0.021978
1,2206,0.131868,0.021978
1,2207,0.120879,0.021978
1,2208,0.120879,0.021978
1,2209,0.098901,0.021978
1,2210,0.098901,0.021978
1,2211,0.098901,0.021978
1,2212,0.109890,0.021978
1,2213,0.098901,0.021978
1,2214,0.065934,0.021978
1,2215,0.076923,0.021978
1,2216,0.065934,0.021978
1,2217,0.087912,0.021978
1,2218,0.065934,0.021978
1,2219,0.054945,0.021978
1,2220,0.054945,0.021978
1,2221,0.076923,0.021978
1,2222,0.076923,0.021978
1,2223,0.120879,0.021978
1,2224,0.109890,0.021978
1,2225,0.109890,0.021978
1,2226,0.109890,0.021978
1,2227,0.098901,0.021978
1,2228,0.087912,0.021978
1,2229,0.087912,0.021978
1,2230,0.087912,0.021978
1,2231,0.087912,0.021978
1,2232,0.098901,0.021978
1,2233,0.065934,0.021978
1,2234,0.076923,0.021978
1,2235,0.054945,0.021978
1,2236,0.043956,0.021978
1,2237,0.021978,0.021978
1,2238,0.010989,0.010989
1,2239,0.043956,0.010989
1,2240,0.054945,0.010989
1,2241,0.054945,0.010989
1,2242,0.054945,0.010989
1,2243,0.087912,0.010989
1,2244,0.087912,0.010989
1,2245,0.087912,0.010989
1,2246,0.065934,0.010989
1,2247,0.054945,0.010989
1,2248,0.054945,0.010989
1,2249,0.043956,0.010989
1,2250,0.043956,0.010989
1,2251,0.043956,0.010989
1,2252,0.043956,0.010989
1,2253,0.021978,0.010989
1,2254,0.032967,0.010989
1,2255,0.032967,0.010989
1,2256,0.021978,0.010989
1,2257,0.043956,0.010989
1,2258,0.043956,0.010989
1,2259,0.043956,0.010989
1,2260,0.043956,0.010989
1,2261,0.054945,0.010989
1,2262,0.054945,0.010989
1,2263,0.054945,0.010989
1,2264,0.054945,0.010989
1,2265,0.087912,0.010989
1,2266,0.087912,0.010989
1,2267,0.098901,0.010989
1,2268,0.109890,0.010989
1,2269,0.098901,0.010989
1,2270,0.098901,0.010989
1,2271,0.131868,0.010989
1,2272,0.098901,0.010989
1,2273,0.098901,0.010989
1,2274,0.098901,0.010989
1,2275,0.076923,0.010989
1,2276,0.054945,0.010989
1,2277,0.076923,0.010989
1,2278,0.076923,0.010989
1,2279,0.054945,0.010989
1,2280,0.054945,0.010989
1,2281,0.076923,0.010989
1,2282,0.109890,0.010989
1,2283,0.109890,0.010989
1,2284,0.109890,0.010989
1,2285,0.109890,0.010989
1,2286,0.120879,0.010989
1,2287,0.131868,0.010989
1,2288,0.164835,0.010989
1,2289,0.164835,0.010989
1,2290,0.142857,0.010989
1,2291,0.098901,0.010989
1,2292,0.098901,0.010989
1,2293,0.098901,0.010989
1,2294,0.098901,0.010989
1,2295,0.109890,0.010989
1,2296,0.131868,0.010989
1,2297,0.087912,0.010989
1,2298,0.076923,0.010989
1,2299,0.076923,0.010989
1,2300,0.065934,0.010989
1,2301,0.043956,0.010989
1,2302,0.054945,0.010989
1,2303,0.054945,0.010989
1,2304,0.098901,0.010989
1,2305,0.109890,0.010989
1,2306,0.142857,0.010989
1,2307,0.131868,0.010989
1,2308,0.142857,0.010989
1,2309,0.120879,0.010989
1,2310,0.120879,0.010989
1,2311,0.098901,0.010989
1,2312,0.131868,0.010989
1,2313,0.131868,0.010989
1,2314,0.153846,0.010989
1,2315,0.153846,0.010989
1,2316,0.109890,0.010989
1,2317,0.109890,0.010989
1,2318,0.109890,0.010989
1,2319,0.109890,0.010989
1,2320,0.131868,0.010989
1,2321,0.131868,0.010989
1,2322,0.131868,0.010989
1,2323,0.142857,0.010989
1,2324,0.131868,0.010989
1,2325,0.109890,0.010989
1,2326,0.098901,0.010989
1,2327,0.098901,0.010989
1,2328,0.087912,0.010989
1,2329,0.087912,0.010989
1,2330,0.076923,0.010989
1,2331,0.098901,0.010989
1,2332,0.087912,0.010989
1,2333,0.065934,0.010989
1,2334,0.087912,0.010989
1,2335,0.065934,0.010989
1,2336,0.087912,0.010989
1,2337,0.087912,0.010989
1,2338,0.076923,0.010989
1,2339,0.065934,0.010989
1,2340,0.087912,0.010989
1,2341,0.098901,0.010989
1,2342,0.087912,0.010989
1,2343,0.087912,0.010989
1,2344,0.087912,0.010989
1,2345,0.076923,0.010989
1,2346,0.087912,0.010989
1,2347,0.098901,0.010989
1,2348,0.098901,0.010989
1,2349,0.087912,0.010989
1,2350,0.043956,0.010989
1,2351,0.087912,0.010989
1,2352,0.131868,0.010989
1,2353,0.131868,0.010989
1,2354,0.131868,0.010989
1,2355,0.142857,0.010989
1,2356,0.142857,0.010989
1,2357,0.120879,0.010989
1,2358,0.087912,0.010989
1,2359,0.087912,0.010989
1,2360,0.087912,0.010989
1,2361,0.065934,0.010989
1,2362,0.065934,0.010989
1,2363,0.065934,0.010989
1,2364,0.076923,0.010989
1,2365,0.076923,0.010989
1,2366,0.076923,0.010989
1,2367,0.098901,0.010989
1,2368,0.098901,0.010989
1,2369,0.098901,0.010989
1,2370,0.098901,0.010989
1,2371,0.098901,0.010989
1,2372,0.087912,0.010989
1,2373,0.087912,0.010989
1,2374,0.109890,0.010989
1,2375,0.120879,0.010989
1,2376,0.087912,0.010989
1,2377,0.109890,0.010989
1,2378,0.109890,0.010989
1,2379,0.109890,0.010989
1,2380,0.131868,0.010989
1,2381,0.131868,0.010989
1,2382,0.131868,0.010989
1,2383,0.098901,0.010989
1,2384,0.098901,0.010989
1,2385,0.087912,0.010989
1,2386,0.109890,0.010989
1,2387,0.164835,0.010989
1,2388,0.131868,0.010989
1,2389,0.120879,0.010989
1,2390,0.098901,0.010989
1,2391,0.109890,0.010989
1,2392,0.109890,0.010989
1,2393,0.120879,0.010989
1,2394,0.098901,0.010989
1,2395,0.065934,0.010989
1,2396,0.065934,0.010989
1,2397,0.087912,0.010989
1,2398,0.087912,0.010989
1,2399,0.065934,0.010989
1,2400,0.065934,0.010989
1,2401,0.076923,0.010989
1,2402,0.076923,0.010989
1,2403,0.076923,0.010989
1,2404,0.087912,0.010989
1,2405,0.120879,0.010989
1,2406,0.098901,0.010989
1,2407,0.098901,0.010989
1,2408,0.109890,0.010989
1,2409,0.098901,0.010989
1,2410,0.098901,0.010989
1,2411,0.098901,0.010989
1,2412,0.109890,0.010989
1,2413,0.120879,0.010989
1,2414,0.109890,0.010989
1,2415,0.109890,0.010989
1,2416,0.131868,0.010989
1,2417,0.120879,0.010989
1,2418,0.164835,0.010989
1,2419,0.164835,0.010989
1,2420,0.142857,0.010989
1,2421,0.153846,0.010989
1,2422,0.153846,0.010989
1,2423,0.142857,0.010989
1,2424,0.142857,0.010989
1,2425,0.098901,0.010989
1,2426,0.087912,0.010989
1,2427,0.098901,0.010989
1,2428,0.098901,0.010989
1,2429,0.098901,0.010989
1,2430,0.087912,0.010989
1,2431,0.065934,0.010989
1,2432,0.054945,0.010989
1,2433,0.054945,0.010989
1,2434,0.065934,0.010989
1,2435,0.065934,0.010989
1,2436,0.087912,0.010989
1,2437,0.076923,0.010989
1,2438,0.076923,0.010989
1,2439,0.076923,0.010989
1,2440,0.087912,0.010989
1,2441,0.076923,0.010989
1,2442,0.098901,0.010989
1,2443,0.098901,0.010989
1,2444,0.098901,0.010989
1,2445,0.098901,0.010989
1,2446,0.076923,0.010989
1,2447,0.087912,0.010989
1,2448,0.076923,0.010989
1,2449,0.076923,0.010989
1,2450,0.065934,0.010989
1,2451,0.065934,0.010989
1,2452,0.065934,0.010989
1,2453,0.076923,0.010989
1,2454,0.065934,0.010989
1,2455,0.065934,0.010989
1,2456,0.076923,0.010989
1,2457,0.087912,0.010989
1,2458,0.098901,0.010989
1,2459,0.087912,0.010989
1,2460,0.098901,0.010989
1,2461,0.098901,0.010989
1,2462,0.098901,0.010989
1,2463,0.098901,0.010989
1,2464,0.098901,0.010989
1,2465,0.098901,0.010989
1,2466,0.098901,0.010989
1,2467,0.076923,0.010989
1,2468,0.076923,0.010989
1,2469,0.087912,0.010989
1,2470,0.076923,0.010989
1,2471,0.065934,0.010989
1,2472,0.065934,0.010989
1,2473,0.065934,0.010989
1,2474,0.065934,0.010989
1,2475,0.087912,0.010989
1,2476,0.076923,0.010989
1,2477,0.087912,0.010989
1,2478,0.087912,0.010989
1,2479,0.076923,0.010989
1,2480,0.087912,0.010989
1,2481,0.087912,0.010989
1,2482,0.076923,0.010989
1,2483,0.076923,0.010989
1,2484,0.109890,0.010989
1,2485,0.098901,0.010989
1,2486,0.131868,0.010989
1,2487,0.175824,0.010989
1,2488,0.175824,0.010989
1,2489,0.153846,0.010989
1,2490,0.175824,0.010989
1,2491,0.131868,0.010989
1,2492,0.153846,0.010989
1,2493,0.142857,0.010989
1,2494,0.120879,0.010989
1,2495,0.120879,0.010989
1,2496,0.087912,0.010989
1,2497,0.120879,0.010989
1,2498,0.120879,0.010989
1,2499,0.120879,0.010989
1,2500,0.120879,0.010989
1,2501,0.109890,0.010989
1,2502,0.109890,0.010989
1,2503,0.087912,0.010989
1,2504,0.109890,0.010989
1,2505,0.109890,0.010989
1,2506,0.131868,0.010989
1,2507,0.131868,0.010989
1,2508,0.131868,0.010989
1,2509,0.120879,0.010989
1,2510,0.120879,0.010989
1,2511,0.120879,0.010989
1,2512,0.120879,0.010989
1,2513,0.076923,0.010989
1,2514,0.043956,0.010989
1,2515,0.043956,0.010989
1,2516,0.054945,0.010989
1,2517,0.043956,0.010989
1,2518,0.043956,0.010989
1,2519,0.087912,0.010989
1,2520,0.098901,0.010989
1,2521,0.098901,0.010989
1,2522,0.065934,0.010989
1,2523,0.054945,0.010989
1,2524,0.065934,0.010989
1,2525,0.054945,0.010989
1,2526,0.054945,0.010989
1,2527,0.043956,0.010989
1,2528,0.043956,0.010989
1,2529,0.054945,0.010989
1,2530,0.087912,0.010989
1,2531,0.076923,0.010989
1,2532,0.076923,0.010989
1,2533,0.076923,0.010989
1,2534,0.054945,0.010989
1,2535,0.054945,0.010989
1,2536,0.043956,0.010989
1,2537,0.043956,0.010989
1,2538,0.043956,0.010989
1,2539,0.043956,0.010989
1,2540,0.043956,0.010989
1,2541,0.043956,0.010989
1,2542,0.054945,0.010989
1,2543,0.054945,0.010989
1,2544,0.054945,0.010989
1,2545,0.054945,0.010989
1,2546,0.065934,0.010989
1,2547,0.065934,0.010989
1,2548,0.054945,0.010989
1,2549,0.065934,0.010989
1,2550,0.087912,0.010989
1,2551,0.120879,0.010989
1,2552,0.120879,0.010989
1,2553,0.120879,0.010989
1,2554,0.120879,0.010989
1,2555,0.120879,0.010989
1,2556,0.109890,0.010989
1,2557,0.109890,0.010989
1,2558,0.087912,0.010989
1,2559,0.087912,0.010989
1,2560,0.076923,0.010989
1,2561,0.065934,0.010989
1,2562,0.032967,0.010989
1,2563,0.076923,0.010989
1,2564,0.087912,0.010989
1,2565,0.087912,0.010989
1,2566,0.065934,0.010989
1,2567,0.065934,0.010989
1,2568,0.065934,0.010989
1,2569,0.065934,0.010989
1,2570,0.065934,0.010989
1,2571,0.065934,0.010989
1,2572,0.065934,0.010989
1,2573,0.065934,0.010989
1,2574,0.054945,0.010989
1,2575,0.054945,0.010989
1,2576,0.054945,0.010989
1,2577,0.032967,0.010989
1,2578,0.032967,0.010989
1,2579,0.043956,0.010989
1,2580,0.043956,0.010989
1,2581,0.043956,0.010989
1,2582,0.076923,0.010989
1,2583,0.076923,0.010989
1,2584,0.076923,0.010989
1,2585,0.054945,0.010989
1,2586,0.076923,0.010989
1,2587,0.087912,0.010989
1,2588,0.087912,0.010989
1,2589,0.076923,0.010989
1,2590,0.076923,0.010989
1,2591,0.065934,0.010989
1,2592,0.065934,0.010989
1,2593,0.076923,0.010989
1,2594,0.043956,0.010989
1,2595,0.065934,0.010989
1,2596,0.076923,0.010989
1,2597,0.076923,0.010989
1,2598,0.076923,0.010989
1,2599,0.076923,0.010989
1,2600,0.065934,0.010989
1,2601,0.076923,0.010989
1,2602,0.076923,0.010989
1,2603,0.076923,0.010989
1,2604,0.076923,0.010989
1,2605,0.098901,0.010989
1,2606,0.131868,0.010989
1,2607,0.131868,0.010989
1,2608,0.131868,0.010989
1,2609,0.142857,0.010989
1,2610,0.109890,0.010989
1,2611,0.098901,0.010989
1,2612,0.087912,0.010989
1,2613,0.098901,0.010989
1,2614,0.109890,0.010989
1,2615,0.120879,0.010989
1,2616,0.120879,0.010989
1,2617,0.109890,0.010989
1,2618,0.131868,0.010989
1,2619,0.109890,0.010989
1,2620,0.109890,0.010989
1,2621,0.120879,0.010989
1,2622,0.120879,0.010989
1,2623,0.120879,0.010989
1,2624,0.109890,0.010989
1,2625,0.109890,0.010989
1,2626,0.109890,0.010989
1,2627,0.109890,0.010989
1,2628,0.109890,0.010989
1,2629,0.098901,0.010989
1,2630,0.098901,0.010989
1,2631,0.098901,0.010989
1,2632,0.098901,0.010989
1,2633,0.109890,0.010989
1,2634,0.098901,0.010989
1,2635,0.098901,0.010989
1,2636,0.098901,0.010989
1,2637,0.098901,0.010989
1,2638,0.098901,0.010989
1,2639,0.098901,0.010989
1,2640,0.098901,0.010989
1,2641,0.098901,0.010989
1,2642,0.065934,0.010989
1,2643,0.076923,0.010989
1,2644,0.076923,0.010989
1,2645,0.076923,0.010989
1,2646,0.076923,0.010989
1,2647,0.065934,0.010989
1,2648,0.087912,0.010989
1,2649,0.087912,0.010989
1,2650,0.109890,0.010989
1,2651,0.142857,0.010989
1,2652,0.120879,0.010989
1,2653,0.087912,0.010989
1,2654,0.076923,0.010989
1,2655,0.065934,0.010989
1,2656,0.087912,0.010989
1,2657,0.087912,0.010989
1,2658,0.076923,0.010989
1,2659,0.065934,0.010989
1,2660,0.065934,0.010989
1,2661,0.032967,0.010989
1,2662,0.043956,0.010989
1,2663,0.065934,0.010989
1,2664,0.065934,0.010989
1,2665,0.065934,0.010989
1,2666,0.065934,0.010989
1,2667,0.065934,0.010989
1,2668,0.065934,0.010989
1,2669,0.065934,0.010989
1,2670,0.065934,0.010989
1,2671,0.065934,0.010989
1,2672,0.065934,0.010989
1,2673,0.065934,0.010989
1,2674,0.065934,0.010989
1,2675,0.032967,0.010989
1,2676,0.032967,0.010989
1,2677,0.043956,0.010989
1,2678,0.043956,0.010989
1,2679,0.043956,0.010989
1,2680,0.043956,0.010989
1,2681,0.043956,0.010989
1,2682,0.043956,0.010989
1,2683,0.043956,0.010989
1,2684,0.043956,0.010989
1,2685,0.043956,0.010989
1,2686,0.043956,0.010989
1,2687,0.043956,0.010989
1,2688,0.043956,0.010989
1,2689,0.054945,0.010989
1,2690,0.054945,0.010989
1,2691,0.065934,0.010989
1,2692,0.065934,0.010989
1,2693,0.065934,0.010989
1,2694,0.076923,0.010989
1,2695,0.076923,0.010989
1,2696,0.076923,0.010989
1,2697,0.076923,0.010989
1,2698,0.076923,0.010989
1,2699,0.065934,0.010989
1,2700,0.065934,0.010989
1,2701,0.065934,0.010989
1,2702,0.065934,0.010989
1,2703,0.065934,0.010989
1,2704,0.065934,0.010989
1,2705,0.065934,0.010989
1,2706,0.065934,0.010989
1,2707,0.065934,0.010989
1,2708,0.054945,0.010989
1,2709,0.065934,0.010989
1,2710,0.032967,0.010989
1,2711,0.032967,0.010989
1,2712,0.043956,0.010989
1,2713,0.043956,0.010989
1,2714,0.043956,0.010989
1,2715,0.043956,0.010989
1,2716,0.054945,0.010989
1,2717,0.076923,0.010989
1,2718,0.087912,0.010989
1,2719,0.087912,0.010989
1,2720,0.087912,0.010989
1,2721,0.098901,0.010989
1,2722,0.098901,0.010989
1,2723,0.120879,0.010989
1,2724,0.120879,0.010989
1,2725,0.120879,0.010989
1,2726,0.120879,0.010989
1,2727,0.098901,0.010989
1,2728,0.087912,0.010989
1,2729,0.087912,0.010989
1,2730,0.065934,0.010989
1,2731,0.065934,0.010989
1,2732,0.065934,0.010989
1,2733,0.098901,0.010989
1,2734,0.109890,0.010989
1,2735,0.120879,0.010989
1,2736,0.120879,0.010989
1,2737,0.109890,0.010989
1,2738,0.109890,0.010989
1,2739,0.109890,0.010989
1,2740,0.109890,0.010989
1,2741,0.109890,0.010989
1,2742,0.131868,0.010989
1,2743,0.098901,0.010989
1,2744,0.098901,0.010989
1,2745,0.098901,0.010989
1,2746,0.098901,0.010989
1,2747,0.098901,0.010989
1,2748,0.098901,0.010989
1,2749,0.098901,0.010989
1,2750,0.109890,0.010989
1,2751,0.109890,0.010989
1,2752,0.109890,0.010989
1,2753,0.109890,0.010989
1,2754,0.109890,0.010989
1,2755,0.098901,0.010989
1,2756,0.098901,0.010989
1,2757,0.098901,0.010989
1,2758,0.098901,0.010989
1,2759,0.087912,0.010989
1,2760,0.076923,0.010989
1,2761,0.076923,0.010989
1,2762,0.065934,0.010989
1,2763,0.065934,0.010989
1,2764,0.065934,0.010989
1,2765,0.065934,0.010989
1,2766,0.076923,0.010989
1,2767,0.076923,0.010989
1,2768,0.098901,0.010989
1,2769,0.098901,0.010989
1,2770,0.087912,0.010989
1,2771,0.076923,0.010989
1,2772,0.076923,0.010989
1,2773,0.076923,0.010989
1,2774,0.076923,0.010989
1,2775,0.076923,0.010989
1,2776,0.076923,0.010989
1,2777,0.076923,0.010989
1,2778,0.098901,0.010989
1,2779,0.098901,0.010989
1,2780,0.098901,0.010989
1,2781,0.087912,0.010989
1,2782,0.076923,0.010989
1,2783,0.065934,0.010989
1,2784,0.065934,0.010989
1,2785,0.065934,0.010989
1,2786,0.065934,0.010989
1,2787,0.065934,0.010989
1,2788,0.065934,0.010989
1,2789,0.054945,0.010989
1,2790,0.065934,0.010989
1,2791,0.065934,0.010989
1,2792,0.065934,0.010989
1,2793,0.076923,0.010989
1,2794,0.076923,0.010989
1,2795,0.076923,0.010989
1,2796,0.076923,0.010989
1,2797,0.076923,0.010989
1,2798,0.076923,0.010989
1,2799,0.087912,0.010989
1,2800,0.065934,0.010989
1,2801,0.065934,0.010989
1,2802,0.043956,0.010989
1,2803,0.054945,0.010989
1,2804,0.054945,0.010989
1,2805,0.054945,0.010989
1,2806,0.054945,0.010989
1,2807,0.054945,0.010989
1,2808,0.032967,0.010989
1,2809,0.032967,0.010989
1,2810,0.021978,0.010989
1,2811,0.032967,0.010989
1,2812,0.054945,0.010989
1,2813,0.054945,0.010989
1,2814,0.032967,0.010989
1,2815,0.032967,0.010989
1,2816,0.032967,0.010989
1,2817,0.032967,0.010989
1,2818,0.043956,0.010989
1,2819,0.032967,0.010989
1,2820,0.032967,0.010989
1,2821,0.043956,0.010989
1,2822,0.043956,0.010989
1,2823,0.043956,0.010989
1,2824,0.032967,0.010989
1,2825,0.032967,0.010989
1,2826,0.032967,0.010989
1,2827,0.032967,0.010989
1,2828,0.021978,0.010989
1,2829,0.021978,0.010989
1,2830,0.021978,0.010989
1,2831,0.021978,0.010989
1,2832,0.021978,0.010989
1,2833,0.021978,0.010989
1,2834,0.021978,0.010989
1,2835,0.010989,0.010989
1,2836,0.043956,0.010989
1,2837,0.010989,0.010989
1,2838,0.000000,0.000000
2,0,0.131868,0.131868
2,1,0.131868,0.131868
2,2,0.120879,0.120879
2,3,0.109890,0.109890
2,4,0.098901,0.098901
2,5,0.131868,0.098901
2,6,0.131868,0.098901
2,7,0.142857,0.098901
2,8,0.142857,0.098901
2,9,0.153846,0.098901
2,10,0.098901,0.098901
2,11,0.087912,0.087912
2,12,0.065934,0.065934
2,13,0.076923,0.065934
2,14,0.120879,0.065934
2,15,0.098901,0.065934
2,16,0.120879,0.065934
2,17,0.142857,0.065934
2,18,0.164835,0.065934
2,19,0.164835,0.065934
2,20,0.164835,0.065934
2,21,0.142857,0.065934
2,22,0.142857,0.065934
2,23,0.164835,0.065934
2,24,0.164835,0.065934
2,25,0.153846,0.065934
2,26,0.175824,0.065934
2,27,0.164835,0.065934
2,28,0.153846,0.065934
2,29,0.186813,0.065934
2,30,0.175824,0.065934
2,31,0.164835,0.065934
2,32,0.164835,0.065934
2,33,0.164835,0.065934
2,34,0.175824,0.065934
2,35,0.131868,0.065934
2,36,0.131868,0.065934
2,37,0.153846,0.065934
2,38,0.131868,0.065934
2,39,0.098901,0.065934
2,40,0.120879,0.065934
2,41,0.076923,0.065934
2,42,0.087912,0.065934
2,43,0.087912,0.065934
2,44,0.131868,0.065934
2,45,0.131868,0.065934
2,46,0.131868,0.065934
2,47,0.120879,0.065934
2,48,0.120879,0.065934
2,49,0.131868,0.065934
2,50,0.142857,0.065934
2,51,0.175824,0.065934
2,52,0.153846,0.065934
2,53,0.142857,0.065934
2,54,0.142857,0.065934
2,55,0.131868,0.065934
2,56,0.131868,0.065934
2,57,0.131868,0.065934
2,58,0.164835,0.065934
2,59,0.186813,0.065934
2,60,0.164835,0.065934
2,61,0.219780,0.065934
2,62,0.208791,0.065934
2,63,0.197802,0.065934
2,64,0.219780,0.065934
2,65,0.241758,0.065934
2,66,0.252747,0.065934
2,67,0.241758,0.065934
2,68,0.230769,0.065934
2,69,0.230769,0.065934
2,70,0.230769,0.065934
2,71,0.230769,0.065934
2,72,0.208791,0.065934
2,73,0.208791,0.065934
2,74,0.197802,0.065934
2,75,0.197802,0.065934
2,76,0.153846,0.065934
2,77,0.153846,0.065934
2,78,0.153846,0.065934
2,79,0.109890,0.065934
2,80,0.153846,0.065934
2,81,0.142857,0.065934
2,82,0.131868,0.065934
2,83,0.109890,0.065934
2,84,0.131868,0.065934
2,85,0.120879,0.065934
2,86,0.065934,0.065934
2,87,0.054945,0.054945
2,88,0.076923,0.054945
2,89,0.065934,0.054945
2,90,0.065934,0.054945
2,91,0.076923,0.054945
2,92,0.087912,0.054945
2,93,0.076923,0.054945
2,94,0.087912,0.054945
2,95,0.109890,0.054945
2,96,0.120879,0.054945
2,97,0.087912,0.054945
2,98,0.120879,0.054945
2,99,0.131868,0.054945
2,100,0.120879,0.054945
2,101,0.087912,0.054945
2,102,0.065934,0.054945
2,103,0.076923,0.054945
2,104,0.076923,0.054945
2,105,0.076923,0.054945
2,106,0.076923,0.054945
2,107,0.054945,0.054945
2,108,0.032967,0.032967
2,109,0.032967,0.032967
2,110,0.043956,0.032967
2,111,0.087912,0.032967
2,112,0.120879,0.032967
2,113,0.120879,0.032967
2,114,0.109890,0.032967
2,115,0.109890,0.032967
2,116,0.153846,0.032967
2,117,0.142857,0.032967
2,118,0.109890,0.032967
2,119,0.120879,0.032967
2,120,0.120879,0.032967
2,121,0.109890,0.032967
2,122,0.087912,0.032967
2,123,0.076923,0.032967
2,124,0.098901,0.032967
2,125,0.131868,0.032967
2,126,0.131868,0.032967
2,127,0.120879,0.032967
2,128,0.197802,0.032967
2,129,0.120879,0.032967
2,130,0.131868,0.032967
2,131,0.131868,0.032967
2,132,0.142857,0.032967
2,133,0.142857,0.032967
2,134,0.142857,0.032967
2,135,0.153846,0.032967
2,136,0.142857,0.032967
2,137,0.109890,0.032967
2,138,0.120879,0.032967
2,139,0.131868,0.032967
2,140,0.120879,0.032967
2,141,0.197802,0.032967
2,142,0.120879,0.032967
2,143,0.131868,0.032967
2,144,0.131868,0.032967
2,145,0.109890,0.032967
2,146,0.131868,0.032967
2,147,0.109890,0.032967
2,148,0.120879,0.032967
2,149,0.131868,0.032967
2,150,0.120879,0.032967
2,151,0.098901,0.032967
2,152,0.065934,0.032967
2,153,0.109890,0.032967
2,154,0.131868,0.032967
2,155,0.120879,0.032967
2,156,0.109890,0.032967
2,157,0.109890,0.032967
2,158,0.153846,0.032967
2,159,0.175824,0.032967
2,160,0.175824,0.032967
2,161,0.142857,0.032967
2,162,0.175824,0.032967
2,163,0.153846,0.032967
2,164,0.142857,0.032967
2,165,0.131868,0.032967
2,166,0.153846,0.032967
2,167,0.153846,0.032967
2,168,0.153846,0.032967
2,169,0.142857,0.032967
2,170,0.142857,0.032967
2,171,0.142857,0.032967
2,172,0.131868,0.032967
2,173,0.109890,0.032967
2,174,0.131868,0.032967
2,175,0.142857,0.032967
2,176,0.153846,0.032967
2,177,0.186813,0.032967
2,178,0.175824,0.032967
2,179,0.153846,0.032967
2,180,0.109890,0.032967
2,181,0.109890,0.032967
2,182,0.098901,0.032967
2,183,0.098901,0.032967
2,184,0.109890,0.032967
2,185,0.120879,0.032967
2,186,0.109890,0.032967
2,187,0.131868,0.032967
2,188,0.120879,0.032967
2,189,0.120879,0.032967
2,190,0.120879,0.032967
2,191,0.120879,0.032967
2,192,0.098901,0.032967
2,193,0.109890,0.032967
2,194,0.120879,0.032967
2,195,0.109890,0.032967
2,196,0.087912,0.032967
2,197,0.109890,0.032967
2,198,0.109890,0.032967
2,199,0.109890,0.032967
2,200,0.120879,0.032967
2,201,0.120879,0.032967
2,202,0.131868,0.032967
2,203,0.120879,0.032967
2,204,0.087912,0.032967
2,205,0.098901,0.032967
2,206,0.164835,0.032967
2,207,0.153846,0.032967
2,208,0.175824,0.032967
2,209,0.175824,0.032967
2,210,0.153846,0.032967
2,211,0.153846,0.032967
2,212,0.153846,0.032967
2,213,0.153846,0.032967
2,214,0.120879,0.032967
2,215,0.109890,0.032967
2,216,0.120879,0.032967
2,217,0.098901,0.032967
2,218,0.098901,0.032967
2,219,0.087912,0.032967
2,220,0.087912,0.032967
2,221,0.076923,0.032967
2,222,0.087912,0.032967
2,223,0.065934,0.032967
2,224,0.054945,0.032967
2,225,0.043956,0.032967
2,226,0.065934,0.032967
2,227,0.087912,0.032967
2,228,0.076923,0.032967
2,229,0.098901,0.032967
2,230,0.109890,0.032967
2,231,0.098901,0.032967
2,232,0.109890,0.032967
2,233,0.065934,0.032967
2,234,0.065934,0.032967
2,235,0.065934,0.032967
2,236,0.076923,0.032967
2,237,0.054945,0.032967
2,238,0.054945,0.032967
2,239,0.076923,0.032967
2,240,0.098901,0.032967
2,241,0.098901,0.032967
2,242,0.076923,0.032967
2,243,0.054945,0.032967
2,244,0.087912,0.032967
2,245,0.109890,0.032967
2,246,0.131868,0.032967
2,247,0.142857,0.032967
2,248,0.098901,0.032967
2,249,0.131868,0.032967
2,250,0.120879,0.032967
2,251,0.120879,0.032967
2,252,0.120879,0.032967
2,253,0.120879,0.032967
2,254,0.120879,0.032967
2,255,0.109890,0.032967
2,256,0.131868,0.032967
2,257,0.109890,0.032967
2,258,0.087912,0.032967
2,259,0.087912,0.032967
2,260,0.175824,0.032967
2,261,0.186813,0.032967
2,262,0.164835,0.032967
2,263,0.208791,0.032967
2,264,0.197802,0.032967
2,265,0.208791,0.032967
2,266,0.186813,0.032967
2,267,0.186813,0.032967
2,268,0.197802,0.032967
2,269,0.208791,0.032967
2,270,0.175824,0.032967
2,271,0.175824,0.032967
2,272,0.164835,0.032967
2,273,0.186813,0.032967
2,274,0.186813,0.032967
2,275,0.164835,0.032967
2,276,0.142857,0.032967
2,277,0.131868,0.032967
2,278,0.142857,0.032967
2,279,0.153846,0.032967
2,280,0.164835,0.032967
2,281,0.186813,0.032967
2,282,0.175824,0.032967
2,283,0.186813,0.032967
2,284,0.186813,0.032967
2,285,0.175824,0.032967
2,286,0.197802,0.032967
2,287,0.208791,0.032967
2,288,0.186813,0.032967
2,289,0.208791,0.032967
2,290,0.186813,0.032967
2,291,0.208791,0.032967
2,292,0.175824,0.032967
2,293,0.175824,0.032967
2,294,0.175824,0.032967
2,295,0.197802,0.032967
2,296,0.219780,0.032967
2,297,0.197802,0.032967
2,298,0.175824,0.032967
2,299,0.142857,0.032967
2,300,0.131868,0.032967
2,301,0.109890,0.032967
2,302,0.120879,0.032967
2,303,0.109890,0.032967
2,304,0.098901,0.032967
2,305,0.109890,0.032967
2,306,0.153846,0.032967
2,307,0.142857,0.032967
2,308,0.164835,0.032967
2,309,0.164835,0.032967
2,310,0.142857,0.032967
2,311,0.142857,0.032967
2,312,0.142857,0.032967
2,313,0.153846,0.032967
2,314,0.164835,0.032967
2,315,0.175824,0.032967
2,316,0.153846,0.032967
2,317,0.142857,0.032967
2,318,0.186813,0.032967
2,319,0.186813,0.032967
2,320,0.175824,0.032967
2,321,0.142857,0.032967
2,322,0.098901,0.032967
2,323,0.098901,0.032967
2,324,0.098901,0.032967
2,325,0.120879,0.032967
2,326,0.142857,0.032967
2,327,0.120879,0.032967
2,328,0.098901,0.032967
2,329,0.087912,0.032967
2,330,0.087912,0.032967
2,331,0.087912,0.032967
2,332,0.098901,0.032967
2,333,0.109890,0.032967
2,334,0.109890,0.032967
2,335,0.076923,0.032967
2,336,0.065934,0.032967
2,337,0.054945,0.032967
2,338,0.109890,0.032967
2,339,0.120879,0.032967
2,340,0.109890,0.032967
2,341,0.120879,0.032967
2,342,0.131868,0.032967
2,343,0.153846,0.032967
2,344,0.131868,0.032967
2,345,0.120879,0.032967
2,346,0.120879,0.032967
2,347,0.120879,0.032967
2,348,0.120879,0.032967
2,349,0.120879,0.032967
2,350,0.120879,0.032967
2,351,0.120879,0.032967
2,352,0.164835,0.032967
2,353,0.197802,0.032967
2,354,0.153846,0.032967
2,355,0.153846,0.032967
2,356,0.142857,0.032967
2,357,0.120879,0.032967
2,358,0.109890,0.032967
2,359,0.087912,0.032967
2,360,0.109890,0.032967
2,361,0.109890,0.032967
2,362,0.120879,0.032967
2,363,0.098901,0.032967
2,364,0.109890,0.032967
2,365,0.120879,0.032967
2,366,0.153846,0.032967
2,367,0.153846,0.032967
2,368,0.153846,0.032967
2,369,0.175824,0.032967
2,370,0.219780,0.032967
2,371,0.186813,0.032967
2,372,0.197802,0.032967
2,373,0.186813,0.032967
2,374,0.186813,0.032967
2,375,0.164835,0.032967
2,376,0.164835,0.032967
2,377,0.131868,0.032967
2,378,0.142857,0.032967
2,379,0.142857,0.032967
2,380,0.120879,0.032967
2,381,0.065934,0.032967
2,382,0.076923,0.032967
2,383,0.076923,0.032967
2,384,0.076923,0.032967
2,385,0.076923,0.032967
2,386,0.131868,0.032967
2,387,0.120879,0.032967
2,388,0.109890,0.032967
2,389,0.087912,0.032967
2,390,0.076923,0.032967
2,391,0.087912,0.032967
2,392,0.098901,0.032967
2,393,0.109890,0.032967
2,394,0.142857,0.032967
2,395,0.131868,0.032967
2,396,0.109890,0.032967
2,397,0.142857,0.032967
2,398,0.164835,0.032967
2,399,0.186813,0.032967
2,400,0.186813,0.032967
2,401,0.197802,0.032967
2,402,0.109890,0.032967
2,403,0.098901,0.032967
2,404,0.098901,0.032967
2,405,0.065934,0.032967
2,406,0.109890,0.032967
2,407,0.109890,0.032967
2,408,0.098901,0.032967
2,409,0.098901,0.032967
2,410,0.109890,0.032967
2,411,0.087912,0.032967
2,412,0.087912,0.032967
2,413,0.054945,0.032967
2,414,0.087912,0.032967
2,415,0.131868,0.032967
2,416,0.142857,0.032967
2,417,0.164835,0.032967
2,418,0.142857,0.032967
2,419,0.175824,0.032967
2,420,0.153846,0.032967
2,421,0.164835,0.032967
2,422,0.153846,0.032967
2,423,0.164835,0.032967
2,424,0.164835,0.032967
2,425,0.153846,0.032967
2,426,0.153846,0.032967
2,427,0.164835,0.032967
2,428,0.175824,0.032967
2,429,0.164835,0.032967
2,430,0.153846,0.032967
2,431,0.164835,0.032967
2,432,0.109890,0.032967
2,433,0.142857,0.032967
2,434,0.142857,0.032967
2,435,0.186813,0.032967
2,436,0.186813,0.032967
2,437,0.175824,0.032967
2,438,0.164835,0.032967
2,439,0.164835,0.032967
2,440,0.164835,0.032967
2,441,0.142857,0.032967
2,442,0.164835,0.032967
2,443,0.153846,0.032967
2,444,0.153846,0.032967
2,445,0.164835,0.032967
2,446,0.197802,0.032967
2,447,0.175824,0.032967
2,448,0.153846,0.032967
2,449,0.131868,0.032967
2,450,0.131868,0.032967
2,451,0.175824,0.032967
2,452,0.142857,0.032967
2,453,0.120879,0.032967
2,454,0.153846,0.032967
2,455,0.142857,0.032967
2,456,0.164835,0.032967
2,457,0.175824,0.032967
2,458,0.175824,0.032967
2,459,0.164835,0.032967
2,460,0.175824,0.032967
2,461,0.142857,0.032967
2,462,0.142857,0.032967
2,463,0.109890,0.032967
2,464,0.120879,0.032967
2,465,0.109890,0.032967
2,466,0.109890,0.032967
2,467,0.109890,0.032967
2,468,0.109890,0.032967
2,469,0.120879,0.032967
2,470,0.120879,0.032967
2,471,0.098901,0.032967
2,472,0.087912,0.032967
2,473,0.087912,0.032967
2,474,0.109890,0.032967
2,475,0.120879,0.032967
2,476,0.142857,0.032967
2,477,0.131868,0.032967
2,478,0.120879,0.032967
2,479,0.142857,0.032967
2,480,0.142857,0.032967
2,481,0.131868,0.032967
2,482,0.120879,0.032967
2,483,0.120879,0.032967
2,484,0.120879,0.032967
2,485,0.142857,0.032967
2,486,0.153846,0.032967
2,487,0.164835,0.032967
2,488,0.153846,0.032967
2,489,0.164835,0.032967
2,490,0.186813,0.032967
2,491,0.164835,0.032967
2,492,0.186813,0.032967
2,493,0.175824,0.032967
2,494,0.153846,0.032967
2,495,0.153846,0.032967
2,496,0.131868,0.032967
2,497,0.109890,0.032967
2,498,0.098901,0.032967
2,499,0.109890,0.032967
2,500,0.109890,0.032967
2,501,0.120879,0.032967
2,502,0.098901,0.032967
2,503,0.109890,0.032967
2,504,0.131868,0.032967
2,505,0.109890,0.032967
2,506,0.109890,0.032967
2,507,0.131868,0.032967
2,508,0.164835,0.032967
2,509,0.153846,0.032967
2,510,0.164835,0.032967
2,511,0.197802,0.032967
2,512,0.230769,0.032967
2,513,0.186813,0.032967
2,514,0.164835,0.032967
2,515,0.142857,0.032967
2,516,0.120879,0.032967
2,517,0.153846,0.032967
2,518,0.120879,0.032967
2,519,0.109890,0.032967
2,520,0.109890,0.032967
2,521,0.087912,0.032967
2,522,0.098901,0.032967
2,523,0.098901,0.032967
2,524,0.098901,0.032967
2,525,0.109890,0.032967
2,526,0.120879,0.032967
2,527,0.120879,0.032967
2,528,0.120879,0.032967
2,529,0.109890,0.032967
2,530,0.109890,0.032967
2,531,0.120879,0.032967
2,532,0.153846,0.032967
2,533,0.164835,0.032967
2,534,0.164835,0.032967
2,535,0.153846,0.032967
2,536,0.153846,0.032967
2,537,0.131868,0.032967
2,538,0.098901,0.032967
2,539,0.087912,0.032967
2,540,0.087912,0.032967
2,541,0.076923,0.032967
2,542,0.087912,0.032967
2,543,0.087912,0.032967
2,544,0.120879,0.032967
2,545,0.131868,0.032967
2,546,0.186813,0.032967
2,547,0.164835,0.032967
2,548,0.142857,0.032967
2,549,0.120879,0.032967
2,550,0.131868,0.032967
2,551,0.120879,0.032967
2,552,0.142857,0.032967
2,553,0.142857,0.032967
2,554,0.153846,0.032967
2,555,0.142857,0.032967
2,556,0.164835,0.032967
2,557,0.153846,0.032967
2,558,0.131868,0.032967
2,559,0.164835,0.032967
2,560,0.175824,0.032967
2,561,0.164835,0.032967
2,562,0.175824,0.032967
2,563,0.175824,0.032967
2,564,0.164835,0.032967
2,565,0.153846,0.032967
2,566,0.153846,0.032967
2,567,0.186813,0.032967
2,568,0.186813,0.032967
2,569,0.175824,0.032967
2,570,0.164835,0.032967
2,571,0.153846,0.032967
2,572,0.153846,0.032967
2,573,0.164835,0.032967
2,574,0.175824,0.032967
2,575,0.142857,0.032967
2,576,0.197802,0.032967
2,577,0.164835,0.032967
2,578,0.164835,0.032967
2,579,0.219780,0.032967
2,580,0.208791,0.032967
2,581,0.175824,0.032967
2,582,0.131868,0.032967
2,583,0.142857,0.032967
2,584,0.109890,0.032967
2,585,0.120879,0.032967
2,586,0.087912,0.032967
2,587,0.120879,0.032967
2,588,0.153846,0.032967
2,589,0.120879,0.032967
2,590,0.153846,0.032967
2,591,0.142857,0.032967
2,592,0.131868,0.032967
2,593,0.098901,0.032967
2,594,0.076923,0.032967
2,595,0.109890,0.032967
2,596,0.142857,0.032967
2,597,0.131868,0.032967
2,598,0.120879,0.032967
2,599,0.131868,0.032967
2,600,0.142857,0.032967
2,601,0.153846,0.032967
2,602,0.120879,0.032967
2,603,0.142857,0.032967
2,604,0.164835,0.032967
2,605,0.197802,0.032967
2,606,0.186813,0.032967
2,607,0.186813,0.032967
2,608,0.186813,0.032967
2,609,0.186813,0.032967
2,610,0.175824,0.032967
2,611,0.131868,0.032967
2,612,0.164835,0.032967
2,613,0.208791,0.032967
2,614,0.175824,0.032967
2,615,0.142857,0.032967
2,616,0.153846,0.032967
2,617,0.142857,0.032967
2,618,0.109890,0.032967
2,619,0.109890,0.032967
2,620,0.054945,0.032967
2,621,0.054945,0.032967
2,622,0.054945,0.032967
2,623,0.087912,0.032967
2,624,0.098901,0.032967
2,625,0.065934,0.032967
2,626,0.054945,0.032967
2,627,0.054945,0.032967
2,628,0.054945,0.032967
2,629,0.054945,0.032967
2,630,0.098901,0.032967
2,631,0.098901,0.032967
2,632,0.087912,0.032967
2,633,0.087912,0.032967
2,634,0.120879,0.032967
2,635,0.153846,0.032967
2,636,0.153846,0.032967
2,637,0.142857,0.032967
2,638,0.120879,0.032967
2,639,0.120879,0.032967
2,640,0.098901,0.032967
2,641,0.109890,0.032967
2,642,0.120879,0.032967
2,643,0.087912,0.032967
2,644,0.076923,0.032967
2,645,0.065934,0.032967
2,646,0.065934,0.032967
2,647,0.098901,0.032967
2,648,0.065934,0.032967
2,649,0.043956,0.032967
2,650,0.065934,0.032967
2,651,0.054945,0.032967
2,652,0.076923,0.032967
2,653,0.098901,0.032967
2,654,0.076923,0.032967
2,655,0.098901,0.032967
2,656,0.098901,0.032967
2,657,0.087912,0.032967
2,658,0.087912,0.032967
2,659,0.109890,0.032967
2,660,0.098901,0.032967
2,661,0.109890,0.032967
2,662,0.098901,0.032967
2,663,0.087912,0.032967
2,664,0.065934,0.032967
2,665,0.087912,0.032967
2,666,0.109890,0.032967
2,667,0.120879,0.032967
2,668,0.087912,0.032967
2,669,0.120879,0.032967
2,670,0.142857,0.032967
2,671,0.142857,0.032967
2,672,0.164835,0.032967
2,673,0.153846,0.032967
2,674,0.164835,0.032967
2,675,0.153846,0.032967
2,676,0.142857,0.032967
2,677,0.153846,0.032967
2,678,0.153846,0.032967
2,679,0.153846,0.032967
2,680,0.131868,0.032967
2,681,0.131868,0.032967
2,682,0.153846,0.032967
2,683,0.153846,0.032967
2,684,0.120879,0.032967
2,685,0.153846,0.032967
2,686,0.109890,0.032967
2,687,0.098901,0.032967
2,688,0.109890,0.032967
2,689,0.131868,0.032967
2,690,0.109890,0.032967
2,691,0.098901,0.032967
2,692,0.065934,0.032967
2,693,0.065934,0.032967
2,694,0.054945,0.032967
2,695,0.065934,0.032967
2,696,0.065934,0.032967
2,697,0.076923,0.032967
2,698,0.076923,0.032967
2,699,0.065934,0.032967
2,700,0.098901,0.032967
2,701,0.109890,0.032967
2,702,0.098901,0.032967
2,703,0.098901,0.032967
2,704,0.087912,0.032967
2,705,0.098901,0.032967
2,706,0.109890,0.032967
2,707,0.109890,0.032967
2,708,0.098901,0.032967
2,709,0.109890,0.032967
2,710,0.098901,0.032967
2,711,0.054945,0.032967
2,712,0.087912,0.032967
2,713,0.076923,0.032967
2,714,0.098901,0.032967
2,715,0.098901,0.032967
2,716,0.120879,0.032967
2,717,0.098901,0.032967
2,718,0.120879,0.032967
2,719,0.120879,0.032967
2,720,0.076923,0.032967
2,721,0.120879,0.032967
2,722,0.164835,0.032967
2,723,0.131868,0.032967
2,724,0.142857,0.032967
2,725,0.142857,0.032967
2,726,0.087912,0.032967
2,727,0.120879,0.032967
2,728,0.120879,0.032967
2,729,0.120879,0.032967
2,730,0.120879,0.032967
2,731,0.164835,0.032967
2,732,0.175824,0.032967
2,733,0.186813,0.032967
2,734,0.164835,0.032967
2,735,0.230769,0.032967
2,736,0.219780,0.032967
2,737,0.208791,0.032967
2,738,0.197802,0.032967
2,739,0.219780,0.032967
2,740,0.164835,0.032967
2,741,0.175824,0.032967
2,742,0.153846,0.032967
2,743,0.164835,0.032967
2,744,0.164835,0.032967
2,745,0.142857,0.032967
2,746,0.186813,0.032967
2,747,0.175824,0.032967
2,748,0.175824,0.032967
2,749,0.186813,0.032967
2,750,0.197802,0.032967
2,751,0.208791,0.032967
2,752,0.197802,0.032967
2,753,0.186813,0.032967
2,754,0.153846,0.032967
2,755,0.098901,0.032967
2,756,0.087912,0.032967
2,757,0.076923,0.032967
2,758,0.098901,0.032967
2,759,0.109890,0.032967
2,760,0.142857,0.032967
2,761,0.142857,0.032967
2,762,0.186813,0.032967
2,763,0.142857,0.032967
2,764,0.120879,0.032967
2,765,0.109890,0.032967
2,766,0.098901,0.032967
2,767,0.120879,0.032967
2,768,0.109890,0.032967
2,769,0.131868,0.032967
2,770,0.153846,0.032967
2,771,0.109890,0.032967
2,772,0.098901,0.032967
2,773,0.087912,0.032967
2,774,0.109890,0.032967
2,775,0.087912,0.032967
2,776,0.098901,0.032967
2,777,0.098901,0.032967
2,778,0.098901,0.032967
2,779,0.076923,0.032967
2,780,0.065934,0.032967
2,781,0.076923,0.032967
2,782,0.087912,0.032967
2,783,0.087912,0.032967
2,784,0.087912,0.032967
2,785,0.087912,0.032967
2,786,0.087912,0.032967
2,787,0.109890,0.032967
2,788,0.120879,0.032967
2,789,0.131868,0.032967
2,790,0.098901,0.032967
2,791,0.098901,0.032967
2,792,0.087912,0.032967
2,793,0.054945,0.032967
2,794,0.087912,0.032967
2,795,0.054945,0.032967
2,796,0.054945,0.032967
2,797,0.087912,0.032967
2,798,0.065934,0.032967
2,799,0.076923,0.032967
2,800,0.076923,0.032967
2,801,0.076923,0.032967
2,802,0.065934,0.032967
2,803,0.109890,0.032967
2,804,0.120879,0.032967
2,805,0.109890,0.032967
2,806,0.076923,0.032967
2,807,0.065934,0.032967
2,808,0.065934,0.032967
2,809,0.054945,0.032967
2,810,0.065934,0.032967
2,811,0.098901,0.032967
2,812,0.109890,0.032967
2,813,0.109890,0.032967
2,814,0.120879,0.032967
2,815,0.098901,0.032967
2,816,0.065934,0.032967
2,817,0.109890,0.032967
2,818,0.109890,0.032967
2,819,0.109890,0.032967
2,820,0.109890,0.032967
2,821,0.109890,0.032967
2,822,0.120879,0.032967
2,823,0.120879,0.032967
2,824,0.120879,0.032967
2,825,0.131868,0.032967
2,826,0.131868,0.032967
2,827,0.142857,0.032967
2,828,0.131868,0.032967
2,829,0.131868,0.032967
2,830,0.153846,0.032967
2,831,0.153846,0.032967
2,832,0.142857,0.032967
2,833,0.131868,0.032967
2,834,0.153846,0.032967
2,835,0.131868,0.032967
2,836,0.153846,0.032967
2,837,0.186813,0.032967
2,838,0.197802,0.032967
2,839,0.208791,0.032967
2,840,0.197802,0.032967
2,841,0.186813,0.032967
2,842,0.153846,0.032967
2,843,0.120879,0.032967
2,844,0.120879,0.032967
2,845,0.098901,0.032967
2,846,0.142857,0.032967
2,847,0.131868,0.032967
2,848,0.142857,0.032967
2,849,0.131868,0.032967
2,850,0.087912,0.032967
2,851,0.142857,0.032967
2,852,0.153846,0.032967
2,853,0.109890,0.032967
2,854,0.076923,0.032967
2,855,0.087912,0.032967
2,856,0.120879,0.032967
2,857,0.164835,0.032967
2,858,0.219780,0.032967
2,859,0.197802,0.032967
2,860,0.175824,0.032967
2,861,0.142857,0.032967
2,862,0.153846,0.032967
2,863,0.142857,0.032967
2,864,0.142857,0.032967
2,865,0.153846,0.032967
2,866,0.131868,0.032967
2,867,0.153846,0.032967
2,868,0.153846,0.032967
2,869,0.109890,0.032967
2,870,0.098901,0.032967
2,871,0.109890,0.032967
2,872,0.109890,0.032967
2,873,0.098901,0.032967
2,874,0.109890,0.032967
2,875,0.131868,0.032967
2,876,0.131868,0.032967
2,877,0.142857,0.032967
2,878,0.131868,0.032967
2,879,0.120879,0.032967
2,880,0.087912,0.032967
2,881,0.076923,0.032967
2,882,0.109890,0.032967
2,883,0.109890,0.032967
2,884,0.109890,0.032967
2,885,0.142857,0.032967
2,886,0.142857,0.032967
2,887,0.142857,0.032967
2,888,0.109890,0.032967
2,889,0.142857,0.032967
2,890,0.109890,0.032967
2,891,0.120879,0.032967
2,892,0.109890,0.032967
2,893,0.087912,0.032967
2,894,0.087912,0.032967
2,895,0.087912,0.032967
2,896,0.098901,0.032967
2,897,0.098901,0.032967
2,898,0.120879,0.032967
2,899,0.109890,0.032967
2,900,0.120879,0.032967
2,901,0.153846,0.032967
2,902,0.142857,0.032967
2,903,0.142857,0.032967
2,904,0.153846,0.032967
2,905,0.164835,0.032967
2,906,0.164835,0.032967
2,907,0.142857,0.032967
2,908,0.197802,0.032967
2,909,0.208791,0.032967
2,910,0.241758,0.032967
2,911,0.241758,0.032967
2,912,0.219780,0.032967
2,913,0.131868,0.032967
2,914,0.087912,0.032967
2,915,0.087912,0.032967
2,916,0.065934,0.032967
2,917,0.109890,0.032967
2,918,0.109890,0.032967
2,919,0.120879,0.032967
2,920,0.109890,0.032967
2,921,0.120879,0.032967
2,922,0.120879,0.032967
2,923,0.109890,0.032967
2,924,0.120879,0.032967
2,925,0.120879,0.032967
2,926,0.109890,0.032967
2,927,0.120879,0.032967
2,928,0.131868,0.032967
2,929,0.131868,0.032967
2,930,0.131868,0.032967
2,931,0.153846,0.032967
2,932,0.164835,0.032967
2,933,0.153846,0.032967
2,934,0.153846,0.032967
2,935,0.131868,0.032967
2,936,0.120879,0.032967
2,937,0.120879,0.032967
2,938,0.120879,0.032967
2,939,0.120879,0.032967
2,940,0.120879,0.032967
2,941,0.164835,0.032967
2,942,0.153846,0.032967
2,943,0.175824,0.032967
2,944,0.186813,0.032967
2,945,0.153846,0.032967
2,946,0.131868,0.032967
2,947,0.098901,0.032967
2,948,0.054945,0.032967
2,949,0.087912,0.032967
2,950,0.142857,0.032967
2,951,0.153846,0.032967
2,952,0.142857,0.032967
2,953,0.087912,0.032967
2,954,0.087912,0.032967
2,955,0.087912,0.032967
2,956,0.054945,0.032967
2,957,0.065934,0.032967
2,958,0.065934,0.032967
2,959,0.065934,0.032967
2,960,0.076923,0.032967
2,961,0.076923,0.032967
2,962,0.065934,0.032967
2,963,0.109890,0.032967
2,964,0.109890,0.032967
2,965,0.098901,0.032967
2,966,0.087912,0.032967
2,967,0.109890,0.032967
2,968,0.120879,0.032967
2,969,0.120879,0.032967
2,970,0.153846,0.032967
2,971,0.120879,0.032967
2,972,0.109890,0.032967
2,973,0.109890,0.032967
2,974,0.131868,0.032967
2,975,0.098901,0.032967
2,976,0.142857,0.032967
2,977,0.109890,0.032967
2,978,0.142857,0.032967
2,979,0.186813,0.032967
2,980,0.142857,0.032967
2,981,0.087912,0.032967
2,982,0.076923,0.032967
2,983,0.065934,0.032967
2,984,0.065934,0.032967
2,985,0.043956,0.032967
2,986,0.076923,0.032967
2,987,0.120879,0.032967
2,988,0.109890,0.032967
2,989,0.142857,0.032967
2,990,0.153846,0.032967
2,991,0.098901,0.032967
2,992,0.098901,0.032967
2,993,0.065934,0.032967
2,994,0.043956,0.032967
2,995,0.076923,0.032967
2,996,0.098901,0.032967
2,997,0.098901,0.032967
2,998,0.076923,0.032967
2,999,0.098901,0.032967
2,1000,0.087912,0.032967
2,1001,0.098901,0.032967
2,1002,0.098901,0.032967
2,1003,0.098901,0.032967
2,1004,0.120879,0.032967
2,1005,0.131868,0.032967
2,1006,0.131868,0.032967
2,1007,0.109890,0.032967
2,1008,0.109890,0.032967
2,1009,0.076923,0.032967
2,1010,0.054945,0.032967
2,1011,0.087912,0.032967
2,1012,0.098901,0.032967
2,1013,0.098901,0.032967
2,1014,0.098901,0.032967
2,1015,0.098901,0.032967
2,1016,0.087912,0.032967
2,1017,0.109890,0.032967
2,1018,0.087912,0.032967
2,1019,0.098901,0.032967
2,1020,0.087912,0.032967
2,1021,0.109890,0.032967
2,1022,0.098901,0.032967
2,1023,0.098901,0.032967
2,1024,0.109890,0.032967
2,1025,0.131868,0.032967
2,1026,0.142857,0.032967
2,1027,0.120879,0.032967
2,1028,0.153846,0.032967
2,1029,0.153846,0.032967
2,1030,0.142857,0.032967
2,1031,0.142857,0.032967
2,1032,0.142857,0.032967
2,1033,0.131868,0.032967
2,1034,0.109890,0.032967
2,1035,0.109890,0.032967
2,1036,0.098901,0.032967
2,1037,0.109890,0.032967
2,1038,0.131868,0.032967
2,1039,0.120879,0.032967
2,1040,0.109890,0.032967
2,1041,0.153846,0.032967
2,1042,0.175824,0.032967
2,1043,0.197802,0.032967
2,1044,0.197802,0.032967
2,1045,0.186813,0.032967
2,1046,0.142857,0.032967
2,1047,0.153846,0.032967
2,1048,0.142857,0.032967
2,1049,0.131868,0.032967
2,1050,0.120879,0.032967
2,1051,0.109890,0.032967
2,1052,0.142857,0.032967
2,1053,0.153846,0.032967
2,1054,0.164835,0.032967
2,1055,0.153846,0.032967
2,1056,0.098901,0.032967
2,1057,0.109890,0.032967
2,1058,0.120879,0.032967
2,1059,0.120879,0.032967
2,1060,0.120879,0.032967
2,1061,0.142857,0.032967
2,1062,0.142857,0.032967
2,1063,0.186813,0.032967
2,1064,0.186813,0.032967
2,1065,0.153846,0.032967
2,1066,0.153846,0.032967
2,1067,0.153846,0.032967
2,1068,0.153846,0.032967
2,1069,0.186813,0.032967
2,1070,0.153846,0.032967
2,1071,0.109890,0.032967
2,1072,0.153846,0.032967
2,1073,0.120879,0.032967
2,1074,0.164835,0.032967
2,1075,0.131868,0.032967
2,1076,0.142857,0.032967
2,1077,0.153846,0.032967
2,1078,0.142857,0.032967
2,1079,0.131868,0.032967
2,1080,0.120879,0.032967
2,1081,0.153846,0.032967
2,1082,0.153846,0.032967
2,1083,0.175824,0.032967
2,1084,0.175824,0.032967
2,1085,0.186813,0.032967
2,1086,0.186813,0.032967
2,1087,0.219780,0.032967
2,1088,0.197802,0.032967
2,1089,0.175824,0.032967
2,1090,0.208791,0.032967
2,1091,0.175824,0.032967
2,1092,0.153846,0.032967
2,1093,0.142857,0.032967
2,1094,0.120879,0.032967
2,1095,0.186813,0.032967
2,1096,0.197802,0.032967
2,1097,0.219780,0.032967
2,1098,0.230769,0.032967
2,1099,0.219780,0.032967
2,1100,0.197802,0.032967
2,1101,0.219780,0.032967
2,1102,0.208791,0.032967
2,1103,0.131868,0.032967
2,1104,0.131868,0.032967
2,1105,0.164835,0.032967
2,1106,0.175824,0.032967
2,1107,0.186813,0.032967
2,1108,0.164835,0.032967
2,1109,0.131868,0.032967
2,1110,0.109890,0.032967
2,1111,0.131868,0.032967
2,1112,0.120879,0.032967
2,1113,0.131868,0.032967
2,1114,0.164835,0.032967
2,1115,0.175824,0.032967
2,1116,0.175824,0.032967
2,1117,0.197802,0.032967
2,1118,0.186813,0.032967
2,1119,0.175824,0.032967
2,1120,0.175824,0.032967
2,1121,0.219780,0.032967
2,1122,0.153846,0.032967
2,1123,0.153846,0.032967
2,1124,0.120879,0.032967
2,1125,0.153846,0.032967
2,1126,0.142857,0.032967
2,1127,0.142857,0.032967
2,1128,0.131868,0.032967
2,1129,0.109890,0.032967
2,1130,0.109890,0.032967
2,1131,0.109890,0.032967
2,1132,0.109890,0.032967
2,1133,0.098901,0.032967
2,1134,0.087912,0.032967
2,1135,0.087912,0.032967
2,1136,0.065934,0.032967
2,1137,0.054945,0.032967
2,1138,0.065934,0.032967
2,1139,0.054945,0.032967
2,1140,0.076923,0.032967
2,1141,0.076923,0.032967
2,1142,0.087912,0.032967
2,1143,0.076923,0.032967
2,1144,0.065934,0.032967
2,1145,0.065934,0.032967
2,1146,0.065934,0.032967
2,1147,0.065934,0.032967
2,1148,0.087912,0.032967
2,1149,0.087912,0.032967
2,1150,0.098901,0.032967
2,1151,0.098901,0.032967
2,1152,0.087912,0.032967
2,1153,0.076923,0.032967
2,1154,0.076923,0.032967
2,1155,0.087912,0.032967
2,1156,0.076923,0.032967
2,1157,0.054945,0.032967
2,1158,0.076923,0.032967
2,1159,0.054945,0.032967
2,1160,0.054945,0.032967
2,1161,0.076923,0.032967
2,1162,0.076923,0.032967
2,1163,0.076923,0.032967
2,1164,0.076923,0.032967
2,1165,0.076923,0.032967
2,1166,0.054945,0.032967
2,1167,0.054945,0.032967
2,1168,0.054945,0.032967
2,1169,0.054945,0.032967
2,1170,0.054945,0.032967
2,1171,0.076923,0.032967
2,1172,0.065934,0.032967
2,1173,0.054945,0.032967
2,1174,0.065934,0.032967
2,1175,0.065934,0.032967
2,1176,0.087912,0.032967
2,1177,0.120879,0.032967
2,1178,0.131868,0.032967
2,1179,0.109890,0.032967
2,1180,0.098901,0.032967
2,1181,0.109890,0.032967
2,1182,0.142857,0.032967
2,1183,0.142857,0.032967
2,1184,0.120879,0.032967
2,1185,0.142857,0.032967
2,1186,0.120879,0.032967
2,1187,0.120879,0.032967
2,1188,0.164835,0.032967
2,1189,0.197802,0.032967
2,1190,0.219780,0.032967
2,1191,0.175824,0.032967
2,1192,0.219780,0.032967
2,1193,0.164835,0.032967
2,1194,0.109890,0.032967
2,1195,0.109890,0.032967
2,1196,0.120879,0.032967
2,1197,0.120879,0.032967
2,1198,0.120879,0.032967
2,1199,0.109890,0.032967
2,1200,0.142857,0.032967
2,1201,0.142857,0.032967
2,1202,0.142857,0.032967
2,1203,0.142857,0.032967
2,1204,0.153846,0.032967
2,1205,0.142857,0.032967
2,1206,0.098901,0.032967
2,1207,0.142857,0.032967
2,1208,0.142857,0.032967
2,1209,0.120879,0.032967
2,1210,0.120879,0.032967
2,1211,0.120879,0.032967
2,1212,0.076923,0.032967
2,1213,0.098901,0.032967
2,1214,0.065934,0.032967
2,1215,0.087912,0.032967
2,1216,0.098901,0.032967
2,1217,0.098901,0.032967
2,1218,0.076923,0.032967
2,1219,0.098901,0.032967
2,1220,0.109890,0.032967
2,1221,0.109890,0.032967
2,1222,0.098901,0.032967
2,1223,0.065934,0.032967
2,1224,0.065934,0.032967
2,1225,0.054945,0.032967
2,1226,0.087912,0.032967
2,1227,0.065934,0.032967
2,1228,0.087912,0.032967
2,1229,0.076923,0.032967
2,1230,0.120879,0.032967
2,1231,0.109890,0.032967
2,1232,0.076923,0.032967
2,1233,0.087912,0.032967
2,1234,0.087912,0.032967
2,1235,0.098901,0.032967
2,1236,0.098901,0.032967
2,1237,0.142857,0.032967
2,1238,0.098901,0.032967
2,1239,0.087912,0.032967
2,1240,0.098901,0.032967
2,1241,0.054945,0.032967
2,1242,0.054945,0.032967
2,1243,0.087912,0.032967
2,1244,0.098901,0.032967
2,1245,0.054945,0.032967
2,1246,0.065934,0.032967
2,1247,0.054945,0.032967
2,1248,0.065934,0.032967
2,1249,0.109890,0.032967
2,1250,0.109890,0.032967
2,1251,0.109890,0.032967
2,1252,0.065934,0.032967
2,1253,0.098901,0.032967
2,1254,0.065934,0.032967
2,1255,0.065934,0.032967
2,1256,0.087912,0.032967
2,1257,0.087912,0.032967
2,1258,0.087912,0.032967
2,1259,0.109890,0.032967
2,1260,0.120879,0.032967
2,1261,0.153846,0.032967
2,1262,0.109890,0.032967
2,1263,0.098901,0.032967
2,1264,0.087912,0.032967
2,1265,0.065934,0.032967
2,1266,0.076923,0.032967
2,1267,0.098901,0.032967
2,1268,0.098901,0.032967
2,1269,0.076923,0.032967
2,1270,0.131868,0.032967
2,1271,0.153846,0.032967
2,1272,0.142857,0.032967
2,1273,0.142857,0.032967
2,1274,0.142857,0.032967
2,1275,0.109890,0.032967
2,1276,0.109890,0.032967
2,1277,0.120879,0.032967
2,1278,0.142857,0.032967
2,1279,0.142857,0.032967
2,1280,0.109890,0.032967
2,1281,0.098901,0.032967
2,1282,0.087912,0.032967
2,1283,0.076923,0.032967
2,1284,0.098901,0.032967
2,1285,0.087912,0.032967
2,1286,0.098901,0.032967
2,1287,0.087912,0.032967
2,1288,0.076923,0.032967
2,1289,0.098901,0.032967
2,1290,0.098901,0.032967
2,1291,0.109890,0.032967
2,1292,0.087912,0.032967
2,1293,0.120879,0.032967
2,1294,0.131868,0.032967
2,1295,0.120879,0.032967
2,1296,0.131868,0.032967
2,1297,0.142857,0.032967
2,1298,0.175824,0.032967
2,1299,0.241758,0.032967
2,1300,0.197802,0.032967
2,1301,0.164835,0.032967
2,1302,0.142857,0.032967
2,1303,0.109890,0.032967
2,1304,0.109890,0.032967
2,1305,0.120879,0.032967
2,1306,0.131868,0.032967
2,1307,0.120879,0.032967
2,1308,0.164835,0.032967
2,1309,0.153846,0.032967
2,1310,0.142857,0.032967
2,1311,0.131868,0.032967
2,1312,0.131868,0.032967
2,1313,0.120879,0.032967
2,1314,0.131868,0.032967
2,1315,0.164835,0.032967
2,1316,0.197802,0.032967
2,1317,0.197802,0.032967
2,1318,0.164835,0.032967
2,1319,0.164835,0.032967
2,1320,0.109890,0.032967
2,1321,0.065934,0.032967
2,1322,0.065934,0.032967
2,1323,0.054945,0.032967
2,1324,0.076923,0.032967
2,1325,0.087912,0.032967
2,1326,0.109890,0.032967
2,1327,0.076923,0.032967
2,1328,0.098901,0.032967
2,1329,0.098901,0.032967
2,1330,0.098901,0.032967
2,1331,0.098901,0.032967
2,1332,0.109890,0.032967
2,1333,0.109890,0.032967
2,1334,0.109890,0.032967
2,1335,0.120879,0.032967
2,1336,0.109890,0.032967
2,1337,0.164835,0.032967
2,1338,0.164835,0.032967
2,1339,0.098901,0.032967
2,1340,0.109890,0.032967
2,1341,0.087912,0.032967
2,1342,0.076923,0.032967
2,1343,0.087912,0.032967
2,1344,0.109890,0.032967
2,1345,0.120879,0.032967
2,1346,0.109890,0.032967
2,1347,0.098901,0.032967
2,1348,0.120879,0.032967
2,1349,0.109890,0.032967
2,1350,0.087912,0.032967
2,1351,0.076923,0.032967
2,1352,0.065934,0.032967
2,1353,0.065934,0.032967
2,1354,0.065934,0.032967
2,1355,0.065934,0.032967
2,1356,0.087912,0.032967
2,1357,0.120879,0.032967
2,1358,0.120879,0.032967
2,1359,0.131868,0.032967
2,1360,0.109890,0.032967
2,1361,0.131868,0.032967
2,1362,0.131868,0.032967
2,1363,0.131868,0.032967
2,1364,0.153846,0.032967
2,1365,0.142857,0.032967
2,1366,0.153846,0.032967
2,1367,0.186813,0.032967
2,1368,0.087912,0.032967
2,1369,0.098901,0.032967
2,1370,0.109890,0.032967
2,1371,0.142857,0.032967
2,1372,0.109890,0.032967
2,1373,0.087912,0.032967
2,1374,0.109890,0.032967
2,1375,0.098901,0.032967
2,1376,0.098901,0.032967
2,1377,0.109890,0.032967
2,1378,0.098901,0.032967
2,1379,0.120879,0.032967
2,1380,0.098901,0.032967
2,1381,0.065934,0.032967
2,1382,0.054945,0.032967
2,1383,0.043956,0.032967
2,1384,0.054945,0.032967
2,1385,0.087912,0.032967
2,1386,0.076923,0.032967
2,1387,0.109890,0.032967
2,1388,0.131868,0.032967
2,1389,0.109890,0.032967
2,1390,0.109890,0.032967
2,1391,0.098901,0.032967
2,1392,0.142857,0.032967
2,1393,0.131868,0.032967
2,1394,0.109890,0.032967
2,1395,0.098901,0.032967
2,1396,0.098901,0.032967
2,1397,0.076923,0.032967
2,1398,0.065934,0.032967
2,1399,0.087912,0.032967
2,1400,0.065934,0.032967
2,1401,0.076923,0.032967
2,1402,0.076923,0.032967
2,1403,0.087912,0.032967
2,1404,0.076923,0.032967
2,1405,0.098901,0.032967
2,1406,0.142857,0.032967
2,1407,0.120879,0.032967
2,1408,0.098901,0.032967
2,1409,0.109890,0.032967
2,1410,0.109890,0.032967
2,1411,0.120879,0.032967
2,1412,0.109890,0.032967
2,1413,0.120879,0.032967
2,1414,0.131868,0.032967
2,1415,0.120879,0.032967
2,1416,0.153846,0.032967
2,1417,0.131868,0.032967
2,1418,0.109890,0.032967
2,1419,0.098901,0.032967
2,1420,0.087912,0.032967
2,1421,0.098901,0.032967
2,1422,0.098901,0.032967
2,1423,0.098901,0.032967
2,1424,0.098901,0.032967
2,1425,0.109890,0.032967
2,1426,0.076923,0.032967
2,1427,0.054945,0.032967
2,1428,0.065934,0.032967
2,1429,0.087912,0.032967
2,1430,0.098901,0.032967
2,1431,0.098901,0.032967
2,1432,0.087912,0.032967
2,1433,0.065934,0.032967
2,1434,0.076923,0.032967
2,1435,0.098901,0.032967
2,1436,0.098901,0.032967
2,1437,0.076923,0.032967
2,1438,0.098901,0.032967
2,1439,0.076923,0.032967
2,1440,0.076923,0.032967
2,1441,0.076923,0.032967
2,1442,0.076923,0.032967
2,1443,0.065934,0.032967
2,1444,0.065934,0.032967
2,1445,0.087912,0.032967
2,1446,0.076923,0.032967
2,1447,0.065934,0.032967
2,1448,0.065934,0.032967
2,1449,0.054945,0.032967
2,1450,0.054945,0.032967
2,1451,0.032967,0.032967
2,1452,0.043956,0.032967
2,1453,0.054945,0.032967
2,1454,0.065934,0.032967
2,1455,0.054945,0.032967
2,1456,0.043956,0.032967
2,1457,0.032967,0.032967
2,1458,0.043956,0.032967
2,1459,0.021978,0.021978
2,1460,0.054945,0.021978
2,1461,0.087912,0.021978
2,1462,0.087912,0.021978
2,1463,0.065934,0.021978
2,1464,0.065934,0.021978
2,1465,0.054945,0.021978
2,1466,0.076923,0.021978
2,1467,0.076923,0.021978
2,1468,0.087912,0.021978
2,1469,0.098901,0.021978
2,1470,0.109890,0.021978
2,1471,0.087912,0.021978
2,1472,0.109890,0.021978
2,1473,0.120879,0.021978
2,1474,0.131868,0.021978
2,1475,0.131868,0.021978
2,1476,0.175824,0.021978
2,1477,0.131868,0.021978
2,1478,0.109890,0.021978
2,1479,0.098901,0.021978
2,1480,0.109890,0.021978
2,1481,0.098901,0.021978
2,1482,0.109890,0.021978
2,1483,0.109890,0.021978
2,1484,0.120879,0.021978
2,1485,0.142857,0.021978
2,1486,0.164835,0.021978
2,1487,0.164835,0.021978
2,1488,0.164835,0.021978
2,1489,0.142857,0.021978
2,1490,0.142857,0.021978
2,1491,0.142857,0.021978
2,1492,0.153846,0.021978
2,1493,0.153846,0.021978
2,1494,0.109890,0.021978
2,1495,0.120879,0.021978
2,1496,0.120879,0.021978
2,1497,0.109890,0.021978
2,1498,0.131868,0.021978
2,1499,0.120879,0.021978
2,1500,0.131868,0.021978
2,1501,0.076923,0.021978
2,1502,0.065934,0.021978
2,1503,0.120879,0.021978
2,1504,0.109890,0.021978
2,1505,0.098901,0.021978
2,1506,0.109890,0.021978
2,1507,0.065934,0.021978
2,1508,0.076923,0.021978
2,1509,0.065934,0.021978
2,1510,0.076923,0.021978
2,1511,0.065934,0.021978
2,1512,0.109890,0.021978
2,1513,0.109890,0.021978
2,1514,0.076923,0.021978
2,1515,0.065934,0.021978
2,1516,0.076923,0.021978
2,1517,0.054945,0.021978
2,1518,0.043956,0.021978
2,1519,0.054945,0.021978
2,1520,0.054945,0.021978
2,1521,0.054945,0.021978
2,1522,0.054945,0.021978
2,1523,0.043956,0.021978
2,1524,0.054945,0.021978
2,1525,0.054945,0.021978
2,1526,0.065934,0.021978
2,1527,0.076923,0.021978
2,1528,0.076923,0.021978
2,1529,0.098901,0.021978
2,1530,0.065934,0.021978
2,1531,0.054945,0.021978
2,1532,0.065934,0.021978
2,1533,0.087912,0.021978
2,1534,0.076923,0.021978
2,1535,0.065934,0.021978
2,1536,0.054945,0.021978
2,1537,0.076923,0.021978
2,1538,0.065934,0.021978
2,1539,0.043956,0.021978
2,1540,0.054945,0.021978
2,1541,0.043956,0.021978
2,1542,0.065934,0.021978
2,1543,0.065934,0.021978
2,1544,0.065934,0.021978
2,1545,0.065934,0.021978
2,1546,0.076923,0.021978
2,1547,0.065934,0.021978
2,1548,0.054945,0.021978
2,1549,0.065934,0.021978
2,1550,0.098901,0.021978
2,1551,0.054945,0.021978
2,1552,0.054945,0.021978
2,1553,0.065934,0.021978
2,1554,0.076923,0.021978
2,1555,0.098901,0.021978
2,1556,0.131868,0.021978
2,1557,0.153846,0.021978
2,1558,0.153846,0.021978
2,1559,0.142857,0.021978
2,1560,0.142857,0.021978
2,1561,0.087912,0.021978
2,1562,0.109890,0.021978
2,1563,0.087912,0.021978
2,1564,0.087912,0.021978
2,1565,0.098901,0.021978
2,1566,0.120879,0.021978
2,1567,0.087912,0.021978
2,1568,0.087912,0.021978
2,1569,0.065934,0.021978
2,1570,0.065934,0.021978
2,1571,0.076923,0.021978
2,1572,0.076923,0.021978
2,1573,0.098901,0.021978
2,1574,0.076923,0.021978
2,1575,0.065934,0.021978
2,1576,0.098901,0.021978
2,1577,0.109890,0.021978
2,1578,0.120879,0.021978
2,1579,0.098901,0.021978
2,1580,0.109890,0.021978
2,1581,0.120879,0.021978
2,1582,0.120879,0.021978
2,1583,0.120879,0.021978
2,1584,0.142857,0.021978
2,1585,0.142857,0.021978
2,1586,0.208791,0.021978
2,1587,0.164835,0.021978
2,1588,0.175824,0.021978
2,1589,0.142857,0.021978
2,1590,0.142857,0.021978
2,1591,0.164835,0.021978
2,1592,0.164835,0.021978
2,1593,0.142857,0.021978
2,1594,0.142857,0.021978
2,1595,0.175824,0.021978
2,1596,0.131868,0.021978
2,1597,0.153846,0.021978
2,1598,0.131868,0.021978
2,1599,0.153846,0.021978
2,1600,0.120879,0.021978
2,1601,0.153846,0.021978
2,1602,0.142857,0.021978
2,1603,0.142857,0.021978
2,1604,0.142857,0.021978
2,1605,0.120879,0.021978
2,1606,0.109890,0.021978
2,1607,0.109890,0.021978
2,1608,0.087912,0.021978
2,1609,0.087912,0.021978
2,1610,0.076923,0.021978
2,1611,0.087912,0.021978
2,1612,0.065934,0.021978
2,1613,0.076923,0.021978
2,1614,0.065934,0.021978
2,1615,0.076923,0.021978
2,1616,0.076923,0.021978
2,1617,0.054945,0.021978
2,1618,0.054945,0.021978
2,1619,0.065934,0.021978
2,1620,0.065934,0.021978
2,1621,0.076923,0.021978
2,1622,0.076923,0.021978
2,1623,0.076923,0.021978
2,1624,0.076923,0.021978
2,1625,0.120879,0.021978
2,1626,0.109890,0.021978
2,1627,0.098901,0.021978
2,1628,0.076923,0.021978
2,1629,0.065934,0.021978
2,1630,0.087912,0.021978
2,1631,0.131868,0.021978
2,1632,0.120879,0.021978
2,1633,0.098901,0.021978
2,1634,0.087912,0.021978
2,1635,0.120879,0.021978
2,1636,0.142857,0.021978
2,1637,0.142857,0.021978
2,1638,0.175824,0.021978
2,1639,0.197802,0.021978
2,1640,0.197802,0.021978
2,1641,0.186813,0.021978
2,1642,0.142857,0.021978
2,1643,0.120879,0.021978
2,1644,0.098901,0.021978
2,1645,0.098901,0.021978
2,1646,0.131868,0.021978
2,1647,0.109890,0.021978
2,1648,0.098901,0.021978
2,1649,0.109890,0.021978
2,1650,0.065934,0.021978
2,1651,0.076923,0.021978
2,1652,0.043956,0.021978
2,1653,0.043956,0.021978
2,1654,0.032967,0.021978
2,1655,0.032967,0.021978
2,1656,0.032967,0.021978
2,1657,0.076923,0.021978
2,1658,0.076923,0.021978
2,1659,0.087912,0.021978
2,1660,0.076923,0.021978
2,1661,0.076923,0.021978
2,1662,0.043956,0.021978
2,1663,0.043956,0.021978
2,1664,0.076923,0.021978
2,1665,0.087912,0.021978
2,1666,0.120879,0.021978
2,1667,0.131868,0.021978
2,1668,0.164835,0.021978
2,1669,0.142857,0.021978
2,1670,0.131868,0.021978
2,1671,0.153846,0.021978
2,1672,0.153846,0.021978
2,1673,0.175824,0.021978
2,1674,0.175824,0.021978
2,1675,0.186813,0.021978
2,1676,0.142857,0.021978
2,1677,0.142857,0.021978
2,1678,0.120879,0.021978
2,1679,0.131868,0.021978
2,1680,0.131868,0.021978
2,1681,0.087912,0.021978
2,1682,0.120879,0.021978
2,1683,0.142857,0.021978
2,1684,0.131868,0.021978
2,1685,0.120879,0.021978
2,1686,0.120879,0.021978
2,1687,0.109890,0.021978
2,1688,0.087912,0.021978
2,1689,0.098901,0.021978
2,1690,0.120879,0.021978
2,1691,0.065934,0.021978
2,1692,0.065934,0.021978
2,1693,0.065934,0.021978
2,1694,0.065934,0.021978
2,1695,0.065934,0.021978
2,1696,0.076923,0.021978
2,1697,0.065934,0.021978
2,1698,0.076923,0.021978
2,1699,0.065934,0.021978
2,1700,0.065934,0.021978
2,1701,0.087912,0.021978
2,1702,0.054945,0.021978
2,1703,0.054945,0.021978
2,1704,0.054945,0.021978
2,1705,0.087912,0.021978
2,1706,0.054945,0.021978
2,1707,0.054945,0.021978
2,1708,0.054945,0.021978
2,1709,0.054945,0.021978
2,1710,0.043956,0.021978
2,1711,0.032967,0.021978
2,1712,0.032967,0.021978
2,1713,0.043956,0.021978
2,1714,0.098901,0.021978
2,1715,0.076923,0.021978
2,1716,0.076923,0.021978
2,1717,0.109890,0.021978
2,1718,0.109890,0.021978
2,1719,0.076923,0.021978
2,1720,0.098901,0.021978
2,1721,0.109890,0.021978
2,1722,0.120879,0.021978
2,1723,0.131868,0.021978
2,1724,0.131868,0.021978
2,1725,0.131868,0.021978
2,1726,0.120879,0.021978
2,1727,0.131868,0.021978
2,1728,0.098901,0.021978
2,1729,0.098901,0.021978
2,1730,0.131868,0.021978
2,1731,0.142857,0.021978
2,1732,0.142857,0.021978
2,1733,0.131868,0.021978
2,1734,0.142857,0.021978
2,1735,0.142857,0.021978
2,1736,0.142857,0.021978
2,1737,0.109890,0.021978
2,1738,0.087912,0.021978
2,1739,0.076923,0.021978
2,1740,0.076923,0.021978
2,1741,0.076923,0.021978
2,1742,0.065934,0.021978
2,1743,0.043956,0.021978
2,1744,0.065934,0.021978
2,1745,0.098901,0.021978
2,1746,0.109890,0.021978
2,1747,0.109890,0.021978
2,1748,0.098901,0.021978
2,1749,0.098901,0.021978
2,1750,0.076923,0.021978
2,1751,0.076923,0.021978
2,1752,0.087912,0.021978
2,1753,0.076923,0.021978
2,1754,0.098901,0.021978
2,1755,0.065934,0.021978
2,1756,0.131868,0.021978
2,1757,0.230769,0.021978
2,1758,0.230769,0.021978
2,1759,0.208791,0.021978
2,1760,0.263736,0.021978
2,1761,0.285714,0.021978
2,1762,0.219780,0.021978
2,1763,0.197802,0.021978
2,1764,0.142857,0.021978
2,1765,0.120879,0.021978
2,1766,0.098901,0.021978
2,1767,0.065934,0.021978
2,1768,0.098901,0.021978
2,1769,0.087912,0.021978
2,1770,0.131868,0.021978
2,1771,0.131868,0.021978
2,1772,0.142857,0.021978
2,1773,0.109890,0.021978
2,1774,0.098901,0.021978
2,1775,0.109890,0.021978
2,1776,0.109890,0.021978
2,1777,0.131868,0.021978
2,1778,0.087912,0.021978
2,1779,0.087912,0.021978
2,1780,0.087912,0.021978
2,1781,0.087912,0.021978
2,1782,0.087912,0.021978
2,1783,0.098901,0.021978
2,1784,0.087912,0.021978
2,1785,0.120879,0.021978
2,1786,0.142857,0.021978
2,1787,0.131868,0.021978
2,1788,0.098901,0.021978
2,1789,0.098901,0.021978
2,1790,0.087912,0.021978
2,1791,0.120879,0.021978
2,1792,0.120879,0.021978
2,1793,0.131868,0.021978
2,1794,0.120879,0.021978
2,1795,0.120879,0.021978
2,1796,0.120879,0.021978
2,1797,0.109890,0.021978
2,1798,0.109890,0.021978
2,1799,0.098901,0.021978
2,1800,0.098901,0.021978
2,1801,0.109890,0.021978
2,1802,0.098901,0.021978
2,1803,0.098901,0.021978
2,1804,0.087912,0.021978
2,1805,0.120879,0.021978
2,1806,0.142857,0.021978
2,1807,0.120879,0.021978
2,1808,0.109890,0.021978
2,1809,0.109890,0.021978
2,1810,0.109890,0.021978
2,1811,0.087912,0.021978
2,1812,0.087912,0.021978
2,1813,0.076923,0.021978
2,1814,0.087912,0.021978
2,1815,0.054945,0.021978
2,1816,0.021978,0.021978
2,1817,0.032967,0.021978
2,1818,0.043956,0.021978
2,1819,0.054945,0.021978
2,1820,0.076923,0.021978
2,1821,0.098901,0.021978
2,1822,0.076923,0.021978
2,1823,0.087912,0.021978
2,1824,0.076923,0.021978
2,1825,0.076923,0.021978
2,1826,0.076923,0.021978
2,1827,0.087912,0.021978
2,1828,0.065934,0.021978
2,1829,0.065934,0.021978
2,1830,0.065934,0.021978
2,1831,0.087912,0.021978
2,1832,0.065934,0.021978
2,1833,0.065934,0.021978
2,1834,0.065934,0.021978
2,1835,0.076923,0.021978
2,1836,0.098901,0.021978
2,1837,0.098901,0.021978
2,1838,0.087912,0.021978
2,1839,0.109890,0.021978
2,1840,0.153846,0.021978
2,1841,0.142857,0.021978
2,1842,0.120879,0.021978
2,1843,0.109890,0.021978
2,1844,0.098901,0.021978
2,1845,0.087912,0.021978
2,1846,0.076923,0.021978
2,1847,0.076923,0.021978
2,1848,0.098901,0.021978
2,1849,0.120879,0.021978
2,1850,0.109890,0.021978
2,1851,0.087912,0.021978
2,1852,0.076923,0.021978
2,1853,0.076923,0.021978
2,1854,0.109890,0.021978
2,1855,0.076923,0.021978
2,1856,0.087912,0.021978
2,1857,0.109890,0.021978
2,1858,0.098901,0.021978
2,1859,0.120879,0.021978
2,1860,0.142857,0.021978
2,1861,0.142857,0.021978
2,1862,0.120879,0.021978
2,1863,0.120879,0.021978
2,1864,0.131868,0.021978
2,1865,0.153846,0.021978
2,1866,0.120879,0.021978
2,1867,0.120879,0.021978
2,1868,0.098901,0.021978
2,1869,0.120879,0.021978
2,1870,0.131868,0.021978
2,1871,0.131868,0.021978
2,1872,0.120879,0.021978
2,1873,0.120879,0.021978
2,1874,0.142857,0.021978
2,1875,0.186813,0.021978
2,1876,0.197802,0.021978
2,1877,0.175824,0.021978
2,1878,0.186813,0.021978
2,1879,0.175824,0.021978
2,1880,0.142857,0.021978
2,1881,0.120879,0.021978
2,1882,0.109890,0.021978
2,1883,0.109890,0.021978
2,1884,0.131868,0.021978
2,1885,0.131868,0.021978
2,1886,0.131868,0.021978
2,1887,0.131868,0.021978
2,1888,0.142857,0.021978
2,1889,0.142857,0.021978
2,1890,0.087912,0.021978
2,1891,0.087912,0.021978
2,1892,0.109890,0.021978
2,1893,0.131868,0.021978
2,1894,0.131868,0.021978
2,1895,0.131868,0.021978
2,1896,0.131868,0.021978
2,1897,0.120879,0.021978
2,1898,0.109890,0.021978
2,1899,0.087912,0.021978
2,1900,0.087912,0.021978
2,1901,0.098901,0.021978
2,1902,0.131868,0.021978
2,1903,0.131868,0.021978
2,1904,0.131868,0.021978
2,1905,0.109890,0.021978
2,1906,0.120879,0.021978
2,1907,0.120879,0.021978
2,1908,0.120879,0.021978
2,1909,0.120879,0.021978
2,1910,0.109890,0.021978
2,1911,0.076923,0.021978
2,1912,0.098901,0.021978
2,1913,0.109890,0.021978
2,1914,0.076923,0.021978
2,1915,0.109890,0.021978
2,1916,0.098901,0.021978
2,1917,0.076923,0.021978
2,1918,0.054945,0.021978
2,1919,0.054945,0.021978
2,1920,0.054945,0.021978
2,1921,0.065934,0.021978
2,1922,0.065934,0.021978
2,1923,0.076923,0.021978
2,1924,0.076923,0.021978
2,1925,0.076923,0.021978
2,1926,0.098901,0.021978
2,1927,0.109890,0.021978
2,1928,0.120879,0.021978
2,1929,0.087912,0.021978
2,1930,0.098901,0.021978
2,1931,0.087912,0.021978
2,1932,0.087912,0.021978
2,1933,0.065934,0.021978
2,1934,0.098901,0.021978
2,1935,0.098901,0.021978
2,1936,0.109890,0.021978
2,1937,0.098901,0.021978
2,1938,0.109890,0.021978
2,1939,0.109890,0.021978
2,1940,0.120879,0.021978
2,1941,0.120879,0.021978
2,1942,0.120879,0.021978
2,1943,0.098901,0.021978
2,1944,0.098901,0.021978
2,1945,0.131868,0.021978
2,1946,0.131868,0.021978
2,1947,0.120879,0.021978
2,1948,0.109890,0.021978
2,1949,0.120879,0.021978
2,1950,0.087912,0.021978
2,1951,0.076923,0.021978
2,1952,0.065934,0.021978
2,1953,0.065934,0.021978
2,1954,0.043956,0.021978
2,1955,0.076923,0.021978
2,1956,0.087912,0.021978
2,1957,0.109890,0.021978
2,1958,0.142857,0.021978
2,1959,0.131868,0.021978
2,1960,0.098901,0.021978
2,1961,0.098901,0.021978
2,1962,0.098901,0.021978
2,1963,0.109890,0.021978
2,1964,0.109890,0.021978
2,1965,0.109890,0.021978
2,1966,0.109890,0.021978
2,1967,0.109890,0.021978
2,1968,0.098901,0.021978
2,1969,0.087912,0.021978
2,1970,0.131868,0.021978
2,1971,0.120879,0.021978
2,1972,0.120879,0.021978
2,1973,0.109890,0.021978
2,1974,0.098901,0.021978
2,1975,0.043956,0.021978
2,1976,0.054945,0.021978
2,1977,0.054945,0.021978
2,1978,0.043956,0.021978
2,1979,0.054945,0.021978
2,1980,0.109890,0.021978
2,1981,0.120879,0.021978
2,1982,0.120879,0.021978
2,1983,0.120879,0.021978
2,1984,0.098901,0.021978
2,1985,0.087912,0.021978
2,1986,0.076923,0.021978
2,1987,0.098901,0.021978
2,1988,0.076923,0.021978
2,1989,0.109890,0.021978
2,1990,0.065934,0.021978
2,1991,0.032967,0.021978
2,1992,0.054945,0.021978
2,1993,0.065934,0.021978
2,1994,0.076923,0.021978
2,1995,0.076923,0.021978
2,1996,0.109890,0.021978
2,1997,0.142857,0.021978
2,1998,0.142857,0.021978
2,1999,0.153846,0.021978
2,2000,0.164835,0.021978
2,2001,0.131868,0.021978
2,2002,0.120879,0.021978
2,2003,0.098901,0.021978
2,2004,0.109890,0.021978
2,2005,0.098901,0.021978
2,2006,0.098901,0.021978
2,2007,0.109890,0.021978
2,2008,0.120879,0.021978
2,2009,0.098901,0.021978
2,2010,0.131868,0.021978
2,2011,0.120879,0.021978
2,2012,0.120879,0.021978
2,2013,0.076923,0.021978
2,2014,0.076923,0.021978
2,2015,0.087912,0.021978
2,2016,0.087912,0.021978
2,2017,0.087912,0.021978
2,2018,0.087912,0.021978
2,2019,0.120879,0.021978
2,2020,0.120879,0.021978
2,2021,0.076923,0.021978
2,2022,0.054945,0.021978
2,2023,0.120879,0.021978
2,2024,0.109890,0.021978
2,2025,0.043956,0.021978
2,2026,0.098901,0.021978
2,2027,0.098901,0.021978
2,2028,0.087912,0.021978
2,2029,0.098901,0.021978
2,2030,0.098901,0.021978
2,2031,0.131868,0.021978
2,2032,0.131868,0.021978
2,2033,0.131868,0.021978
2,2034,0.153846,0.021978
2,2035,0.131868,0.021978
2,2036,0.120879,0.021978
2,2037,0.131868,0.021978
2,2038,0.120879,0.021978
2,2039,0.131868,0.021978
2,2040,0.142857,0.021978
2,2041,0.109890,0.021978
2,2042,0.109890,0.021978
2,2043,0.131868,0.021978
2,2044,0.120879,0.021978
2,2045,0.131868,0.021978
2,2046,0.153846,0.021978
2,2047,0.153846,0.021978
2,2048,0.142857,0.021978
2,2049,0.120879,0.021978
2,2050,0.098901,0.021978
2,2051,0.087912,0.021978
2,2052,0.076923,0.021978
2,2053,0.054945,0.021978
2,2054,0.065934,0.021978
2,2055,0.065934,0.021978
2,2056,0.109890,0.021978
2,2057,0.087912,0.021978
2,2058,0.054945,0.021978
2,2059,0.054945,0.021978
2,2060,0.054945,0.021978
2,2061,0.065934,0.021978
2,2062,0.076923,0.021978
2,2063,0.065934,0.021978
2,2064,0.065934,0.021978
2,2065,0.065934,0.021978
2,2066,0.065934,0.021978
2,2067,0.076923,0.021978
2,2068,0.065934,0.021978
2,2069,0.087912,0.021978
2,2070,0.087912,0.021978
2,2071,0.087912,0.021978
2,2072,0.065934,0.021978
2,2073,0.087912,0.021978
2,2074,0.065934,0.021978
2,2075,0.054945,0.021978
2,2076,0.054945,0.021978
2,2077,0.032967,0.021978
2,2078,0.032967,0.021978
2,2079,0.043956,0.021978
2,2080,0.065934,0.021978
2,2081,0.065934,0.021978
2,2082,0.065934,0.021978
2,2083,0.065934,0.021978
2,2084,0.054945,0.021978
2,2085,0.065934,0.021978
2,2086,0.120879,0.021978
2,2087,0.131868,0.021978
2,2088,0.120879,0.021978
2,2089,0.098901,0.021978
2,2090,0.120879,0.021978
2,2091,0.131868,0.021978
2,2092,0.120879,0.021978
2,2093,0.109890,0.021978
2,2094,0.109890,0.021978
2,2095,0.109890,0.021978
2,2096,0.109890,0.021978
2,2097,0.109890,0.021978
2,2098,0.164835,0.021978
2,2099,0.175824,0.021978
2,2100,0.131868,0.021978
2,2101,0.142857,0.021978
2,2102,0.142857,0.021978
2,2103,0.109890,0.021978
2,2104,0.109890,0.021978
2,2105,0.109890,0.021978
2,2106,0.076923,0.021978
2,2107,0.098901,0.021978
2,2108,0.043956,0.021978
2,2109,0.043956,0.021978
2,2110,0.043956,0.021978
2,2111,0.076923,0.021978
2,2112,0.120879,0.021978
2,2113,0.109890,0.021978
2,2114,0.120879,0.021978
2,2115,0.120879,0.021978
2,2116,0.120879,0.021978
2,2117,0.120879,0.021978
2,2118,0.120879,0.021978
2,2119,0.120879,0.021978
2,2120,0.142857,0.021978
2,2121,0.109890,0.021978
2,2122,0.109890,0.021978
2,2123,0.109890,0.021978
2,2124,0.087912,0.021978
2,2125,0.087912,0.021978
2,2126,0.087912,0.021978
2,2127,0.131868,0.021978
2,2128,0.131868,0.021978
2,2129,0.087912,0.021978
2,2130,0.087912,0.021978
2,2131,0.076923,0.021978
2,2132,0.076923,0.021978
2,2133,0.065934,0.021978
2,2134,0.065934,0.021978
2,2135,0.087912,0.021978
2,2136,0.076923,0.021978
2,2137,0.076923,0.021978
2,2138,0.098901,0.021978
2,2139,0.087912,0.021978
2,2140,0.087912,0.021978
2,2141,0.076923,0.021978
2,2142,0.043956,0.021978
2,2143,0.043956,0.021978
2,2144,0.043956,0.021978
2,2145,0.065934,0.021978
2,2146,0.076923,0.021978
2,2147,0.098901,0.021978
2,2148,0.076923,0.021978
2,2149,0.076923,0.021978
2,2150,0.076923,0.021978
2,2151,0.065934,0.021978
2,2152,0.065934,0.021978
2,2153,0.076923,0.021978
2,2154,0.098901,0.021978
2,2155,0.109890,0.021978
2,2156,0.109890,0.021978
2,2157,0.120879,0.021978
2,2158,0.120879,0.021978
2,2159,0.153846,0.021978
2,2160,0.153846,0.021978
2,2161,0.164835,0.021978
2,2162,0.120879,0.021978
2,2163,0.142857,0.021978
2,2164,0.153846,0.021978
2,2165,0.153846,0.021978
2,2166,0.142857,0.021978
2,2167,0.131868,0.021978
2,2168,0.164835,0.021978
2,2169,0.153846,0.021978
2,2170,0.153846,0.021978
2,2171,0.142857,0.021978
2,2172,0.109890,0.021978
2,2173,0.076923,0.021978
2,2174,0.076923,0.021978
2,2175,0.065934,0.021978
2,2176,0.065934,0.021978
2,2177,0.076923,0.021978
2,2178,0.076923,0.021978
2,2179,0.098901,0.021978
2,2180,0.098901,0.021978
2,2181,0.087912,0.021978
2,2182,0.087912,0.021978
2,2183,0.109890,0.021978
2,2184,0.109890,0.021978
2,2185,0.109890,0.021978
2,2186,0.109890,0.021978
2,2187,0.109890,0.021978
2,2188,0.109890,0.021978
2,2189,0.109890,0.021978
2,2190,0.109890,0.021978
2,2191,0.076923,0.021978
2,2192,0.065934,0.021978
2,2193,0.065934,0.021978
2,2194,0.087912,0.021978
2,2195,0.065934,0.021978
2,2196,0.098901,0.021978
2,2197,0.098901,0.021978
2,2198,0.098901,0.021978
2,2199,0.087912,0.021978
2,2200,0.065934,0.021978
2,2201,0.087912,0.021978
2,2202,0.076923,0.021978
2,2203,0.065934,0.021978
2,2204,0.087912,0.021978
2,2205,0.087912,0.021978
2,2206,0.109890,0.021978
2,2207,0.098901,0.021978
2,2208,0.087912,0.021978
2,2209,0.087912,0.021978
2,2210,0.109890,0.021978
2,2211,0.109890,0.021978
2,2212,0.120879,0.021978
2,2213,0.109890,0.021978
2,2214,0.131868,0.021978
2,2215,0.109890,0.021978
2,2216,0.076923,0.021978
2,2217,0.098901,0.021978
2,2218,0.076923,0.021978
2,2219,0.076923,0.021978
2,2220,0.076923,0.021978
2,2221,0.109890,0.021978
2,2222,0.131868,0.021978
2,2223,0.131868,0.021978
2,2224,0.131868,0.021978
2,2225,0.164835,0.021978
2,2226,0.164835,0.021978
2,2227,0.120879,0.021978
2,2228,0.098901,0.021978
2,2229,0.120879,0.021978
2,2230,0.142857,0.021978
2,2231,0.120879,0.021978
2,2232,0.120879,0.021978
2,2233,0.131868,0.021978
2,2234,0.164835,0.021978
2,2235,0.186813,0.021978
2,2236,0.153846,0.021978
2,2237,0.109890,0.021978
2,2238,0.087912,0.021978
2,2239,0.043956,0.021978
2,2240,0.087912,0.021978
2,2241,0.087912,0.021978
2,2242,0.076923,0.021978
2,2243,0.076923,0.021978
2,2244,0.054945,0.021978
2,2245,0.054945,0.021978
2,2246,0.120879,0.021978
2,2247,0.109890,0.021978
2,2248,0.109890,0.021978
2,2249,0.131868,0.021978
2,2250,0.109890,0.021978
2,2251,0.087912,0.021978
2,2252,0.087912,0.021978
2,2253,0.098901,0.021978
2,2254,0.120879,0.021978
2,2255,0.076923,0.021978
2,2256,0.076923,0.021978
2,2257,0.054945,0.021978
2,2258,0.032967,0.021978
2,2259,0.010989,0.010989
2,2260,0.054945,0.010989
2,2261,0.054945,0.010989
2,2262,0.065934,0.010989
2,2263,0.065934,0.010989
2,2264,0.120879,0.010989
2,2265,0.109890,0.010989
2,2266,0.109890,0.010989
2,2267,0.109890,0.010989
2,2268,0.131868,0.010989
2,2269,0.109890,0.010989
2,2270,0.087912,0.010989
2,2271,0.109890,0.010989
2,2272,0.109890,0.010989
2,2273,0.054945,0.010989
2,2274,0.054945,0.010989
2,2275,0.054945,0.010989
2,2276,0.054945,0.010989
2,2277,0.054945,0.010989
2,2278,0.054945,0.010989
2,2279,0.054945,0.010989
2,2280,0.032967,0.010989
2,2281,0.032967,0.010989
2,2282,0.032967,0.010989
2,2283,0.032967,0.010989
2,2284,0.032967,0.010989
2,2285,0.087912,0.010989
2,2286,0.098901,0.010989
2,2287,0.087912,0.010989
2,2288,0.109890,0.010989
2,2289,0.120879,0.010989
2,2290,0.109890,0.010989
2,2291,0.065934,0.010989
2,2292,0.065934,0.010989
2,2293,0.065934,0.010989
2,2294,0.054945,0.010989
2,2295,0.076923,0.010989
2,2296,0.054945,0.010989
2,2297,0.054945,0.010989
2,2298,0.065934,0.010989
2,2299,0.054945,0.010989
2,2300,0.098901,0.010989
2,2301,0.087912,0.010989
2,2302,0.076923,0.010989
2,2303,0.076923,0.010989
2,2304,0.076923,0.010989
2,2305,0.076923,0.010989
2,2306,0.109890,0.010989
2,2307,0.120879,0.010989
2,2308,0.120879,0.010989
2,2309,0.131868,0.010989
2,2310,0.098901,0.010989
2,2311,0.087912,0.010989
2,2312,0.087912,0.010989
2,2313,0.098901,0.010989
2,2314,0.043956,0.010989
2,2315,0.043956,0.010989
2,2316,0.054945,0.010989
2,2317,0.065934,0.010989
2,2318,0.065934,0.010989
2,2319,0.076923,0.010989
2,2320,0.076923,0.010989
2,2321,0.076923,0.010989
2,2322,0.065934,0.010989
2,2323,0.065934,0.010989
2,2324,0.065934,0.010989
2,2325,0.065934,0.010989
2,2326,0.065934,0.010989
2,2327,0.065934,0.010989
2,2328,0.054945,0.010989
2,2329,0.054945,0.010989
2,2330,0.054945,0.010989
2,2331,0.043956,0.010989
2,2332,0.043956,0.010989
2,2333,0.043956,0.010989
2,2334,0.043956,0.010989
2,2335,0.043956,0.010989
2,2336,0.043956,0.010989
2,2337,0.043956,0.010989
2,2338,0.043956,0.010989
2,2339,0.043956,0.010989
2,2340,0.043956,0.010989
2,2341,0.076923,0.010989
2,2342,0.076923,0.010989
2,2343,0.065934,0.010989
2,2344,0.076923,0.010989
2,2345,0.065934,0.010989
2,2346,0.065934,0.010989
2,2347,0.087912,0.010989
2,2348,0.076923,0.010989
2,2349,0.109890,0.010989
2,2350,0.120879,0.010989
2,2351,0.109890,0.010989
2,2352,0.087912,0.010989
2,2353,0.109890,0.010989
2,2354,0.109890,0.010989
2,2355,0.120879,0.010989
2,2356,0.120879,0.010989
2,2357,0.120879,0.010989
2,2358,0.120879,0.010989
2,2359,0.120879,0.010989
2,2360,0.142857,0.010989
2,2361,0.120879,0.010989
2,2362,0.109890,0.010989
2,2363,0.076923,0.010989
2,2364,0.076923,0.010989
2,2365,0.065934,0.010989
2,2366,0.065934,0.010989
2,2367,0.065934,0.010989
2,2368,0.065934,0.010989
2,2369,0.065934,0.010989
2,2370,0.098901,0.010989
2,2371,0.087912,0.010989
2,2372,0.076923,0.010989
2,2373,0.109890,0.010989
2,2374,0.109890,0.010989
2,2375,0.120879,0.010989
2,2376,0.131868,0.010989
2,2377,0.164835,0.010989
2,2378,0.120879,0.010989
2,2379,0.109890,0.010989
2,2380,0.109890,0.010989
2,2381,0.109890,0.010989
2,2382,0.120879,0.010989
2,2383,0.131868,0.010989
2,2384,0.087912,0.010989
2,2385,0.087912,0.010989
2,2386,0.087912,0.010989
2,2387,0.109890,0.010989
2,2388,0.109890,0.010989
2,2389,0.109890,0.010989
2,2390,0.131868,0.010989
2,2391,0.142857,0.010989
2,2392,0.142857,0.010989
2,2393,0.109890,0.010989
2,2394,0.142857,0.010989
2,2395,0.142857,0.010989
2,2396,0.131868,0.010989
2,2397,0.131868,0.010989
2,2398,0.109890,0.010989
2,2399,0.120879,0.010989
2,2400,0.109890,0.010989
2,2401,0.109890,0.010989
2,2402,0.076923,0.010989
2,2403,0.076923,0.010989
2,2404,0.087912,0.010989
2,2405,0.087912,0.010989
2,2406,0.054945,0.010989
2,2407,0.065934,0.010989
2,2408,0.065934,0.010989
2,2409,0.065934,0.010989
2,2410,0.065934,0.010989
2,2411,0.065934,0.010989
2,2412,0.076923,0.010989
2,2413,0.065934,0.010989
2,2414,0.065934,0.010989
2,2415,0.065934,0.010989
2,2416,0.076923,0.010989
2,2417,0.109890,0.010989
2,2418,0.109890,0.010989
2,2419,0.076923,0.010989
2,2420,0.076923,0.010989
2,2421,0.076923,0.010989
2,2422,0.065934,0.010989
2,2423,0.065934,0.010989
2,2424,0.065934,0.010989
2,2425,0.065934,0.010989
2,2426,0.065934,0.010989
2,2427,0.076923,0.010989
2,2428,0.098901,0.010989
2,2429,0.109890,0.010989
2,2430,0.098901,0.010989
2,2431,0.098901,0.010989
2,2432,0.120879,0.010989
2,2433,0.142857,0.010989
2,2434,0.175824,0.010989
2,2435,0.164835,0.010989
2,2436,0.164835,0.010989
2,2437,0.142857,0.010989
2,2438,0.153846,0.010989
2,2439,0.098901,0.010989
2,2440,0.098901,0.010989
2,2441,0.109890,0.010989
2,2442,0.109890,0.010989
2,2443,0.098901,0.010989
2,2444,0.098901,0.010989
2,2445,0.065934,0.010989
2,2446,0.065934,0.010989
2,2447,0.109890,0.010989
2,2448,0.120879,0.010989
2,2449,0.142857,0.010989
2,2450,0.098901,0.010989
2,2451,0.087912,0.010989
2,2452,0.087912,0.010989
2,2453,0.087912,0.010989
2,2454,0.076923,0.010989
2,2455,0.076923,0.010989
2,2456,0.087912,0.010989
2,2457,0.098901,0.010989
2,2458,0.098901,0.010989
2,2459,0.076923,0.010989
2,2460,0.076923,0.010989
2,2461,0.065934,0.010989
2,2462,0.076923,0.010989
2,2463,0.054945,0.010989
2,2464,0.065934,0.010989
2,2465,0.087912,0.010989
2,2466,0.087912,0.010989
2,2467,0.087912,0.010989
2,2468,0.065934,0.010989
2,2469,0.065934,0.010989
2,2470,0.087912,0.010989
2,2471,0.065934,0.010989
2,2472,0.065934,0.010989
2,2473,0.065934,0.010989
2,2474,0.054945,0.010989
2,2475,0.076923,0.010989
2,2476,0.076923,0.010989
2,2477,0.098901,0.010989
2,2478,0.098901,0.010989
2,2479,0.087912,0.010989
2,2480,0.098901,0.010989
2,2481,0.065934,0.010989
2,2482,0.076923,0.010989
2,2483,0.076923,0.010989
2,2484,0.076923,0.010989
2,2485,0.054945,0.010989
2,2486,0.054945,0.010989
2,2487,0.054945,0.010989
2,2488,0.076923,0.010989
2,2489,0.076923,0.010989
2,2490,0.087912,0.010989
2,2491,0.076923,0.010989
2,2492,0.076923,0.010989
2,2493,0.076923,0.010989
2,2494,0.076923,0.010989
2,2495,0.076923,0.010989
2,2496,0.087912,0.010989
2,2497,0.087912,0.010989
2,2498,0.098901,0.010989
2,2499,0.098901,0.010989
2,2500,0.098901,0.010989
2,2501,0.098901,0.010989
2,2502,0.120879,0.010989
2,2503,0.120879,0.010989
2,2504,0.142857,0.010989
2,2505,0.153846,0.010989
2,2506,0.120879,0.010989
2,2507,0.098901,0.010989
2,2508,0.098901,0.010989
2,2509,0.120879,0.010989
2,2510,0.109890,0.010989
2,2511,0.065934,0.010989
2,2512,0.054945,0.010989
2,2513,0.032967,0.010989
2,2514,0.032967,0.010989
2,2515,0.032967,0.010989
2,2516,0.032967,0.010989
2,2517,0.054945,0.010989
2,2518,0.032967,0.010989
2,2519,0.032967,0.010989
2,2520,0.043956,0.010989
2,2521,0.065934,0.010989
2,2522,0.076923,0.010989
2,2523,0.054945,0.010989
2,2524,0.076923,0.010989
2,2525,0.087912,0.010989
2,2526,0.087912,0.010989
2,2527,0.087912,0.010989
2,2528,0.065934,0.010989
2,2529,0.065934,0.010989
2,2530,0.065934,0.010989
2,2531,0.076923,0.010989
2,2532,0.076923,0.010989
2,2533,0.054945,0.010989
2,2534,0.065934,0.010989
2,2535,0.065934,0.010989
2,2536,0.065934,0.010989
2,2537,0.065934,0.010989
2,2538,0.065934,0.010989
2,2539,0.065934,0.010989
2,2540,0.065934,0.010989
2,2541,0.065934,0.010989
2,2542,0.054945,0.010989
2,2543,0.065934,0.010989
2,2544,0.065934,0.010989
2,2545,0.065934,0.010989
2,2546,0.087912,0.010989
2,2547,0.098901,0.010989
2,2548,0.098901,0.010989
2,2549,0.098901,0.010989
2,2550,0.076923,0.010989
2,2551,0.098901,0.010989
2,2552,0.076923,0.010989
2,2553,0.065934,0.010989
2,2554,0.054945,0.010989
2,2555,0.065934,0.010989
2,2556,0.054945,0.010989
2,2557,0.054945,0.010989
2,2558,0.054945,0.010989
2,2559,0.065934,0.010989
2,2560,0.076923,0.010989
2,2561,0.076923,0.010989
2,2562,0.076923,0.010989
2,2563,0.065934,0.010989
2,2564,0.065934,0.010989
2,2565,0.065934,0.010989
2,2566,0.065934,0.010989
2,2567,0.065934,0.010989
2,2568,0.109890,0.010989
2,2569,0.109890,0.010989
2,2570,0.142857,0.010989
2,2571,0.197802,0.010989
2,2572,0.197802,0.010989
2,2573,0.164835,0.010989
2,2574,0.153846,0.010989
2,2575,0.131868,0.010989
2,2576,0.120879,0.010989
2,2577,0.098901,0.010989
2,2578,0.087912,0.010989
2,2579,0.087912,0.010989
2,2580,0.087912,0.010989
2,2581,0.098901,0.010989
2,2582,0.131868,0.010989
2,2583,0.131868,0.010989
2,2584,0.142857,0.010989
2,2585,0.109890,0.010989
2,2586,0.109890,0.010989
2,2587,0.087912,0.010989
2,2588,0.087912,0.010989
2,2589,0.065934,0.010989
2,2590,0.065934,0.010989
2,2591,0.065934,0.010989
2,2592,0.065934,0.010989
2,2593,0.065934,0.010989
2,2594,0.098901,0.010989
2,2595,0.109890,0.010989
2,2596,0.109890,0.010989
2,2597,0.098901,0.010989
2,2598,0.076923,0.010989
2,2599,0.076923,0.010989
2,2600,0.076923,0.010989
2,2601,0.065934,0.010989
2,2602,0.076923,0.010989
2,2603,0.076923,0.010989
2,2604,0.098901,0.010989
2,2605,0.076923,0.010989
2,2606,0.054945,0.010989
2,2607,0.043956,0.010989
2,2608,0.054945,0.010989
2,2609,0.054945,0.010989
2,2610,0.065934,0.010989
2,2611,0.065934,0.010989
2,2612,0.098901,0.010989
2,2613,0.109890,0.010989
2,2614,0.109890,0.010989
2,2615,0.109890,0.010989
2,2616,0.109890,0.010989
2,2617,0.109890,0.010989
2,2618,0.109890,0.010989
2,2619,0.065934,0.010989
2,2620,0.065934,0.010989
2,2621,0.065934,0.010989
2,2622,0.065934,0.010989
2,2623,0.076923,0.010989
2,2624,0.087912,0.010989
2,2625,0.098901,0.010989
2,2626,0.065934,0.010989
2,2627,0.054945,0.010989
2,2628,0.065934,0.010989
2,2629,0.065934,0.010989
2,2630,0.054945,0.010989
2,2631,0.054945,0.010989
2,2632,0.054945,0.010989
2,2633,0.054945,0.010989
2,2634,0.021978,0.010989
2,2635,0.032967,0.010989
2,2636,0.043956,0.010989
2,2637,0.032967,0.010989
2,2638,0.032967,0.010989
2,2639,0.043956,0.010989
2,2640,0.043956,0.010989
2,2641,0.065934,0.010989
2,2642,0.043956,0.010989
2,2643,0.043956,0.010989
2,2644,0.043956,0.010989
2,2645,0.043956,0.010989
2,2646,0.054945,0.010989
2,2647,0.065934,0.010989
2,2648,0.065934,0.010989
2,2649,0.065934,0.010989
2,2650,0.065934,0.010989
2,2651,0.065934,0.010989
2,2652,0.054945,0.010989
2,2653,0.054945,0.010989
2,2654,0.054945,0.010989
2,2655,0.054945,0.010989
2,2656,0.054945,0.010989
2,2657,0.054945,0.010989
2,2658,0.054945,0.010989
2,2659,0.054945,0.010989
2,2660,0.021978,0.010989
2,2661,0.021978,0.010989
2,2662,0.032967,0.010989
2,2663,0.032967,0.010989
2,2664,0.043956,0.010989
2,2665,0.043956,0.010989
2,2666,0.032967,0.010989
2,2667,0.032967,0.010989
2,2668,0.054945,0.010989
2,2669,0.054945,0.010989
2,2670,0.054945,0.010989
2,2671,0.054945,0.010989
2,2672,0.054945,0.010989
2,2673,0.054945,0.010989
2,2674,0.054945,0.010989
2,2675,0.054945,0.010989
2,2676,0.054945,0.010989
2,2677,0.054945,0.010989
2,2678,0.054945,0.010989
2,2679,0.065934,0.010989
2,2680,0.054945,0.010989
2,2681,0.054945,0.010989
2,2682,0.065934,0.010989
2,2683,0.087912,0.010989
2,2684,0.076923,0.010989
2,2685,0.065934,0.010989
2,2686,0.054945,0.010989
2,2687,0.054945,0.010989
2,2688,0.054945,0.010989
2,2689,0.043956,0.010989
2,2690,0.043956,0.010989
2,2691,0.054945,0.010989
2,2692,0.054945,0.010989
2,2693,0.043956,0.010989
2,2694,0.043956,0.010989
2,2695,0.043956,0.010989
2,2696,0.043956,0.010989
2,2697,0.043956,0.010989
2,2698,0.043956,0.010989
2,2699,0.065934,0.010989
2,2700,0.054945,0.010989
2,2701,0.065934,0.010989
2,2702,0.065934,0.010989
2,2703,0.065934,0.010989
2,2704,0.065934,0.010989
2,2705,0.076923,0.010989
2,2706,0.076923,0.010989
2,2707,0.076923,0.010989
2,2708,0.087912,0.010989
2,2709,0.109890,0.010989
2,2710,0.087912,0.010989
2,2711,0.098901,0.010989
2,2712,0.098901,0.010989
2,2713,0.109890,0.010989
2,2714,0.109890,0.010989
2,2715,0.109890,0.010989
2,2716,0.120879,0.010989
2,2717,0.120879,0.010989
2,2718,0.120879,0.010989
2,2719,0.120879,0.010989
2,2720,0.120879,0.010989
2,2721,0.120879,0.010989
2,2722,0.098901,0.010989
2,2723,0.098901,0.010989
2,2724,0.098901,0.010989
2,2725,0.109890,0.010989
2,2726,0.109890,0.010989
2,2727,0.109890,0.010989
2,2728,0.109890,0.010989
2,2729,0.109890,0.010989
2,2730,0.109890,0.010989
2,2731,0.087912,0.010989
2,2732,0.087912,0.010989
2,2733,0.098901,0.010989
2,2734,0.098901,0.010989
2,2735,0.098901,0.010989
2,2736,0.076923,0.010989
2,2737,0.076923,0.010989
2,2738,0.065934,0.010989
2,2739,0.065934,0.010989
2,2740,0.065934,0.010989
2,2741,0.043956,0.010989
2,2742,0.043956,0.010989
2,2743,0.043956,0.010989
2,2744,0.043956,0.010989
2,2745,0.043956,0.010989
2,2746,0.032967,0.010989
2,2747,0.054945,0.010989
2,2748,0.054945,0.010989
2,2749,0.087912,0.010989
2,2750,0.087912,0.010989
2,2751,0.098901,0.010989
2,2752,0.098901,0.010989
2,2753,0.098901,0.010989
2,2754,0.098901,0.010989
2,2755,0.087912,0.010989
2,2756,0.087912,0.010989
2,2757,0.065934,0.010989
2,2758,0.054945,0.010989
2,2759,0.054945,0.010989
2,2760,0.065934,0.010989
2,2761,0.065934,0.010989
2,2762,0.076923,0.010989
2,2763,0.109890,0.010989
2,2764,0.120879,0.010989
2,2765,0.087912,0.010989
2,2766,0.087912,0.010989
2,2767,0.087912,0.010989
2,2768,0.065934,0.010989
2,2769,0.087912,0.010989
2,2770,0.098901,0.010989
2,2771,0.109890,0.010989
2,2772,0.109890,0.010989
2,2773,0.120879,0.010989
2,2774,0.098901,0.010989
2,2775,0.098901,0.010989
2,2776,0.120879,0.010989
2,2777,0.109890,0.010989
2,2778,0.109890,0.010989
2,2779,0.109890,0.010989
2,2780,0.120879,0.010989
2,2781,0.120879,0.010989
2,2782,0.120879,0.010989
2,2783,0.098901,0.010989
2,2784,0.109890,0.010989
2,2785,0.087912,0.010989
2,2786,0.087912,0.010989
2,2787,0.087912,0.010989
2,2788,0.087912,0.010989
2,2789,0.076923,0.010989
2,2790,0.087912,0.010989
2,2791,0.076923,0.010989
2,2792,0.098901,0.010989
2,2793,0.087912,0.010989
2,2794,0.087912,0.010989
2,2795,0.087912,0.010989
2,2796,0.087912,0.010989
2,2797,0.098901,0.010989
2,2798,0.109890,0.010989
2,2799,0.098901,0.010989
2,2800,0.098901,0.010989
2,2801,0.098901,0.010989
2,2802,0.109890,0.010989
2,2803,0.109890,0.010989
2,2804,0.098901,0.010989
2,2805,0.076923,0.010989
2,2806,0.076923,0.010989
2,2807,0.087912,0.010989
2,2808,0.120879,0.010989
2,2809,0.098901,0.010989
2,2810,0.098901,0.010989
2,2811,0.087912,0.010989
2,2812,0.087912,0.010989
2,2813,0.098901,0.010989
2,2814,0.087912,0.010989
2,2815,0.087912,0.010989
2,2816,0.076923,0.010989
2,2817,0.076923,0.010989
2,2818,0.065934,0.010989
2,2819,0.054945,0.010989
2,2820,0.065934,0.010989
2,2821,0.065934,0.010989
2,2822,0.076923,0.010989
2,2823,0.076923,0.010989
2,2824,0.065934,0.010989
2,2825,0.065934,0.010989
2,2826,0.065934,0.010989
2,2827,0.076923,0.010989
2,2828,0.065934,0.010989
2,2829,0.065934,0.010989
2,2830,0.054945,0.010989
2,2831,0.065934,0.010989
2,2832,0.054945,0.010989
2,2833,0.054945,0.010989
2,2834,0.054945,0.010989
2,2835,0.054945,0.010989
2,2836,0.065934,0.010989
2,2837,0.065934,0.010989
2,2838,0.076923,0.010989
2,2839,0.065934,0.010989
2,2840,0.065934,0.010989
2,2841,0.076923,0.010989
2,2842,0.087912,0.010989
2,2843,0.087912,0.010989
2,2844,0.076923,0.010989
2,2845,0.087912,0.010989
2,2846,0.054945,0.010989
2,2847,0.043956,0.010989
2,2848,0.043956,0.010989
2,2849,0.043956,0.010989
2,2850,0.043956,0.010989
2,2851,0.043956,0.010989
2,2852,0.032967,0.010989
2,2853,0.032967,0.010989
2,2854,0.032967,0.010989
2,2855,0.032967,0.010989
2,2856,0.032967,0.010989
2,2857,0.032967,0.010989
2,2858,0.043956,0.010989
2,2859,0.043956,0.010989
2,2860,0.043956,0.010989
2,2861,0.032967,0.010989
2,2862,0.032967,0.010989
2,2863,0.043956,0.010989
2,2864,0.043956,0.010989
2,2865,0.043956,0.010989
2,2866,0.032967,0.010989
2,2867,0.032967,0.010989
2,2868,0.032967,0.010989
2,2869,0.021978,0.010989
2,2870,0.054945,0.010989
2,2871,0.032967,0.010989
2,2872,0.032967,0.010989
2,2873,0.021978,0.010989
2,2874,0.043956,0.010989
2,2875,0.043956,0.010989
2,2876,0.043956,0.010989
2,2877,0.043956,0.010989
2,2878,0.043956,0.010989
2,2879,0.032967,0.010989
2,2880,0.032967,0.010989
2,2881,0.032967,0.010989
2,2882,0.043956,0.010989
2,2883,0.032967,0.010989
2,2884,0.054945,0.010989
2,2885,0.054945,0.010989
2,2886,0.032967,0.010989
2,2887,0.032967,0.010989
2,2888,0.032967,0.010989
2,2889,0.021978,0.010989
2,2890,0.021978,0.010989
2,2891,0.021978,0.010989
2,2892,0.021978,0.010989
2,2893,0.021978,0.010989
2,2894,0.021978,0.010989
2,2895,0.021978,0.010989
2,2896,0.021978,0.010989
2,2897,0.021978,0.010989
2,2898,0.021978,0.010989
2,2899,0.032967,0.010989
2,2900,0.043956,0.010989
2,2901,0.043956,0.010989
2,2902,0.032967,0.010989
2,2903,0.032967,0.010989
2,2904,0.032967,0.010989
2,2905,0.032967,0.010989
2,2906,0.032967,0.010989
2,2907,0.032967,0.010989
2,2908,0.032967,0.010989
2,2909,0.032967,0.010989
2,2910,0.043956,0.010989
2,2911,0.043956,0.010989
2,2912,0.043956,0.010989
2,2913,0.043956,0.010989
2,2914,0.043956,0.010989
2,2915,0.043956,0.010989
2,2916,0.043956,0.010989
2,2917,0.043956,0.010989
2,2918,0.043956,0.010989
2,2919,0.043956,0.010989
2,2920,0.043956,0.010989
2,2921,0.054945,0.010989
2,2922,0.054945,0.010989
2,2923,0.054945,0.010989
2,2924,0.054945,0.010989
2,2925,0.065934,0.010989
2,2926,0.065934,0.010989
2,2927,0.065934,0.010989
2,2928,0.054945,0.010989
2,2929,0.043956,0.010989
2,2930,0.043956,0.010989
2,2931,0.043956,0.010989
2,2932,0.043956,0.010989
2,2933,0.043956,0.010989
2,2934,0.043956,0.010989
2,2935,0.043956,0.010989
2,2936,0.043956,0.010989
2,2937,0.043956,0.010989
2,2938,0.043956,0.010989
2,2939,0.043956,0.010989
2,2940,0.054945,0.010989
2,2941,0.054945,0.010989
2,2942,0.043956,0.010989
2,2943,0.043956,0.010989
2,2944,0.043956,0.010989
2,2945,0.032967,0.010989
2,2946,0.010989,0.010989
2,2947,0.010989,0.010989
2,2948,0.010989,0.010989
2,2949,0.010989,0.010989
2,2950,0.021978,0.010989
2,2951,0.032967,0.010989
2,2952,0.032967,0.010989
2,2953,0.032967,0.010989
2,2954,0.032967,0.010989
2,2955,0.032967,0.010989
2,2956,0.032967,0.010989
2,2957,0.032967,0.010989
2,2958,0.032967,0.010989
2,2959,0.010989,0.010989
2,2960,0.010989,0.010989
2,2961,0.010989,0.010989
2,2962,0.010989,0.010989
2,2963,0.010989,0.010989
2,2964,0.010989,0.010989
2,2965,0.010989,0.010989
2,2966,0.000000,0.000000
3,0,0.065934,0.065934
3,1,0.065934,0.065934
3,2,0.076923,0.065934
3,3,0.065934,0.065934
3,4,0.065934,0.065934
3,5,0.043956,0.043956
3,6,0.054945,0.043956
3,7,0.065934,0.043956
3,8,0.087912,0.043956
3,9,0.098901,0.043956
3,10,0.120879,0.043956
3,11,0.120879,0.043956
3,12,0.120879,0.043956
3,13,0.120879,0.043956
3,14,0.109890,0.043956
3,15,0.131868,0.043956
3,16,0.164835,0.043956
3,17,0.153846,0.043956
3,18,0.142857,0.043956
3,19,0.120879,0.043956
3,20,0.120879,0.043956
3,21,0.131868,0.043956
3,22,0.142857,0.043956
3,23,0.175824,0.043956
3,24,0.175824,0.043956
3,25,0.153846,0.043956
3,26,0.164835,0.043956
3,27,0.175824,0.043956
3,28,0.175824,0.043956
3,29,0.153846,0.043956
3,30,0.164835,0.043956
3,31,0.197802,0.043956
3,32,0.219780,0.043956
3,33,0.197802,0.043956
3,34,0.175824,0.043956
3,35,0.186813,0.043956
3,36,0.164835,0.043956
3,37,0.208791,0.043956
3,38,0.208791,0.043956
3,39,0.208791,0.043956
3,40,0.208791,0.043956
3,41,0.186813,0.043956
3,42,0.164835,0.043956
3,43,0.175824,0.043956
3,44,0.219780,0.043956
3,45,0.208791,0.043956
3,46,0.197802,0.043956
3,47,0.153846,0.043956
3,48,0.120879,0.043956
3,49,0.109890,0.043956
3,50,0.098901,0.043956
3,51,0.109890,0.043956
3,52,0.131868,0.043956
3,53,0.120879,0.043956
3,54,0.164835,0.043956
3,55,0.186813,0.043956
3,56,0.164835,0.043956
3,57,0.208791,0.043956
3,58,0.219780,0.043956
3,59,0.219780,0.043956
3,60,0.175824,0.043956
3,61,0.164835,0.043956
3,62,0.087912,0.043956
3,63,0.098901,0.043956
3,64,0.098901,0.043956
3,65,0.109890,0.043956
3,66,0.098901,0.043956
3,67,0.076923,0.043956
3,68,0.109890,0.043956
3,69,0.076923,0.043956
3,70,0.087912,0.043956
3,71,0.087912,0.043956
3,72,0.087912,0.043956
3,73,0.098901,0.043956
3,74,0.087912,0.043956
3,75,0.098901,0.043956
3,76,0.076923,0.043956
3,77,0.098901,0.043956
3,78,0.109890,0.043956
3,79,0.120879,0.043956
3,80,0.109890,0.043956
3,81,0.098901,0.043956
3,82,0.076923,0.043956
3,83,0.087912,0.043956
3,84,0.109890,0.043956
3,85,0.076923,0.043956
3,86,0.076923,0.043956
3,87,0.076923,0.043956
3,88,0.054945,0.043956
3,89,0.054945,0.043956
3,90,0.065934,0.043956
3,91,0.109890,0.043956
3,92,0.109890,0.043956
3,93,0.131868,0.043956
3,94,0.131868,0.043956
3,95,0.142857,0.043956
3,96,0.131868,0.043956
3,97,0.131868,0.043956
3,98,0.142857,0.043956
3,99,0.131868,0.043956
3,100,0.120879,0.043956
3,101,0.164835,0.043956
3,102,0.153846,0.043956
3,103,0.186813,0.043956
3,104,0.197802,0.043956
3,105,0.175824,0.043956
3,106,0.175824,0.043956
3,107,0.153846,0.043956
3,108,0.153846,0.043956
3,109,0.153846,0.043956
3,110,0.175824,0.043956
3,111,0.208791,0.043956
3,112,0.186813,0.043956
3,113,0.186813,0.043956
3,114,0.197802,0.043956
3,115,0.197802,0.043956
3,116,0.153846,0.043956
3,117,0.120879,0.043956
3,118,0.153846,0.043956
3,119,0.175824,0.043956
3,120,0.153846,0.043956
3,121,0.153846,0.043956
3,122,0.164835,0.043956
3,123,0.131868,0.043956
3,124,0.087912,0.043956
3,125,0.109890,0.043956
3,126,0.153846,0.043956
3,127,0.175824,0.043956
3,128,0.142857,0.043956
3,129,0.131868,0.043956
3,130,0.153846,0.043956
3,131,0.142857,0.043956
3,132,0.197802,0.043956
3,133,0.186813,0.043956
3,134,0.186813,0.043956
3,135,0.197802,0.043956
3,136,0.186813,0.043956
3,137,0.153846,0.043956
3,138,0.142857,0.043956
3,139,0.142857,0.043956
3,140,0.153846,0.043956
3,141,0.153846,0.043956
3,142,0.131868,0.043956
3,143,0.153846,0.043956
3,144,0.109890,0.043956
3,145,0.098901,0.043956
3,146,0.087912,0.043956
3,147,0.109890,0.043956
3,148,0.109890,0.043956
3,149,0.142857,0.043956
3,150,0.131868,0.043956
3,151,0.131868,0.043956
3,152,0.120879,0.043956
3,153,0.109890,0.043956
3,154,0.120879,0.043956
3,155,0.098901,0.043956
3,156,0.120879,0.043956
3,157,0.098901,0.043956
3,158,0.109890,0.043956
3,159,0.120879,0.043956
3,160,0.142857,0.043956
3,161,0.164835,0.043956
3,162,0.142857,0.043956
3,163,0.186813,0.043956
3,164,0.153846,0.043956
3,165,0.153846,0.043956
3,166,0.186813,0.043956
3,167,0.230769,0.043956
3,168,0.197802,0.043956
3,169,0.153846,0.043956
3,170,0.120879,0.043956
3,171,0.120879,0.043956
3,172,0.120879,0.043956
3,173,0.120879,0.043956
3,174,0.164835,0.043956
3,175,0.175824,0.043956
3,176,0.219780,0.043956
3,177,0.208791,0.043956
3,178,0.219780,0.043956
3,179,0.175824,0.043956
3,180,0.164835,0.043956
3,181,0.175824,0.043956
3,182,0.142857,0.043956
3,183,0.109890,0.043956
3,184,0.098901,0.043956
3,185,0.142857,0.043956
3,186,0.120879,0.043956
3,187,0.087912,0.043956
3,188,0.109890,0.043956
3,189,0.120879,0.043956
3,190,0.120879,0.043956
3,191,0.098901,0.043956
3,192,0.098901,0.043956
3,193,0.098901,0.043956
3,194,0.087912,0.043956
3,195,0.098901,0.043956
3,196,0.076923,0.043956
3,197,0.065934,0.043956
3,198,0.076923,0.043956
3,199,0.076923,0.043956
3,200,0.098901,0.043956
3,201,0.098901,0.043956
3,202,0.098901,0.043956
3,203,0.098901,0.043956
3,204,0.087912,0.043956
3,205,0.076923,0.043956
3,206,0.109890,0.043956
3,207,0.142857,0.043956
3,208,0.120879,0.043956
3,209,0.131868,0.043956
3,210,0.120879,0.043956
3,211,0.153846,0.043956
3,212,0.131868,0.043956
3,213,0.120879,0.043956
3,214,0.098901,0.043956
3,215,0.120879,0.043956
3,216,0.120879,0.043956
3,217,0.131868,0.043956
3,218,0.087912,0.043956
3,219,0.065934,0.043956
3,220,0.054945,0.043956
3,221,0.087912,0.043956
3,222,0.131868,0.043956
3,223,0.131868,0.043956
3,224,0.164835,0.043956
3,225,0.120879,0.043956
3,226,0.120879,0.043956
3,227,0.109890,0.043956
3,228,0.120879,0.043956
3,229,0.120879,0.043956
3,230,0.109890,0.043956
3,231,0.098901,0.043956
3,232,0.109890,0.043956
3,233,0.131868,0.043956
3,234,0.164835,0.043956
3,235,0.197802,0.043956
3,236,0.164835,0.043956
3,237,0.164835,0.043956
3,238,0.175824,0.043956
3,239,0.175824,0.043956
3,240,0.175824,0.043956
3,241,0.164835,0.043956
3,242,0.186813,0.043956
3,243,0.131868,0.043956
3,244,0.131868,0.043956
3,245,0.153846,0.043956
3,246,0.131868,0.043956
3,247,0.142857,0.043956
3,248,0.142857,0.043956
3,249,0.131868,0.043956
3,250,0.153846,0.043956
3,251,0.175824,0.043956
3,252,0.186813,0.043956
3,253,0.153846,0.043956
3,254,0.120879,0.043956
3,255,0.120879,0.043956
3,256,0.109890,0.043956
3,257,0.153846,0.043956
3,258,0.164835,0.043956
3,259,0.153846,0.043956
3,260,0.175824,0.043956
3,261,0.153846,0.043956
3,262,0.175824,0.043956
3,263,0.164835,0.043956
3,264,0.120879,0.043956
3,265,0.153846,0.043956
3,266,0.120879,0.043956
3,267,0.120879,0.043956
3,268,0.098901,0.043956
3,269,0.098901,0.043956
3,270,0.087912,0.043956
3,271,0.043956,0.043956
3,272,0.054945,0.043956
3,273,0.087912,0.043956
3,274,0.109890,0.043956
3,275,0.131868,0.043956
3,276,0.197802,0.043956
3,277,0.164835,0.043956
3,278,0.175824,0.043956
3,279,0.186813,0.043956
3,280,0.153846,0.043956
3,281,0.164835,0.043956
3,282,0.131868,0.043956
3,283,0.164835,0.043956
3,284,0.153846,0.043956
3,285,0.142857,0.043956
3,286,0.164835,0.043956
3,287,0.175824,0.043956
3,288,0.153846,0.043956
3,289,0.109890,0.043956
3,290,0.142857,0.043956
3,291,0.175824,0.043956
3,292,0.131868,0.043956
3,293,0.109890,0.043956
3,294,0.098901,0.043956
3,295,0.076923,0.043956
3,296,0.076923,0.043956
3,297,0.076923,0.043956
3,298,0.109890,0.043956
3,299,0.120879,0.043956
3,300,0.109890,0.043956
3,301,0.120879,0.043956
3,302,0.109890,0.043956
3,303,0.098901,0.043956
3,304,0.087912,0.043956
3,305,0.087912,0.043956
3,306,0.076923,0.043956
3,307,0.076923,0.043956
3,308,0.098901,0.043956
3,309,0.142857,0.043956
3,310,0.120879,0.043956
3,311,0.131868,0.043956
3,312,0.109890,0.043956
3,313,0.153846,0.043956
3,314,0.142857,0.043956
3,315,0.142857,0.043956
3,316,0.142857,0.043956
3,317,0.109890,0.043956
3,318,0.120879,0.043956
3,319,0.109890,0.043956
3,320,0.120879,0.043956
3,321,0.120879,0.043956
3,322,0.109890,0.043956
3,323,0.120879,0.043956
3,324,0.142857,0.043956
3,325,0.120879,0.043956
3,326,0.142857,0.043956
3,327,0.131868,0.043956
3,328,0.142857,0.043956
3,329,0.175824,0.043956
3,330,0.142857,0.043956
3,331,0.131868,0.043956
3,332,0.109890,0.043956
3,333,0.098901,0.043956
3,334,0.098901,0.043956
3,335,0.109890,0.043956
3,336,0.153846,0.043956
3,337,0.131868,0.043956
3,338,0.153846,0.043956
3,339,0.164835,0.043956
3,340,0.142857,0.043956
3,341,0.120879,0.043956
3,342,0.120879,0.043956
3,343,0.142857,0.043956
3,344,0.142857,0.043956
3,345,0.142857,0.043956
3,346,0.153846,0.043956
3,347,0.120879,0.043956
3,348,0.076923,0.043956
3,349,0.076923,0.043956
3,350,0.087912,0.043956
3,351,0.131868,0.043956
3,352,0.131868,0.043956
3,353,0.098901,0.043956
3,354,0.131868,0.043956
3,355,0.142857,0.043956
3,356,0.109890,0.043956
3,357,0.109890,0.043956
3,358,0.131868,0.043956
3,359,0.142857,0.043956
3,360,0.175824,0.043956
3,361,0.164835,0.043956
3,362,0.164835,0.043956
3,363,0.153846,0.043956
3,364,0.153846,0.043956
3,365,0.175824,0.043956
3,366,0.175824,0.043956
3,367,0.164835,0.043956
3,368,0.164835,0.043956
3,369,0.164835,0.043956
3,370,0.164835,0.043956
3,371,0.153846,0.043956
3,372,0.164835,0.043956
3,373,0.164835,0.043956
3,374,0.153846,0.043956
3,375,0.131868,0.043956
3,376,0.131868,0.043956
3,377,0.109890,0.043956
3,378,0.142857,0.043956
3,379,0.131868,0.043956
3,380,0.142857,0.043956
3,381,0.175824,0.043956
3,382,0.175824,0.043956
3,383,0.131868,0.043956
3,384,0.153846,0.043956
3,385,0.164835,0.043956
3,386,0.153846,0.043956
3,387,0.142857,0.043956
3,388,0.098901,0.043956
3,389,0.131868,0.043956
3,390,0.142857,0.043956
3,391,0.153846,0.043956
3,392,0.120879,0.043956
3,393,0.109890,0.043956
3,394,0.087912,0.043956
3,395,0.131868,0.043956
3,396,0.153846,0.043956
3,397,0.175824,0.043956
3,398,0.197802,0.043956
3,399,0.164835,0.043956
3,400,0.120879,0.043956
3,401,0.120879,0.043956
3,402,0.120879,0.043956
3,403,0.164835,0.043956
3,404,0.153846,0.043956
3,405,0.164835,0.043956
3,406,0.153846,0.043956
3,407,0.142857,0.043956
3,408,0.153846,0.043956
3,409,0.142857,0.043956
3,410,0.098901,0.043956
3,411,0.142857,0.043956
3,412,0.142857,0.043956
3,413,0.164835,0.043956
3,414,0.142857,0.043956
3,415,0.142857,0.043956
3,416,0.131868,0.043956
3,417,0.142857,0.043956
3,418,0.109890,0.043956
3,419,0.120879,0.043956
3,420,0.120879,0.043956
3,421,0.120879,0.043956
3,422,0.120879,0.043956
3,423,0.109890,0.043956
3,424,0.142857,0.043956
3,425,0.131868,0.043956
3,426,0.153846,0.043956
3,427,0.164835,0.043956
3,428,0.131868,0.043956
3,429,0.153846,0.043956
3,430,0.142857,0.043956
3,431,0.153846,0.043956
3,432,0.153846,0.043956
3,433,0.175824,0.043956
3,434,0.153846,0.043956
3,435,0.142857,0.043956
3,436,0.131868,0.043956
3,437,0.153846,0.043956
3,438,0.164835,0.043956
3,439,0.219780,0.043956
3,440,0.197802,0.043956
3,441,0.164835,0.043956
3,442,0.142857,0.043956
3,443,0.164835,0.043956
3,444,0.164835,0.043956
3,445,0.153846,0.043956
3,446,0.153846,0.043956
3,447,0.153846,0.043956
3,448,0.175824,0.043956
3,449,0.142857,0.043956
3,450,0.164835,0.043956
3,451,0.164835,0.043956
3,452,0.142857,0.043956
3,453,0.164835,0.043956
3,454,0.164835,0.043956
3,455,0.153846,0.043956
3,456,0.153846,0.043956
3,457,0.164835,0.043956
3,458,0.120879,0.043956
3,459,0.098901,0.043956
3,460,0.131868,0.043956
3,461,0.098901,0.043956
3,462,0.120879,0.043956
3,463,0.109890,0.043956
3,464,0.131868,0.043956
3,465,0.109890,0.043956
3,466,0.098901,0.043956
3,467,0.120879,0.043956
3,468,0.131868,0.043956
3,469,0.142857,0.043956
3,470,0.153846,0.043956
3,471,0.186813,0.043956
3,472,0.208791,0.043956
3,473,0.197802,0.043956
3,474,0.164835,0.043956
3,475,0.175824,0.043956
3,476,0.153846,0.043956
3,477,0.175824,0.043956
3,478,0.153846,0.043956
3,479,0.142857,0.043956
3,480,0.131868,0.043956
3,481,0.142857,0.043956
3,482,0.098901,0.043956
3,483,0.109890,0.043956
3,484,0.109890,0.043956
3,485,0.109890,0.043956
3,486,0.098901,0.043956
3,487,0.065934,0.043956
3,488,0.076923,0.043956
3,489,0.076923,0.043956
3,490,0.076923,0.043956
3,491,0.109890,0.043956
3,492,0.098901,0.043956
3,493,0.098901,0.043956
3,494,0.098901,0.043956
3,495,0.120879,0.043956
3,496,0.120879,0.043956
3,497,0.131868,0.043956
3,498,0.142857,0.043956
3,499,0.131868,0.043956
3,500,0.131868,0.043956
3,501,0.131868,0.043956
3,502,0.131868,0.043956
3,503,0.120879,0.043956
3,504,0.131868,0.043956
3,505,0.098901,0.043956
3,506,0.087912,0.043956
3,507,0.098901,0.043956
3,508,0.142857,0.043956
3,509,0.142857,0.043956
3,510,0.153846,0.043956
3,511,0.153846,0.043956
3,512,0.142857,0.043956
3,513,0.142857,0.043956
3,514,0.131868,0.043956
3,515,0.131868,0.043956
3,516,0.098901,0.043956
3,517,0.087912,0.043956
3,518,0.120879,0.043956
3,519,0.153846,0.043956
3,520,0.131868,0.043956
3,521,0.153846,0.043956
3,522,0.164835,0.043956
3,523,0.153846,0.043956
3,524,0.142857,0.043956
3,525,0.109890,0.043956
3,526,0.120879,0.043956
3,527,0.109890,0.043956
3,528,0.087912,0.043956
3,529,0.087912,0.043956
3,530,0.109890,0.043956
3,531,0.131868,0.043956
3,532,0.142857,0.043956
3,533,0.120879,0.043956
3,534,0.109890,0.043956
3,535,0.098901,0.043956
3,536,0.098901,0.043956
3,537,0.142857,0.043956
3,538,0.164835,0.043956
3,539,0.175824,0.043956
3,540,0.142857,0.043956
3,541,0.142857,0.043956
3,542,0.131868,0.043956
3,543,0.109890,0.043956
3,544,0.098901,0.043956
3,545,0.065934,0.043956
3,546,0.076923,0.043956
3,547,0.076923,0.043956
3,548,0.098901,0.043956
3,549,0.131868,0.043956
3,550,0.131868,0.043956
3,551,0.175824,0.043956
3,552,0.142857,0.043956
3,553,0.098901,0.043956
3,554,0.065934,0.043956
3,555,0.098901,0.043956
3,556,0.098901,0.043956
3,557,0.098901,0.043956
3,558,0.087912,0.043956
3,559,0.076923,0.043956
3,560,0.087912,0.043956
3,561,0.076923,0.043956
3,562,0.087912,0.043956
3,563,0.065934,0.043956
3,564,0.120879,0.043956
3,565,0.142857,0.043956
3,566,0.142857,0.043956
3,567,0.120879,0.043956
3,568,0.087912,0.043956
3,569,0.087912,0.043956
3,570,0.109890,0.043956
3,571,0.109890,0.043956
3,572,0.109890,0.043956
3,573,0.109890,0.043956
3,574,0.109890,0.043956
3,575,0.109890,0.043956
3,576,0.109890,0.043956
3,577,0.131868,0.043956
3,578,0.153846,0.043956
3,579,0.175824,0.043956
3,580,0.175824,0.043956
3,581,0.164835,0.043956
3,582,0.131868,0.043956
3,583,0.131868,0.043956
3,584,0.098901,0.043956
3,585,0.076923,0.043956
3,586,0.065934,0.043956
3,587,0.087912,0.043956
3,588,0.109890,0.043956
3,589,0.098901,0.043956
3,590,0.087912,0.043956
3,591,0.098901,0.043956
3,592,0.098901,0.043956
3,593,0.109890,0.043956
3,594,0.109890,0.043956
3,595,0.120879,0.043956
3,596,0.131868,0.043956
3,597,0.142857,0.043956
3,598,0.109890,0.043956
3,599,0.120879,0.043956
3,600,0.109890,0.043956
3,601,0.109890,0.043956
3,602,0.109890,0.043956
3,603,0.109890,0.043956
3,604,0.120879,0.043956
3,605,0.142857,0.043956
3,606,0.142857,0.043956
3,607,0.120879,0.043956
3,608,0.131868,0.043956
3,609,0.098901,0.043956
3,610,0.120879,0.043956
3,611,0.098901,0.043956
3,612,0.098901,0.043956
3,613,0.120879,0.043956
3,614,0.120879,0.043956
3,615,0.109890,0.043956
3,616,0.120879,0.043956
3,617,0.098901,0.043956
3,618,0.087912,0.043956
3,619,0.109890,0.043956
3,620,0.109890,0.043956
3,621,0.109890,0.043956
3,622,0.109890,0.043956
3,623,0.109890,0.043956
3,624,0.098901,0.043956
3,625,0.098901,0.043956
3,626,0.098901,0.043956
3,627,0.120879,0.043956
3,628,0.131868,0.043956
3,629,0.098901,0.043956
3,630,0.109890,0.043956
3,631,0.065934,0.043956
3,632,0.076923,0.043956
3,633,0.076923,0.043956
3,634,0.076923,0.043956
3,635,0.076923,0.043956
3,636,0.087912,0.043956
3,637,0.120879,0.043956
3,638,0.109890,0.043956
3,639,0.087912,0.043956
3,640,0.087912,0.043956
3,641,0.109890,0.043956
3,642,0.087912,0.043956
3,643,0.065934,0.043956
3,644,0.054945,0.043956
3,645,0.076923,0.043956
3,646,0.087912,0.043956
3,647,0.098901,0.043956
3,648,0.087912,0.043956
3,649,0.120879,0.043956
3,650,0.120879,0.043956
3,651,0.131868,0.043956
3,652,0.120879,0.043956
3,653,0.153846,0.043956
3,654,0.153846,0.043956
3,655,0.131868,0.043956
3,656,0.153846,0.043956
3,657,0.175824,0.043956
3,658,0.164835,0.043956
3,659,0.142857,0.043956
3,660,0.142857,0.043956
3,661,0.109890,0.043956
3,662,0.098901,0.043956
3,663,0.142857,0.043956
3,664,0.153846,0.043956
3,665,0.131868,0.043956
3,666,0.142857,0.043956
3,667,0.120879,0.043956
3,668,0.131868,0.043956
3,669,0.131868,0.043956
3,670,0.098901,0.043956
3,671,0.109890,0.043956
3,672,0.131868,0.043956
3,673,0.142857,0.043956
3,674,0.131868,0.043956
3,675,0.098901,0.043956
3,676,0.098901,0.043956
3,677,0.098901,0.043956
3,678,0.109890,0.043956
3,679,0.087912,0.043956
3,680,0.087912,0.043956
3,681,0.109890,0.043956
3,682,0.098901,0.043956
3,683,0.098901,0.043956
3,684,0.109890,0.043956
3,685,0.109890,0.043956
3,686,0.153846,0.043956
3,687,0.120879,0.043956
3,688,0.120879,0.043956
3,689,0.109890,0.043956
3,690,0.076923,0.043956
3,691,0.065934,0.043956
3,692,0.087912,0.043956
3,693,0.065934,0.043956
3,694,0.076923,0.043956
3,695,0.065934,0.043956
3,696,0.131868,0.043956
3,697,0.131868,0.043956
3,698,0.142857,0.043956
3,699,0.175824,0.043956
3,700,0.197802,0.043956
3,701,0.175824,0.043956
3,702,0.186813,0.043956
3,703,0.197802,0.043956
3,704,0.186813,0.043956
3,705,0.164835,0.043956
3,706,0.131868,0.043956
3,707,0.120879,0.043956
3,708,0.098901,0.043956
3,709,0.087912,0.043956
3,710,0.087912,0.043956
3,711,0.109890,0.043956
3,712,0.120879,0.043956
3,713,0.131868,0.043956
3,714,0.142857,0.043956
3,715,0.164835,0.043956
3,716,0.153846,0.043956
3,717,0.120879,0.043956
3,718,0.109890,0.043956
3,719,0.109890,0.043956
3,720,0.120879,0.043956
3,721,0.153846,0.043956
3,722,0.142857,0.043956
3,723,0.197802,0.043956
3,724,0.241758,0.043956
3,725,0.241758,0.043956
3,726,0.241758,0.043956
3,727,0.197802,0.043956
3,728,0.230769,0.043956
3,729,0.175824,0.043956
3,730,0.164835,0.043956
3,731,0.175824,0.043956
3,732,0.153846,0.043956
3,733,0.131868,0.043956
3,734,0.131868,0.043956
3,735,0.142857,0.043956
3,736,0.142857,0.043956
3,737,0.142857,0.043956
3,738,0.153846,0.043956
3,739,0.142857,0.043956
3,740,0.142857,0.043956
3,741,0.142857,0.043956
3,742,0.131868,0.043956
3,743,0.131868,0.043956
3,744,0.131868,0.043956
3,745,0.131868,0.043956
3,746,0.142857,0.043956
3,747,0.131868,0.043956
3,748,0.142857,0.043956
3,749,0.153846,0.043956
3,750,0.186813,0.043956
3,751,0.131868,0.043956
3,752,0.109890,0.043956
3,753,0.109890,0.043956
3,754,0.087912,0.043956
3,755,0.087912,0.043956
3,756,0.054945,0.043956
3,757,0.065934,0.043956
3,758,0.054945,0.043956
3,759,0.054945,0.043956
3,760,0.043956,0.043956
3,761,0.087912,0.043956
3,762,0.087912,0.043956
3,763,0.076923,0.043956
3,764,0.076923,0.043956
3,765,0.098901,0.043956
3,766,0.087912,0.043956
3,767,0.098901,0.043956
3,768,0.120879,0.043956
3,769,0.109890,0.043956
3,770,0.131868,0.043956
3,771,0.153846,0.043956
3,772,0.164835,0.043956
3,773,0.153846,0.043956
3,774,0.153846,0.043956
3,775,0.120879,0.043956
3,776,0.142857,0.043956
3,777,0.175824,0.043956
3,778,0.175824,0.043956
3,779,0.131868,0.043956
3,780,0.120879,0.043956
3,781,0.109890,0.043956
3,782,0.131868,0.043956
3,783,0.098901,0.043956
3,784,0.153846,0.043956
3,785,0.098901,0.043956
3,786,0.142857,0.043956
3,787,0.109890,0.043956
3,788,0.065934,0.043956
3,789,0.054945,0.043956
3,790,0.065934,0.043956
3,791,0.043956,0.043956
3,792,0.032967,0.032967
3,793,0.043956,0.032967
3,794,0.065934,0.032967
3,795,0.054945,0.032967
3,796,0.065934,0.032967
3,797,0.076923,0.032967
3,798,0.087912,0.032967
3,799,0.098901,0.032967
3,800,0.098901,0.032967
3,801,0.087912,0.032967
3,802,0.087912,0.032967
3,803,0.120879,0.032967
3,804,0.142857,0.032967
3,805,0.142857,0.032967
3,806,0.098901,0.032967
3,807,0.098901,0.032967
3,808,0.076923,0.032967
3,809,0.065934,0.032967
3,810,0.087912,0.032967
3,811,0.087912,0.032967
3,812,0.098901,0.032967
3,813,0.098901,0.032967
3,814,0.087912,0.032967
3,815,0.087912,0.032967
3,816,0.076923,0.032967
3,817,0.076923,0.032967
3,818,0.087912,0.032967
3,819,0.087912,0.032967
3,820,0.065934,0.032967
3,821,0.087912,0.032967
3,822,0.076923,0.032967
3,823,0.076923,0.032967
3,824,0.120879,0.032967
3,825,0.142857,0.032967
3,826,0.120879,0.032967
3,827,0.142857,0.032967
3,828,0.131868,0.032967
3,829,0.131868,0.032967
3,830,0.131868,0.032967
3,831,0.142857,0.032967
3,832,0.142857,0.032967
3,833,0.131868,0.032967
3,834,0.153846,0.032967
3,835,0.164835,0.032967
3,836,0.142857,0.032967
3,837,0.142857,0.032967
3,838,0.087912,0.032967
3,839,0.076923,0.032967
3,840,0.076923,0.032967
3,841,0.065934,0.032967
3,842,0.076923,0.032967
3,843,0.076923,0.032967
3,844,0.076923,0.032967
3,845,0.087912,0.032967
3,846,0.098901,0.032967
3,847,0.131868,0.032967
3,848,0.142857,0.032967
3,849,0.120879,0.032967
3,850,0.098901,0.032967
3,851,0.109890,0.032967
3,852,0.109890,0.032967
3,853,0.142857,0.032967
3,854,0.131868,0.032967
3,855,0.120879,0.032967
3,856,0.131868,0.032967
3,857,0.175824,0.032967
3,858,0.175824,0.032967
3,859,0.186813,0.032967
3,860,0.186813,0.032967
3,861,0.142857,0.032967
3,862,0.120879,0.032967
3,863,0.142857,0.032967
3,864,0.142857,0.032967
3,865,0.098901,0.032967
3,866,0.098901,0.032967
3,867,0.098901,0.032967
3,868,0.098901,0.032967
3,869,0.109890,0.032967
3,870,0.098901,0.032967
3,871,0.098901,0.032967
3,872,0.098901,0.032967
3,873,0.076923,0.032967
3,874,0.065934,0.032967
3,875,0.087912,0.032967
3,876,0.098901,0.032967
3,877,0.087912,0.032967
3,878,0.142857,0.032967
3,879,0.153846,0.032967
3,880,0.131868,0.032967
3,881,0.120879,0.032967
3,882,0.087912,0.032967
3,883,0.087912,0.032967
3,884,0.087912,0.032967
3,885,0.109890,0.032967
3,886,0.131868,0.032967
3,887,0.131868,0.032967
3,888,0.131868,0.032967
3,889,0.142857,0.032967
3,890,0.142857,0.032967
3,891,0.131868,0.032967
3,892,0.120879,0.032967
3,893,0.098901,0.032967
3,894,0.087912,0.032967
3,895,0.087912,0.032967
3,896,0.098901,0.032967
3,897,0.076923,0.032967
3,898,0.065934,0.032967
3,899,0.065934,0.032967
3,900,0.087912,0.032967
3,901,0.076923,0.032967
3,902,0.087912,0.032967
3,903,0.087912,0.032967
3,904,0.087912,0.032967
3,905,0.120879,0.032967
3,906,0.109890,0.032967
3,907,0.120879,0.032967
3,908,0.087912,0.032967
3,909,0.120879,0.032967
3,910,0.142857,0.032967
3,911,0.109890,0.032967
3,912,0.109890,0.032967
3,913,0.076923,0.032967
3,914,0.087912,0.032967
3,915,0.142857,0.032967
3,916,0.131868,0.032967
3,917,0.131868,0.032967
3,918,0.076923,0.032967
3,919,0.131868,0.032967
3,920,0.142857,0.032967
3,921,0.164835,0.032967
3,922,0.175824,0.032967
3,923,0.131868,0.032967
3,924,0.120879,0.032967
3,925,0.098901,0.032967
3,926,0.098901,0.032967
3,927,0.098901,0.032967
3,928,0.120879,0.032967
3,929,0.131868,0.032967
3,930,0.131868,0.032967
3,931,0.175824,0.032967
3,932,0.164835,0.032967
3,933,0.131868,0.032967
3,934,0.109890,0.032967
3,935,0.142857,0.032967
3,936,0.120879,0.032967
3,937,0.153846,0.032967
3,938,0.120879,0.032967
3,939,0.142857,0.032967
3,940,0.120879,0.032967
3,941,0.109890,0.032967
3,942,0.131868,0.032967
3,943,0.120879,0.032967
3,944,0.153846,0.032967
3,945,0.120879,0.032967
3,946,0.109890,0.032967
3,947,0.098901,0.032967
3,948,0.109890,0.032967
3,949,0.120879,0.032967
3,950,0.120879,0.032967
3,951,0.131868,0.032967
3,952,0.131868,0.032967
3,953,0.142857,0.032967
3,954,0.142857,0.032967
3,955,0.208791,0.032967
3,956,0.197802,0.032967
3,957,0.175824,0.032967
3,958,0.208791,0.032967
3,959,0.208791,0.032967
3,960,0.186813,0.032967
3,961,0.208791,0.032967
3,962,0.219780,0.032967
3,963,0.186813,0.032967
3,964,0.197802,0.032967
3,965,0.164835,0.032967
3,966,0.164835,0.032967
3,967,0.153846,0.032967
3,968,0.120879,0.032967
3,969,0.098901,0.032967
3,970,0.065934,0.032967
3,971,0.054945,0.032967
3,972,0.043956,0.032967
3,973,0.043956,0.032967
3,974,0.054945,0.032967
3,975,0.065934,0.032967
3,976,0.065934,0.032967
3,977,0.076923,0.032967
3,978,0.054945,0.032967
3,979,0.065934,0.032967
3,980,0.087912,0.032967
3,981,0.087912,0.032967
3,982,0.065934,0.032967
3,983,0.065934,0.032967
3,984,0.087912,0.032967
3,985,0.065934,0.032967
3,986,0.087912,0.032967
3,987,0.076923,0.032967
3,988,0.098901,0.032967
3,989,0.098901,0.032967
3,990,0.087912,0.032967
3,991,0.120879,0.032967
3,992,0.142857,0.032967
3,993,0.131868,0.032967
3,994,0.142857,0.032967
3,995,0.142857,0.032967
3,996,0.109890,0.032967
3,997,0.120879,0.032967
3,998,0.131868,0.032967
3,999,0.142857,0.032967
3,1000,0.109890,0.032967
3,1001,0.109890,0.032967
3,1002,0.076923,0.032967
3,1003,0.109890,0.032967
3,1004,0.098901,0.032967
3,1005,0.087912,0.032967
3,1006,0.098901,0.032967
3,1007,0.109890,0.032967
3,1008,0.098901,0.032967
3,1009,0.076923,0.032967
3,1010,0.087912,0.032967
3,1011,0.098901,0.032967
3,1012,0.109890,0.032967
3,1013,0.076923,0.032967
3,1014,0.076923,0.032967
3,1015,0.065934,0.032967
3,1016,0.076923,0.032967
3,1017,0.109890,0.032967
3,1018,0.120879,0.032967
3,1019,0.120879,0.032967
3,1020,0.153846,0.032967
3,1021,0.142857,0.032967
3,1022,0.142857,0.032967
3,1023,0.153846,0.032967
3,1024,0.120879,0.032967
3,1025,0.120879,0.032967
3,1026,0.087912,0.032967
3,1027,0.120879,0.032967
3,1028,0.153846,0.032967
3,1029,0.153846,0.032967
3,1030,0.186813,0.032967
3,1031,0.175824,0.032967
3,1032,0.175824,0.032967
3,1033,0.120879,0.032967
3,1034,0.098901,0.032967
3,1035,0.098901,0.032967
3,1036,0.120879,0.032967
3,1037,0.120879,0.032967
3,1038,0.120879,0.032967
3,1039,0.153846,0.032967
3,1040,0.153846,0.032967
3,1041,0.164835,0.032967
3,1042,0.153846,0.032967
3,1043,0.186813,0.032967
3,1044,0.164835,0.032967
3,1045,0.164835,0.032967
3,1046,0.153846,0.032967
3,1047,0.164835,0.032967
3,1048,0.175824,0.032967
3,1049,0.164835,0.032967
3,1050,0.197802,0.032967
3,1051,0.208791,0.032967
3,1052,0.208791,0.032967
3,1053,0.230769,0.032967
3,1054,0.208791,0.032967
3,1055,0.197802,0.032967
3,1056,0.208791,0.032967
3,1057,0.197802,0.032967
3,1058,0.197802,0.032967
3,1059,0.175824,0.032967
3,1060,0.175824,0.032967
3,1061,0.186813,0.032967
3,1062,0.153846,0.032967
3,1063,0.153846,0.032967
3,1064,0.197802,0.032967
3,1065,0.230769,0.032967
3,1066,0.219780,0.032967
3,1067,0.208791,0.032967
3,1068,0.208791,0.032967
3,1069,0.208791,0.032967
3,1070,0.208791,0.032967
3,1071,0.208791,0.032967
3,1072,0.175824,0.032967
3,1073,0.164835,0.032967
3,1074,0.153846,0.032967
3,1075,0.142857,0.032967
3,1076,0.131868,0.032967
3,1077,0.131868,0.032967
3,1078,0.087912,0.032967
3,1079,0.153846,0.032967
3,1080,0.142857,0.032967
3,1081,0.131868,0.032967
3,1082,0.120879,0.032967
3,1083,0.098901,0.032967
3,1084,0.153846,0.032967
3,1085,0.153846,0.032967
3,1086,0.142857,0.032967
3,1087,0.098901,0.032967
3,1088,0.120879,0.032967
3,1089,0.120879,0.032967
3,1090,0.098901,0.032967
3,1091,0.109890,0.032967
3,1092,0.109890,0.032967
3,1093,0.098901,0.032967
3,1094,0.098901,0.032967
3,1095,0.098901,0.032967
3,1096,0.120879,0.032967
3,1097,0.120879,0.032967
3,1098,0.120879,0.032967
3,1099,0.142857,0.032967
3,1100,0.175824,0.032967
3,1101,0.186813,0.032967
3,1102,0.219780,0.032967
3,1103,0.186813,0.032967
3,1104,0.186813,0.032967
3,1105,0.164835,0.032967
3,1106,0.142857,0.032967
3,1107,0.131868,0.032967
3,1108,0.109890,0.032967
3,1109,0.131868,0.032967
3,1110,0.131868,0.032967
3,1111,0.131868,0.032967
3,1112,0.131868,0.032967
3,1113,0.120879,0.032967
3,1114,0.109890,0.032967
3,1115,0.120879,0.032967
3,1116,0.109890,0.032967
3,1117,0.098901,0.032967
3,1118,0.098901,0.032967
3,1119,0.098901,0.032967
3,1120,0.109890,0.032967
3,1121,0.098901,0.032967
3,1122,0.098901,0.032967
3,1123,0.076923,0.032967
3,1124,0.087912,0.032967
3,1125,0.098901,0.032967
3,1126,0.109890,0.032967
3,1127,0.109890,0.032967
3,1128,0.109890,0.032967
3,1129,0.098901,0.032967
3,1130,0.098901,0.032967
3,1131,0.120879,0.032967
3,1132,0.109890,0.032967
3,1133,0.087912,0.032967
3,1134,0.098901,0.032967
3,1135,0.120879,0.032967
3,1136,0.098901,0.032967
3,1137,0.098901,0.032967
3,1138,0.087912,0.032967
3,1139,0.087912,0.032967
3,1140,0.076923,0.032967
3,1141,0.098901,0.032967
3,1142,0.065934,0.032967
3,1143,0.065934,0.032967
3,1144,0.065934,0.032967
3,1145,0.054945,0.032967
3,1146,0.054945,0.032967
3,1147,0.065934,0.032967
3,1148,0.076923,0.032967
3,1149,0.087912,0.032967
3,1150,0.087912,0.032967
3,1151,0.109890,0.032967
3,1152,0.109890,0.032967
3,1153,0.142857,0.032967
3,1154,0.131868,0.032967
3,1155,0.120879,0.032967
3,1156,0.087912,0.032967
3,1157,0.098901,0.032967
3,1158,0.131868,0.032967
3,1159,0.131868,0.032967
3,1160,0.142857,0.032967
3,1161,0.142857,0.032967
3,1162,0.131868,0.032967
3,1163,0.131868,0.032967
3,1164,0.164835,0.032967
3,1165,0.164835,0.032967
3,1166,0.164835,0.032967
3,1167,0.164835,0.032967
3,1168,0.142857,0.032967
3,1169,0.098901,0.032967
3,1170,0.109890,0.032967
3,1171,0.098901,0.032967
3,1172,0.109890,0.032967
3,1173,0.131868,0.032967
3,1174,0.120879,0.032967
3,1175,0.131868,0.032967
3,1176,0.098901,0.032967
3,1177,0.131868,0.032967
3,1178,0.153846,0.032967
3,1179,0.142857,0.032967
3,1180,0.131868,0.032967
3,1181,0.131868,0.032967
3,1182,0.142857,0.032967
3,1183,0.175824,0.032967
3,1184,0.142857,0.032967
3,1185,0.131868,0.032967
3,1186,0.120879,0.032967
3,1187,0.131868,0.032967
3,1188,0.131868,0.032967
3,1189,0.109890,0.032967
3,1190,0.142857,0.032967
3,1191,0.131868,0.032967
3,1192,0.076923,0.032967
3,1193,0.076923,0.032967
3,1194,0.087912,0.032967
3,1195,0.076923,0.032967
3,1196,0.098901,0.032967
3,1197,0.131868,0.032967
3,1198,0.142857,0.032967
3,1199,0.142857,0.032967
3,1200,0.142857,0.032967
3,1201,0.131868,0.032967
3,1202,0.087912,0.032967
3,1203,0.109890,0.032967
3,1204,0.098901,0.032967
3,1205,0.153846,0.032967
3,1206,0.164835,0.032967
3,1207,0.175824,0.032967
3,1208,0.175824,0.032967
3,1209,0.175824,0.032967
3,1210,0.142857,0.032967
3,1211,0.142857,0.032967
3,1212,0.175824,0.032967
3,1213,0.153846,0.032967
3,1214,0.120879,0.032967
3,1215,0.120879,0.032967
3,1216,0.087912,0.032967
3,1217,0.098901,0.032967
3,1218,0.120879,0.032967
3,1219,0.076923,0.032967
3,1220,0.065934,0.032967
3,1221,0.087912,0.032967
3,1222,0.131868,0.032967
3,1223,0.087912,0.032967
3,1224,0.076923,0.032967
3,1225,0.087912,0.032967
3,1226,0.131868,0.032967
3,1227,0.153846,0.032967
3,1228,0.175824,0.032967
3,1229,0.142857,0.032967
3,1230,0.131868,0.032967
3,1231,0.087912,0.032967
3,1232,0.076923,0.032967
3,1233,0.109890,0.032967
3,1234,0.120879,0.032967
3,1235,0.120879,0.032967
3,1236,0.175824,0.032967
3,1237,0.142857,0.032967
3,1238,0.087912,0.032967
3,1239,0.153846,0.032967
3,1240,0.153846,0.032967
3,1241,0.120879,0.032967
3,1242,0.120879,0.032967
3,1243,0.109890,0.032967
3,1244,0.109890,0.032967
3,1245,0.120879,0.032967
3,1246,0.131868,0.032967
3,1247,0.131868,0.032967
3,1248,0.153846,0.032967
3,1249,0.109890,0.032967
3,1250,0.120879,0.032967
3,1251,0.109890,0.032967
3,1252,0.164835,0.032967
3,1253,0.230769,0.032967
3,1254,0.164835,0.032967
3,1255,0.153846,0.032967
3,1256,0.120879,0.032967
3,1257,0.098901,0.032967
3,1258,0.120879,0.032967
3,1259,0.120879,0.032967
3,1260,0.153846,0.032967
3,1261,0.120879,0.032967
3,1262,0.109890,0.032967
3,1263,0.131868,0.032967
3,1264,0.109890,0.032967
3,1265,0.131868,0.032967
3,1266,0.131868,0.032967
3,1267,0.098901,0.032967
3,1268,0.131868,0.032967
3,1269,0.120879,0.032967
3,1270,0.131868,0.032967
3,1271,0.120879,0.032967
3,1272,0.087912,0.032967
3,1273,0.087912,0.032967
3,1274,0.109890,0.032967
3,1275,0.065934,0.032967
3,1276,0.054945,0.032967
3,1277,0.054945,0.032967
3,1278,0.054945,0.032967
3,1279,0.087912,0.032967
3,1280,0.098901,0.032967
3,1281,0.131868,0.032967
3,1282,0.120879,0.032967
3,1283,0.120879,0.032967
3,1284,0.131868,0.032967
3,1285,0.142857,0.032967
3,1286,0.120879,0.032967
3,1287,0.087912,0.032967
3,1288,0.098901,0.032967
3,1289,0.109890,0.032967
3,1290,0.065934,0.032967
3,1291,0.065934,0.032967
3,1292,0.109890,0.032967
3,1293,0.065934,0.032967
3,1294,0.043956,0.032967
3,1295,0.065934,0.032967
3,1296,0.076923,0.032967
3,1297,0.065934,0.032967
3,1298,0.076923,0.032967
3,1299,0.076923,0.032967
3,1300,0.098901,0.032967
3,1301,0.098901,0.032967
3,1302,0.109890,0.032967
3,1303,0.131868,0.032967
3,1304,0.153846,0.032967
3,1305,0.153846,0.032967
3,1306,0.197802,0.032967
3,1307,0.197802,0.032967
3,1308,0.175824,0.032967
3,1309,0.175824,0.032967
3,1310,0.142857,0.032967
3,1311,0.120879,0.032967
3,1312,0.109890,0.032967
3,1313,0.109890,0.032967
3,1314,0.109890,0.032967
3,1315,0.076923,0.032967
3,1316,0.076923,0.032967
3,1317,0.065934,0.032967
3,1318,0.098901,0.032967
3,1319,0.065934,0.032967
3,1320,0.065934,0.032967
3,1321,0.098901,0.032967
3,1322,0.109890,0.032967
3,1323,0.120879,0.032967
3,1324,0.087912,0.032967
3,1325,0.109890,0.032967
3,1326,0.076923,0.032967
3,1327,0.076923,0.032967
3,1328,0.109890,0.032967
3,1329,0.109890,0.032967
3,1330,0.109890,0.032967
3,1331,0.109890,0.032967
3,1332,0.142857,0.032967
3,1333,0.164835,0.032967
3,1334,0.164835,0.032967
3,1335,0.153846,0.032967
3,1336,0.109890,0.032967
3,1337,0.098901,0.032967
3,1338,0.087912,0.032967
3,1339,0.109890,0.032967
3,1340,0.109890,0.032967
3,1341,0.098901,0.032967
3,1342,0.087912,0.032967
3,1343,0.087912,0.032967
3,1344,0.109890,0.032967
3,1345,0.120879,0.032967
3,1346,0.098901,0.032967
3,1347,0.142857,0.032967
3,1348,0.098901,0.032967
3,1349,0.098901,0.032967
3,1350,0.087912,0.032967
3,1351,0.065934,0.032967
3,1352,0.065934,0.032967
3,1353,0.076923,0.032967
3,1354,0.120879,0.032967
3,1355,0.120879,0.032967
3,1356,0.142857,0.032967
3,1357,0.120879,0.032967
3,1358,0.120879,0.032967
3,1359,0.131868,0.032967
3,1360,0.109890,0.032967
3,1361,0.109890,0.032967
3,1362,0.109890,0.032967
3,1363,0.087912,0.032967
3,1364,0.076923,0.032967
3,1365,0.065934,0.032967
3,1366,0.087912,0.032967
3,1367,0.087912,0.032967
3,1368,0.131868,0.032967
3,1369,0.109890,0.032967
3,1370,0.131868,0.032967
3,1371,0.153846,0.032967
3,1372,0.131868,0.032967
3,1373,0.142857,0.032967
3,1374,0.131868,0.032967
3,1375,0.120879,0.032967
3,1376,0.120879,0.032967
3,1377,0.109890,0.032967
3,1378,0.109890,0.032967
3,1379,0.087912,0.032967
3,1380,0.098901,0.032967
3,1381,0.098901,0.032967
3,1382,0.109890,0.032967
3,1383,0.131868,0.032967
3,1384,0.109890,0.032967
3,1385,0.120879,0.032967
3,1386,0.109890,0.032967
3,1387,0.109890,0.032967
3,1388,0.098901,0.032967
3,1389,0.109890,0.032967
3,1390,0.098901,0.032967
3,1391,0.087912,0.032967
3,1392,0.065934,0.032967
3,1393,0.032967,0.032967
3,1394,0.010989,0.010989
3,1395,0.043956,0.010989
3,1396,0.065934,0.010989
3,1397,0.076923,0.010989
3,1398,0.087912,0.010989
3,1399,0.087912,0.010989
3,1400,0.109890,0.010989
3,1401,0.109890,0.010989
3,1402,0.153846,0.010989
3,1403,0.164835,0.010989
3,1404,0.131868,0.010989
3,1405,0.142857,0.010989
3,1406,0.142857,0.010989
3,1407,0.131868,0.010989
3,1408,0.131868,0.010989
3,1409,0.131868,0.010989
3,1410,0.131868,0.010989
3,1411,0.109890,0.010989
3,1412,0.131868,0.010989
3,1413,0.131868,0.010989
3,1414,0.131868,0.010989
3,1415,0.131868,0.010989
3,1416,0.142857,0.010989
3,1417,0.186813,0.010989
3,1418,0.153846,0.010989
3,1419,0.142857,0.010989
3,1420,0.142857,0.010989
3,1421,0.175824,0.010989
3,1422,0.153846,0.010989
3,1423,0.164835,0.010989
3,1424,0.153846,0.010989
3,1425,0.131868,0.010989
3,1426,0.131868,0.010989
3,1427,0.142857,0.010989
3,1428,0.120879,0.010989
3,1429,0.131868,0.010989
3,1430,0.153846,0.010989
3,1431,0.131868,0.010989
3,1432,0.087912,0.010989
3,1433,0.131868,0.010989
3,1434,0.120879,0.010989
3,1435,0.098901,0.010989
3,1436,0.098901,0.010989
3,1437,0.076923,0.010989
3,1438,0.087912,0.010989
3,1439,0.065934,0.010989
3,1440,0.076923,0.010989
3,1441,0.032967,0.010989
3,1442,0.054945,0.010989
3,1443,0.043956,0.010989
3,1444,0.043956,0.010989
3,1445,0.054945,0.010989
3,1446,0.065934,0.010989
3,1447,0.065934,0.010989
3,1448,0.043956,0.010989
3,1449,0.043956,0.010989
3,1450,0.054945,0.010989
3,1451,0.043956,0.010989
3,1452,0.054945,0.010989
3,1453,0.054945,0.010989
3,1454,0.054945,0.010989
3,1455,0.065934,0.010989
3,1456,0.054945,0.010989
3,1457,0.054945,0.010989
3,1458,0.087912,0.010989
3,1459,0.087912,0.010989
3,1460,0.076923,0.010989
3,1461,0.065934,0.010989
3,1462,0.065934,0.010989
3,1463,0.054945,0.010989
3,1464,0.054945,0.010989
3,1465,0.065934,0.010989
3,1466,0.065934,0.010989
3,1467,0.065934,0.010989
3,1468,0.065934,0.010989
3,1469,0.076923,0.010989
3,1470,0.065934,0.010989
3,1471,0.076923,0.010989
3,1472,0.065934,0.010989
3,1473,0.032967,0.010989
3,1474,0.032967,0.010989
3,1475,0.032967,0.010989
3,1476,0.043956,0.010989
3,1477,0.054945,0.010989
3,1478,0.054945,0.010989
3,1479,0.065934,0.010989
3,1480,0.054945,0.010989
3,1481,0.054945,0.010989
3,1482,0.043956,0.010989
3,1483,0.054945,0.010989
3,1484,0.087912,0.010989
3,1485,0.098901,0.010989
3,1486,0.087912,0.010989
3,1487,0.098901,0.010989
3,1488,0.087912,0.010989
3,1489,0.087912,0.010989
3,1490,0.120879,0.010989
3,1491,0.120879,0.010989
3,1492,0.098901,0.010989
3,1493,0.109890,0.010989
3,1494,0.109890,0.010989
3,1495,0.098901,0.010989
3,1496,0.109890,0.010989
3,1497,0.098901,0.010989
3,1498,0.120879,0.010989
3,1499,0.098901,0.010989
3,1500,0.087912,0.010989
3,1501,0.109890,0.010989
3,1502,0.076923,0.010989
3,1503,0.098901,0.010989
3,1504,0.065934,0.010989
3,1505,0.054945,0.010989
3,1506,0.043956,0.010989
3,1507,0.054945,0.010989
3,1508,0.054945,0.010989
3,1509,0.087912,0.010989
3,1510,0.087912,0.010989
3,1511,0.087912,0.010989
3,1512,0.054945,0.010989
3,1513,0.065934,0.010989
3,1514,0.076923,0.010989
3,1515,0.065934,0.010989
3,1516,0.054945,0.010989
3,1517,0.076923,0.010989
3,1518,0.065934,0.010989
3,1519,0.043956,0.010989
3,1520,0.043956,0.010989
3,1521,0.054945,0.010989
3,1522,0.054945,0.010989
3,1523,0.076923,0.010989
3,1524,0.087912,0.010989
3,1525,0.076923,0.010989
3,1526,0.076923,0.010989
3,1527,0.076923,0.010989
3,1528,0.076923,0.010989
3,1529,0.076923,0.010989
3,1530,0.076923,0.010989
3,1531,0.076923,0.010989
3,1532,0.098901,0.010989
3,1533,0.098901,0.010989
3,1534,0.120879,0.010989
3,1535,0.109890,0.010989
3,1536,0.087912,0.010989
3,1537,0.076923,0.010989
3,1538,0.087912,0.010989
3,1539,0.109890,0.010989
3,1540,0.087912,0.010989
3,1541,0.087912,0.010989
3,1542,0.098901,0.010989
3,1543,0.054945,0.010989
3,1544,0.087912,0.010989
3,1545,0.087912,0.010989
3,1546,0.109890,0.010989
3,1547,0.098901,0.010989
3,1548,0.109890,0.010989
3,1549,0.087912,0.010989
3,1550,0.098901,0.010989
3,1551,0.120879,0.010989
3,1552,0.098901,0.010989
3,1553,0.087912,0.010989
3,1554,0.076923,0.010989
3,1555,0.087912,0.010989
3,1556,0.098901,0.010989
3,1557,0.098901,0.010989
3,1558,0.131868,0.010989
3,1559,0.131868,0.010989
3,1560,0.142857,0.010989
3,1561,0.164835,0.010989
3,1562,0.142857,0.010989
3,1563,0.131868,0.010989
3,1564,0.098901,0.010989
3,1565,0.098901,0.010989
3,1566,0.109890,0.010989
3,1567,0.120879,0.010989
3,1568,0.142857,0.010989
3,1569,0.142857,0.010989
3,1570,0.142857,0.010989
3,1571,0.131868,0.010989
3,1572,0.098901,0.010989
3,1573,0.142857,0.010989
3,1574,0.120879,0.010989
3,1575,0.142857,0.010989
3,1576,0.186813,0.010989
3,1577,0.219780,0.010989
3,1578,0.219780,0.010989
3,1579,0.208791,0.010989
3,1580,0.142857,0.010989
3,1581,0.142857,0.010989
3,1582,0.164835,0.010989
3,1583,0.153846,0.010989
3,1584,0.142857,0.010989
3,1585,0.131868,0.010989
3,1586,0.131868,0.010989
3,1587,0.131868,0.010989
3,1588,0.219780,0.010989
3,1589,0.241758,0.010989
3,1590,0.230769,0.010989
3,1591,0.252747,0.010989
3,1592,0.175824,0.010989
3,1593,0.153846,0.010989
3,1594,0.153846,0.010989
3,1595,0.153846,0.010989
3,1596,0.153846,0.010989
3,1597,0.153846,0.010989
3,1598,0.142857,0.010989
3,1599,0.142857,0.010989
3,1600,0.120879,0.010989
3,1601,0.131868,0.010989
3,1602,0.142857,0.010989
3,1603,0.153846,0.010989
3,1604,0.131868,0.010989
3,1605,0.120879,0.010989
3,1606,0.120879,0.010989
3,1607,0.120879,0.010989
3,1608,0.142857,0.010989
3,1609,0.120879,0.010989
3,1610,0.120879,0.010989
3,1611,0.142857,0.010989
3,1612,0.142857,0.010989
3,1613,0.142857,0.010989
3,1614,0.142857,0.010989
3,1615,0.142857,0.010989
3,1616,0.153846,0.010989
3,1617,0.153846,0.010989
3,1618,0.153846,0.010989
3,1619,0.164835,0.010989
3,1620,0.131868,0.010989
3,1621,0.120879,0.010989
3,1622,0.131868,0.010989
3,1623,0.131868,0.010989
3,1624,0.120879,0.010989
3,1625,0.120879,0.010989
3,1626,0.142857,0.010989
3,1627,0.120879,0.010989
3,1628,0.120879,0.010989
3,1629,0.098901,0.010989
3,1630,0.098901,0.010989
3,1631,0.065934,0.010989
3,1632,0.054945,0.010989
3,1633,0.054945,0.010989
3,1634,0.054945,0.010989
3,1635,0.054945,0.010989
3,1636,0.065934,0.010989
3,1637,0.087912,0.010989
3,1638,0.087912,0.010989
3,1639,0.087912,0.010989
3,1640,0.065934,0.010989
3,1641,0.076923,0.010989
3,1642,0.076923,0.010989
3,1643,0.076923,0.010989
3,1644,0.076923,0.010989
3,1645,0.065934,0.010989
3,1646,0.076923,0.010989
3,1647,0.076923,0.010989
3,1648,0.065934,0.010989
3,1649,0.065934,0.010989
3,1650,0.065934,0.010989
3,1651,0.065934,0.010989
3,1652,0.098901,0.010989
3,1653,0.098901,0.010989
3,1654,0.109890,0.010989
3,1655,0.120879,0.010989
3,1656,0.109890,0.010989
3,1657,0.120879,0.010989
3,1658,0.087912,0.010989
3,1659,0.087912,0.010989
3,1660,0.087912,0.010989
3,1661,0.076923,0.010989
3,1662,0.098901,0.010989
3,1663,0.109890,0.010989
3,1664,0.076923,0.010989
3,1665,0.109890,0.010989
3,1666,0.087912,0.010989
3,1667,0.076923,0.010989
3,1668,0.065934,0.010989
3,1669,0.076923,0.010989
3,1670,0.087912,0.010989
3,1671,0.109890,0.010989
3,1672,0.109890,0.010989
3,1673,0.087912,0.010989
3,1674,0.098901,0.010989
3,1675,0.098901,0.010989
3,1676,0.131868,0.010989
3,1677,0.120879,0.010989
3,1678,0.087912,0.010989
3,1679,0.065934,0.010989
3,1680,0.043956,0.010989
3,1681,0.065934,0.010989
3,1682,0.054945,0.010989
3,1683,0.054945,0.010989
3,1684,0.054945,0.010989
3,1685,0.065934,0.010989
3,1686,0.087912,0.010989
3,1687,0.109890,0.010989
3,1688,0.109890,0.010989
3,1689,0.098901,0.010989
3,1690,0.098901,0.010989
3,1691,0.098901,0.010989
3,1692,0.098901,0.010989
3,1693,0.098901,0.010989
3,1694,0.120879,0.010989
3,1695,0.142857,0.010989
3,1696,0.164835,0.010989
3,1697,0.153846,0.010989
3,1698,0.131868,0.010989
3,1699,0.142857,0.010989
3,1700,0.142857,0.010989
3,1701,0.120879,0.010989
3,1702,0.120879,0.010989
3,1703,0.153846,0.010989
3,1704,0.131868,0.010989
3,1705,0.131868,0.010989
3,1706,0.109890,0.010989
3,1707,0.076923,0.010989
3,1708,0.065934,0.010989
3,1709,0.065934,0.010989
3,1710,0.065934,0.010989
3,1711,0.087912,0.010989
3,1712,0.087912,0.010989
3,1713,0.098901,0.010989
3,1714,0.087912,0.010989
3,1715,0.120879,0.010989
3,1716,0.120879,0.010989
3,1717,0.120879,0.010989
3,1718,0.120879,0.010989
3,1719,0.131868,0.010989
3,1720,0.120879,0.010989
3,1721,0.109890,0.010989
3,1722,0.087912,0.010989
3,1723,0.098901,0.010989
3,1724,0.131868,0.010989
3,1725,0.109890,0.010989
3,1726,0.131868,0.010989
3,1727,0.142857,0.010989
3,1728,0.142857,0.010989
3,1729,0.120879,0.010989
3,1730,0.131868,0.010989
3,1731,0.142857,0.010989
3,1732,0.109890,0.010989
3,1733,0.109890,0.010989
3,1734,0.109890,0.010989
3,1735,0.087912,0.010989
3,1736,0.098901,0.010989
3,1737,0.098901,0.010989
3,1738,0.076923,0.010989
3,1739,0.076923,0.010989
3,1740,0.087912,0.010989
3,1741,0.087912,0.010989
3,1742,0.109890,0.010989
3,1743,0.131868,0.010989
3,1744,0.087912,0.010989
3,1745,0.120879,0.010989
3,1746,0.109890,0.010989
3,1747,0.109890,0.010989
3,1748,0.109890,0.010989
3,1749,0.109890,0.010989
3,1750,0.109890,0.010989
3,1751,0.109890,0.010989
3,1752,0.109890,0.010989
3,1753,0.087912,0.010989
3,1754,0.087912,0.010989
3,1755,0.109890,0.010989
3,1756,0.131868,0.010989
3,1757,0.098901,0.010989
3,1758,0.109890,0.010989
3,1759,0.098901,0.010989
3,1760,0.109890,0.010989
3,1761,0.098901,0.010989
3,1762,0.076923,0.010989
3,1763,0.076923,0.010989
3,1764,0.065934,0.010989
3,1765,0.076923,0.010989
3,1766,0.087912,0.010989
3,1767,0.087912,0.010989
3,1768,0.109890,0.010989
3,1769,0.109890,0.010989
3,1770,0.087912,0.010989
3,1771,0.109890,0.010989
3,1772,0.109890,0.010989
3,1773,0.098901,0.010989
3,1774,0.120879,0.010989
3,1775,0.098901,0.010989
3,1776,0.087912,0.010989
3,1777,0.065934,0.010989
3,1778,0.076923,0.010989
3,1779,0.065934,0.010989
3,1780,0.076923,0.010989
3,1781,0.098901,0.010989
3,1782,0.076923,0.010989
3,1783,0.098901,0.010989
3,1784,0.109890,0.010989
3,1785,0.120879,0.010989
3,1786,0.120879,0.010989
3,1787,0.153846,0.010989
3,1788,0.153846,0.010989
3,1789,0.164835,0.010989
3,1790,0.131868,0.010989
3,1791,0.109890,0.010989
3,1792,0.087912,0.010989
3,1793,0.109890,0.010989
3,1794,0.087912,0.010989
3,1795,0.109890,0.010989
3,1796,0.109890,0.010989
3,1797,0.131868,0.010989
3,1798,0.142857,0.010989
3,1799,0.153846,0.010989
3,1800,0.142857,0.010989
3,1801,0.153846,0.010989
3,1802,0.120879,0.010989
3,1803,0.120879,0.010989
3,1804,0.120879,0.010989
3,1805,0.098901,0.010989
3,1806,0.109890,0.010989
3,1807,0.131868,0.010989
3,1808,0.098901,0.010989
3,1809,0.098901,0.010989
3,1810,0.098901,0.010989
3,1811,0.098901,0.010989
3,1812,0.098901,0.010989
3,1813,0.087912,0.010989
3,1814,0.098901,0.010989
3,1815,0.120879,0.010989
3,1816,0.120879,0.010989
3,1817,0.120879,0.010989
3,1818,0.120879,0.010989
3,1819,0.120879,0.010989
3,1820,0.098901,0.010989
3,1821,0.098901,0.010989
3,1822,0.098901,0.010989
3,1823,0.120879,0.010989
3,1824,0.120879,0.010989
3,1825,0.120879,0.010989
3,1826,0.131868,0.010989
3,1827,0.131868,0.010989
3,1828,0.109890,0.010989
3,1829,0.109890,0.010989
3,1830,0.120879,0.010989
3,1831,0.109890,0.010989
3,1832,0.098901,0.010989
3,1833,0.131868,0.010989
3,1834,0.120879,0.010989
3,1835,0.120879,0.010989
3,1836,0.109890,0.010989
3,1837,0.109890,0.010989
3,1838,0.087912,0.010989
3,1839,0.098901,0.010989
3,1840,0.109890,0.010989
3,1841,0.076923,0.010989
3,1842,0.087912,0.010989
3,1843,0.076923,0.010989
3,1844,0.087912,0.010989
3,1845,0.098901,0.010989
3,1846,0.087912,0.010989
3,1847,0.098901,0.010989
3,1848,0.142857,0.010989
3,1849,0.142857,0.010989
3,1850,0.109890,0.010989
3,1851,0.109890,0.010989
3,1852,0.098901,0.010989
3,1853,0.087912,0.010989
3,1854,0.131868,0.010989
3,1855,0.153846,0.010989
3,1856,0.153846,0.010989
3,1857,0.164835,0.010989
3,1858,0.153846,0.010989
3,1859,0.131868,0.010989
3,1860,0.109890,0.010989
3,1861,0.109890,0.010989
3,1862,0.109890,0.010989
3,1863,0.098901,0.010989
3,1864,0.109890,0.010989
3,1865,0.142857,0.010989
3,1866,0.142857,0.010989
3,1867,0.142857,0.010989
3,1868,0.109890,0.010989
3,1869,0.120879,0.010989
3,1870,0.142857,0.010989
3,1871,0.098901,0.010989
3,1872,0.131868,0.010989
3,1873,0.109890,0.010989
3,1874,0.120879,0.010989
3,1875,0.120879,0.010989
3,1876,0.098901,0.010989
3,1877,0.109890,0.010989
3,1878,0.109890,0.010989
3,1879,0.120879,0.010989
3,1880,0.087912,0.010989
3,1881,0.098901,0.010989
3,1882,0.098901,0.010989
3,1883,0.109890,0.010989
3,1884,0.109890,0.010989
3,1885,0.109890,0.010989
3,1886,0.109890,0.010989
3,1887,0.098901,0.010989
3,1888,0.131868,0.010989
3,1889,0.164835,0.010989
3,1890,0.120879,0.010989
3,1891,0.109890,0.010989
3,1892,0.065934,0.010989
3,1893,0.109890,0.010989
3,1894,0.076923,0.010989
3,1895,0.076923,0.010989
3,1896,0.098901,0.010989
3,1897,0.120879,0.010989
3,1898,0.109890,0.010989
3,1899,0.120879,0.010989
3,1900,0.142857,0.010989
3,1901,0.175824,0.010989
3,1902,0.153846,0.010989
3,1903,0.175824,0.010989
3,1904,0.175824,0.010989
3,1905,0.175824,0.010989
3,1906,0.164835,0.010989
3,1907,0.186813,0.010989
3,1908,0.153846,0.010989
3,1909,0.120879,0.010989
3,1910,0.120879,0.010989
3,1911,0.109890,0.010989
3,1912,0.131868,0.010989
3,1913,0.120879,0.010989
3,1914,0.098901,0.010989
3,1915,0.109890,0.010989
3,1916,0.087912,0.010989
3,1917,0.109890,0.010989
3,1918,0.109890,0.010989
3,1919,0.120879,0.010989
3,1920,0.175824,0.010989
3,1921,0.153846,0.010989
3,1922,0.142857,0.010989
3,1923,0.153846,0.010989
3,1924,0.131868,0.010989
3,1925,0.153846,0.010989
3,1926,0.164835,0.010989
3,1927,0.153846,0.010989
3,1928,0.131868,0.010989
3,1929,0.153846,0.010989
3,1930,0.153846,0.010989
3,1931,0.131868,0.010989
3,1932,0.087912,0.010989
3,1933,0.109890,0.010989
3,1934,0.120879,0.010989
3,1935,0.076923,0.010989
3,1936,0.076923,0.010989
3,1937,0.065934,0.010989
3,1938,0.065934,0.010989
3,1939,0.054945,0.010989
3,1940,0.065934,0.010989
3,1941,0.120879,0.010989
3,1942,0.120879,0.010989
3,1943,0.120879,0.010989
3,1944,0.120879,0.010989
3,1945,0.131868,0.010989
3,1946,0.098901,0.010989
3,1947,0.120879,0.010989
3,1948,0.109890,0.010989
3,1949,0.109890,0.010989
3,1950,0.076923,0.010989
3,1951,0.065934,0.010989
3,1952,0.065934,0.010989
3,1953,0.065934,0.010989
3,1954,0.087912,0.010989
3,1955,0.087912,0.010989
3,1956,0.098901,0.010989
3,1957,0.131868,0.010989
3,1958,0.175824,0.010989
3,1959,0.164835,0.010989
3,1960,0.175824,0.010989
3,1961,0.142857,0.010989
3,1962,0.109890,0.010989
3,1963,0.142857,0.010989
3,1964,0.153846,0.010989
3,1965,0.153846,0.010989
3,1966,0.142857,0.010989
3,1967,0.153846,0.010989
3,1968,0.164835,0.010989
3,1969,0.197802,0.010989
3,1970,0.175824,0.010989
3,1971,0.120879,0.010989
3,1972,0.120879,0.010989
3,1973,0.120879,0.010989
3,1974,0.120879,0.010989
3,1975,0.131868,0.010989
3,1976,0.142857,0.010989
3,1977,0.164835,0.010989
3,1978,0.197802,0.010989
3,1979,0.175824,0.010989
3,1980,0.175824,0.010989
3,1981,0.197802,0.010989
3,1982,0.208791,0.010989
3,1983,0.153846,0.010989
3,1984,0.208791,0.010989
3,1985,0.175824,0.010989
3,1986,0.142857,0.010989
3,1987,0.131868,0.010989
3,1988,0.131868,0.010989
3,1989,0.109890,0.010989
3,1990,0.098901,0.010989
3,1991,0.120879,0.010989
3,1992,0.131868,0.010989
3,1993,0.120879,0.010989
3,1994,0.131868,0.010989
3,1995,0.131868,0.010989
3,1996,0.131868,0.010989
3,1997,0.131868,0.010989
3,1998,0.120879,0.010989
3,1999,0.098901,0.010989
3,2000,0.098901,0.010989
3,2001,0.109890,0.010989
3,2002,0.087912,0.010989
3,2003,0.076923,0.010989
3,2004,0.076923,0.010989
3,2005,0.098901,0.010989
3,2006,0.087912,0.010989
3,2007,0.076923,0.010989
3,2008,0.076923,0.010989
3,2009,0.076923,0.010989
3,2010,0.076923,0.010989
3,2011,0.076923,0.010989
3,2012,0.098901,0.010989
3,2013,0.098901,0.010989
3,2014,0.098901,0.010989
3,2015,0.076923,0.010989
3,2016,0.076923,0.010989
3,2017,0.076923,0.010989
3,2018,0.087912,0.010989
3,2019,0.109890,0.010989
3,2020,0.087912,0.010989
3,2021,0.076923,0.010989
3,2022,0.076923,0.010989
3,2023,0.142857,0.010989
3,2024,0.153846,0.010989
3,2025,0.142857,0.010989
3,2026,0.131868,0.010989
3,2027,0.120879,0.010989
3,2028,0.142857,0.010989
3,2029,0.120879,0.010989
3,2030,0.120879,0.010989
3,2031,0.153846,0.010989
3,2032,0.153846,0.010989
3,2033,0.153846,0.010989
3,2034,0.164835,0.010989
3,2035,0.164835,0.010989
3,2036,0.098901,0.010989
3,2037,0.098901,0.010989
3,2038,0.098901,0.010989
3,2039,0.098901,0.010989
3,2040,0.054945,0.010989
3,2041,0.054945,0.010989
3,2042,0.065934,0.010989
3,2043,0.065934,0.010989
3,2044,0.076923,0.010989
3,2045,0.076923,0.010989
3,2046,0.076923,0.010989
3,2047,0.087912,0.010989
3,2048,0.087912,0.010989
3,2049,0.087912,0.010989
3,2050,0.098901,0.010989
3,2051,0.098901,0.010989
3,2052,0.098901,0.010989
3,2053,0.098901,0.010989
3,2054,0.076923,0.010989
3,2055,0.098901,0.010989
3,2056,0.087912,0.010989
3,2057,0.098901,0.010989
3,2058,0.142857,0.010989
3,2059,0.131868,0.010989
3,2060,0.120879,0.010989
3,2061,0.131868,0.010989
3,2062,0.131868,0.010989
3,2063,0.131868,0.010989
3,2064,0.142857,0.010989
3,2065,0.131868,0.010989
3,2066,0.131868,0.010989
3,2067,0.142857,0.010989
3,2068,0.120879,0.010989
3,2069,0.131868,0.010989
3,2070,0.142857,0.010989
3,2071,0.153846,0.010989
3,2072,0.131868,0.010989
3,2073,0.109890,0.010989
3,2074,0.131868,0.010989
3,2075,0.131868,0.010989
3,2076,0.131868,0.010989
3,2077,0.120879,0.010989
3,2078,0.120879,0.010989
3,2079,0.131868,0.010989
3,2080,0.120879,0.010989
3,2081,0.087912,0.010989
3,2082,0.076923,0.010989
3,2083,0.087912,0.010989
3,2084,0.087912,0.010989
3,2085,0.109890,0.010989
3,2086,0.076923,0.010989
3,2087,0.076923,0.010989
3,2088,0.076923,0.010989
3,2089,0.076923,0.010989
3,2090,0.076923,0.010989
3,2091,0.076923,0.010989
3,2092,0.076923,0.010989
3,2093,0.065934,0.010989
3,2094,0.076923,0.010989
3,2095,0.043956,0.010989
3,2096,0.054945,0.010989
3,2097,0.043956,0.010989
3,2098,0.065934,0.010989
3,2099,0.076923,0.010989
3,2100,0.065934,0.010989
3,2101,0.076923,0.010989
3,2102,0.098901,0.010989
3,2103,0.098901,0.010989
3,2104,0.098901,0.010989
3,2105,0.065934,0.010989
3,2106,0.076923,0.010989
3,2107,0.054945,0.010989
3,2108,0.054945,0.010989
3,2109,0.054945,0.010989
3,2110,0.032967,0.010989
3,2111,0.032967,0.010989
3,2112,0.032967,0.010989
3,2113,0.054945,0.010989
3,2114,0.054945,0.010989
3,2115,0.054945,0.010989
3,2116,0.076923,0.010989
3,2117,0.120879,0.010989
3,2118,0.131868,0.010989
3,2119,0.131868,0.010989
3,2120,0.153846,0.010989
3,2121,0.186813,0.010989
3,2122,0.142857,0.010989
3,2123,0.120879,0.010989
3,2124,0.109890,0.010989
3,2125,0.098901,0.010989
3,2126,0.109890,0.010989
3,2127,0.131868,0.010989
3,2128,0.109890,0.010989
3,2129,0.098901,0.010989
3,2130,0.087912,0.010989
3,2131,0.109890,0.010989
3,2132,0.109890,0.010989
3,2133,0.098901,0.010989
3,2134,0.098901,0.010989
3,2135,0.087912,0.010989
3,2136,0.087912,0.010989
3,2137,0.032967,0.010989
3,2138,0.032967,0.010989
3,2139,0.032967,0.010989
3,2140,0.065934,0.010989
3,2141,0.076923,0.010989
3,2142,0.120879,0.010989
3,2143,0.131868,0.010989
3,2144,0.120879,0.010989
3,2145,0.098901,0.010989
3,2146,0.098901,0.010989
3,2147,0.120879,0.010989
3,2148,0.142857,0.010989
3,2149,0.131868,0.010989
3,2150,0.142857,0.010989
3,2151,0.087912,0.010989
3,2152,0.087912,0.010989
3,2153,0.087912,0.010989
3,2154,0.065934,0.010989
3,2155,0.076923,0.010989
3,2156,0.076923,0.010989
3,2157,0.054945,0.010989
3,2158,0.065934,0.010989
3,2159,0.065934,0.010989
3,2160,0.065934,0.010989
3,2161,0.076923,0.010989
3,2162,0.131868,0.010989
3,2163,0.142857,0.010989
3,2164,0.109890,0.010989
3,2165,0.098901,0.010989
3,2166,0.098901,0.010989
3,2167,0.087912,0.010989
3,2168,0.087912,0.010989
3,2169,0.087912,0.010989
3,2170,0.120879,0.010989
3,2171,0.120879,0.010989
3,2172,0.109890,0.010989
3,2173,0.120879,0.010989
3,2174,0.131868,0.010989
3,2175,0.120879,0.010989
3,2176,0.109890,0.010989
3,2177,0.109890,0.010989
3,2178,0.142857,0.010989
3,2179,0.098901,0.010989
3,2180,0.131868,0.010989
3,2181,0.098901,0.010989
3,2182,0.065934,0.010989
3,2183,0.087912,0.010989
3,2184,0.087912,0.010989
3,2185,0.087912,0.010989
3,2186,0.076923,0.010989
3,2187,0.054945,0.010989
3,2188,0.054945,0.010989
3,2189,0.032967,0.010989
3,2190,0.032967,0.010989
3,2191,0.065934,0.010989
3,2192,0.065934,0.010989
3,2193,0.065934,0.010989
3,2194,0.065934,0.010989
3,2195,0.076923,0.010989
3,2196,0.065934,0.010989
3,2197,0.087912,0.010989
3,2198,0.087912,0.010989
3,2199,0.076923,0.010989
3,2200,0.054945,0.010989
3,2201,0.054945,0.010989
3,2202,0.054945,0.010989
3,2203,0.054945,0.010989
3,2204,0.043956,0.010989
3,2205,0.054945,0.010989
3,2206,0.076923,0.010989
3,2207,0.076923,0.010989
3,2208,0.109890,0.010989
3,2209,0.076923,0.010989
3,2210,0.098901,0.010989
3,2211,0.087912,0.010989
3,2212,0.098901,0.010989
3,2213,0.098901,0.010989
3,2214,0.065934,0.010989
3,2215,0.087912,0.010989
3,2216,0.109890,0.010989
3,2217,0.109890,0.010989
3,2218,0.109890,0.010989
3,2219,0.120879,0.010989
3,2220,0.087912,0.010989
3,2221,0.076923,0.010989
3,2222,0.076923,0.010989
3,2223,0.076923,0.010989
3,2224,0.076923,0.010989
3,2225,0.087912,0.010989
3,2226,0.098901,0.010989
3,2227,0.098901,0.010989
3,2228,0.098901,0.010989
3,2229,0.098901,0.010989
3,2230,0.098901,0.010989
3,2231,0.054945,0.010989
3,2232,0.054945,0.010989
3,2233,0.054945,0.010989
3,2234,0.076923,0.010989
3,2235,0.076923,0.010989
3,2236,0.120879,0.010989
3,2237,0.065934,0.010989
3,2238,0.098901,0.010989
3,2239,0.076923,0.010989
3,2240,0.076923,0.010989
3,2241,0.076923,0.010989
3,2242,0.065934,0.010989
3,2243,0.076923,0.010989
3,2244,0.065934,0.010989
3,2245,0.076923,0.010989
3,2246,0.065934,0.010989
3,2247,0.098901,0.010989
3,2248,0.109890,0.010989
3,2249,0.098901,0.010989
3,2250,0.098901,0.010989
3,2251,0.098901,0.010989
3,2252,0.109890,0.010989
3,2253,0.164835,0.010989
3,2254,0.153846,0.010989
3,2255,0.164835,0.010989
3,2256,0.164835,0.010989
3,2257,0.153846,0.010989
3,2258,0.153846,0.010989
3,2259,0.153846,0.010989
3,2260,0.153846,0.010989
3,2261,0.153846,0.010989
3,2262,0.142857,0.010989
3,2263,0.142857,0.010989
3,2264,0.087912,0.010989
3,2265,0.087912,0.010989
3,2266,0.087912,0.010989
3,2267,0.087912,0.010989
3,2268,0.076923,0.010989
3,2269,0.087912,0.010989
3,2270,0.087912,0.010989
3,2271,0.087912,0.010989
3,2272,0.087912,0.010989
3,2273,0.087912,0.010989
3,2274,0.109890,0.010989
3,2275,0.142857,0.010989
3,2276,0.164835,0.010989
3,2277,0.175824,0.010989
3,2278,0.208791,0.010989
3,2279,0.186813,0.010989
3,2280,0.186813,0.010989
3,2281,0.186813,0.010989
3,2282,0.175824,0.010989
3,2283,0.175824,0.010989
3,2284,0.131868,0.010989
3,2285,0.131868,0.010989
3,2286,0.131868,0.010989
3,2287,0.175824,0.010989
3,2288,0.164835,0.010989
3,2289,0.131868,0.010989
3,2290,0.142857,0.010989
3,2291,0.153846,0.010989
3,2292,0.142857,0.010989
3,2293,0.153846,0.010989
3,2294,0.142857,0.010989
3,2295,0.142857,0.010989
3,2296,0.131868,0.010989
3,2297,0.098901,0.010989
3,2298,0.076923,0.010989
3,2299,0.098901,0.010989
3,2300,0.076923,0.010989
3,2301,0.098901,0.010989
3,2302,0.109890,0.010989
3,2303,0.109890,0.010989
3,2304,0.109890,0.010989
3,2305,0.087912,0.010989
3,2306,0.109890,0.010989
3,2307,0.098901,0.010989
3,2308,0.109890,0.010989
3,2309,0.109890,0.010989
3,2310,0.098901,0.010989
3,2311,0.109890,0.010989
3,2312,0.109890,0.010989
3,2313,0.131868,0.010989
3,2314,0.142857,0.010989
3,2315,0.164835,0.010989
3,2316,0.164835,0.010989
3,2317,0.142857,0.010989
3,2318,0.131868,0.010989
3,2319,0.131868,0.010989
3,2320,0.175824,0.010989
3,2321,0.142857,0.010989
3,2322,0.164835,0.010989
3,2323,0.142857,0.010989
3,2324,0.131868,0.010989
3,2325,0.131868,0.010989
3,2326,0.131868,0.010989
3,2327,0.131868,0.010989
3,2328,0.131868,0.010989
3,2329,0.120879,0.010989
3,2330,0.120879,0.010989
3,2331,0.120879,0.010989
3,2332,0.120879,0.010989
3,2333,0.109890,0.010989
3,2334,0.109890,0.010989
3,2335,0.109890,0.010989
3,2336,0.109890,0.010989
3,2337,0.109890,0.010989
3,2338,0.109890,0.010989
3,2339,0.109890,0.010989
3,2340,0.109890,0.010989
3,2341,0.098901,0.010989
3,2342,0.087912,0.010989
3,2343,0.087912,0.010989
3,2344,0.087912,0.010989
3,2345,0.087912,0.010989
3,2346,0.098901,0.010989
3,2347,0.131868,0.010989
3,2348,0.131868,0.010989
3,2349,0.153846,0.010989
3,2350,0.142857,0.010989
3,2351,0.098901,0.010989
3,2352,0.087912,0.010989
3,2353,0.109890,0.010989
3,2354,0.120879,0.010989
3,2355,0.120879,0.010989
3,2356,0.120879,0.010989
3,2357,0.142857,0.010989
3,2358,0.131868,0.010989
3,2359,0.131868,0.010989
3,2360,0.131868,0.010989
3,2361,0.109890,0.010989
3,2362,0.109890,0.010989
3,2363,0.087912,0.010989
3,2364,0.087912,0.010989
3,2365,0.076923,0.010989
3,2366,0.065934,0.010989
3,2367,0.065934,0.010989
3,2368,0.065934,0.010989
3,2369,0.087912,0.010989
3,2370,0.087912,0.010989
3,2371,0.087912,0.010989
3,2372,0.087912,0.010989
3,2373,0.087912,0.010989
3,2374,0.087912,0.010989
3,2375,0.120879,0.010989
3,2376,0.120879,0.010989
3,2377,0.120879,0.010989
3,2378,0.076923,0.010989
3,2379,0.065934,0.010989
3,2380,0.065934,0.010989
3,2381,0.065934,0.010989
3,2382,0.043956,0.010989
3,2383,0.065934,0.010989
3,2384,0.065934,0.010989
3,2385,0.065934,0.010989
3,2386,0.076923,0.010989
3,2387,0.098901,0.010989
3,2388,0.109890,0.010989
3,2389,0.098901,0.010989
3,2390,0.109890,0.010989
3,2391,0.098901,0.010989
3,2392,0.076923,0.010989
3,2393,0.076923,0.010989
3,2394,0.076923,0.010989
3,2395,0.065934,0.010989
3,2396,0.076923,0.010989
3,2397,0.043956,0.010989
3,2398,0.043956,0.010989
3,2399,0.032967,0.010989
3,2400,0.032967,0.010989
3,2401,0.043956,0.010989
3,2402,0.043956,0.010989
3,2403,0.043956,0.010989
3,2404,0.054945,0.010989
3,2405,0.065934,0.010989
3,2406,0.032967,0.010989
3,2407,0.054945,0.010989
3,2408,0.054945,0.010989
3,2409,0.054945,0.010989
3,2410,0.087912,0.010989
3,2411,0.087912,0.010989
3,2412,0.076923,0.010989
3,2413,0.065934,0.010989
3,2414,0.065934,0.010989
3,2415,0.087912,0.010989
3,2416,0.087912,0.010989
3,2417,0.087912,0.010989
3,2418,0.098901,0.010989
3,2419,0.054945,0.010989
3,2420,0.043956,0.010989
3,2421,0.043956,0.010989
3,2422,0.065934,0.010989
3,2423,0.065934,0.010989
3,2424,0.065934,0.010989
3,2425,0.065934,0.010989
3,2426,0.065934,0.010989
3,2427,0.065934,0.010989
3,2428,0.065934,0.010989
3,2429,0.065934,0.010989
3,2430,0.043956,0.010989
3,2431,0.054945,0.010989
3,2432,0.054945,0.010989
3,2433,0.054945,0.010989
3,2434,0.076923,0.010989
3,2435,0.076923,0.010989
3,2436,0.087912,0.010989
3,2437,0.087912,0.010989
3,2438,0.076923,0.010989
3,2439,0.076923,0.010989
3,2440,0.076923,0.010989
3,2441,0.065934,0.010989
3,2442,0.054945,0.010989
3,2443,0.065934,0.010989
3,2444,0.065934,0.010989
3,2445,0.065934,0.010989
3,2446,0.065934,0.010989
3,2447,0.065934,0.010989
3,2448,0.076923,0.010989
3,2449,0.076923,0.010989
3,2450,0.076923,0.010989
3,2451,0.087912,0.010989
3,2452,0.076923,0.010989
3,2453,0.065934,0.010989
3,2454,0.065934,0.010989
3,2455,0.076923,0.010989
3,2456,0.054945,0.010989
3,2457,0.054945,0.010989
3,2458,0.076923,0.010989
3,2459,0.065934,0.010989
3,2460,0.065934,0.010989
3,2461,0.087912,0.010989
3,2462,0.087912,0.010989
3,2463,0.087912,0.010989
3,2464,0.076923,0.010989
3,2465,0.087912,0.010989
3,2466,0.087912,0.010989
3,2467,0.098901,0.010989
3,2468,0.065934,0.010989
3,2469,0.087912,0.010989
3,2470,0.109890,0.010989
3,2471,0.120879,0.010989
3,2472,0.120879,0.010989
3,2473,0.098901,0.010989
3,2474,0.098901,0.010989
3,2475,0.109890,0.010989
3,2476,0.098901,0.010989
3,2477,0.087912,0.010989
3,2478,0.098901,0.010989
3,2479,0.087912,0.010989
3,2480,0.087912,0.010989
3,2481,0.076923,0.010989
3,2482,0.076923,0.010989
3,2483,0.076923,0.010989
3,2484,0.087912,0.010989
3,2485,0.054945,0.010989
3,2486,0.065934,0.010989
3,2487,0.076923,0.010989
3,2488,0.076923,0.010989
3,2489,0.076923,0.010989
3,2490,0.076923,0.010989
3,2491,0.076923,0.010989
3,2492,0.087912,0.010989
3,2493,0.098901,0.010989
3,2494,0.098901,0.010989
3,2495,0.109890,0.010989
3,2496,0.120879,0.010989
3,2497,0.109890,0.010989
3,2498,0.142857,0.010989
3,2499,0.131868,0.010989
3,2500,0.120879,0.010989
3,2501,0.120879,0.010989
3,2502,0.109890,0.010989
3,2503,0.065934,0.010989
3,2504,0.065934,0.010989
3,2505,0.076923,0.010989
3,2506,0.076923,0.010989
3,2507,0.065934,0.010989
3,2508,0.076923,0.010989
3,2509,0.109890,0.010989
3,2510,0.087912,0.010989
3,2511,0.087912,0.010989
3,2512,0.087912,0.010989
3,2513,0.087912,0.010989
3,2514,0.087912,0.010989
3,2515,0.109890,0.010989
3,2516,0.109890,0.010989
3,2517,0.109890,0.010989
3,2518,0.120879,0.010989
3,2519,0.120879,0.010989
3,2520,0.120879,0.010989
3,2521,0.120879,0.010989
3,2522,0.131868,0.010989
3,2523,0.098901,0.010989
3,2524,0.098901,0.010989
3,2525,0.098901,0.010989
3,2526,0.087912,0.010989
3,2527,0.076923,0.010989
3,2528,0.065934,0.010989
3,2529,0.065934,0.010989
3,2530,0.065934,0.010989
3,2531,0.065934,0.010989
3,2532,0.087912,0.010989
3,2533,0.087912,0.010989
3,2534,0.098901,0.010989
3,2535,0.087912,0.010989
3,2536,0.065934,0.010989
3,2537,0.054945,0.010989
3,2538,0.054945,0.010989
3,2539,0.065934,0.010989
3,2540,0.076923,0.010989
3,2541,0.076923,0.010989
3,2542,0.087912,0.010989
3,2543,0.087912,0.010989
3,2544,0.098901,0.010989
3,2545,0.098901,0.010989
3,2546,0.087912,0.010989
3,2547,0.087912,0.010989
3,2548,0.109890,0.010989
3,2549,0.109890,0.010989
3,2550,0.098901,0.010989
3,2551,0.098901,0.010989
3,2552,0.098901,0.010989
3,2553,0.087912,0.010989
3,2554,0.109890,0.010989
3,2555,0.098901,0.010989
3,2556,0.109890,0.010989
3,2557,0.109890,0.010989
3,2558,0.120879,0.010989
3,2559,0.131868,0.010989
3,2560,0.142857,0.010989
3,2561,0.131868,0.010989
3,2562,0.131868,0.010989
3,2563,0.098901,0.010989
3,2564,0.087912,0.010989
3,2565,0.065934,0.010989
3,2566,0.065934,0.010989
3,2567,0.076923,0.010989
3,2568,0.076923,0.010989
3,2569,0.087912,0.010989
3,2570,0.076923,0.010989
3,2571,0.076923,0.010989
3,2572,0.065934,0.010989
3,2573,0.065934,0.010989
3,2574,0.087912,0.010989
3,2575,0.087912,0.010989
3,2576,0.087912,0.010989
3,2577,0.120879,0.010989
3,2578,0.109890,0.010989
3,2579,0.120879,0.010989
3,2580,0.098901,0.010989
3,2581,0.065934,0.010989
3,2582,0.054945,0.010989
3,2583,0.087912,0.010989
3,2584,0.087912,0.010989
3,2585,0.087912,0.010989
3,2586,0.076923,0.010989
3,2587,0.065934,0.010989
3,2588,0.076923,0.010989
3,2589,0.076923,0.010989
3,2590,0.065934,0.010989
3,2591,0.043956,0.010989
3,2592,0.054945,0.010989
3,2593,0.054945,0.010989
3,2594,0.098901,0.010989
3,2595,0.098901,0.010989
3,2596,0.076923,0.010989
3,2597,0.076923,0.010989
3,2598,0.043956,0.010989
3,2599,0.054945,0.010989
3,2600,0.043956,0.010989
3,2601,0.054945,0.010989
3,2602,0.054945,0.010989
3,2603,0.054945,0.010989
3,2604,0.054945,0.010989
3,2605,0.065934,0.010989
3,2606,0.076923,0.010989
3,2607,0.076923,0.010989
3,2608,0.076923,0.010989
3,2609,0.076923,0.010989
3,2610,0.076923,0.010989
3,2611,0.065934,0.010989
3,2612,0.076923,0.010989
3,2613,0.076923,0.010989
3,2614,0.076923,0.010989
3,2615,0.131868,0.010989
3,2616,0.109890,0.010989
3,2617,0.087912,0.010989
3,2618,0.109890,0.010989
3,2619,0.098901,0.010989
3,2620,0.087912,0.010989
3,2621,0.087912,0.010989
3,2622,0.065934,0.010989
3,2623,0.065934,0.010989
3,2624,0.065934,0.010989
3,2625,0.076923,0.010989
3,2626,0.098901,0.010989
3,2627,0.087912,0.010989
3,2628,0.098901,0.010989
3,2629,0.098901,0.010989
3,2630,0.087912,0.010989
3,2631,0.109890,0.010989
3,2632,0.098901,0.010989
3,2633,0.098901,0.010989
3,2634,0.098901,0.010989
3,2635,0.109890,0.010989
3,2636,0.109890,0.010989
3,2637,0.109890,0.010989
3,2638,0.131868,0.010989
3,2639,0.131868,0.010989
3,2640,0.131868,0.010989
3,2641,0.131868,0.010989
3,2642,0.131868,0.010989
3,2643,0.153846,0.010989
3,2644,0.142857,0.010989
3,2645,0.142857,0.010989
3,2646,0.153846,0.010989
3,2647,0.142857,0.010989
3,2648,0.120879,0.010989
3,2649,0.120879,0.010989
3,2650,0.120879,0.010989
3,2651,0.153846,0.010989
3,2652,0.153846,0.010989
3,2653,0.142857,0.010989
3,2654,0.131868,0.010989
3,2655,0.109890,0.010989
3,2656,0.098901,0.010989
3,2657,0.098901,0.010989
3,2658,0.109890,0.010989
3,2659,0.120879,0.010989
3,2660,0.098901,0.010989
3,2661,0.065934,0.010989
3,2662,0.065934,0.010989
3,2663,0.065934,0.010989
3,2664,0.054945,0.010989
3,2665,0.043956,0.010989
3,2666,0.065934,0.010989
3,2667,0.065934,0.010989
3,2668,0.065934,0.010989
3,2669,0.065934,0.010989
3,2670,0.109890,0.010989
3,2671,0.109890,0.010989
3,2672,0.109890,0.010989
3,2673,0.120879,0.010989
3,2674,0.109890,0.010989
3,2675,0.120879,0.010989
3,2676,0.109890,0.010989
3,2677,0.065934,0.010989
3,2678,0.043956,0.010989
3,2679,0.043956,0.010989
3,2680,0.054945,0.010989
3,2681,0.054945,0.010989
3,2682,0.054945,0.010989
3,2683,0.054945,0.010989
3,2684,0.054945,0.010989
3,2685,0.076923,0.010989
3,2686,0.076923,0.010989
3,2687,0.076923,0.010989
3,2688,0.076923,0.010989
3,2689,0.076923,0.010989
3,2690,0.065934,0.010989
3,2691,0.065934,0.010989
3,2692,0.065934,0.010989
3,2693,0.065934,0.010989
3,2694,0.065934,0.010989
3,2695,0.065934,0.010989
3,2696,0.065934,0.010989
3,2697,0.098901,0.010989
3,2698,0.098901,0.010989
3,2699,0.098901,0.010989
3,2700,0.098901,0.010989
3,2701,0.076923,0.010989
3,2702,0.065934,0.010989
3,2703,0.043956,0.010989
3,2704,0.065934,0.010989
3,2705,0.032967,0.010989
3,2706,0.021978,0.010989
3,2707,0.043956,0.010989
3,2708,0.043956,0.010989
3,2709,0.043956,0.010989
3,2710,0.043956,0.010989
3,2711,0.043956,0.010989
3,2712,0.054945,0.010989
3,2713,0.054945,0.010989
3,2714,0.054945,0.010989
3,2715,0.076923,0.010989
3,2716,0.087912,0.010989
3,2717,0.087912,0.010989
3,2718,0.087912,0.010989
3,2719,0.087912,0.010989
3,2720,0.076923,0.010989
3,2721,0.076923,0.010989
3,2722,0.076923,0.010989
3,2723,0.098901,0.010989
3,2724,0.098901,0.010989
3,2725,0.076923,0.010989
3,2726,0.076923,0.010989
3,2727,0.076923,0.010989
3,2728,0.076923,0.010989
3,2729,0.076923,0.010989
3,2730,0.076923,0.010989
3,2731,0.076923,0.010989
3,2732,0.065934,0.010989
3,2733,0.065934,0.010989
3,2734,0.065934,0.010989
3,2735,0.087912,0.010989
3,2736,0.087912,0.010989
3,2737,0.087912,0.010989
3,2738,0.087912,0.010989
3,2739,0.098901,0.010989
3,2740,0.098901,0.010989
3,2741,0.098901,0.010989
3,2742,0.087912,0.010989
3,2743,0.087912,0.010989
3,2744,0.087912,0.010989
3,2745,0.087912,0.010989
3,2746,0.087912,0.010989
3,2747,0.076923,0.010989
3,2748,0.054945,0.010989
3,2749,0.054945,0.010989
3,2750,0.054945,0.010989
3,2751,0.054945,0.010989
3,2752,0.054945,0.010989
3,2753,0.054945,0.010989
3,2754,0.054945,0.010989
3,2755,0.032967,0.010989
3,2756,0.043956,0.010989
3,2757,0.065934,0.010989
3,2758,0.065934,0.010989
3,2759,0.076923,0.010989
3,2760,0.087912,0.010989
3,2761,0.087912,0.010989
3,2762,0.087912,0.010989
3,2763,0.087912,0.010989
3,2764,0.087912,0.010989
3,2765,0.087912,0.010989
3,2766,0.087912,0.010989
3,2767,0.087912,0.010989
3,2768,0.098901,0.010989
3,2769,0.087912,0.010989
3,2770,0.076923,0.010989
3,2771,0.087912,0.010989
3,2772,0.076923,0.010989
3,2773,0.087912,0.010989
3,2774,0.098901,0.010989
3,2775,0.120879,0.010989
3,2776,0.120879,0.010989
3,2777,0.120879,0.010989
3,2778,0.120879,0.010989
3,2779,0.131868,0.010989
3,2780,0.142857,0.010989
3,2781,0.142857,0.010989
3,2782,0.120879,0.010989
3,2783,0.142857,0.010989
3,2784,0.120879,0.010989
3,2785,0.131868,0.010989
3,2786,0.131868,0.010989
3,2787,0.109890,0.010989
3,2788,0.131868,0.010989
3,2789,0.109890,0.010989
3,2790,0.109890,0.010989
3,2791,0.109890,0.010989
3,2792,0.142857,0.010989
3,2793,0.142857,0.010989
3,2794,0.142857,0.010989
3,2795,0.142857,0.010989
3,2796,0.120879,0.010989
3,2797,0.109890,0.010989
3,2798,0.098901,0.010989
3,2799,0.098901,0.010989
3,2800,0.098901,0.010989
3,2801,0.098901,0.010989
3,2802,0.098901,0.010989
3,2803,0.087912,0.010989
3,2804,0.076923,0.010989
3,2805,0.076923,0.010989
3,2806,0.076923,0.010989
3,2807,0.076923,0.010989
3,2808,0.098901,0.010989
3,2809,0.098901,0.010989
3,2810,0.087912,0.010989
3,2811,0.076923,0.010989
3,2812,0.076923,0.010989
3,2813,0.087912,0.010989
3,2814,0.087912,0.010989
3,2815,0.076923,0.010989
3,2816,0.076923,0.010989
3,2817,0.076923,0.010989
3,2818,0.076923,0.010989
3,2819,0.076923,0.010989
3,2820,0.065934,0.010989
3,2821,0.076923,0.010989
3,2822,0.065934,0.010989
3,2823,0.065934,0.010989
3,2824,0.054945,0.010989
3,2825,0.054945,0.010989
3,2826,0.054945,0.010989
3,2827,0.054945,0.010989
3,2828,0.065934,0.010989
3,2829,0.065934,0.010989
3,2830,0.065934,0.010989
3,2831,0.043956,0.010989
3,2832,0.032967,0.010989
3,2833,0.032967,0.010989
3,2834,0.043956,0.010989
3,2835,0.043956,0.010989
3,2836,0.054945,0.010989
3,2837,0.054945,0.010989
3,2838,0.043956,0.010989
3,2839,0.043956,0.010989
3,2840,0.043956,0.010989
3,2841,0.054945,0.010989
3,2842,0.043956,0.010989
3,2843,0.043956,0.010989
3,2844,0.021978,0.010989
3,2845,0.021978,0.010989
3,2846,0.021978,0.010989
3,2847,0.021978,0.010989
3,2848,0.021978,0.010989
3,2849,0.021978,0.010989
3,2850,0.021978,0.010989
3,2851,0.021978,0.010989
3,2852,0.054945,0.010989
3,2853,0.054945,0.010989
3,2854,0.076923,0.010989
3,2855,0.076923,0.010989
3,2856,0.076923,0.010989
3,2857,0.065934,0.010989
3,2858,0.065934,0.010989
3,2859,0.065934,0.010989
3,2860,0.054945,0.010989
3,2861,0.054945,0.010989
3,2862,0.054945,0.010989
3,2863,0.054945,0.010989
3,2864,0.054945,0.010989
3,2865,0.043956,0.010989
3,2866,0.054945,0.010989
3,2867,0.054945,0.010989
3,2868,0.054945,0.010989
3,2869,0.054945,0.010989
3,2870,0.054945,0.010989
3,2871,0.054945,0.010989
3,2872,0.054945,0.010989
3,2873,0.054945,0.010989
3,2874,0.054945,0.010989
3,2875,0.054945,0.010989
3,2876,0.054945,0.010989
3,2877,0.054945,0.010989
3,2878,0.054945,0.010989
3,2879,0.054945,0.010989
3,2880,0.065934,0.010989
3,2881,0.065934,0.010989
3,2882,0.054945,0.010989
3,2883,0.043956,0.010989
3,2884,0.065934,0.010989
3,2885,0.065934,0.010989
3,2886,0.043956,0.010989
3,2887,0.054945,0.010989
3,2888,0.054945,0.010989
3,2889,0.054945,0.010989
3,2890,0.054945,0.010989
3,2891,0.054945,0.010989
3,2892,0.054945,0.010989
3,2893,0.054945,0.010989
3,2894,0.032967,0.010989
3,2895,0.032967,0.010989
3,2896,0.021978,0.010989
3,2897,0.021978,0.010989
3,2898,0.021978,0.010989
3,2899,0.021978,0.010989
3,2900,0.021978,0.010989
3,2901,0.021978,0.010989
3,2902,0.021978,0.010989
3,2903,0.021978,0.010989
3,2904,0.032967,0.010989
3,2905,0.021978,0.010989
3,2906,0.021978,0.010989
3,2907,0.021978,0.010989
3,2908,0.021978,0.010989
3,2909,0.021978,0.010989
3,2910,0.032967,0.010989
3,2911,0.032967,0.010989
3,2912,0.032967,0.010989
3,2913,0.043956,0.010989
3,2914,0.054945,0.010989
3,2915,0.043956,0.010989
3,2916,0.043956,0.010989
3,2917,0.043956,0.010989
3,2918,0.043956,0.010989
3,2919,0.043956,0.010989
3,2920,0.043956,0.010989
3,2921,0.043956,0.010989
3,2922,0.054945,0.010989
3,2923,0.054945,0.010989
3,2924,0.054945,0.010989
3,2925,0.054945,0.010989
3,2926,0.054945,0.010989
3,2927,0.043956,0.010989
3,2928,0.043956,0.010989
3,2929,0.043956,0.010989
3,2930,0.043956,0.010989
3,2931,0.043956,0.010989
3,2932,0.043956,0.010989
3,2933,0.043956,0.010989
3,2934,0.054945,0.010989
3,2935,0.043956,0.010989
3,2936,0.054945,0.010989
3,2937,0.043956,0.010989
3,2938,0.032967,0.010989
3,2939,0.032967,0.010989
3,2940,0.032967,0.010989
3,2941,0.032967,0.010989
3,2942,0.032967,0.010989
3,2943,0.032967,0.010989
3,2944,0.032967,0.010989
3,2945,0.043956,0.010989
3,2946,0.043956,0.010989
3,2947,0.043956,0.010989
3,2948,0.043956,0.010989
3,2949,0.032967,0.010989
3,2950,0.032967,0.010989
3,2951,0.032967,0.010989
3,2952,0.032967,0.010989
3,2953,0.032967,0.010989
3,2954,0.054945,0.010989
3,2955,0.054945,0.010989
3,2956,0.054945,0.010989
3,2957,0.054945,0.010989
3,2958,0.054945,0.010989
3,2959,0.043956,0.010989
3,2960,0.054945,0.010989
3,2961,0.054945,0.010989
3,2962,0.065934,0.010989
3,2963,0.065934,0.010989
3,2964,0.065934,0.010989
3,2965,0.065934,0.010989
3,2966,0.087912,0.010989
3,2967,0.087912,0.010989
3,2968,0.065934,0.010989
3,2969,0.065934,0.010989
3,2970,0.065934,0.010989
3,2971,0.065934,0.010989
3,2972,0.065934,0.010989
3,2973,0.032967,0.010989
3,2974,0.032967,0.010989
3,2975,0.032967,0.010989
3,2976,0.032967,0.010989
3,2977,0.032967,0.010989
3,2978,0.032967,0.010989
3,2979,0.032967,0.010989
3,2980,0.032967,0.010989
3,2981,0.032967,0.010989
3,2982,0.032967,0.010989
3,2983,0.032967,0.010989
3,2984,0.032967,0.010989
3,2985,0.032967,0.010989
3,2986,0.032967,0.010989
3,2987,0.032967,0.010989
3,2988,0.032967,0.010989
3,2989,0.032967,0.010989
3,2990,0.032967,0.010989
3,2991,0.032967,0.010989
3,2992,0.032967,0.010989
3,2993,0.032967,0.010989
3,2994,0.032967,0.010989
3,2995,0.032967,0.010989
3,2996,0.032967,0.010989
3,2997,0.032967,0.010989
3,2998,0.032967,0.010989
3,2999,0.032967,0.010989
3,3000,0.032967,0.010989
3,3001,0.032967,0.010989
3,3002,0.032967,0.010989
3,3003,0.032967,0.010989
3,3004,0.032967,0.010989
3,3005,0.032967,0.010989
3,3006,0.032967,0.010989
3,3007,0.032967,0.010989
3,3008,0.043956,0.010989
3,3009,0.043956,0.010989
3,3010,0.043956,0.010989
3,3011,0.043956,0.010989
3,3012,0.043956,0.010989
3,3013,0.043956,0.010989
3,3014,0.043956,0.010989
3,3015,0.032967,0.010989
3,3016,0.032967,0.010989
3,3017,0.032967,0.010989
3,3018,0.032967,0.010989
3,3019,0.032967,0.010989
3,3020,0.032967,0.010989
3,3021,0.032967,0.010989
3,3022,0.032967,0.010989
3,3023,0.043956,0.010989
3,3024,0.032967,0.010989
3,3025,0.032967,0.010989
3,3026,0.032967,0.010989
3,3027,0.032967,0.010989
3,3028,0.021978,0.010989
3,3029,0.000000,0.000000
4,0,0.120879,0.120879
4,1,0.131868,0.120879
4,2,0.164835,0.120879
4,3,0.142857,0.120879
4,4,0.164835,0.120879
4,5,0.153846,0.120879
4,6,0.142857,0.120879
4,7,0.120879,0.120879
4,8,0.109890,0.109890
4,9,0.087912,0.087912
4,10,0.087912,0.087912
4,11,0.087912,0.087912
4,12,0.131868,0.087912
4,13,0.186813,0.087912
4,14,0.153846,0.087912
4,15,0.131868,0.087912
4,16,0.076923,0.076923
4,17,0.087912,0.076923
4,18,0.109890,0.076923
4,19,0.142857,0.076923
4,20,0.153846,0.076923
4,21,0.142857,0.076923
4,22,0.131868,0.076923
4,23,0.109890,0.076923
4,24,0.109890,0.076923
4,25,0.142857,0.076923
4,26,0.153846,0.076923
4,27,0.186813,0.076923
4,28,0.164835,0.076923
4,29,0.109890,0.076923
4,30,0.120879,0.076923
4,31,0.098901,0.076923
4,32,0.164835,0.076923
4,33,0.142857,0.076923
4,34,0.131868,0.076923
4,35,0.131868,0.076923
4,36,0.098901,0.076923
4,37,0.109890,0.076923
4,38,0.142857,0.076923
4,39,0.131868,0.076923
4,40,0.142857,0.076923
4,41,0.131868,0.076923
4,42,0.153846,0.076923
4,43,0.153846,0.076923
4,44,0.153846,0.076923
4,45,0.142857,0.076923
4,46,0.197802,0.076923
4,47,0.197802,0.076923
4,48,0.208791,0.076923
4,49,0.219780,0.076923
4,50,0.241758,0.076923
4,51,0.219780,0.076923
4,52,0.208791,0.076923
4,53,0.219780,0.076923
4,54,0.219780,0.076923
4,55,0.208791,0.076923
4,56,0.186813,0.076923
4,57,0.186813,0.076923
4,58,0.175824,0.076923
4,59,0.164835,0.076923
4,60,0.186813,0.076923
4,61,0.186813,0.076923
4,62,0.219780,0.076923
4,63,0.219780,0.076923
4,64,0.219780,0.076923
4,65,0.230769,0.076923
4,66,0.263736,0.076923
4,67,0.263736,0.076923
4,68,0.274725,0.076923
4,69,0.186813,0.076923
4,70,0.164835,0.076923
4,71,0.175824,0.076923
4,72,0.153846,0.076923
4,73,0.142857,0.076923
4,74,0.120879,0.076923
4,75,0.098901,0.076923
4,76,0.120879,0.076923
4,77,0.131868,0.076923
4,78,0.131868,0.076923
4,79,0.153846,0.076923
4,80,0.153846,0.076923
4,81,0.164835,0.076923
4,82,0.131868,0.076923
4,83,0.120879,0.076923
4,84,0.120879,0.076923
4,85,0.120879,0.076923
4,86,0.109890,0.076923
4,87,0.120879,0.076923
4,88,0.098901,0.076923
4,89,0.131868,0.076923
4,90,0.087912,0.076923
4,91,0.120879,0.076923
4,92,0.120879,0.076923
4,93,0.131868,0.076923
4,94,0.120879,0.076923
4,95,0.120879,0.076923
4,96,0.109890,0.076923
4,97,0.109890,0.076923
4,98,0.087912,0.076923
4,99,0.098901,0.076923
4,100,0.120879,0.076923
4,101,0.087912,0.076923
4,102,0.098901,0.076923
4,103,0.120879,0.076923
4,104,0.142857,0.076923
4,105,0.142857,0.076923
4,106,0.131868,0.076923
4,107,0.153846,0.076923
4,108,0.164835,0.076923
4,109,0.175824,0.076923
4,110,0.164835,0.076923
4,111,0.131868,0.076923
4,112,0.164835,0.076923
4,113,0.186813,0.076923
4,114,0.197802,0.076923
4,115,0.153846,0.076923
4,116,0.142857,0.076923
4,117,0.142857,0.076923
4,118,0.142857,0.076923
4,119,0.131868,0.076923
4,120,0.131868,0.076923
4,121,0.131868,0.076923
4,122,0.120879,0.076923
4,123,0.120879,0.076923
4,124,0.131868,0.076923
4,125,0.120879,0.076923
4,126,0.109890,0.076923
4,127,0.109890,0.076923
4,128,0.120879,0.076923
4,129,0.109890,0.076923
4,130,0.065934,0.065934
4,131,0.054945,0.054945
4,132,0.098901,0.054945
4,133,0.109890,0.054945
4,134,0.120879,0.054945
4,135,0.120879,0.054945
4,136,0.131868,0.054945
4,137,0.142857,0.054945
4,138,0.131868,0.054945
4,139,0.131868,0.054945
4,140,0.142857,0.054945
4,141,0.109890,0.054945
4,142,0.120879,0.054945
4,143,0.131868,0.054945
4,144,0.131868,0.054945
4,145,0.120879,0.054945
4,146,0.186813,0.054945
4,147,0.197802,0.054945
4,148,0.186813,0.054945
4,149,0.197802,0.054945
4,150,0.197802,0.054945
4,151,0.208791,0.054945
4,152,0.208791,0.054945
4,153,0.219780,0.054945
4,154,0.197802,0.054945
4,155,0.175824,0.054945
4,156,0.186813,0.054945
4,157,0.175824,0.054945
4,158,0.164835,0.054945
4,159,0.142857,0.054945
4,160,0.153846,0.054945
4,161,0.120879,0.054945
4,162,0.131868,0.054945
4,163,0.142857,0.054945
4,164,0.175824,0.054945
4,165,0.153846,0.054945
4,166,0.098901,0.054945
4,167,0.076923,0.054945
4,168,0.098901,0.054945
4,169,0.087912,0.054945
4,170,0.098901,0.054945
4,171,0.098901,0.054945
4,172,0.131868,0.054945
4,173,0.186813,0.054945
4,174,0.175824,0.054945
4,175,0.175824,0.054945
4,176,0.175824,0.054945
4,177,0.175824,0.054945
4,178,0.142857,0.054945
4,179,0.153846,0.054945
4,180,0.109890,0.054945
4,181,0.109890,0.054945
4,182,0.142857,0.054945
4,183,0.153846,0.054945
4,184,0.153846,0.054945
4,185,0.142857,0.054945
4,186,0.142857,0.054945
4,187,0.164835,0.054945
4,188,0.186813,0.054945
4,189,0.175824,0.054945
4,190,0.186813,0.054945
4,191,0.142857,0.054945
4,192,0.131868,0.054945
4,193,0.098901,0.054945
4,194,0.087912,0.054945
4,195,0.098901,0.054945
4,196,0.131868,0.054945
4,197,0.131868,0.054945
4,198,0.142857,0.054945
4,199,0.153846,0.054945
4,200,0.175824,0.054945
4,201,0.142857,0.054945
4,202,0.142857,0.054945
4,203,0.120879,0.054945
4,204,0.131868,0.054945
4,205,0.120879,0.054945
4,206,0.098901,0.054945
4,207,0.076923,0.054945
4,208,0.065934,0.054945
4,209,0.087912,0.054945
4,210,0.109890,0.054945
4,211,0.109890,0.054945
4,212,0.098901,0.054945
4,213,0.087912,0.054945
4,214,0.098901,0.054945
4,215,0.098901,0.054945
4,216,0.098901,0.054945
4,217,0.120879,0.054945
4,218,0.098901,0.054945
4,219,0.087912,0.054945
4,220,0.098901,0.054945
4,221,0.054945,0.054945
4,222,0.043956,0.043956
4,223,0.043956,0.043956
4,224,0.076923,0.043956
4,225,0.043956,0.043956
4,226,0.043956,0.043956
4,227,0.043956,0.043956
4,228,0.065934,0.043956
4,229,0.076923,0.043956
4,230,0.109890,0.043956
4,231,0.098901,0.043956
4,232,0.098901,0.043956
4,233,0.098901,0.043956
4,234,0.109890,0.043956
4,235,0.109890,0.043956
4,236,0.197802,0.043956
4,237,0.120879,0.043956
4,238,0.087912,0.043956
4,239,0.098901,0.043956
4,240,0.164835,0.043956
4,241,0.164835,0.043956
4,242,0.186813,0.043956
4,243,0.142857,0.043956
4,244,0.164835,0.043956
4,245,0.164835,0.043956
4,246,0.142857,0.043956
4,247,0.131868,0.043956
4,248,0.098901,0.043956
4,249,0.131868,0.043956
4,250,0.153846,0.043956
4,251,0.186813,0.043956
4,252,0.153846,0.043956
4,253,0.153846,0.043956
4,254,0.153846,0.043956
4,255,0.120879,0.043956
4,256,0.087912,0.043956
4,257,0.065934,0.043956
4,258,0.054945,0.043956
4,259,0.054945,0.043956
4,260,0.065934,0.043956
4,261,0.043956,0.043956
4,262,0.054945,0.043956
4,263,0.098901,0.043956
4,264,0.109890,0.043956
4,265,0.109890,0.043956
4,266,0.120879,0.043956
4,267,0.131868,0.043956
4,268,0.153846,0.043956
4,269,0.142857,0.043956
4,270,0.164835,0.043956
4,271,0.131868,0.043956
4,272,0.098901,0.043956
4,273,0.098901,0.043956
4,274,0.076923,0.043956
4,275,0.054945,0.043956
4,276,0.065934,0.043956
4,277,0.043956,0.043956
4,278,0.054945,0.043956
4,279,0.098901,0.043956
4,280,0.109890,0.043956
4,281,0.131868,0.043956
4,282,0.098901,0.043956
4,283,0.054945,0.043956
4,284,0.076923,0.043956
4,285,0.043956,0.043956
4,286,0.087912,0.043956
4,287,0.087912,0.043956
4,288,0.109890,0.043956
4,289,0.087912,0.043956
4,290,0.098901,0.043956
4,291,0.098901,0.043956
4,292,0.087912,0.043956
4,293,0.087912,0.043956
4,294,0.098901,0.043956
4,295,0.098901,0.043956
4,296,0.098901,0.043956
4,297,0.109890,0.043956
4,298,0.065934,0.043956
4,299,0.043956,0.043956
4,300,0.032967,0.032967
4,301,0.043956,0.032967
4,302,0.065934,0.032967
4,303,0.054945,0.032967
4,304,0.043956,0.032967
4,305,0.076923,0.032967
4,306,0.076923,0.032967
4,307,0.098901,0.032967
4,308,0.109890,0.032967
4,309,0.076923,0.032967
4,310,0.076923,0.032967
4,311,0.120879,0.032967
4,312,0.153846,0.032967
4,313,0.164835,0.032967
4,314,0.164835,0.032967
4,315,0.142857,0.032967
4,316,0.120879,0.032967
4,317,0.076923,0.032967
4,318,0.087912,0.032967
4,319,0.087912,0.032967
4,320,0.065934,0.032967
4,321,0.065934,0.032967
4,322,0.065934,0.032967
4,323,0.087912,0.032967
4,324,0.076923,0.032967
4,325,0.076923,0.032967
4,326,0.065934,0.032967
4,327,0.087912,0.032967
4,328,0.065934,0.032967
4,329,0.076923,0.032967
4,330,0.065934,0.032967
4,331,0.098901,0.032967
4,332,0.109890,0.032967
4,333,0.120879,0.032967
4,334,0.131868,0.032967
4,335,0.131868,0.032967
4,336,0.120879,0.032967
4,337,0.098901,0.032967
4,338,0.087912,0.032967
4,339,0.065934,0.032967
4,340,0.098901,0.032967
4,341,0.098901,0.032967
4,342,0.098901,0.032967
4,343,0.087912,0.032967
4,344,0.076923,0.032967
4,345,0.098901,0.032967
4,346,0.076923,0.032967
4,347,0.087912,0.032967
4,348,0.098901,0.032967
4,349,0.087912,0.032967
4,350,0.076923,0.032967
4,351,0.087912,0.032967
4,352,0.065934,0.032967
4,353,0.065934,0.032967
4,354,0.098901,0.032967
4,355,0.131868,0.032967
4,356,0.131868,0.032967
4,357,0.153846,0.032967
4,358,0.164835,0.032967
4,359,0.120879,0.032967
4,360,0.098901,0.032967
4,361,0.098901,0.032967
4,362,0.109890,0.032967
4,363,0.131868,0.032967
4,364,0.120879,0.032967
4,365,0.120879,0.032967
4,366,0.153846,0.032967
4,367,0.164835,0.032967
4,368,0.164835,0.032967
4,369,0.153846,0.032967
4,370,0.142857,0.032967
4,371,0.120879,0.032967
4,372,0.142857,0.032967
4,373,0.131868,0.032967
4,374,0.153846,0.032967
4,375,0.131868,0.032967
4,376,0.142857,0.032967
4,377,0.142857,0.032967
4,378,0.175824,0.032967
4,379,0.186813,0.032967
4,380,0.219780,0.032967
4,381,0.208791,0.032967
4,382,0.175824,0.032967
4,383,0.153846,0.032967
4,384,0.186813,0.032967
4,385,0.131868,0.032967
4,386,0.131868,0.032967
4,387,0.109890,0.032967
4,388,0.109890,0.032967
4,389,0.153846,0.032967
4,390,0.164835,0.032967
4,391,0.186813,0.032967
4,392,0.208791,0.032967
4,393,0.219780,0.032967
4,394,0.186813,0.032967
4,395,0.186813,0.032967
4,396,0.186813,0.032967
4,397,0.186813,0.032967
4,398,0.164835,0.032967
4,399,0.175824,0.032967
4,400,0.164835,0.032967
4,401,0.186813,0.032967
4,402,0.197802,0.032967
4,403,0.164835,0.032967
4,404,0.197802,0.032967
4,405,0.175824,0.032967
4,406,0.175824,0.032967
4,407,0.087912,0.032967
4,408,0.065934,0.032967
4,409,0.087912,0.032967
4,410,0.076923,0.032967
4,411,0.120879,0.032967
4,412,0.076923,0.032967
4,413,0.065934,0.032967
4,414,0.065934,0.032967
4,415,0.032967,0.032967
4,416,0.032967,0.032967
4,417,0.043956,0.032967
4,418,0.098901,0.032967
4,419,0.131868,0.032967
4,420,0.131868,0.032967
4,421,0.120879,0.032967
4,422,0.131868,0.032967
4,423,0.153846,0.032967
4,424,0.175824,0.032967
4,425,0.164835,0.032967
4,426,0.153846,0.032967
4,427,0.142857,0.032967
4,428,0.109890,0.032967
4,429,0.109890,0.032967
4,430,0.120879,0.032967
4,431,0.131868,0.032967
4,432,0.109890,0.032967
4,433,0.109890,0.032967
4,434,0.098901,0.032967
4,435,0.098901,0.032967
4,436,0.109890,0.032967
4,437,0.098901,0.032967
4,438,0.142857,0.032967
4,439,0.098901,0.032967
4,440,0.142857,0.032967
4,441,0.131868,0.032967
4,442,0.142857,0.032967
4,443,0.131868,0.032967
4,444,0.142857,0.032967
4,445,0.153846,0.032967
4,446,0.142857,0.032967
4,447,0.153846,0.032967
4,448,0.087912,0.032967
4,449,0.098901,0.032967
4,450,0.098901,0.032967
4,451,0.076923,0.032967
4,452,0.076923,0.032967
4,453,0.087912,0.032967
4,454,0.087912,0.032967
4,455,0.098901,0.032967
4,456,0.076923,0.032967
4,457,0.065934,0.032967
4,458,0.076923,0.032967
4,459,0.054945,0.032967
4,460,0.054945,0.032967
4,461,0.054945,0.032967
4,462,0.076923,0.032967
4,463,0.054945,0.032967
4,464,0.109890,0.032967
4,465,0.109890,0.032967
4,466,0.131868,0.032967
4,467,0.131868,0.032967
4,468,0.131868,0.032967
4,469,0.153846,0.032967
4,470,0.109890,0.032967
4,471,0.087912,0.032967
4,472,0.109890,0.032967
4,473,0.065934,0.032967
4,474,0.054945,0.032967
4,475,0.065934,0.032967
4,476,0.087912,0.032967
4,477,0.076923,0.032967
4,478,0.098901,0.032967
4,479,0.109890,0.032967
4,480,0.186813,0.032967
4,481,0.153846,0.032967
4,482,0.153846,0.032967
4,483,0.175824,0.032967
4,484,0.208791,0.032967
4,485,0.175824,0.032967
4,486,0.142857,0.032967
4,487,0.175824,0.032967
4,488,0.197802,0.032967
4,489,0.197802,0.032967
4,490,0.175824,0.032967
4,491,0.186813,0.032967
4,492,0.175824,0.032967
4,493,0.153846,0.032967
4,494,0.120879,0.032967
4,495,0.131868,0.032967
4,496,0.131868,0.032967
4,497,0.131868,0.032967
4,498,0.142857,0.032967
4,499,0.131868,0.032967
4,500,0.131868,0.032967
4,501,0.131868,0.032967
4,502,0.109890,0.032967
4,503,0.098901,0.032967
4,504,0.076923,0.032967
4,505,0.087912,0.032967
4,506,0.076923,0.032967
4,507,0.120879,0.032967
4,508,0.153846,0.032967
4,509,0.131868,0.032967
4,510,0.153846,0.032967
4,511,0.142857,0.032967
4,512,0.164835,0.032967
4,513,0.142857,0.032967
4,514,0.142857,0.032967
4,515,0.164835,0.032967
4,516,0.153846,0.032967
4,517,0.142857,0.032967
4,518,0.142857,0.032967
4,519,0.153846,0.032967
4,520,0.120879,0.032967
4,521,0.142857,0.032967
4,522,0.153846,0.032967
4,523,0.164835,0.032967
4,524,0.142857,0.032967
4,525,0.164835,0.032967
4,526,0.186813,0.032967
4,527,0.120879,0.032967
4,528,0.109890,0.032967
4,529,0.131868,0.032967
4,530,0.120879,0.032967
4,531,0.120879,0.032967
4,532,0.131868,0.032967
4,533,0.131868,0.032967
4,534,0.087912,0.032967
4,535,0.076923,0.032967
4,536,0.065934,0.032967
4,537,0.065934,0.032967
4,538,0.054945,0.032967
4,539,0.054945,0.032967
4,540,0.054945,0.032967
4,541,0.065934,0.032967
4,542,0.076923,0.032967
4,543,0.109890,0.032967
4,544,0.109890,0.032967
4,545,0.131868,0.032967
4,546,0.153846,0.032967
4,547,0.142857,0.032967
4,548,0.175824,0.032967
4,549,0.175824,0.032967
4,550,0.142857,0.032967
4,551,0.120879,0.032967
4,552,0.131868,0.032967
4,553,0.109890,0.032967
4,554,0.098901,0.032967
4,555,0.109890,0.032967
4,556,0.120879,0.032967
4,557,0.120879,0.032967
4,558,0.109890,0.032967
4,559,0.131868,0.032967
4,560,0.109890,0.032967
4,561,0.131868,0.032967
4,562,0.109890,0.032967
4,563,0.087912,0.032967
4,564,0.076923,0.032967
4,565,0.076923,0.032967
4,566,0.087912,0.032967
4,567,0.120879,0.032967
4,568,0.087912,0.032967
4,569,0.076923,0.032967
4,570,0.076923,0.032967
4,571,0.076923,0.032967
4,572,0.054945,0.032967
4,573,0.065934,0.032967
4,574,0.054945,0.032967
4,575,0.043956,0.032967
4,576,0.065934,0.032967
4,577,0.065934,0.032967
4,578,0.098901,0.032967
4,579,0.142857,0.032967
4,580,0.120879,0.032967
4,581,0.076923,0.032967
4,582,0.098901,0.032967
4,583,0.098901,0.032967
4,584,0.098901,0.032967
4,585,0.109890,0.032967
4,586,0.120879,0.032967
4,587,0.076923,0.032967
4,588,0.087912,0.032967
4,589,0.054945,0.032967
4,590,0.087912,0.032967
4,591,0.120879,0.032967
4,592,0.153846,0.032967
4,593,0.120879,0.032967
4,594,0.142857,0.032967
4,595,0.131868,0.032967
4,596,0.120879,0.032967
4,597,0.131868,0.032967
4,598,0.131868,0.032967
4,599,0.164835,0.032967
4,600,0.197802,0.032967
4,601,0.175824,0.032967
4,602,0.197802,0.032967
4,603,0.197802,0.032967
4,604,0.153846,0.032967
4,605,0.153846,0.032967
4,606,0.153846,0.032967
4,607,0.153846,0.032967
4,608,0.131868,0.032967
4,609,0.131868,0.032967
4,610,0.120879,0.032967
4,611,0.076923,0.032967
4,612,0.087912,0.032967
4,613,0.098901,0.032967
4,614,0.087912,0.032967
4,615,0.076923,0.032967
4,616,0.087912,0.032967
4,617,0.109890,0.032967
4,618,0.087912,0.032967
4,619,0.087912,0.032967
4,620,0.087912,0.032967
4,621,0.098901,0.032967
4,622,0.109890,0.032967
4,623,0.131868,0.032967
4,624,0.131868,0.032967
4,625,0.197802,0.032967
4,626,0.175824,0.032967
4,627,0.153846,0.032967
4,628,0.142857,0.032967
4,629,0.109890,0.032967
4,630,0.131868,0.032967
4,631,0.120879,0.032967
4,632,0.153846,0.032967
4,633,0.142857,0.032967
4,634,0.142857,0.032967
4,635,0.142857,0.032967
4,636,0.109890,0.032967
4,637,0.087912,0.032967
4,638,0.076923,0.032967
4,639,0.076923,0.032967
4,640,0.087912,0.032967
4,641,0.098901,0.032967
4,642,0.109890,0.032967
4,643,0.098901,0.032967
4,644,0.054945,0.032967
4,645,0.087912,0.032967
4,646,0.065934,0.032967
4,647,0.087912,0.032967
4,648,0.087912,0.032967
4,649,0.109890,0.032967
4,650,0.076923,0.032967
4,651,0.087912,0.032967
4,652,0.076923,0.032967
4,653,0.076923,0.032967
4,654,0.087912,0.032967
4,655,0.076923,0.032967
4,656,0.098901,0.032967
4,657,0.098901,0.032967
4,658,0.098901,0.032967
4,659,0.098901,0.032967
4,660,0.164835,0.032967
4,661,0.098901,0.032967
4,662,0.120879,0.032967
4,663,0.098901,0.032967
4,664,0.076923,0.032967
4,665,0.065934,0.032967
4,666,0.098901,0.032967
4,667,0.065934,0.032967
4,668,0.098901,0.032967
4,669,0.109890,0.032967
4,670,0.131868,0.032967
4,671,0.153846,0.032967
4,672,0.142857,0.032967
4,673,0.175824,0.032967
4,674,0.109890,0.032967
4,675,0.098901,0.032967
4,676,0.087912,0.032967
4,677,0.098901,0.032967
4,678,0.109890,0.032967
4,679,0.120879,0.032967
4,680,0.120879,0.032967
4,681,0.131868,0.032967
4,682,0.131868,0.032967
4,683,0.120879,0.032967
4,684,0.109890,0.032967
4,685,0.109890,0.032967
4,686,0.098901,0.032967
4,687,0.120879,0.032967
4,688,0.087912,0.032967
4,689,0.120879,0.032967
4,690,0.087912,0.032967
4,691,0.098901,0.032967
4,692,0.098901,0.032967
4,693,0.087912,0.032967
4,694,0.076923,0.032967
4,695,0.065934,0.032967
4,696,0.087912,0.032967
4,697,0.120879,0.032967
4,698,0.142857,0.032967
4,699,0.142857,0.032967
4,700,0.153846,0.032967
4,701,0.098901,0.032967
4,702,0.087912,0.032967
4,703,0.076923,0.032967
4,704,0.076923,0.032967
4,705,0.087912,0.032967
4,706,0.131868,0.032967
4,707,0.109890,0.032967
4,708,0.109890,0.032967
4,709,0.087912,0.032967
4,710,0.087912,0.032967
4,711,0.087912,0.032967
4,712,0.087912,0.032967
4,713,0.098901,0.032967
4,714,0.142857,0.032967
4,715,0.142857,0.032967
4,716,0.142857,0.032967
4,717,0.109890,0.032967
4,718,0.109890,0.032967
4,719,0.120879,0.032967
4,720,0.131868,0.032967
4,721,0.120879,0.032967
4,722,0.120879,0.032967
4,723,0.065934,0.032967
4,724,0.065934,0.032967
4,725,0.076923,0.032967
4,726,0.087912,0.032967
4,727,0.076923,0.032967
4,728,0.087912,0.032967
4,729,0.120879,0.032967
4,730,0.109890,0.032967
4,731,0.098901,0.032967
4,732,0.109890,0.032967
4,733,0.098901,0.032967
4,734,0.109890,0.032967
4,735,0.109890,0.032967
4,736,0.131868,0.032967
4,737,0.109890,0.032967
4,738,0.109890,0.032967
4,739,0.098901,0.032967
4,740,0.109890,0.032967
4,741,0.098901,0.032967
4,742,0.098901,0.032967
4,743,0.120879,0.032967
4,744,0.131868,0.032967
4,745,0.109890,0.032967
4,746,0.109890,0.032967
4,747,0.098901,0.032967
4,748,0.109890,0.032967
4,749,0.120879,0.032967
4,750,0.109890,0.032967
4,751,0.120879,0.032967
4,752,0.109890,0.032967
4,753,0.109890,0.032967
4,754,0.054945,0.032967
4,755,0.043956,0.032967
4,756,0.032967,0.032967
4,757,0.043956,0.032967
4,758,0.043956,0.032967
4,759,0.054945,0.032967
4,760,0.043956,0.032967
4,761,0.054945,0.032967
4,762,0.098901,0.032967
4,763,0.087912,0.032967
4,764,0.109890,0.032967
4,765,0.109890,0.032967
4,766,0.109890,0.032967
4,767,0.120879,0.032967
4,768,0.098901,0.032967
4,769,0.120879,0.032967
4,770,0.120879,0.032967
4,771,0.098901,0.032967
4,772,0.076923,0.032967
4,773,0.109890,0.032967
4,774,0.098901,0.032967
4,775,0.098901,0.032967
4,776,0.098901,0.032967
4,777,0.098901,0.032967
4,778,0.087912,0.032967
4,779,0.076923,0.032967
4,780,0.076923,0.032967
4,781,0.087912,0.032967
4,782,0.087912,0.032967
4,783,0.098901,0.032967
4,784,0.087912,0.032967
4,785,0.098901,0.032967
4,786,0.098901,0.032967
4,787,0.109890,0.032967
4,788,0.098901,0.032967
4,789,0.065934,0.032967
4,790,0.054945,0.032967
4,791,0.065934,0.032967
4,792,0.065934,0.032967
4,793,0.065934,0.032967
4,794,0.054945,0.032967
4,795,0.054945,0.032967
4,796,0.076923,0.032967
4,797,0.065934,0.032967
4,798,0.065934,0.032967
4,799,0.065934,0.032967
4,800,0.087912,0.032967
4,801,0.120879,0.032967
4,802,0.109890,0.032967
4,803,0.120879,0.032967
4,804,0.120879,0.032967
4,805,0.120879,0.032967
4,806,0.120879,0.032967
4,807,0.120879,0.032967
4,808,0.131868,0.032967
4,809,0.109890,0.032967
4,810,0.098901,0.032967
4,811,0.098901,0.032967
4,812,0.098901,0.032967
4,813,0.076923,0.032967
4,814,0.076923,0.032967
4,815,0.076923,0.032967
4,816,0.087912,0.032967
4,817,0.098901,0.032967
4,818,0.076923,0.032967
4,819,0.076923,0.032967
4,820,0.076923,0.032967
4,821,0.076923,0.032967
4,822,0.076923,0.032967
4,823,0.076923,0.032967
4,824,0.109890,0.032967
4,825,0.120879,0.032967
4,826,0.109890,0.032967
4,827,0.087912,0.032967
4,828,0.098901,0.032967
4,829,0.098901,0.032967
4,830,0.098901,0.032967
4,831,0.120879,0.032967
4,832,0.087912,0.032967
4,833,0.087912,0.032967
4,834,0.076923,0.032967
4,835,0.076923,0.032967
4,836,0.076923,0.032967
4,837,0.065934,0.032967
4,838,0.076923,0.032967
4,839,0.087912,0.032967
4,840,0.087912,0.032967
4,841,0.087912,0.032967
4,842,0.087912,0.032967
4,843,0.076923,0.032967
4,844,0.065934,0.032967
4,845,0.076923,0.032967
4,846,0.076923,0.032967
4,847,0.098901,0.032967
4,848,0.120879,0.032967
4,849,0.186813,0.032967
4,850,0.186813,0.032967
4,851,0.208791,0.032967
4,852,0.186813,0.032967
4,853,0.153846,0.032967
4,854,0.153846,0.032967
4,855,0.197802,0.032967
4,856,0.153846,0.032967
4,857,0.131868,0.032967
4,858,0.131868,0.032967
4,859,0.131868,0.032967
4,860,0.076923,0.032967
4,861,0.087912,0.032967
4,862,0.109890,0.032967
4,863,0.087912,0.032967
4,864,0.120879,0.032967
4,865,0.098901,0.032967
4,866,0.098901,0.032967
4,867,0.087912,0.032967
4,868,0.054945,0.032967
4,869,0.109890,0.032967
4,870,0.109890,0.032967
4,871,0.120879,0.032967
4,872,0.120879,0.032967
4,873,0.164835,0.032967
4,874,0.197802,0.032967
4,875,0.175824,0.032967
4,876,0.197802,0.032967
4,877,0.153846,0.032967
4,878,0.186813,0.032967
4,879,0.208791,0.032967
4,880,0.230769,0.032967
4,881,0.219780,0.032967
4,882,0.208791,0.032967
4,883,0.197802,0.032967
4,884,0.241758,0.032967
4,885,0.208791,0.032967
4,886,0.219780,0.032967
4,887,0.186813,0.032967
4,888,0.098901,0.032967
4,889,0.087912,0.032967
4,890,0.054945,0.032967
4,891,0.054945,0.032967
4,892,0.065934,0.032967
4,893,0.065934,0.032967
4,894,0.054945,0.032967
4,895,0.087912,0.032967
4,896,0.087912,0.032967
4,897,0.076923,0.032967
4,898,0.065934,0.032967
4,899,0.076923,0.032967
4,900,0.087912,0.032967
4,901,0.098901,0.032967
4,902,0.076923,0.032967
4,903,0.076923,0.032967
4,904,0.087912,0.032967
4,905,0.120879,0.032967
4,906,0.153846,0.032967
4,907,0.098901,0.032967
4,908,0.098901,0.032967
4,909,0.120879,0.032967
4,910,0.142857,0.032967
4,911,0.120879,0.032967
4,912,0.109890,0.032967
4,913,0.098901,0.032967
4,914,0.098901,0.032967
4,915,0.109890,0.032967
4,916,0.120879,0.032967
4,917,0.109890,0.032967
4,918,0.120879,0.032967
4,919,0.120879,0.032967
4,920,0.120879,0.032967
4,921,0.120879,0.032967
4,922,0.087912,0.032967
4,923,0.087912,0.032967
4,924,0.120879,0.032967
4,925,0.120879,0.032967
4,926,0.109890,0.032967
4,927,0.109890,0.032967
4,928,0.087912,0.032967
4,929,0.098901,0.032967
4,930,0.120879,0.032967
4,931,0.153846,0.032967
4,932,0.142857,0.032967
4,933,0.142857,0.032967
4,934,0.153846,0.032967
4,935,0.186813,0.032967
4,936,0.164835,0.032967
4,937,0.142857,0.032967
4,938,0.186813,0.032967
4,939,0.186813,0.032967
4,940,0.197802,0.032967
4,941,0.197802,0.032967
4,942,0.164835,0.032967
4,943,0.142857,0.032967
4,944,0.186813,0.032967
4,945,0.186813,0.032967
4,946,0.175824,0.032967
4,947,0.175824,0.032967
4,948,0.186813,0.032967
4,949,0.164835,0.032967
4,950,0.153846,0.032967
4,951,0.164835,0.032967
4,952,0.186813,0.032967
4,953,0.175824,0.032967
4,954,0.186813,0.032967
4,955,0.186813,0.032967
4,956,0.197802,0.032967
4,957,0.252747,0.032967
4,958,0.197802,0.032967
4,959,0.208791,0.032967
4,960,0.186813,0.032967
4,961,0.186813,0.032967
4,962,0.219780,0.032967
4,963,0.208791,0.032967
4,964,0.208791,0.032967
4,965,0.208791,0.032967
4,966,0.219780,0.032967
4,967,0.164835,0.032967
4,968,0.164835,0.032967
4,969,0.164835,0.032967
4,970,0.131868,0.032967
4,971,0.120879,0.032967
4,972,0.142857,0.032967
4,973,0.142857,0.032967
4,974,0.142857,0.032967
4,975,0.142857,0.032967
4,976,0.142857,0.032967
4,977,0.131868,0.032967
4,978,0.186813,0.032967
4,979,0.175824,0.032967
4,980,0.197802,0.032967
4,981,0.208791,0.032967
4,982,0.219780,0.032967
4,983,0.219780,0.032967
4,984,0.197802,0.032967
4,985,0.208791,0.032967
4,986,0.197802,0.032967
4,987,0.164835,0.032967
4,988,0.153846,0.032967
4,989,0.131868,0.032967
4,990,0.164835,0.032967
4,991,0.164835,0.032967
4,992,0.164835,0.032967
4,993,0.153846,0.032967
4,994,0.109890,0.032967
4,995,0.153846,0.032967
4,996,0.153846,0.032967
4,997,0.142857,0.032967
4,998,0.131868,0.032967
4,999,0.131868,0.032967
4,1000,0.131868,0.032967
4,1001,0.109890,0.032967
4,1002,0.109890,0.032967
4,1003,0.120879,0.032967
4,1004,0.120879,0.032967
4,1005,0.109890,0.032967
4,1006,0.098901,0.032967
4,1007,0.087912,0.032967
4,1008,0.076923,0.032967
4,1009,0.076923,0.032967
4,1010,0.076923,0.032967
4,1011,0.120879,0.032967
4,1012,0.120879,0.032967
4,1013,0.098901,0.032967
4,1014,0.098901,0.032967
4,1015,0.120879,0.032967
4,1016,0.120879,0.032967
4,1017,0.131868,0.032967
4,1018,0.131868,0.032967
4,1019,0.120879,0.032967
4,1020,0.120879,0.032967
4,1021,0.087912,0.032967
4,1022,0.131868,0.032967
4,1023,0.109890,0.032967
4,1024,0.087912,0.032967
4,1025,0.087912,0.032967
4,1026,0.087912,0.032967
4,1027,0.109890,0.032967
4,1028,0.142857,0.032967
4,1029,0.120879,0.032967
4,1030,0.153846,0.032967
4,1031,0.131868,0.032967
4,1032,0.131868,0.032967
4,1033,0.153846,0.032967
4,1034,0.142857,0.032967
4,1035,0.142857,0.032967
4,1036,0.153846,0.032967
4,1037,0.142857,0.032967
4,1038,0.120879,0.032967
4,1039,0.098901,0.032967
4,1040,0.109890,0.032967
4,1041,0.109890,0.032967
4,1042,0.087912,0.032967
4,1043,0.087912,0.032967
4,1044,0.087912,0.032967
4,1045,0.076923,0.032967
4,1046,0.120879,0.032967
4,1047,0.109890,0.032967
4,1048,0.109890,0.032967
4,1049,0.142857,0.032967
4,1050,0.153846,0.032967
4,1051,0.175824,0.032967
4,1052,0.197802,0.032967
4,1053,0.175824,0.032967
4,1054,0.186813,0.032967
4,1055,0.153846,0.032967
4,1056,0.153846,0.032967
4,1057,0.186813,0.032967
4,1058,0.186813,0.032967
4,1059,0.208791,0.032967
4,1060,0.153846,0.032967
4,1061,0.120879,0.032967
4,1062,0.131868,0.032967
4,1063,0.164835,0.032967
4,1064,0.153846,0.032967
4,1065,0.219780,0.032967
4,1066,0.186813,0.032967
4,1067,0.164835,0.032967
4,1068,0.197802,0.032967
4,1069,0.175824,0.032967
4,1070,0.142857,0.032967
4,1071,0.142857,0.032967
4,1072,0.120879,0.032967
4,1073,0.109890,0.032967
4,1074,0.109890,0.032967
4,1075,0.120879,0.032967
4,1076,0.120879,0.032967
4,1077,0.098901,0.032967
4,1078,0.131868,0.032967
4,1079,0.120879,0.032967
4,1080,0.087912,0.032967
4,1081,0.076923,0.032967
4,1082,0.076923,0.032967
4,1083,0.076923,0.032967
4,1084,0.065934,0.032967
4,1085,0.065934,0.032967
4,1086,0.054945,0.032967
4,1087,0.054945,0.032967
4,1088,0.065934,0.032967
4,1089,0.032967,0.032967
4,1090,0.032967,0.032967
4,1091,0.032967,0.032967
4,1092,0.032967,0.032967
4,1093,0.065934,0.032967
4,1094,0.076923,0.032967
4,1095,0.065934,0.032967
4,1096,0.087912,0.032967
4,1097,0.087912,0.032967
4,1098,0.098901,0.032967
4,1099,0.109890,0.032967
4,1100,0.120879,0.032967
4,1101,0.131868,0.032967
4,1102,0.186813,0.032967
4,1103,0.208791,0.032967
4,1104,0.197802,0.032967
4,1105,0.175824,0.032967
4,1106,0.197802,0.032967
4,1107,0.197802,0.032967
4,1108,0.164835,0.032967
4,1109,0.120879,0.032967
4,1110,0.098901,0.032967
4,1111,0.120879,0.032967
4,1112,0.098901,0.032967
4,1113,0.098901,0.032967
4,1114,0.120879,0.032967
4,1115,0.109890,0.032967
4,1116,0.153846,0.032967
4,1117,0.131868,0.032967
4,1118,0.153846,0.032967
4,1119,0.153846,0.032967
4,1120,0.142857,0.032967
4,1121,0.153846,0.032967
4,1122,0.131868,0.032967
4,1123,0.120879,0.032967
4,1124,0.109890,0.032967
4,1125,0.087912,0.032967
4,1126,0.109890,0.032967
4,1127,0.120879,0.032967
4,1128,0.098901,0.032967
4,1129,0.120879,0.032967
4,1130,0.153846,0.032967
4,1131,0.175824,0.032967
4,1132,0.131868,0.032967
4,1133,0.109890,0.032967
4,1134,0.109890,0.032967
4,1135,0.131868,0.032967
4,1136,0.153846,0.032967
4,1137,0.153846,0.032967
4,1138,0.153846,0.032967
4,1139,0.142857,0.032967
4,1140,0.153846,0.032967
4,1141,0.142857,0.032967
4,1142,0.109890,0.032967
4,1143,0.109890,0.032967
4,1144,0.087912,0.032967
4,1145,0.131868,0.032967
4,1146,0.120879,0.032967
4,1147,0.109890,0.032967
4,1148,0.109890,0.032967
4,1149,0.131868,0.032967
4,1150,0.120879,0.032967
4,1151,0.131868,0.032967
4,1152,0.142857,0.032967
4,1153,0.153846,0.032967
4,1154,0.131868,0.032967
4,1155,0.120879,0.032967
4,1156,0.087912,0.032967
4,1157,0.087912,0.032967
4,1158,0.131868,0.032967
4,1159,0.131868,0.032967
4,1160,0.142857,0.032967
4,1161,0.153846,0.032967
4,1162,0.153846,0.032967
4,1163,0.175824,0.032967
4,1164,0.186813,0.032967
4,1165,0.164835,0.032967
4,1166,0.109890,0.032967
4,1167,0.109890,0.032967
4,1168,0.087912,0.032967
4,1169,0.087912,0.032967
4,1170,0.087912,0.032967
4,1171,0.032967,0.032967
4,1172,0.043956,0.032967
4,1173,0.054945,0.032967
4,1174,0.054945,0.032967
4,1175,0.054945,0.032967
4,1176,0.054945,0.032967
4,1177,0.054945,0.032967
4,1178,0.076923,0.032967
4,1179,0.109890,0.032967
4,1180,0.109890,0.032967
4,1181,0.087912,0.032967
4,1182,0.087912,0.032967
4,1183,0.142857,0.032967
4,1184,0.131868,0.032967
4,1185,0.131868,0.032967
4,1186,0.142857,0.032967
4,1187,0.142857,0.032967
4,1188,0.120879,0.032967
4,1189,0.065934,0.032967
4,1190,0.087912,0.032967
4,1191,0.120879,0.032967
4,1192,0.131868,0.032967
4,1193,0.131868,0.032967
4,1194,0.120879,0.032967
4,1195,0.098901,0.032967
4,1196,0.076923,0.032967
4,1197,0.109890,0.032967
4,1198,0.098901,0.032967
4,1199,0.109890,0.032967
4,1200,0.087912,0.032967
4,1201,0.076923,0.032967
4,1202,0.076923,0.032967
4,1203,0.120879,0.032967
4,1204,0.120879,0.032967
4,1205,0.131868,0.032967
4,1206,0.120879,0.032967
4,1207,0.087912,0.032967
4,1208,0.087912,0.032967
4,1209,0.087912,0.032967
4,1210,0.120879,0.032967
4,1211,0.109890,0.032967
4,1212,0.120879,0.032967
4,1213,0.098901,0.032967
4,1214,0.098901,0.032967
4,1215,0.098901,0.032967
4,1216,0.087912,0.032967
4,1217,0.109890,0.032967
4,1218,0.109890,0.032967
4,1219,0.109890,0.032967
4,1220,0.109890,0.032967
4,1221,0.142857,0.032967
4,1222,0.131868,0.032967
4,1223,0.131868,0.032967
4,1224,0.142857,0.032967
4,1225,0.098901,0.032967
4,1226,0.109890,0.032967
4,1227,0.065934,0.032967
4,1228,0.065934,0.032967
4,1229,0.065934,0.032967
4,1230,0.076923,0.032967
4,1231,0.076923,0.032967
4,1232,0.120879,0.032967
4,1233,0.153846,0.032967
4,1234,0.109890,0.032967
4,1235,0.098901,0.032967
4,1236,0.076923,0.032967
4,1237,0.098901,0.032967
4,1238,0.098901,0.032967
4,1239,0.109890,0.032967
4,1240,0.098901,0.032967
4,1241,0.109890,0.032967
4,1242,0.098901,0.032967
4,1243,0.098901,0.032967
4,1244,0.131868,0.032967
4,1245,0.098901,0.032967
4,1246,0.153846,0.032967
4,1247,0.142857,0.032967
4,1248,0.109890,0.032967
4,1249,0.087912,0.032967
4,1250,0.076923,0.032967
4,1251,0.076923,0.032967
4,1252,0.087912,0.032967
4,1253,0.087912,0.032967
4,1254,0.087912,0.032967
4,1255,0.098901,0.032967
4,1256,0.087912,0.032967
4,1257,0.087912,0.032967
4,1258,0.065934,0.032967
4,1259,0.076923,0.032967
4,1260,0.109890,0.032967
4,1261,0.109890,0.032967
4,1262,0.131868,0.032967
4,1263,0.131868,0.032967
4,1264,0.120879,0.032967
4,1265,0.120879,0.032967
4,1266,0.109890,0.032967
4,1267,0.109890,0.032967
4,1268,0.109890,0.032967
4,1269,0.098901,0.032967
4,1270,0.098901,0.032967
4,1271,0.109890,0.032967
4,1272,0.109890,0.032967
4,1273,0.087912,0.032967
4,1274,0.076923,0.032967
4,1275,0.065934,0.032967
4,1276,0.054945,0.032967
4,1277,0.087912,0.032967
4,1278,0.076923,0.032967
4,1279,0.109890,0.032967
4,1280,0.120879,0.032967
4,1281,0.120879,0.032967
4,1282,0.109890,0.032967
4,1283,0.065934,0.032967
4,1284,0.065934,0.032967
4,1285,0.098901,0.032967
4,1286,0.065934,0.032967
4,1287,0.065934,0.032967
4,1288,0.098901,0.032967
4,1289,0.098901,0.032967
4,1290,0.098901,0.032967
4,1291,0.109890,0.032967
4,1292,0.098901,0.032967
4,1293,0.098901,0.032967
4,1294,0.098901,0.032967
4,1295,0.065934,0.032967
4,1296,0.065934,0.032967
4,1297,0.076923,0.032967
4,1298,0.054945,0.032967
4,1299,0.043956,0.032967
4,1300,0.054945,0.032967
4,1301,0.065934,0.032967
4,1302,0.054945,0.032967
4,1303,0.043956,0.032967
4,1304,0.043956,0.032967
4,1305,0.043956,0.032967
4,1306,0.043956,0.032967
4,1307,0.054945,0.032967
4,1308,0.076923,0.032967
4,1309,0.054945,0.032967
4,1310,0.054945,0.032967
4,1311,0.065934,0.032967
4,1312,0.076923,0.032967
4,1313,0.054945,0.032967
4,1314,0.054945,0.032967
4,1315,0.054945,0.032967
4,1316,0.054945,0.032967
4,1317,0.065934,0.032967
4,1318,0.054945,0.032967
4,1319,0.054945,0.032967
4,1320,0.043956,0.032967
4,1321,0.032967,0.032967
4,1322,0.032967,0.032967
4,1323,0.021978,0.021978
4,1324,0.043956,0.021978
4,1325,0.021978,0.021978
4,1326,0.054945,0.021978
4,1327,0.054945,0.021978
4,1328,0.076923,0.021978
4,1329,0.065934,0.021978
4,1330,0.043956,0.021978
4,1331,0.043956,0.021978
4,1332,0.054945,0.021978
4,1333,0.076923,0.021978
4,1334,0.076923,0.021978
4,1335,0.054945,0.021978
4,1336,0.032967,0.021978
4,1337,0.032967,0.021978
4,1338,0.032967,0.021978
4,1339,0.032967,0.021978
4,1340,0.054945,0.021978
4,1341,0.054945,0.021978
4,1342,0.087912,0.021978
4,1343,0.098901,0.021978
4,1344,0.120879,0.021978
4,1345,0.142857,0.021978
4,1346,0.131868,0.021978
4,1347,0.153846,0.021978
4,1348,0.131868,0.021978
4,1349,0.098901,0.021978
4,1350,0.087912,0.021978
4,1351,0.120879,0.021978
4,1352,0.098901,0.021978
4,1353,0.076923,0.021978
4,1354,0.098901,0.021978
4,1355,0.076923,0.021978
4,1356,0.098901,0.021978
4,1357,0.142857,0.021978
4,1358,0.098901,0.021978
4,1359,0.076923,0.021978
4,1360,0.120879,0.021978
4,1361,0.153846,0.021978
4,1362,0.153846,0.021978
4,1363,0.120879,0.021978
4,1364,0.120879,0.021978
4,1365,0.109890,0.021978
4,1366,0.065934,0.021978
4,1367,0.065934,0.021978
4,1368,0.054945,0.021978
4,1369,0.054945,0.021978
4,1370,0.065934,0.021978
4,1371,0.076923,0.021978
4,1372,0.087912,0.021978
4,1373,0.087912,0.021978
4,1374,0.098901,0.021978
4,1375,0.087912,0.021978
4,1376,0.087912,0.021978
4,1377,0.087912,0.021978
4,1378,0.076923,0.021978
4,1379,0.054945,0.021978
4,1380,0.065934,0.021978
4,1381,0.065934,0.021978
4,1382,0.087912,0.021978
4,1383,0.065934,0.021978
4,1384,0.065934,0.021978
4,1385,0.065934,0.021978
4,1386,0.076923,0.021978
4,1387,0.076923,0.021978
4,1388,0.076923,0.021978
4,1389,0.054945,0.021978
4,1390,0.087912,0.021978
4,1391,0.098901,0.021978
4,1392,0.109890,0.021978
4,1393,0.142857,0.021978
4,1394,0.175824,0.021978
4,1395,0.164835,0.021978
4,1396,0.131868,0.021978
4,1397,0.098901,0.021978
4,1398,0.120879,0.021978
4,1399,0.109890,0.021978
4,1400,0.142857,0.021978
4,1401,0.142857,0.021978
4,1402,0.164835,0.021978
4,1403,0.164835,0.021978
4,1404,0.142857,0.021978
4,1405,0.131868,0.021978
4,1406,0.153846,0.021978
4,1407,0.142857,0.021978
4,1408,0.109890,0.021978
4,1409,0.087912,0.021978
4,1410,0.076923,0.021978
4,1411,0.076923,0.021978
4,1412,0.087912,0.021978
4,1413,0.065934,0.021978
4,1414,0.065934,0.021978
4,1415,0.043956,0.021978
4,1416,0.054945,0.021978
4,1417,0.054945,0.021978
4,1418,0.065934,0.021978
4,1419,0.076923,0.021978
4,1420,0.087912,0.021978
4,1421,0.087912,0.021978
4,1422,0.087912,0.021978
4,1423,0.098901,0.021978
4,1424,0.087912,0.021978
4,1425,0.076923,0.021978
4,1426,0.087912,0.021978
4,1427,0.109890,0.021978
4,1428,0.087912,0.021978
4,1429,0.087912,0.021978
4,1430,0.076923,0.021978
4,1431,0.076923,0.021978
4,1432,0.098901,0.021978
4,1433,0.098901,0.021978
4,1434,0.098901,0.021978
4,1435,0.109890,0.021978
4,1436,0.142857,0.021978
4,1437,0.142857,0.021978
4,1438,0.109890,0.021978
4,1439,0.098901,0.021978
4,1440,0.109890,0.021978
4,1441,0.098901,0.021978
4,1442,0.087912,0.021978
4,1443,0.109890,0.021978
4,1444,0.109890,0.021978
4,1445,0.109890,0.021978
4,1446,0.109890,0.021978
4,1447,0.109890,0.021978
4,1448,0.131868,0.021978
4,1449,0.109890,0.021978
4,1450,0.120879,0.021978
4,1451,0.131868,0.021978
4,1452,0.120879,0.021978
4,1453,0.120879,0.021978
4,1454,0.098901,0.021978
4,1455,0.076923,0.021978
4,1456,0.065934,0.021978
4,1457,0.065934,0.021978
4,1458,0.065934,0.021978
4,1459,0.076923,0.021978
4,1460,0.087912,0.021978
4,1461,0.076923,0.021978
4,1462,0.065934,0.021978
4,1463,0.043956,0.021978
4,1464,0.065934,0.021978
4,1465,0.087912,0.021978
4,1466,0.076923,0.021978
4,1467,0.076923,0.021978
4,1468,0.076923,0.021978
4,1469,0.087912,0.021978
4,1470,0.076923,0.021978
4,1471,0.076923,0.021978
4,1472,0.087912,0.021978
4,1473,0.098901,0.021978
4,1474,0.120879,0.021978
4,1475,0.153846,0.021978
4,1476,0.131868,0.021978
4,1477,0.142857,0.021978
4,1478,0.186813,0.021978
4,1479,0.142857,0.021978
4,1480,0.131868,0.021978
4,1481,0.120879,0.021978
4,1482,0.120879,0.021978
4,1483,0.109890,0.021978
4,1484,0.131868,0.021978
4,1485,0.142857,0.021978
4,1486,0.142857,0.021978
4,1487,0.131868,0.021978
4,1488,0.120879,0.021978
4,1489,0.131868,0.021978
4,1490,0.120879,0.021978
4,1491,0.109890,0.021978
4,1492,0.120879,0.021978
4,1493,0.120879,0.021978
4,1494,0.098901,0.021978
4,1495,0.120879,0.021978
4,1496,0.153846,0.021978
4,1497,0.142857,0.021978
4,1498,0.142857,0.021978
4,1499,0.164835,0.021978
4,1500,0.153846,0.021978
4,1501,0.153846,0.021978
4,1502,0.164835,0.021978
4,1503,0.131868,0.021978
4,1504,0.131868,0.021978
4,1505,0.131868,0.021978
4,1506,0.142857,0.021978
4,1507,0.120879,0.021978
4,1508,0.142857,0.021978
4,1509,0.186813,0.021978
4,1510,0.175824,0.021978
4,1511,0.153846,0.021978
4,1512,0.120879,0.021978
4,1513,0.120879,0.021978
4,1514,0.120879,0.021978
4,1515,0.109890,0.021978
4,1516,0.131868,0.021978
4,1517,0.120879,0.021978
4,1518,0.109890,0.021978
4,1519,0.131868,0.021978
4,1520,0.131868,0.021978
4,1521,0.153846,0.021978
4,1522,0.164835,0.021978
4,1523,0.142857,0.021978
4,1524,0.164835,0.021978
4,1525,0.164835,0.021978
4,1526,0.120879,0.021978
4,1527,0.098901,0.021978
4,1528,0.098901,0.021978
4,1529,0.098901,0.021978
4,1530,0.098901,0.021978
4,1531,0.109890,0.021978
4,1532,0.109890,0.021978
4,1533,0.164835,0.021978
4,1534,0.186813,0.021978
4,1535,0.142857,0.021978
4,1536,0.142857,0.021978
4,1537,0.131868,0.021978
4,1538,0.153846,0.021978
4,1539,0.164835,0.021978
4,1540,0.164835,0.021978
4,1541,0.164835,0.021978
4,1542,0.164835,0.021978
4,1543,0.153846,0.021978
4,1544,0.131868,0.021978
4,1545,0.109890,0.021978
4,1546,0.131868,0.021978
4,1547,0.120879,0.021978
4,1548,0.109890,0.021978
4,1549,0.087912,0.021978
4,1550,0.098901,0.021978
4,1551,0.098901,0.021978
4,1552,0.120879,0.021978
4,1553,0.087912,0.021978
4,1554,0.087912,0.021978
4,1555,0.076923,0.021978
4,1556,0.076923,0.021978
4,1557,0.076923,0.021978
4,1558,0.065934,0.021978
4,1559,0.076923,0.021978
4,1560,0.065934,0.021978
4,1561,0.076923,0.021978
4,1562,0.120879,0.021978
4,1563,0.076923,0.021978
4,1564,0.065934,0.021978
4,1565,0.087912,0.021978
4,1566,0.142857,0.021978
4,1567,0.087912,0.021978
4,1568,0.065934,0.021978
4,1569,0.098901,0.021978
4,1570,0.087912,0.021978
4,1571,0.054945,0.021978
4,1572,0.054945,0.021978
4,1573,0.032967,0.021978
4,1574,0.043956,0.021978
4,1575,0.043956,0.021978
4,1576,0.054945,0.021978
4,1577,0.087912,0.021978
4,1578,0.087912,0.021978
4,1579,0.109890,0.021978
4,1580,0.109890,0.021978
4,1581,0.109890,0.021978
4,1582,0.109890,0.021978
4,1583,0.087912,0.021978
4,1584,0.087912,0.021978
4,1585,0.065934,0.021978
4,1586,0.076923,0.021978
4,1587,0.087912,0.021978
4,1588,0.087912,0.021978
4,1589,0.087912,0.021978
4,1590,0.087912,0.021978
4,1591,0.098901,0.021978
4,1592,0.076923,0.021978
4,1593,0.087912,0.021978
4,1594,0.076923,0.021978
4,1595,0.054945,0.021978
4,1596,0.065934,0.021978
4,1597,0.076923,0.021978
4,1598,0.065934,0.021978
4,1599,0.043956,0.021978
4,1600,0.054945,0.021978
4,1601,0.054945,0.021978
4,1602,0.065934,0.021978
4,1603,0.065934,0.021978
4,1604,0.076923,0.021978
4,1605,0.098901,0.021978
4,1606,0.076923,0.021978
4,1607,0.076923,0.021978
4,1608,0.087912,0.021978
4,1609,0.087912,0.021978
4,1610,0.098901,0.021978
4,1611,0.109890,0.021978
4,1612,0.098901,0.021978
4,1613,0.098901,0.021978
4,1614,0.098901,0.021978
4,1615,0.087912,0.021978
4,1616,0.087912,0.021978
4,1617,0.087912,0.021978
4,1618,0.087912,0.021978
4,1619,0.076923,0.021978
4,1620,0.065934,0.021978
4,1621,0.065934,0.021978
4,1622,0.065934,0.021978
4,1623,0.065934,0.021978
4,1624,0.087912,0.021978
4,1625,0.065934,0.021978
4,1626,0.076923,0.021978
4,1627,0.087912,0.021978
4,1628,0.087912,0.021978
4,1629,0.098901,0.021978
4,1630,0.054945,0.021978
4,1631,0.054945,0.021978
4,1632,0.043956,0.021978
4,1633,0.054945,0.021978
4,1634,0.054945,0.021978
4,1635,0.054945,0.021978
4,1636,0.054945,0.021978
4,1637,0.065934,0.021978
4,1638,0.076923,0.021978
4,1639,0.076923,0.021978
4,1640,0.098901,0.021978
4,1641,0.098901,0.021978
4,1642,0.087912,0.021978
4,1643,0.087912,0.021978
4,1644,0.087912,0.021978
4,1645,0.098901,0.021978
4,1646,0.109890,0.021978
4,1647,0.098901,0.021978
4,1648,0.109890,0.021978
4,1649,0.120879,0.021978
4,1650,0.109890,0.021978
4,1651,0.131868,0.021978
4,1652,0.153846,0.021978
4,1653,0.142857,0.021978
4,1654,0.175824,0.021978
4,1655,0.164835,0.021978
4,1656,0.164835,0.021978
4,1657,0.186813,0.021978
4,1658,0.186813,0.021978
4,1659,0.153846,0.021978
4,1660,0.175824,0.021978
4,1661,0.164835,0.021978
4,1662,0.153846,0.021978
4,1663,0.131868,0.021978
4,1664,0.142857,0.021978
4,1665,0.120879,0.021978
4,1666,0.109890,0.021978
4,1667,0.098901,0.021978
4,1668,0.076923,0.021978
4,1669,0.054945,0.021978
4,1670,0.054945,0.021978
4,1671,0.054945,0.021978
4,1672,0.076923,0.021978
4,1673,0.087912,0.021978
4,1674,0.087912,0.021978
4,1675,0.120879,0.021978
4,1676,0.109890,0.021978
4,1677,0.109890,0.021978
4,1678,0.120879,0.021978
4,1679,0.142857,0.021978
4,1680,0.142857,0.021978
4,1681,0.120879,0.021978
4,1682,0.153846,0.021978
4,1683,0.120879,0.021978
4,1684,0.098901,0.021978
4,1685,0.043956,0.021978
4,1686,0.065934,0.021978
4,1687,0.065934,0.021978
4,1688,0.054945,0.021978
4,1689,0.054945,0.021978
4,1690,0.043956,0.021978
4,1691,0.087912,0.021978
4,1692,0.087912,0.021978
4,1693,0.087912,0.021978
4,1694,0.098901,0.021978
4,1695,0.054945,0.021978
4,1696,0.043956,0.021978
4,1697,0.054945,0.021978
4,1698,0.065934,0.021978
4,1699,0.043956,0.021978
4,1700,0.043956,0.021978
4,1701,0.065934,0.021978
4,1702,0.087912,0.021978
4,1703,0.098901,0.021978
4,1704,0.076923,0.021978
4,1705,0.109890,0.021978
4,1706,0.131868,0.021978
4,1707,0.120879,0.021978
4,1708,0.142857,0.021978
4,1709,0.076923,0.021978
4,1710,0.065934,0.021978
4,1711,0.131868,0.021978
4,1712,0.065934,0.021978
4,1713,0.065934,0.021978
4,1714,0.065934,0.021978
4,1715,0.087912,0.021978
4,1716,0.087912,0.021978
4,1717,0.087912,0.021978
4,1718,0.098901,0.021978
4,1719,0.109890,0.021978
4,1720,0.065934,0.021978
4,1721,0.065934,0.021978
4,1722,0.098901,0.021978
4,1723,0.087912,0.021978
4,1724,0.076923,0.021978
4,1725,0.076923,0.021978
4,1726,0.076923,0.021978
4,1727,0.087912,0.021978
4,1728,0.109890,0.021978
4,1729,0.120879,0.021978
4,1730,0.087912,0.021978
4,1731,0.087912,0.021978
4,1732,0.076923,0.021978
4,1733,0.076923,0.021978
4,1734,0.065934,0.021978
4,1735,0.054945,0.021978
4,1736,0.076923,0.021978
4,1737,0.076923,0.021978
4,1738,0.076923,0.021978
4,1739,0.109890,0.021978
4,1740,0.120879,0.021978
4,1741,0.153846,0.021978
4,1742,0.175824,0.021978
4,1743,0.120879,0.021978
4,1744,0.131868,0.021978
4,1745,0.153846,0.021978
4,1746,0.120879,0.021978
4,1747,0.109890,0.021978
4,1748,0.109890,0.021978
4,1749,0.131868,0.021978
4,1750,0.131868,0.021978
4,1751,0.153846,0.021978
4,1752,0.142857,0.021978
4,1753,0.120879,0.021978
4,1754,0.142857,0.021978
4,1755,0.120879,0.021978
4,1756,0.164835,0.021978
4,1757,0.197802,0.021978
4,1758,0.153846,0.021978
4,1759,0.120879,0.021978
4,1760,0.098901,0.021978
4,1761,0.076923,0.021978
4,1762,0.131868,0.021978
4,1763,0.153846,0.021978
4,1764,0.186813,0.021978
4,1765,0.153846,0.021978
4,1766,0.131868,0.021978
4,1767,0.142857,0.021978
4,1768,0.131868,0.021978
4,1769,0.142857,0.021978
4,1770,0.153846,0.021978
4,1771,0.175824,0.021978
4,1772,0.186813,0.021978
4,1773,0.175824,0.021978
4,1774,0.142857,0.021978
4,1775,0.142857,0.021978
4,1776,0.153846,0.021978
4,1777,0.186813,0.021978
4,1778,0.164835,0.021978
4,1779,0.142857,0.021978
4,1780,0.120879,0.021978
4,1781,0.142857,0.021978
4,1782,0.120879,0.021978
4,1783,0.076923,0.021978
4,1784,0.087912,0.021978
4,1785,0.120879,0.021978
4,1786,0.131868,0.021978
4,1787,0.131868,0.021978
4,1788,0.131868,0.021978
4,1789,0.131868,0.021978
4,1790,0.109890,0.021978
4,1791,0.098901,0.021978
4,1792,0.131868,0.021978
4,1793,0.153846,0.021978
4,1794,0.153846,0.021978
4,1795,0.164835,0.021978
4,1796,0.153846,0.021978
4,1797,0.208791,0.021978
4,1798,0.219780,0.021978
4,1799,0.252747,0.021978
4,1800,0.230769,0.021978
4,1801,0.263736,0.021978
4,1802,0.230769,0.021978
4,1803,0.274725,0.021978
4,1804,0.252747,0.021978
4,1805,0.230769,0.021978
4,1806,0.230769,0.021978
4,1807,0.230769,0.021978
4,1808,0.208791,0.021978
4,1809,0.197802,0.021978
4,1810,0.153846,0.021978
4,1811,0.131868,0.021978
4,1812,0.098901,0.021978
4,1813,0.087912,0.021978
4,1814,0.043956,0.021978
4,1815,0.054945,0.021978
4,1816,0.065934,0.021978
4,1817,0.054945,0.021978
4,1818,0.032967,0.021978
4,1819,0.054945,0.021978
4,1820,0.054945,0.021978
4,1821,0.054945,0.021978
4,1822,0.043956,0.021978
4,1823,0.054945,0.021978
4,1824,0.065934,0.021978
4,1825,0.109890,0.021978
4,1826,0.087912,0.021978
4,1827,0.087912,0.021978
4,1828,0.087912,0.021978
4,1829,0.098901,0.021978
4,1830,0.109890,0.021978
4,1831,0.054945,0.021978
4,1832,0.065934,0.021978
4,1833,0.054945,0.021978
4,1834,0.054945,0.021978
4,1835,0.065934,0.021978
4,1836,0.065934,0.021978
4,1837,0.054945,0.021978
4,1838,0.032967,0.021978
4,1839,0.043956,0.021978
4,1840,0.054945,0.021978
4,1841,0.043956,0.021978
4,1842,0.054945,0.021978
4,1843,0.054945,0.021978
4,1844,0.065934,0.021978
4,1845,0.087912,0.021978
4,1846,0.098901,0.021978
4,1847,0.087912,0.021978
4,1848,0.098901,0.021978
4,1849,0.098901,0.021978
4,1850,0.076923,0.021978
4,1851,0.054945,0.021978
4,1852,0.054945,0.021978
4,1853,0.087912,0.021978
4,1854,0.087912,0.021978
4,1855,0.087912,0.021978
4,1856,0.054945,0.021978
4,1857,0.043956,0.021978
4,1858,0.043956,0.021978
4,1859,0.065934,0.021978
4,1860,0.054945,0.021978
4,1861,0.043956,0.021978
4,1862,0.065934,0.021978
4,1863,0.076923,0.021978
4,1864,0.120879,0.021978
4,1865,0.120879,0.021978
4,1866,0.142857,0.021978
4,1867,0.120879,0.021978
4,1868,0.142857,0.021978
4,1869,0.142857,0.021978
4,1870,0.098901,0.021978
4,1871,0.098901,0.021978
4,1872,0.098901,0.021978
4,1873,0.120879,0.021978
4,1874,0.098901,0.021978
4,1875,0.076923,0.021978
4,1876,0.087912,0.021978
4,1877,0.109890,0.021978
4,1878,0.120879,0.021978
4,1879,0.109890,0.021978
4,1880,0.120879,0.021978
4,1881,0.109890,0.021978
4,1882,0.109890,0.021978
4,1883,0.131868,0.021978
4,1884,0.087912,0.021978
4,1885,0.087912,0.021978
4,1886,0.076923,0.021978
4,1887,0.076923,0.021978
4,1888,0.109890,0.021978
4,1889,0.098901,0.021978
4,1890,0.109890,0.021978
4,1891,0.109890,0.021978
4,1892,0.109890,0.021978
4,1893,0.109890,0.021978
4,1894,0.131868,0.021978
4,1895,0.131868,0.021978
4,1896,0.120879,0.021978
4,1897,0.153846,0.021978
4,1898,0.175824,0.021978
4,1899,0.142857,0.021978
4,1900,0.120879,0.021978
4,1901,0.131868,0.021978
4,1902,0.164835,0.021978
4,1903,0.131868,0.021978
4,1904,0.120879,0.021978
4,1905,0.131868,0.021978
4,1906,0.120879,0.021978
4,1907,0.120879,0.021978
4,1908,0.120879,0.021978
4,1909,0.109890,0.021978
4,1910,0.087912,0.021978
4,1911,0.076923,0.021978
4,1912,0.098901,0.021978
4,1913,0.098901,0.021978
4,1914,0.120879,0.021978
4,1915,0.087912,0.021978
4,1916,0.087912,0.021978
4,1917,0.065934,0.021978
4,1918,0.065934,0.021978
4,1919,0.076923,0.021978
4,1920,0.054945,0.021978
4,1921,0.076923,0.021978
4,1922,0.065934,0.021978
4,1923,0.087912,0.021978
4,1924,0.120879,0.021978
4,1925,0.120879,0.021978
4,1926,0.120879,0.021978
4,1927,0.120879,0.021978
4,1928,0.120879,0.021978
4,1929,0.120879,0.021978
4,1930,0.087912,0.021978
4,1931,0.098901,0.021978
4,1932,0.109890,0.021978
4,1933,0.131868,0.021978
4,1934,0.131868,0.021978
4,1935,0.098901,0.021978
4,1936,0.065934,0.021978
4,1937,0.054945,0.021978
4,1938,0.054945,0.021978
4,1939,0.054945,0.021978
4,1940,0.065934,0.021978
4,1941,0.054945,0.021978
4,1942,0.054945,0.021978
4,1943,0.065934,0.021978
4,1944,0.054945,0.021978
4,1945,0.076923,0.021978
4,1946,0.120879,0.021978
4,1947,0.109890,0.021978
4,1948,0.109890,0.021978
4,1949,0.120879,0.021978
4,1950,0.098901,0.021978
4,1951,0.098901,0.021978
4,1952,0.120879,0.021978
4,1953,0.120879,0.021978
4,1954,0.076923,0.021978
4,1955,0.076923,0.021978
4,1956,0.076923,0.021978
4,1957,0.098901,0.021978
4,1958,0.098901,0.021978
4,1959,0.076923,0.021978
4,1960,0.076923,0.021978
4,1961,0.076923,0.021978
4,1962,0.098901,0.021978
4,1963,0.076923,0.021978
4,1964,0.087912,0.021978
4,1965,0.120879,0.021978
4,1966,0.131868,0.021978
4,1967,0.120879,0.021978
4,1968,0.153846,0.021978
4,1969,0.197802,0.021978
4,1970,0.175824,0.021978
4,1971,0.142857,0.021978
4,1972,0.120879,0.021978
4,1973,0.087912,0.021978
4,1974,0.098901,0.021978
4,1975,0.087912,0.021978
4,1976,0.098901,0.021978
4,1977,0.087912,0.021978
4,1978,0.087912,0.021978
4,1979,0.065934,0.021978
4,1980,0.065934,0.021978
4,1981,0.065934,0.021978
4,1982,0.043956,0.021978
4,1983,0.065934,0.021978
4,1984,0.065934,0.021978
4,1985,0.065934,0.021978
4,1986,0.065934,0.021978
4,1987,0.087912,0.021978
4,1988,0.087912,0.021978
4,1989,0.109890,0.021978
4,1990,0.087912,0.021978
4,1991,0.109890,0.021978
4,1992,0.120879,0.021978
4,1993,0.109890,0.021978
4,1994,0.076923,0.021978
4,1995,0.076923,0.021978
4,1996,0.054945,0.021978
4,1997,0.043956,0.021978
4,1998,0.043956,0.021978
4,1999,0.054945,0.021978
4,2000,0.043956,0.021978
4,2001,0.054945,0.021978
4,2002,0.087912,0.021978
4,2003,0.076923,0.021978
4,2004,0.065934,0.021978
4,2005,0.065934,0.021978
4,2006,0.065934,0.021978
4,2007,0.054945,0.021978
4,2008,0.054945,0.021978
4,2009,0.054945,0.021978
4,2010,0.076923,0.021978
4,2011,0.087912,0.021978
4,2012,0.087912,0.021978
4,2013,0.076923,0.021978
4,2014,0.065934,0.021978
4,2015,0.087912,0.021978
4,2016,0.109890,0.021978
4,2017,0.109890,0.021978
4,2018,0.087912,0.021978
4,2019,0.043956,0.021978
4,2020,0.054945,0.021978
4,2021,0.054945,0.021978
4,2022,0.065934,0.021978
4,2023,0.054945,0.021978
4,2024,0.054945,0.021978
4,2025,0.076923,0.021978
4,2026,0.076923,0.021978
4,2027,0.087912,0.021978
4,2028,0.076923,0.021978
4,2029,0.087912,0.021978
4,2030,0.098901,0.021978
4,2031,0.153846,0.021978
4,2032,0.153846,0.021978
4,2033,0.153846,0.021978
4,2034,0.153846,0.021978
4,2035,0.153846,0.021978
4,2036,0.153846,0.021978
4,2037,0.153846,0.021978
4,2038,0.164835,0.021978
4,2039,0.197802,0.021978
4,2040,0.197802,0.021978
4,2041,0.186813,0.021978
4,2042,0.186813,0.021978
4,2043,0.175824,0.021978
4,2044,0.186813,0.021978
4,2045,0.175824,0.021978
4,2046,0.131868,0.021978
4,2047,0.120879,0.021978
4,2048,0.120879,0.021978
4,2049,0.131868,0.021978
4,2050,0.109890,0.021978
4,2051,0.109890,0.021978
4,2052,0.098901,0.021978
4,2053,0.098901,0.021978
4,2054,0.098901,0.021978
4,2055,0.098901,0.021978
4,2056,0.109890,0.021978
4,2057,0.098901,0.021978
4,2058,0.087912,0.021978
4,2059,0.109890,0.021978
4,2060,0.098901,0.021978
4,2061,0.098901,0.021978
4,2062,0.098901,0.021978
4,2063,0.098901,0.021978
4,2064,0.098901,0.021978
4,2065,0.065934,0.021978
4,2066,0.098901,0.021978
4,2067,0.109890,0.021978
4,2068,0.087912,0.021978
4,2069,0.065934,0.021978
4,2070,0.076923,0.021978
4,2071,0.076923,0.021978
4,2072,0.076923,0.021978
4,2073,0.065934,0.021978
4,2074,0.076923,0.021978
4,2075,0.087912,0.021978
4,2076,0.087912,0.021978
4,2077,0.087912,0.021978
4,2078,0.087912,0.021978
4,2079,0.087912,0.021978
4,2080,0.087912,0.021978
4,2081,0.087912,0.021978
4,2082,0.087912,0.021978
4,2083,0.142857,0.021978
4,2084,0.131868,0.021978
4,2085,0.098901,0.021978
4,2086,0.098901,0.021978
4,2087,0.120879,0.021978
4,2088,0.098901,0.021978
4,2089,0.076923,0.021978
4,2090,0.043956,0.021978
4,2091,0.054945,0.021978
4,2092,0.054945,0.021978
4,2093,0.065934,0.021978
4,2094,0.087912,0.021978
4,2095,0.087912,0.021978
4,2096,0.087912,0.021978
4,2097,0.109890,0.021978
4,2098,0.098901,0.021978
4,2099,0.098901,0.021978
4,2100,0.142857,0.021978
4,2101,0.098901,0.021978
4,2102,0.142857,0.021978
4,2103,0.142857,0.021978
4,2104,0.153846,0.021978
4,2105,0.142857,0.021978
4,2106,0.153846,0.021978
4,2107,0.142857,0.021978
4,2108,0.120879,0.021978
4,2109,0.186813,0.021978
4,2110,0.164835,0.021978
4,2111,0.175824,0.021978
4,2112,0.142857,0.021978
4,2113,0.142857,0.021978
4,2114,0.109890,0.021978
4,2115,0.120879,0.021978
4,2116,0.142857,0.021978
4,2117,0.142857,0.021978
4,2118,0.153846,0.021978
4,2119,0.142857,0.021978
4,2120,0.120879,0.021978
4,2121,0.098901,0.021978
4,2122,0.109890,0.021978
4,2123,0.076923,0.021978
4,2124,0.109890,0.021978
4,2125,0.153846,0.021978
4,2126,0.175824,0.021978
4,2127,0.142857,0.021978
4,2128,0.142857,0.021978
4,2129,0.109890,0.021978
4,2130,0.120879,0.021978
4,2131,0.153846,0.021978
4,2132,0.153846,0.021978
4,2133,0.153846,0.021978
4,2134,0.153846,0.021978
4,2135,0.098901,0.021978
4,2136,0.065934,0.021978
4,2137,0.065934,0.021978
4,2138,0.065934,0.021978
4,2139,0.076923,0.021978
4,2140,0.076923,0.021978
4,2141,0.109890,0.021978
4,2142,0.120879,0.021978
4,2143,0.120879,0.021978
4,2144,0.098901,0.021978
4,2145,0.087912,0.021978
4,2146,0.098901,0.021978
4,2147,0.131868,0.021978
4,2148,0.175824,0.021978
4,2149,0.164835,0.021978
4,2150,0.120879,0.021978
4,2151,0.120879,0.021978
4,2152,0.120879,0.021978
4,2153,0.131868,0.021978
4,2154,0.131868,0.021978
4,2155,0.109890,0.021978
4,2156,0.098901,0.021978
4,2157,0.109890,0.021978
4,2158,0.109890,0.021978
4,2159,0.120879,0.021978
4,2160,0.120879,0.021978
4,2161,0.131868,0.021978
4,2162,0.131868,0.021978
4,2163,0.131868,0.021978
4,2164,0.120879,0.021978
4,2165,0.109890,0.021978
4,2166,0.109890,0.021978
4,2167,0.120879,0.021978
4,2168,0.087912,0.021978
4,2169,0.087912,0.021978
4,2170,0.076923,0.021978
4,2171,0.065934,0.021978
4,2172,0.065934,0.021978
4,2173,0.065934,0.021978
4,2174,0.043956,0.021978
4,2175,0.065934,0.021978
4,2176,0.087912,0.021978
4,2177,0.065934,0.021978
4,2178,0.065934,0.021978
4,2179,0.065934,0.021978
4,2180,0.043956,0.021978
4,2181,0.043956,0.021978
4,2182,0.087912,0.021978
4,2183,0.098901,0.021978
4,2184,0.098901,0.021978
4,2185,0.098901,0.021978
4,2186,0.109890,0.021978
4,2187,0.131868,0.021978
4,2188,0.120879,0.021978
4,2189,0.109890,0.021978
4,2190,0.120879,0.021978
4,2191,0.109890,0.021978
4,2192,0.087912,0.021978
4,2193,0.098901,0.021978
4,2194,0.087912,0.021978
4,2195,0.054945,0.021978
4,2196,0.065934,0.021978
4,2197,0.109890,0.021978
4,2198,0.109890,0.021978
4,2199,0.109890,0.021978
4,2200,0.142857,0.021978
4,2201,0.142857,0.021978
4,2202,0.109890,0.021978
4,2203,0.065934,0.021978
4,2204,0.065934,0.021978
4,2205,0.043956,0.021978
4,2206,0.065934,0.021978
4,2207,0.087912,0.021978
4,2208,0.098901,0.021978
4,2209,0.087912,0.021978
4,2210,0.065934,0.021978
4,2211,0.076923,0.021978
4,2212,0.109890,0.021978
4,2213,0.109890,0.021978
4,2214,0.098901,0.021978
4,2215,0.109890,0.021978
4,2216,0.087912,0.021978
4,2217,0.076923,0.021978
4,2218,0.076923,0.021978
4,2219,0.076923,0.021978
4,2220,0.087912,0.021978
4,2221,0.076923,0.021978
4,2222,0.087912,0.021978
4,2223,0.065934,0.021978
4,2224,0.087912,0.021978
4,2225,0.087912,0.021978
4,2226,0.076923,0.021978
4,2227,0.120879,0.021978
4,2228,0.109890,0.021978
4,2229,0.120879,0.021978
4,2230,0.098901,0.021978
4,2231,0.087912,0.021978
4,2232,0.087912,0.021978
4,2233,0.087912,0.021978
4,2234,0.076923,0.021978
4,2235,0.076923,0.021978
4,2236,0.065934,0.021978
4,2237,0.065934,0.021978
4,2238,0.087912,0.021978
4,2239,0.076923,0.021978
4,2240,0.076923,0.021978
4,2241,0.065934,0.021978
4,2242,0.065934,0.021978
4,2243,0.087912,0.021978
4,2244,0.109890,0.021978
4,2245,0.065934,0.021978
4,2246,0.076923,0.021978
4,2247,0.087912,0.021978
4,2248,0.087912,0.021978
4,2249,0.087912,0.021978
4,2250,0.087912,0.021978
4,2251,0.109890,0.021978
4,2252,0.142857,0.021978
4,2253,0.142857,0.021978
4,2254,0.142857,0.021978
4,2255,0.142857,0.021978
4,2256,0.120879,0.021978
4,2257,0.109890,0.021978
4,2258,0.109890,0.021978
4,2259,0.109890,0.021978
4,2260,0.109890,0.021978
4,2261,0.087912,0.021978
4,2262,0.098901,0.021978
4,2263,0.120879,0.021978
4,2264,0.120879,0.021978
4,2265,0.098901,0.021978
4,2266,0.076923,0.021978
4,2267,0.032967,0.021978
4,2268,0.010989,0.010989
4,2269,0.010989,0.010989
4,2270,0.054945,0.010989
4,2271,0.065934,0.010989
4,2272,0.043956,0.010989
4,2273,0.043956,0.010989
4,2274,0.076923,0.010989
4,2275,0.076923,0.010989
4,2276,0.076923,0.010989
4,2277,0.076923,0.010989
4,2278,0.054945,0.010989
4,2279,0.043956,0.010989
4,2280,0.054945,0.010989
4,2281,0.076923,0.010989
4,2282,0.098901,0.010989
4,2283,0.098901,0.010989
4,2284,0.098901,0.010989
4,2285,0.120879,0.010989
4,2286,0.109890,0.010989
4,2287,0.131868,0.010989
4,2288,0.109890,0.010989
4,2289,0.131868,0.010989
4,2290,0.087912,0.010989
4,2291,0.087912,0.010989
4,2292,0.098901,0.010989
4,2293,0.120879,0.010989
4,2294,0.087912,0.010989
4,2295,0.054945,0.010989
4,2296,0.054945,0.010989
4,2297,0.054945,0.010989
4,2298,0.065934,0.010989
4,2299,0.043956,0.010989
4,2300,0.054945,0.010989
4,2301,0.065934,0.010989
4,2302,0.065934,0.010989
4,2303,0.065934,0.010989
4,2304,0.054945,0.010989
4,2305,0.054945,0.010989
4,2306,0.054945,0.010989
4,2307,0.054945,0.010989
4,2308,0.054945,0.010989
4,2309,0.054945,0.010989
4,2310,0.054945,0.010989
4,2311,0.065934,0.010989
4,2312,0.065934,0.010989
4,2313,0.076923,0.010989
4,2314,0.087912,0.010989
4,2315,0.054945,0.010989
4,2316,0.054945,0.010989
4,2317,0.054945,0.010989
4,2318,0.054945,0.010989
4,2319,0.054945,0.010989
4,2320,0.054945,0.010989
4,2321,0.054945,0.010989
4,2322,0.054945,0.010989
4,2323,0.032967,0.010989
4,2324,0.021978,0.010989
4,2325,0.032967,0.010989
4,2326,0.032967,0.010989
4,2327,0.032967,0.010989
4,2328,0.054945,0.010989
4,2329,0.076923,0.010989
4,2330,0.098901,0.010989
4,2331,0.098901,0.010989
4,2332,0.109890,0.010989
4,2333,0.076923,0.010989
4,2334,0.065934,0.010989
4,2335,0.065934,0.010989
4,2336,0.065934,0.010989
4,2337,0.054945,0.010989
4,2338,0.043956,0.010989
4,2339,0.032967,0.010989
4,2340,0.054945,0.010989
4,2341,0.054945,0.010989
4,2342,0.054945,0.010989
4,2343,0.054945,0.010989
4,2344,0.054945,0.010989
4,2345,0.065934,0.010989
4,2346,0.065934,0.010989
4,2347,0.065934,0.010989
4,2348,0.076923,0.010989
4,2349,0.065934,0.010989
4,2350,0.109890,0.010989
4,2351,0.120879,0.010989
4,2352,0.098901,0.010989
4,2353,0.120879,0.010989
4,2354,0.120879,0.010989
4,2355,0.098901,0.010989
4,2356,0.120879,0.010989
4,2357,0.131868,0.010989
4,2358,0.131868,0.010989
4,2359,0.131868,0.010989
4,2360,0.087912,0.010989
4,2361,0.098901,0.010989
4,2362,0.109890,0.010989
4,2363,0.142857,0.010989
4,2364,0.142857,0.010989
4,2365,0.153846,0.010989
4,2366,0.142857,0.010989
4,2367,0.131868,0.010989
4,2368,0.142857,0.010989
4,2369,0.131868,0.010989
4,2370,0.142857,0.010989
4,2371,0.098901,0.010989
4,2372,0.087912,0.010989
4,2373,0.087912,0.010989
4,2374,0.087912,0.010989
4,2375,0.109890,0.010989
4,2376,0.076923,0.010989
4,2377,0.087912,0.010989
4,2378,0.076923,0.010989
4,2379,0.076923,0.010989
4,2380,0.076923,0.010989
4,2381,0.109890,0.010989
4,2382,0.120879,0.010989
4,2383,0.109890,0.010989
4,2384,0.098901,0.010989
4,2385,0.109890,0.010989
4,2386,0.043956,0.010989
4,2387,0.032967,0.010989
4,2388,0.043956,0.010989
4,2389,0.032967,0.010989
4,2390,0.043956,0.010989
4,2391,0.054945,0.010989
4,2392,0.065934,0.010989
4,2393,0.065934,0.010989
4,2394,0.043956,0.010989
4,2395,0.043956,0.010989
4,2396,0.043956,0.010989
4,2397,0.021978,0.010989
4,2398,0.032967,0.010989
4,2399,0.032967,0.010989
4,2400,0.054945,0.010989
4,2401,0.043956,0.010989
4,2402,0.043956,0.010989
4,2403,0.065934,0.010989
4,2404,0.076923,0.010989
4,2405,0.098901,0.010989
4,2406,0.098901,0.010989
4,2407,0.109890,0.010989
4,2408,0.120879,0.010989
4,2409,0.142857,0.010989
4,2410,0.142857,0.010989
4,2411,0.120879,0.010989
4,2412,0.098901,0.010989
4,2413,0.120879,0.010989
4,2414,0.098901,0.010989
4,2415,0.087912,0.010989
4,2416,0.087912,0.010989
4,2417,0.065934,0.010989
4,2418,0.054945,0.010989
4,2419,0.065934,0.010989
4,2420,0.054945,0.010989
4,2421,0.054945,0.010989
4,2422,0.065934,0.010989
4,2423,0.076923,0.010989
4,2424,0.065934,0.010989
4,2425,0.087912,0.010989
4,2426,0.120879,0.010989
4,2427,0.120879,0.010989
4,2428,0.164835,0.010989
4,2429,0.175824,0.010989
4,2430,0.175824,0.010989
4,2431,0.142857,0.010989
4,2432,0.142857,0.010989
4,2433,0.131868,0.010989
4,2434,0.131868,0.010989
4,2435,0.109890,0.010989
4,2436,0.054945,0.010989
4,2437,0.054945,0.010989
4,2438,0.087912,0.010989
4,2439,0.054945,0.010989
4,2440,0.065934,0.010989
4,2441,0.065934,0.010989
4,2442,0.054945,0.010989
4,2443,0.054945,0.010989
4,2444,0.054945,0.010989
4,2445,0.076923,0.010989
4,2446,0.076923,0.010989
4,2447,0.065934,0.010989
4,2448,0.076923,0.010989
4,2449,0.087912,0.010989
4,2450,0.087912,0.010989
4,2451,0.076923,0.010989
4,2452,0.087912,0.010989
4,2453,0.098901,0.010989
4,2454,0.109890,0.010989
4,2455,0.109890,0.010989
4,2456,0.109890,0.010989
4,2457,0.098901,0.010989
4,2458,0.098901,0.010989
4,2459,0.087912,0.010989
4,2460,0.076923,0.010989
4,2461,0.109890,0.010989
4,2462,0.098901,0.010989
4,2463,0.131868,0.010989
4,2464,0.098901,0.010989
4,2465,0.120879,0.010989
4,2466,0.120879,0.010989
4,2467,0.109890,0.010989
4,2468,0.076923,0.010989
4,2469,0.065934,0.010989
4,2470,0.087912,0.010989
4,2471,0.087912,0.010989
4,2472,0.076923,0.010989
4,2473,0.087912,0.010989
4,2474,0.076923,0.010989
4,2475,0.087912,0.010989
4,2476,0.087912,0.010989
4,2477,0.087912,0.010989
4,2478,0.087912,0.010989
4,2479,0.109890,0.010989
4,2480,0.120879,0.010989
4,2481,0.098901,0.010989
4,2482,0.098901,0.010989
4,2483,0.098901,0.010989
4,2484,0.120879,0.010989
4,2485,0.131868,0.010989
4,2486,0.098901,0.010989
4,2487,0.076923,0.010989
4,2488,0.065934,0.010989
4,2489,0.065934,0.010989
4,2490,0.054945,0.010989
4,2491,0.054945,0.010989
4,2492,0.054945,0.010989
4,2493,0.065934,0.010989
4,2494,0.065934,0.010989
4,2495,0.065934,0.010989
4,2496,0.054945,0.010989
4,2497,0.054945,0.010989
4,2498,0.032967,0.010989
4,2499,0.043956,0.010989
4,2500,0.043956,0.010989
4,2501,0.076923,0.010989
4,2502,0.076923,0.010989
4,2503,0.043956,0.010989
4,2504,0.043956,0.010989
4,2505,0.076923,0.010989
4,2506,0.076923,0.010989
4,2507,0.076923,0.010989
4,2508,0.076923,0.010989
4,2509,0.098901,0.010989
4,2510,0.098901,0.010989
4,2511,0.098901,0.010989
4,2512,0.076923,0.010989
4,2513,0.098901,0.010989
4,2514,0.098901,0.010989
4,2515,0.087912,0.010989
4,2516,0.065934,0.010989
4,2517,0.054945,0.010989
4,2518,0.054945,0.010989
4,2519,0.054945,0.010989
4,2520,0.054945,0.010989
4,2521,0.054945,0.010989
4,2522,0.076923,0.010989
4,2523,0.054945,0.010989
4,2524,0.054945,0.010989
4,2525,0.054945,0.010989
4,2526,0.054945,0.010989
4,2527,0.076923,0.010989
4,2528,0.054945,0.010989
4,2529,0.054945,0.010989
4,2530,0.054945,0.010989
4,2531,0.054945,0.010989
4,2532,0.087912,0.010989
4,2533,0.087912,0.010989
4,2534,0.065934,0.010989
4,2535,0.065934,0.010989
4,2536,0.065934,0.010989
4,2537,0.098901,0.010989
4,2538,0.087912,0.010989
4,2539,0.087912,0.010989
4,2540,0.087912,0.010989
4,2541,0.087912,0.010989
4,2542,0.098901,0.010989
4,2543,0.098901,0.010989
4,2544,0.098901,0.010989
4,2545,0.098901,0.010989
4,2546,0.065934,0.010989
4,2547,0.065934,0.010989
4,2548,0.065934,0.010989
4,2549,0.065934,0.010989
4,2550,0.065934,0.010989
4,2551,0.098901,0.010989
4,2552,0.098901,0.010989
4,2553,0.142857,0.010989
4,2554,0.142857,0.010989
4,2555,0.142857,0.010989
4,2556,0.142857,0.010989
4,2557,0.098901,0.010989
4,2558,0.131868,0.010989
4,2559,0.142857,0.010989
4,2560,0.131868,0.010989
4,2561,0.131868,0.010989
4,2562,0.131868,0.010989
4,2563,0.120879,0.010989
4,2564,0.109890,0.010989
4,2565,0.109890,0.010989
4,2566,0.109890,0.010989
4,2567,0.109890,0.010989
4,2568,0.109890,0.010989
4,2569,0.120879,0.010989
4,2570,0.120879,0.010989
4,2571,0.109890,0.010989
4,2572,0.109890,0.010989
4,2573,0.120879,0.010989
4,2574,0.120879,0.010989
4,2575,0.120879,0.010989
4,2576,0.120879,0.010989
4,2577,0.120879,0.010989
4,2578,0.164835,0.010989
4,2579,0.142857,0.010989
4,2580,0.131868,0.010989
4,2581,0.120879,0.010989
4,2582,0.109890,0.010989
4,2583,0.087912,0.010989
4,2584,0.087912,0.010989
4,2585,0.087912,0.010989
4,2586,0.087912,0.010989
4,2587,0.098901,0.010989
4,2588,0.109890,0.010989
4,2589,0.109890,0.010989
4,2590,0.120879,0.010989
4,2591,0.131868,0.010989
4,2592,0.109890,0.010989
4,2593,0.109890,0.010989
4,2594,0.109890,0.010989
4,2595,0.098901,0.010989
4,2596,0.109890,0.010989
4,2597,0.087912,0.010989
4,2598,0.087912,0.010989
4,2599,0.087912,0.010989
4,2600,0.098901,0.010989
4,2601,0.098901,0.010989
4,2602,0.109890,0.010989
4,2603,0.098901,0.010989
4,2604,0.087912,0.010989
4,2605,0.076923,0.010989
4,2606,0.076923,0.010989
4,2607,0.087912,0.010989
4,2608,0.098901,0.010989
4,2609,0.098901,0.010989
4,2610,0.098901,0.010989
4,2611,0.098901,0.010989
4,2612,0.098901,0.010989
4,2613,0.098901,0.010989
4,2614,0.098901,0.010989
4,2615,0.098901,0.010989
4,2616,0.098901,0.010989
4,2617,0.098901,0.010989
4,2618,0.098901,0.010989
4,2619,0.098901,0.010989
4,2620,0.098901,0.010989
4,2621,0.087912,0.010989
4,2622,0.087912,0.010989
4,2623,0.087912,0.010989
4,2624,0.087912,0.010989
4,2625,0.065934,0.010989
4,2626,0.054945,0.010989
4,2627,0.043956,0.010989
4,2628,0.043956,0.010989
4,2629,0.043956,0.010989
4,2630,0.043956,0.010989
4,2631,0.043956,0.010989
4,2632,0.054945,0.010989
4,2633,0.076923,0.010989
4,2634,0.076923,0.010989
4,2635,0.065934,0.010989
4,2636,0.054945,0.010989
4,2637,0.054945,0.010989
4,2638,0.076923,0.010989
4,2639,0.076923,0.010989
4,2640,0.076923,0.010989
4,2641,0.065934,0.010989
4,2642,0.065934,0.010989
4,2643,0.065934,0.010989
4,2644,0.054945,0.010989
4,2645,0.065934,0.010989
4,2646,0.054945,0.010989
4,2647,0.054945,0.010989
4,2648,0.065934,0.010989
4,2649,0.065934,0.010989
4,2650,0.065934,0.010989
4,2651,0.076923,0.010989
4,2652,0.065934,0.010989
4,2653,0.032967,0.010989
4,2654,0.021978,0.010989
4,2655,0.021978,0.010989
4,2656,0.021978,0.010989
4,2657,0.021978,0.010989
4,2658,0.021978,0.010989
4,2659,0.032967,0.010989
4,2660,0.032967,0.010989
4,2661,0.032967,0.010989
4,2662,0.043956,0.010989
4,2663,0.043956,0.010989
4,2664,0.043956,0.010989
4,2665,0.054945,0.010989
4,2666,0.032967,0.010989
4,2667,0.032967,0.010989
4,2668,0.010989,0.010989
4,2669,0.010989,0.010989
4,2670,0.032967,0.010989
4,2671,0.032967,0.010989
4,2672,0.032967,0.010989
4,2673,0.032967,0.010989
4,2674,0.032967,0.010989
4,2675,0.032967,0.010989
4,2676,0.021978,0.010989
4,2677,0.043956,0.010989
4,2678,0.021978,0.010989
4,2679,0.032967,0.010989
4,2680,0.032967,0.010989
4,2681,0.065934,0.010989
4,2682,0.065934,0.010989
4,2683,0.065934,0.010989
4,2684,0.043956,0.010989
4,2685,0.043956,0.010989
4,2686,0.043956,0.010989
4,2687,0.043956,0.010989
4,2688,0.076923,0.010989
4,2689,0.076923,0.010989
4,2690,0.065934,0.010989
4,2691,0.065934,0.010989
4,2692,0.109890,0.010989
4,2693,0.109890,0.010989
4,2694,0.109890,0.010989
4,2695,0.065934,0.010989
4,2696,0.065934,0.010989
4,2697,0.065934,0.010989
4,2698,0.076923,0.010989
4,2699,0.065934,0.010989
4,2700,0.076923,0.010989
4,2701,0.076923,0.010989
4,2702,0.065934,0.010989
4,2703,0.065934,0.010989
4,2704,0.098901,0.010989
4,2705,0.098901,0.010989
4,2706,0.098901,0.010989
4,2707,0.065934,0.010989
4,2708,0.065934,0.010989
4,2709,0.076923,0.010989
4,2710,0.065934,0.010989
4,2711,0.065934,0.010989
4,2712,0.065934,0.010989
4,2713,0.065934,0.010989
4,2714,0.065934,0.010989
4,2715,0.098901,0.010989
4,2716,0.087912,0.010989
4,2717,0.087912,0.010989
4,2718,0.076923,0.010989
4,2719,0.076923,0.010989
4,2720,0.076923,0.010989
4,2721,0.076923,0.010989
4,2722,0.076923,0.010989
4,2723,0.076923,0.010989
4,2724,0.076923,0.010989
4,2725,0.076923,0.010989
4,2726,0.076923,0.010989
4,2727,0.076923,0.010989
4,2728,0.098901,0.010989
4,2729,0.120879,0.010989
4,2730,0.109890,0.010989
4,2731,0.109890,0.010989
4,2732,0.109890,0.010989
4,2733,0.109890,0.010989
4,2734,0.120879,0.010989
4,2735,0.109890,0.010989
4,2736,0.098901,0.010989
4,2737,0.087912,0.010989
4,2738,0.098901,0.010989
4,2739,0.098901,0.010989
4,2740,0.120879,0.010989
4,2741,0.120879,0.010989
4,2742,0.120879,0.010989
4,2743,0.087912,0.010989
4,2744,0.076923,0.010989
4,2745,0.076923,0.010989
4,2746,0.076923,0.010989
4,2747,0.065934,0.010989
4,2748,0.065934,0.010989
4,2749,0.087912,0.010989
4,2750,0.065934,0.010989
4,2751,0.065934,0.010989
4,2752,0.065934,0.010989
4,2753,0.065934,0.010989
4,2754,0.065934,0.010989
4,2755,0.065934,0.010989
4,2756,0.065934,0.010989
4,2757,0.054945,0.010989
4,2758,0.054945,0.010989
4,2759,0.043956,0.010989
4,2760,0.043956,0.010989
4,2761,0.043956,0.010989
4,2762,0.043956,0.010989
4,2763,0.043956,0.010989
4,2764,0.043956,0.010989
4,2765,0.043956,0.010989
4,2766,0.054945,0.010989
4,2767,0.065934,0.010989
4,2768,0.065934,0.010989
4,2769,0.054945,0.010989
4,2770,0.054945,0.010989
4,2771,0.043956,0.010989
4,2772,0.054945,0.010989
4,2773,0.065934,0.010989
4,2774,0.087912,0.010989
4,2775,0.076923,0.010989
4,2776,0.076923,0.010989
4,2777,0.076923,0.010989
4,2778,0.087912,0.010989
4,2779,0.098901,0.010989
4,2780,0.098901,0.010989
4,2781,0.098901,0.010989
4,2782,0.076923,0.010989
4,2783,0.076923,0.010989
4,2784,0.076923,0.010989
4,2785,0.076923,0.010989
4,2786,0.076923,0.010989
4,2787,0.076923,0.010989
4,2788,0.076923,0.010989
4,2789,0.065934,0.010989
4,2790,0.076923,0.010989
4,2791,0.076923,0.010989
4,2792,0.054945,0.010989
4,2793,0.032967,0.010989
4,2794,0.043956,0.010989
4,2795,0.043956,0.010989
4,2796,0.043956,0.010989
4,2797,0.054945,0.010989
4,2798,0.054945,0.010989
4,2799,0.087912,0.010989
4,2800,0.087912,0.010989
4,2801,0.087912,0.010989
4,2802,0.087912,0.010989
4,2803,0.065934,0.010989
4,2804,0.054945,0.010989
4,2805,0.043956,0.010989
4,2806,0.043956,0.010989
4,2807,0.043956,0.010989
4,2808,0.043956,0.010989
4,2809,0.043956,0.010989
4,2810,0.043956,0.010989
4,2811,0.043956,0.010989
4,2812,0.054945,0.010989
4,2813,0.043956,0.010989
4,2814,0.043956,0.010989
4,2815,0.043956,0.010989
4,2816,0.043956,0.010989
4,2817,0.054945,0.010989
4,2818,0.054945,0.010989
4,2819,0.054945,0.010989
4,2820,0.032967,0.010989
4,2821,0.043956,0.010989
4,2822,0.043956,0.010989
4,2823,0.043956,0.010989
4,2824,0.043956,0.010989
4,2825,0.043956,0.010989
4,2826,0.043956,0.010989
4,2827,0.032967,0.010989
4,2828,0.054945,0.010989
4,2829,0.054945,0.010989
4,2830,0.065934,0.010989
4,2831,0.054945,0.010989
4,2832,0.054945,0.010989
4,2833,0.065934,0.010989
4,2834,0.054945,0.010989
4,2835,0.054945,0.010989
4,2836,0.054945,0.010989
4,2837,0.065934,0.010989
4,2838,0.065934,0.010989
4,2839,0.076923,0.010989
4,2840,0.087912,0.010989
4,2841,0.076923,0.010989
4,2842,0.076923,0.010989
4,2843,0.076923,0.010989
4,2844,0.065934,0.010989
4,2845,0.065934,0.010989
4,2846,0.065934,0.010989
4,2847,0.065934,0.010989
4,2848,0.054945,0.010989
4,2849,0.054945,0.010989
4,2850,0.054945,0.010989
4,2851,0.054945,0.010989
4,2852,0.043956,0.010989
4,2853,0.043956,0.010989
4,2854,0.054945,0.010989
4,2855,0.054945,0.010989
4,2856,0.054945,0.010989
4,2857,0.043956,0.010989
4,2858,0.043956,0.010989
4,2859,0.043956,0.010989
4,2860,0.043956,0.010989
4,2861,0.054945,0.010989
4,2862,0.054945,0.010989
4,2863,0.054945,0.010989
4,2864,0.065934,0.010989
4,2865,0.065934,0.010989
4,2866,0.043956,0.010989
4,2867,0.054945,0.010989
4,2868,0.054945,0.010989
4,2869,0.054945,0.010989
4,2870,0.043956,0.010989
4,2871,0.043956,0.010989
4,2872,0.043956,0.010989
4,2873,0.043956,0.010989
4,2874,0.076923,0.010989
4,2875,0.076923,0.010989
4,2876,0.076923,0.010989
4,2877,0.076923,0.010989
4,2878,0.076923,0.010989
4,2879,0.065934,0.010989
4,2880,0.065934,0.010989
4,2881,0.065934,0.010989
4,2882,0.065934,0.010989
4,2883,0.043956,0.010989
4,2884,0.043956,0.010989
4,2885,0.054945,0.010989
4,2886,0.054945,0.010989
4,2887,0.065934,0.010989
4,2888,0.076923,0.010989
4,2889,0.054945,0.010989
4,2890,0.054945,0.010989
4,2891,0.076923,0.010989
4,2892,0.076923,0.010989
4,2893,0.076923,0.010989
4,2894,0.065934,0.010989
4,2895,0.043956,0.010989
4,2896,0.032967,0.010989
4,2897,0.054945,0.010989
4,2898,0.054945,0.010989
4,2899,0.054945,0.010989
4,2900,0.054945,0.010989
4,2901,0.054945,0.010989
4,2902,0.054945,0.010989
4,2903,0.054945,0.010989
4,2904,0.043956,0.010989
4,2905,0.043956,0.010989
4,2906,0.043956,0.010989
4,2907,0.043956,0.010989
4,2908,0.032967,0.010989
4,2909,0.032967,0.010989
4,2910,0.032967,0.010989
4,2911,0.043956,0.010989
4,2912,0.043956,0.010989
4,2913,0.043956,0.010989
4,2914,0.032967,0.010989
4,2915,0.032967,0.010989
4,2916,0.032967,0.010989
4,2917,0.043956,0.010989
4,2918,0.043956,0.010989
4,2919,0.043956,0.010989
4,2920,0.043956,0.010989
4,2921,0.054945,0.010989
4,2922,0.032967,0.010989
4,2923,0.032967,0.010989
4,2924,0.032967,0.010989
4,2925,0.054945,0.010989
4,2926,0.054945,0.010989
4,2927,0.054945,0.010989
4,2928,0.054945,0.010989
4,2929,0.054945,0.010989
4,2930,0.054945,0.010989
4,2931,0.032967,0.010989
4,2932,0.032967,0.010989
4,2933,0.032967,0.010989
4,2934,0.032967,0.010989
4,2935,0.043956,0.010989
4,2936,0.054945,0.010989
4,2937,0.054945,0.010989
4,2938,0.076923,0.010989
4,2939,0.076923,0.010989
4,2940,0.076923,0.010989
4,2941,0.076923,0.010989
4,2942,0.087912,0.010989
4,2943,0.087912,0.010989
4,2944,0.087912,0.010989
4,2945,0.076923,0.010989
4,2946,0.076923,0.010989
4,2947,0.076923,0.010989
4,2948,0.087912,0.010989
4,2949,0.076923,0.010989
4,2950,0.087912,0.010989
4,2951,0.087912,0.010989
4,2952,0.087912,0.010989
4,2953,0.087912,0.010989
4,2954,0.076923,0.010989
4,2955,0.076923,0.010989
4,2956,0.076923,0.010989
4,2957,0.076923,0.010989
4,2958,0.076923,0.010989
4,2959,0.076923,0.010989
4,2960,0.076923,0.010989
4,2961,0.065934,0.010989
4,2962,0.065934,0.010989
4,2963,0.043956,0.010989
4,2964,0.043956,0.010989
4,2965,0.054945,0.010989
4,2966,0.054945,0.010989
4,2967,0.054945,0.010989
4,2968,0.054945,0.010989
4,2969,0.043956,0.010989
4,2970,0.043956,0.010989
4,2971,0.043956,0.010989
4,2972,0.043956,0.010989
4,2973,0.043956,0.010989
4,2974,0.043956,0.010989
4,2975,0.043956,0.010989
4,2976,0.043956,0.010989
4,2977,0.043956,0.010989
4,2978,0.032967,0.010989
4,2979,0.032967,0.010989
4,2980,0.032967,0.010989
4,2981,0.032967,0.010989
4,2982,0.032967,0.010989
4,2983,0.032967,0.010989
4,2984,0.032967,0.010989
4,2985,0.032967,0.010989
4,2986,0.032967,0.010989
4,2987,0.032967,0.010989
4,2988,0.032967,0.010989
4,2989,0.032967,0.010989
4,2990,0.032967,0.010989
4,2991,0.032967,0.010989
4,2992,0.032967,0.010989
4,2993,0.032967,0.010989
4,2994,0.032967,0.010989
4,2995,0.032967,0.010989
4,2996,0.032967,0.010989
4,2997,0.043956,0.010989
4,2998,0.043956,0.010989
4,2999,0.043956,0.010989
4,3000,0.043956,0.010989
4,3001,0.043956,0.010989
4,3002,0.054945,0.010989
4,3003,0.054945,0.010989
4,3004,0.043956,0.010989
4,3005,0.043956,0.010989
4,3006,0.043956,0.010989
4,3007,0.043956,0.010989
4,3008,0.054945,0.010989
4,3009,0.054945,0.010989
4,3010,0.054945,0.010989
4,3011,0.065934,0.010989
4,3012,0.043956,0.010989
4,3013,0.032967,0.010989
4,3014,0.032967,0.010989
4,3015,0.032967,0.010989
4,3016,0.021978,0.010989
4,3017,0.021978,0.010989
4,3018,0.021978,0.010989
4,3019,0.021978,0.010989
4,3020,0.021978,0.010989
4,3021,0.021978,0.010989
4,3022,0.021978,0.010989
4,3023,0.021978,0.010989
4,3024,0.032967,0.010989
4,3025,0.032967,0.010989
4,3026,0.021978,0.010989
4,3027,0.021978,0.010989
4,3028,0.021978,0.010989
4,3029,0.021978,0.010989
4,3030,0.032967,0.010989
4,3031,0.032967,0.010989
4,3032,0.032967,0.010989
4,3033,0.032967,0.010989
4,3034,0.032967,0.010989
4,3035,0.032967,0.010989
4,3036,0.032967,0.010989
4,3037,0.043956,0.010989
4,3038,0.043956,0.010989
4,3039,0.043956,0.010989
4,3040,0.043956,0.010989
4,3041,0.043956,0.010989
4,3042,0.043956,0.010989
4,3043,0.043956,0.010989
4,3044,0.043956,0.010989
4,3045,0.054945,0.010989
4,3046,0.054945,0.010989
4,3047,0.054945,0.010989
4,3048,0.054945,0.010989
4,3049,0.054945,0.010989
4,3050,0.043956,0.010989
4,3051,0.043956,0.010989
4,3052,0.032967,0.010989
4,3053,0.032967,0.010989
4,3054,0.032967,0.010989
4,3055,0.032967,0.010989
4,3056,0.032967,0.010989
4,3057,0.032967,0.010989
4,3058,0.043956,0.010989
4,3059,0.032967,0.010989
4,3060,0.032967,0.010989
4,3061,0.032967,0.010989
4,3062,0.032967,0.010989
4,3063,0.043956,0.010989
4,3064,0.043956,0.010989
4,3065,0.043956,0.010989
4,3066,0.043956,0.010989
4,3067,0.032967,0.010989
4,3068,0.032967,0.010989
4,3069,0.032967,0.010989
4,3070,0.032967,0.010989
4,3071,0.043956,0.010989
4,3072,0.032967,0.010989
4,3073,0.043956,0.010989
4,3074,0.032967,0.010989
4,3075,0.032967,0.010989
4,3076,0.032967,0.010989
4,3077,0.032967,0.010989
4,3078,0.032967,0.010989
4,3079,0.032967,0.010989
4,3080,0.043956,0.010989
4,3081,0.043956,0.010989
4,3082,0.054945,0.010989
4,3083,0.054945,0.010989
4,3084,0.054945,0.010989
4,3085,0.054945,0.010989
4,3086,0.065934,0.010989
4,3087,0.065934,0.010989
4,3088,0.065934,0.010989
4,3089,0.065934,0.010989
4,3090,0.065934,0.010989
4,3091,0.065934,0.010989
4,3092,0.065934,0.010989
4,3093,0.065934,0.010989
4,3094,0.032967,0.010989
4,3095,0.032967,0.010989
4,3096,0.032967,0.010989
4,3097,0.032967,0.010989
4,3098,0.021978,0.010989
4,3099,0.021978,0.010989
4,3100,0.021978,0.010989
4,3101,0.021978,0.010989
4,3102,0.021978,0.010989
4,3103,0.021978,0.010989
4,3104,0.021978,0.010989
4,3105,0.021978,0.010989
4,3106,0.021978,0.010989
4,3107,0.021978,0.010989
4,3108,0.021978,0.010989
4,3109,0.021978,0.010989
4,3110,0.021978,0.010989
4,3111,0.021978,0.010989
4,3112,0.021978,0.010989
4,3113,0.021978,0.010989
4,3114,0.021978,0.010989
4,3115,0.021978,0.010989
4,3116,0.021978,0.010989
4,3117,0.021978,0.010989
4,3118,0.021978,0.010989
4,3119,0.021978,0.010989
4,3120,0.021978,0.010989
4,3121,0.032967,0.010989
4,3122,0.032967,0.010989
4,3123,0.032967,0.010989
4,3124,0.032967,0.010989
4,3125,0.054945,0.010989
4,3126,0.065934,0.010989
4,3127,0.065934,0.010989
4,3128,0.065934,0.010989
4,3129,0.065934,0.010989
4,3130,0.065934,0.010989
4,3131,0.076923,0.010989
4,3132,0.076923,0.010989
4,3133,0.076923,0.010989
4,3134,0.087912,0.010989
4,3135,0.076923,0.010989
4,3136,0.065934,0.010989
4,3137,0.065934,0.010989
4,3138,0.054945,0.010989
4,3139,0.054945,0.010989
4,3140,0.054945,0.010989
4,3141,0.054945,0.010989
4,3142,0.054945,0.010989
4,3143,0.043956,0.010989
4,3144,0.043956,0.010989
4,3145,0.043956,0.010989
4,3146,0.032967,0.010989
4,3147,0.032967,0.010989
4,3148,0.032967,0.010989
4,3149,0.032967,0.010989
4,3150,0.032967,0.010989
4,3151,0.032967,0.010989
4,3152,0.032967,0.010989
4,3153,0.032967,0.010989
4,3154,0.032967,0.010989
4,3155,0.043956,0.010989
4,3156,0.043956,0.010989
4,3157,0.043956,0.010989
4,3158,0.043956,0.010989
4,3159,0.043956,0.010989
4,3160,0.032967,0.010989
4,3161,0.032967,0.010989
4,3162,0.032967,0.010989
4,3163,0.032967,0.010989
4,3164,0.032967,0.010989
4,3165,0.032967,0.010989
4,3166,0.032967,0.010989
4,3167,0.032967,0.010989
4,3168,0.032967,0.010989
4,3169,0.032967,0.010989
4,3170,0.032967,0.010989
4,3171,0.032967,0.010989
4,3172,0.021978,0.010989
4,3173,0.021978,0.010989
4,3174,0.032967,0.010989
4,3175,0.032967,0.010989
4,3176,0.054945,0.010989
4,3177,0.054945,0.010989
4,3178,0.054945,0.010989
4,3179,0.032967,0.010989
4,3180,0.032967,0.010989
4,3181,0.032967,0.010989
4,3182,0.032967,0.010989
4,3183,0.032967,0.010989
4,3184,0.032967,0.010989
4,3185,0.032967,0.010989
4,3186,0.043956,0.010989
4,3187,0.043956,0.010989
4,3188,0.043956,0.010989
4,3189,0.032967,0.010989
4,3190,0.032967,0.010989
4,3191,0.032967,0.010989
4,3192,0.043956,0.010989
4,3193,0.043956,0.010989
4,3194,0.043956,0.010989
4,3195,0.043956,0.010989
4,3196,0.043956,0.010989
4,3197,0.032967,0.010989
4,3198,0.032967,0.010989
4,3199,0.032967,0.010989
4,3200,0.032967,0.010989
4,3201,0.032967,0.010989
4,3202,0.032967,0.010989
4,3203,0.032967,0.010989
4,3204,0.032967,0.010989
4,3205,0.032967,0.010989
4,3206,0.032967,0.010989
4,3207,0.021978,0.010989
4,3208,0.021978,0.010989
4,3209,0.021978,0.010989
4,3210,0.021978,0.010989
4,3211,0.021978,0.010989
4,3212,0.021978,0.010989
4,3213,0.021978,0.010989
4,3214,0.021978,0.010989
4,3215,0.021978,0.010989
4,3216,0.021978,0.010989
4,3217,0.021978,0.010989
4,3218,0.021978,0.010989
4,3219,0.021978,0.010989
4,3220,0.021978,0.010989
4,3221,0.021978,0.010989
4,3222,0.021978,0.010989
4,3223,0.021978,0.010989
4,3224,0.021978,0.010989
4,3225,0.021978,0.010989
4,3226,0.021978,0.010989
4,3227,0.021978,0.010989
4,3228,0.021978,0.010989
4,3229,0.021978,0.010989
4,3230,0.021978,0.010989
4,3231,0.021978,0.010989
4,3232,0.021978,0.010989
4,3233,0.021978,0.010989
4,3234,0.021978,0.010989
4,3235,0.021978,0.010989
4,3236,0.032967,0.010989
4,3237,0.032967,0.010989
4,3238,0.032967,0.010989
4,3239,0.032967,0.010989
4,3240,0.032967,0.010989
4,3241,0.032967,0.010989
4,3242,0.032967,0.010989
4,3243,0.032967,0.010989
4,3244,0.032967,0.010989
4,3245,0.032967,0.010989
4,3246,0.032967,0.010989
4,3247,0.032967,0.010989
4,3248,0.032967,0.010989
4,3249,0.032967,0.010989
4,3250,0.032967,0.010989
4,3251,0.032967,0.010989
4,3252,0.032967,0.010989
4,3253,0.032967,0.010989
4,3254,0.032967,0.010989
4,3255,0.043956,0.010989
4,3256,0.043956,0.010989
4,3257,0.043956,0.010989
4,3258,0.043956,0.010989
4,3259,0.043956,0.010989
4,3260,0.043956,0.010989
4,3261,0.043956,0.010989
4,3262,0.043956,0.010989
4,3263,0.043956,0.010989
4,3264,0.043956,0.010989
4,3265,0.043956,0.010989
4,3266,0.043956,0.010989
4,3267,0.043956,0.010989
4,3268,0.054945,0.010989
4,3269,0.054945,0.010989
4,3270,0.032967,0.010989
4,3271,0.032967,0.010989
4,3272,0.032967,0.010989
4,3273,0.032967,0.010989
4,3274,0.032967,0.010989
4,3275,0.032967,0.010989
4,3276,0.032967,0.010989
4,3277,0.032967,0.010989
4,3278,0.032967,0.010989
4,3279,0.032967,0.010989
4,3280,0.032967,0.010989
4,3281,0.032967,0.010989
4,3282,0.032967,0.010989
4,3283,0.032967,0.010989
4,3284,0.043956,0.010989
4,3285,0.043956,0.010989
4,3286,0.043956,0.010989
4,3287,0.043956,0.010989
4,3288,0.043956,0.010989
4,3289,0.043956,0.010989
4,3290,0.043956,0.010989
4,3291,0.043956,0.010989
4,3292,0.043956,0.010989
4,3293,0.043956,0.010989
4,3294,0.043956,0.010989
4,3295,0.043956,0.010989
4,3296,0.043956,0.010989
4,3297,0.043956,0.010989
4,3298,0.043956,0.010989
4,3299,0.043956,0.010989
4,3300,0.043956,0.010989
4,3301,0.043956,0.010989
4,3302,0.043956,0.010989
4,3303,0.043956,0.010989
4,3304,0.043956,0.010989
4,3305,0.043956,0.010989
4,3306,0.043956,0.010989
4,3307,0.043956,0.010989
4,3308,0.043956,0.010989
4,3309,0.043956,0.010989
4,3310,0.043956,0.010989
4,3311,0.043956,0.010989
4,3312,0.032967,0.010989
4,3313,0.032967,0.010989
4,3314,0.032967,0.010989
4,3315,0.032967,0.010989
4,3316,0.032967,0.010989
4,3317,0.032967,0.010989
4,3318,0.032967,0.010989
4,3319,0.032967,0.010989
4,3320,0.032967,0.010989
4,3321,0.032967,0.010989
4,3322,0.032967,0.010989
4,3323,0.032967,0.010989
4,3324,0.032967,0.010989
4,3325,0.032967,0.010989
4,3326,0.032967,0.010989
4,3327,0.032967,0.010989
4,3328,0.032967,0.010989
4,3329,0.032967,0.010989
4,3330,0.032967,0.010989
4,3331,0.032967,0.010989
4,3332,0.032967,0.010989
4,3333,0.032967,0.010989
4,3334,0.032967,0.010989
4,3335,0.032967,0.010989
4,3336,0.021978,0.010989
4,3337,0.021978,0.010989
4,3338,0.021978,0.010989
4,3339,0.021978,0.010989
4,3340,0.021978,0.010989
4,3341,0.021978,0.010989
4,3342,0.021978,0.010989
4,3343,0.021978,0.010989
4,3344,0.021978,0.010989
4,3345,0.021978,0.010989
4,3346,0.021978,0.010989
4,3347,0.021978,0.010989
4,3348,0.021978,0.010989
4,3349,0.021978,0.010989
4,3350,0.021978,0.010989
4,3351,0.032967,0.010989
4,3352,0.032967,0.010989
4,3353,0.032967,0.010989
4,3354,0.032967,0.010989
4,3355,0.032967,0.010989
4,3356,0.032967,0.010989
4,3357,0.032967,0.010989
4,3358,0.021978,0.010989
4,3359,0.021978,0.010989
4,3360,0.021978,0.010989
4,3361,0.021978,0.010989
4,3362,0.021978,0.010989
4,3363,0.021978,0.010989
4,3364,0.021978,0.010989
4,3365,0.021978,0.010989
4,3366,0.021978,0.010989
4,3367,0.021978,0.010989
4,3368,0.021978,0.010989
4,3369,0.021978,0.010989
4,3370,0.021978,0.010989
4,3371,0.021978,0.010989
4,3372,0.021978,0.010989
4,3373,0.021978,0.010989
4,3374,0.021978,0.010989
4,3375,0.021978,0.010989
4,3376,0.021978,0.010989
4,3377,0.021978,0.010989
4,3378,0.021978,0.010989
4,3379,0.021978,0.010989
4,3380,0.021978,0.010989
4,3381,0.021978,0.010989
4,3382,0.021978,0.010989
4,3383,0.021978,0.010989
4,3384,0.021978,0.010989
4,3385,0.021978,0.010989
4,3386,0.021978,0.010989
4,3387,0.021978,0.010989
4,3388,0.021978,0.010989
4,3389,0.021978,0.010989
4,3390,0.021978,0.010989
4,3391,0.021978,0.010989
4,3392,0.021978,0.010989
4,3393,0.021978,0.010989
4,3394,0.021978,0.010989
4,3395,0.021978,0.010989
4,3396,0.021978,0.010989
4,3397,0.021978,0.010989
4,3398,0.021978,0.010989
4,3399,0.021978,0.010989
4,3400,0.021978,0.010989
4,3401,0.021978,0.010989
4,3402,0.021978,0.010989
4,3403,0.021978,0.010989
4,3404,0.021978,0.010989
4,3405,0.021978,0.010989
4,3406,0.021978,0.010989
4,3407,0.021978,0.010989
4,3408,0.021978,0.010989
4,3409,0.021978,0.010989
4,3410,0.021978,0.010989
4,3411,0.021978,0.010989
4,3412,0.021978,0.010989
4,3413,0.021978,0.010989
4,3414,0.021978,0.010989
4,3415,0.021978,0.010989
4,3416,0.021978,0.010989
4,3417,0.021978,0.010989
4,3418,0.021978,0.010989
4,3419,0.021978,0.010989
4,3420,0.021978,0.010989
4,3421,0.021978,0.010989
4,3422,0.021978,0.010989
4,3423,0.021978,0.010989
4,3424,0.021978,0.010989
4,3425,0.021978,0.010989
4,3426,0.021978,0.010989
4,3427,0.021978,0.010989
4,3428,0.021978,0.010989
4,3429,0.021978,0.010989
4,3430,0.021978,0.010989
4,3431,0.021978,0.010989
4,3432,0.021978,0.010989
4,3433,0.021978,0.010989
4,3434,0.021978,0.010989
4,3435,0.021978,0.010989
4,3436,0.021978,0.010989
4,3437,0.021978,0.010989
4,3438,0.021978,0.010989
4,3439,0.021978,0.010989
4,3440,0.021978,0.010989
4,3441,0.021978,0.010989
4,3442,0.021978,0.010989
4,3443,0.021978,0.010989
4,3444,0.021978,0.010989
4,3445,0.021978,0.010989
4,3446,0.021978,0.010989
4,3447,0.021978,0.010989
4,3448,0.021978,0.010989
4,3449,0.021978,0.010989
4,3450,0.021978,0.010989
4,3451,0.021978,0.010989
4,3452,0.021978,0.010989
4,3453,0.021978,0.010989
4,3454,0.021978,0.010989
4,3455,0.032967,0.010989
4,3456,0.032967,0.010989
4,3457,0.032967,0.010989
4,3458,0.032967,0.010989
4,3459,0.021978,0.010989
4,3460,0.021978,0.010989
4,3461,0.021978,0.010989
4,3462,0.021978,0.010989
4,3463,0.021978,0.010989
4,3464,0.021978,0.010989
4,3465,0.021978,0.010989
4,3466,0.021978,0.010989
4,3467,0.021978,0.010989
4,3468,0.010989,0.010989
4,3469,0.010989,0.010989
4,3470,0.010989,0.010989
4,3471,0.010989,0.010989
4,3472,0.010989,0.010989
4,3473,0.010989,0.010989
4,3474,0.010989,0.010989
4,3475,0.010989,0.010989
4,3476,0.010989,0.010989
4,3477,0.010989,0.010989
4,3478,0.010989,0.010989
4,3479,0.010989,0.010989
4,3480,0.010989,0.010989
4,3481,0.010989,0.010989
4,3482,0.010989,0.010989
4,3483,0.010989,0.010989
4,3484,0.010989,0.010989
4,3485,0.010989,0.010989
4,3486,0.010989,0.010989
4,3487,0.010989,0.010989
4,3488,0.010989,0.010989
4,3489,0.010989,0.010989
4,3490,0.010989,0.010989
4,3491,0.010989,0.010989
4,3492,0.010989,0.010989
4,3493,0.010989,0.010989
4,3494,0.010989,0.010989
4,3495,0.010989,0.010989
4,3496,0.010989,0.010989
4,3497,0.010989,0.010989
4,3498,0.010989,0.010989
4,3499,0.010989,0.010989
4,3500,0.010989,0.010989
4,3501,0.010989,0.010989
4,3502,0.010989,0.010989
4,3503,0.010989,0.010989
4,3504,0.010989,0.010989
4,3505,0.010989,0.010989
4,3506,0.010989,0.010989
4,3507,0.010989,0.010989
4,3508,0.010989,0.010989
4,3509,0.010989,0.010989
4,3510,0.010989,0.010989
4,3511,0.010989,0.010989
4,3512,0.010989,0.010989
4,3513,0.010989,0.010989
4,3514,0.010989,0.010989
4,3515,0.010989,0.010989
4,3516,0.010989,0.010989
4,3517,0.010989,0.010989
4,3518,0.010989,0.010989
4,3519,0.010989,0.010989
4,3520,0.010989,0.010989
4,3521,0.010989,0.010989
4,3522,0.010989,0.010989
4,3523,0.010989,0.010989
4,3524,0.010989,0.010989
4,3525,0.010989,0.010989
4,3526,0.010989,0.010989
4,3527,0.010989,0.010989
4,3528,0.010989,0.010989
4,3529,0.010989,0.010989
4,3530,0.010989,0.010989
4,3531,0.000000,0.000000
5,0,0.109890,0.109890
5,1,0.142857,0.109890
5,2,0.186813,0.109890
5,3,0.186813,0.109890
5,4,0.197802,0.109890
5,5,0.175824,0.109890
5,6,0.197802,0.109890
5,7,0.175824,0.109890
5,8,0.175824,0.109890
5,9,0.186813,0.109890
5,10,0.153846,0.109890
5,11,0.142857,0.109890
5,12,0.164835,0.109890
5,13,0.175824,0.109890
5,14,0.197802,0.109890
5,15,0.164835,0.109890
5,16,0.153846,0.109890
5,17,0.142857,0.109890
5,18,0.142857,0.109890
5,19,0.153846,0.109890
5,20,0.164835,0.109890
5,21,0.197802,0.109890
5,22,0.219780,0.109890
5,23,0.208791,0.109890
5,24,0.186813,0.109890
5,25,0.197802,0.109890
5,26,0.186813,0.109890
5,27,0.175824,0.109890
5,28,0.197802,0.109890
5,29,0.153846,0.109890
5,30,0.131868,0.109890
5,31,0.120879,0.109890
5,32,0.120879,0.109890
5,33,0.131868,0.109890
5,34,0.120879,0.109890
5,35,0.131868,0.109890
5,36,0.109890,0.109890
5,37,0.109890,0.109890
5,38,0.087912,0.087912
5,39,0.087912,0.087912
5,40,0.109890,0.087912
5,41,0.131868,0.087912
5,42,0.098901,0.087912
5,43,0.098901,0.087912
5,44,0.087912,0.087912
5,45,0.076923,0.076923
5,46,0.098901,0.076923
5,47,0.153846,0.076923
5,48,0.131868,0.076923
5,49,0.120879,0.076923
5,50,0.120879,0.076923
5,51,0.142857,0.076923
5,52,0.109890,0.076923
5,53,0.109890,0.076923
5,54,0.076923,0.076923
5,55,0.098901,0.076923
5,56,0.131868,0.076923
5,57,0.131868,0.076923
5,58,0.109890,0.076923
5,59,0.109890,0.076923
5,60,0.153846,0.076923
5,61,0.131868,0.076923
5,62,0.087912,0.076923
5,63,0.087912,0.076923
5,64,0.120879,0.076923
5,65,0.142857,0.076923
5,66,0.142857,0.076923
5,67,0.153846,0.076923
5,68,0.142857,0.076923
5,69,0.142857,0.076923
5,70,0.153846,0.076923
5,71,0.109890,0.076923
5,72,0.109890,0.076923
5,73,0.131868,0.076923
5,74,0.131868,0.076923
5,75,0.098901,0.076923
5,76,0.087912,0.076923
5,77,0.109890,0.076923
5,78,0.109890,0.076923
5,79,0.120879,0.076923
5,80,0.087912,0.076923
5,81,0.065934,0.065934
5,82,0.054945,0.054945
5,83,0.076923,0.054945
5,84,0.076923,0.054945
5,85,0.076923,0.054945
5,86,0.087912,0.054945
5,87,0.076923,0.054945
5,88,0.087912,0.054945
5,89,0.120879,0.054945
5,90,0.142857,0.054945
5,91,0.164835,0.054945
5,92,0.186813,0.054945
5,93,0.131868,0.054945
5,94,0.142857,0.054945
5,95,0.120879,0.054945
5,96,0.131868,0.054945
5,97,0.120879,0.054945
5,98,0.065934,0.054945
5,99,0.065934,0.054945
5,100,0.087912,0.054945
5,101,0.087912,0.054945
5,102,0.087912,0.054945
5,103,0.120879,0.054945
5,104,0.120879,0.054945
5,105,0.109890,0.054945
5,106,0.120879,0.054945
5,107,0.131868,0.054945
5,108,0.142857,0.054945
5,109,0.142857,0.054945
5,110,0.131868,0.054945
5,111,0.120879,0.054945
5,112,0.109890,0.054945
5,113,0.076923,0.054945
5,114,0.087912,0.054945
5,115,0.109890,0.054945
5,116,0.120879,0.054945
5,117,0.098901,0.054945
5,118,0.109890,0.054945
5,119,0.098901,0.054945
5,120,0.076923,0.054945
5,121,0.054945,0.054945
5,122,0.043956,0.043956
5,123,0.043956,0.043956
5,124,0.054945,0.043956
5,125,0.076923,0.043956
5,126,0.087912,0.043956
5,127,0.076923,0.043956
5,128,0.098901,0.043956
5,129,0.087912,0.043956
5,130,0.109890,0.043956
5,131,0.142857,0.043956
5,132,0.131868,0.043956
5,133,0.131868,0.043956
5,134,0.142857,0.043956
5,135,0.164835,0.043956
5,136,0.164835,0.043956
5,137,0.186813,0.043956
5,138,0.142857,0.043956
5,139,0.120879,0.043956
5,140,0.131868,0.043956
5,141,0.164835,0.043956
5,142,0.142857,0.043956
5,143,0.164835,0.043956
5,144,0.219780,0.043956
5,145,0.197802,0.043956
5,146,0.131868,0.043956
5,147,0.120879,0.043956
5,148,0.131868,0.043956
5,149,0.076923,0.043956
5,150,0.087912,0.043956
5,151,0.087912,0.043956
5,152,0.131868,0.043956
5,153,0.186813,0.043956
5,154,0.219780,0.043956
5,155,0.230769,0.043956
5,156,0.230769,0.043956
5,157,0.186813,0.043956
5,158,0.175824,0.043956
5,159,0.208791,0.043956
5,160,0.175824,0.043956
5,161,0.164835,0.043956
5,162,0.153846,0.043956
5,163,0.164835,0.043956
5,164,0.175824,0.043956
5,165,0.230769,0.043956
5,166,0.230769,0.043956
5,167,0.197802,0.043956
5,168,0.186813,0.043956
5,169,0.208791,0.043956
5,170,0.208791,0.043956
5,171,0.164835,0.043956
5,172,0.120879,0.043956
5,173,0.142857,0.043956
5,174,0.153846,0.043956
5,175,0.131868,0.043956
5,176,0.120879,0.043956
5,177,0.164835,0.043956
5,178,0.120879,0.043956
5,179,0.109890,0.043956
5,180,0.164835,0.043956
5,181,0.131868,0.043956
5,182,0.120879,0.043956
5,183,0.142857,0.043956
5,184,0.175824,0.043956
5,185,0.164835,0.043956
5,186,0.120879,0.043956
5,187,0.142857,0.043956
5,188,0.109890,0.043956
5,189,0.120879,0.043956
5,190,0.120879,0.043956
5,191,0.120879,0.043956
5,192,0.120879,0.043956
5,193,0.120879,0.043956
5,194,0.109890,0.043956
5,195,0.098901,0.043956
5,196,0.131868,0.043956
5,197,0.142857,0.043956
5,198,0.153846,0.043956
5,199,0.175824,0.043956
5,200,0.153846,0.043956
5,201,0.175824,0.043956
5,202,0.153846,0.043956
5,203,0.153846,0.043956
5,204,0.153846,0.043956
5,205,0.153846,0.043956
5,206,0.109890,0.043956
5,207,0.109890,0.043956
5,208,0.076923,0.043956
5,209,0.087912,0.043956
5,210,0.109890,0.043956
5,211,0.120879,0.043956
5,212,0.153846,0.043956
5,213,0.142857,0.043956
5,214,0.142857,0.043956
5,215,0.131868,0.043956
5,216,0.109890,0.043956
5,217,0.109890,0.043956
5,218,0.109890,0.043956
5,219,0.109890,0.043956
5,220,0.153846,0.043956
5,221,0.098901,0.043956
5,222,0.120879,0.043956
5,223,0.109890,0.043956
5,224,0.098901,0.043956
5,225,0.120879,0.043956
5,226,0.131868,0.043956
5,227,0.131868,0.043956
5,228,0.109890,0.043956
5,229,0.142857,0.043956
5,230,0.164835,0.043956
5,231,0.142857,0.043956
5,232,0.142857,0.043956
5,233,0.087912,0.043956
5,234,0.043956,0.043956
5,235,0.087912,0.043956
5,236,0.087912,0.043956
5,237,0.098901,0.043956
5,238,0.087912,0.043956
5,239,0.087912,0.043956
5,240,0.098901,0.043956
5,241,0.098901,0.043956
5,242,0.131868,0.043956
5,243,0.142857,0.043956
5,244,0.142857,0.043956
5,245,0.164835,0.043956
5,246,0.164835,0.043956
5,247,0.131868,0.043956
5,248,0.153846,0.043956
5,249,0.142857,0.043956
5,250,0.131868,0.043956
5,251,0.131868,0.043956
5,252,0.120879,0.043956
5,253,0.098901,0.043956
5,254,0.098901,0.043956
5,255,0.087912,0.043956
5,256,0.065934,0.043956
5,257,0.087912,0.043956
5,258,0.087912,0.043956
5,259,0.087912,0.043956
5,260,0.087912,0.043956
5,261,0.098901,0.043956
5,262,0.098901,0.043956
5,263,0.087912,0.043956
5,264,0.054945,0.043956
5,265,0.043956,0.043956
5,266,0.076923,0.043956
5,267,0.065934,0.043956
5,268,0.076923,0.043956
5,269,0.065934,0.043956
5,270,0.065934,0.043956
5,271,0.065934,0.043956
5,272,0.065934,0.043956
5,273,0.065934,0.043956
5,274,0.054945,0.043956
5,275,0.054945,0.043956
5,276,0.054945,0.043956
5,277,0.098901,0.043956
5,278,0.098901,0.043956
5,279,0.109890,0.043956
5,280,0.098901,0.043956
5,281,0.065934,0.043956
5,282,0.032967,0.032967
5,283,0.043956,0.032967
5,284,0.043956,0.032967
5,285,0.043956,0.032967
5,286,0.054945,0.032967
5,287,0.087912,0.032967
5,288,0.109890,0.032967
5,289,0.087912,0.032967
5,290,0.087912,0.032967
5,291,0.109890,0.032967
5,292,0.098901,0.032967
5,293,0.065934,0.032967
5,294,0.054945,0.032967
5,295,0.076923,0.032967
5,296,0.087912,0.032967
5,297,0.076923,0.032967
5,298,0.109890,0.032967
5,299,0.109890,0.032967
5,300,0.098901,0.032967
5,301,0.065934,0.032967
5,302,0.076923,0.032967
5,303,0.076923,0.032967
5,304,0.120879,0.032967
5,305,0.153846,0.032967
5,306,0.131868,0.032967
5,307,0.153846,0.032967
5,308,0.131868,0.032967
5,309,0.120879,0.032967
5,310,0.131868,0.032967
5,311,0.109890,0.032967
5,312,0.076923,0.032967
5,313,0.065934,0.032967
5,314,0.065934,0.032967
5,315,0.065934,0.032967
5,316,0.065934,0.032967
5,317,0.076923,0.032967
5,318,0.109890,0.032967
5,319,0.098901,0.032967
5,320,0.098901,0.032967
5,321,0.098901,0.032967
5,322,0.109890,0.032967
5,323,0.109890,0.032967
5,324,0.109890,0.032967
5,325,0.087912,0.032967
5,326,0.076923,0.032967
5,327,0.021978,0.021978
5,328,0.032967,0.021978
5,329,0.076923,0.021978
5,330,0.098901,0.021978
5,331,0.109890,0.021978
5,332,0.087912,0.021978
5,333,0.109890,0.021978
5,334,0.120879,0.021978
5,335,0.109890,0.021978
5,336,0.098901,0.021978
5,337,0.098901,0.021978
5,338,0.087912,0.021978
5,339,0.087912,0.021978
5,340,0.087912,0.021978
5,341,0.087912,0.021978
5,342,0.087912,0.021978
5,343,0.043956,0.021978
5,344,0.043956,0.021978
5,345,0.054945,0.021978
5,346,0.054945,0.021978
5,347,0.032967,0.021978
5,348,0.054945,0.021978
5,349,0.043956,0.021978
5,350,0.054945,0.021978
5,351,0.043956,0.021978
5,352,0.065934,0.021978
5,353,0.076923,0.021978
5,354,0.054945,0.021978
5,355,0.054945,0.021978
5,356,0.087912,0.021978
5,357,0.087912,0.021978
5,358,0.087912,0.021978
5,359,0.098901,0.021978
5,360,0.087912,0.021978
5,361,0.131868,0.021978
5,362,0.131868,0.021978
5,363,0.109890,0.021978
5,364,0.131868,0.021978
5,365,0.142857,0.021978
5,366,0.131868,0.021978
5,367,0.087912,0.021978
5,368,0.098901,0.021978
5,369,0.065934,0.021978
5,370,0.054945,0.021978
5,371,0.054945,0.021978
5,372,0.054945,0.021978
5,373,0.054945,0.021978
5,374,0.054945,0.021978
5,375,0.065934,0.021978
5,376,0.109890,0.021978
5,377,0.098901,0.021978
5,378,0.098901,0.021978
5,379,0.098901,0.021978
5,380,0.120879,0.021978
5,381,0.120879,0.021978
5,382,0.153846,0.021978
5,383,0.153846,0.021978
5,384,0.120879,0.021978
5,385,0.109890,0.021978
5,386,0.131868,0.021978
5,387,0.098901,0.021978
5,388,0.098901,0.021978
5,389,0.098901,0.021978
5,390,0.120879,0.021978
5,391,0.142857,0.021978
5,392,0.153846,0.021978
5,393,0.120879,0.021978
5,394,0.131868,0.021978
5,395,0.120879,0.021978
5,396,0.120879,0.021978
5,397,0.109890,0.021978
5,398,0.098901,0.021978
5,399,0.098901,0.021978
5,400,0.087912,0.021978
5,401,0.098901,0.021978
5,402,0.087912,0.021978
5,403,0.098901,0.021978
5,404,0.098901,0.021978
5,405,0.153846,0.021978
5,406,0.098901,0.021978
5,407,0.087912,0.021978
5,408,0.109890,0.021978
5,409,0.098901,0.021978
5,410,0.098901,0.021978
5,411,0.120879,0.021978
5,412,0.120879,0.021978
5,413,0.153846,0.021978
5,414,0.120879,0.021978
5,415,0.109890,0.021978
5,416,0.109890,0.021978
5,417,0.109890,0.021978
5,418,0.087912,0.021978
5,419,0.076923,0.021978
5,420,0.065934,0.021978
5,421,0.076923,0.021978
5,422,0.054945,0.021978
5,423,0.054945,0.021978
5,424,0.054945,0.021978
5,425,0.076923,0.021978
5,426,0.087912,0.021978
5,427,0.076923,0.021978
5,428,0.065934,0.021978
5,429,0.076923,0.021978
5,430,0.065934,0.021978
5,431,0.076923,0.021978
5,432,0.098901,0.021978
5,433,0.120879,0.021978
5,434,0.109890,0.021978
5,435,0.076923,0.021978
5,436,0.098901,0.021978
5,437,0.109890,0.021978
5,438,0.098901,0.021978
5,439,0.076923,0.021978
5,440,0.098901,0.021978
5,441,0.076923,0.021978
5,442,0.109890,0.021978
5,443,0.109890,0.021978
5,444,0.098901,0.021978
5,445,0.109890,0.021978
5,446,0.131868,0.021978
5,447,0.142857,0.021978
5,448,0.142857,0.021978
5,449,0.142857,0.021978
5,450,0.164835,0.021978
5,451,0.142857,0.021978
5,452,0.131868,0.021978
5,453,0.098901,0.021978
5,454,0.087912,0.021978
5,455,0.076923,0.021978
5,456,0.109890,0.021978
5,457,0.131868,0.021978
5,458,0.120879,0.021978
5,459,0.131868,0.021978
5,460,0.131868,0.021978
5,461,0.131868,0.021978
5,462,0.120879,0.021978
5,463,0.142857,0.021978
5,464,0.186813,0.021978
5,465,0.219780,0.021978
5,466,0.230769,0.021978
5,467,0.186813,0.021978
5,468,0.153846,0.021978
5,469,0.131868,0.021978
5,470,0.131868,0.021978
5,471,0.164835,0.021978
5,472,0.120879,0.021978
5,473,0.109890,0.021978
5,474,0.120879,0.021978
5,475,0.109890,0.021978
5,476,0.142857,0.021978
5,477,0.175824,0.021978
5,478,0.142857,0.021978
5,479,0.087912,0.021978
5,480,0.087912,0.021978
5,481,0.098901,0.021978
5,482,0.098901,0.021978
5,483,0.142857,0.021978
5,484,0.142857,0.021978
5,485,0.153846,0.021978
5,486,0.153846,0.021978
5,487,0.120879,0.021978
5,488,0.142857,0.021978
5,489,0.109890,0.021978
5,490,0.142857,0.021978
5,491,0.142857,0.021978
5,492,0.120879,0.021978
5,493,0.142857,0.021978
5,494,0.142857,0.021978
5,495,0.153846,0.021978
5,496,0.175824,0.021978
5,497,0.186813,0.021978
5,498,0.153846,0.021978
5,499,0.153846,0.021978
5,500,0.131868,0.021978
5,501,0.131868,0.021978
5,502,0.120879,0.021978
5,503,0.131868,0.021978
5,504,0.120879,0.021978
5,505,0.120879,0.021978
5,506,0.142857,0.021978
5,507,0.131868,0.021978
5,508,0.120879,0.021978
5,509,0.087912,0.021978
5,510,0.065934,0.021978
5,511,0.065934,0.021978
5,512,0.065934,0.021978
5,513,0.065934,0.021978
5,514,0.065934,0.021978
5,515,0.065934,0.021978
5,516,0.076923,0.021978
5,517,0.087912,0.021978
5,518,0.076923,0.021978
5,519,0.065934,0.021978
5,520,0.065934,0.021978
5,521,0.065934,0.021978
5,522,0.054945,0.021978
5,523,0.065934,0.021978
5,524,0.076923,0.021978
5,525,0.098901,0.021978
5,526,0.153846,0.021978
5,527,0.153846,0.021978
5,528,0.153846,0.021978
5,529,0.186813,0.021978
5,530,0.186813,0.021978
5,531,0.197802,0.021978
5,532,0.230769,0.021978
5,533,0.175824,0.021978
5,534,0.142857,0.021978
5,535,0.142857,0.021978
5,536,0.153846,0.021978
5,537,0.164835,0.021978
5,538,0.153846,0.021978
5,539,0.186813,0.021978
5,540,0.175824,0.021978
5,541,0.219780,0.021978
5,542,0.230769,0.021978
5,543,0.186813,0.021978
5,544,0.164835,0.021978
5,545,0.164835,0.021978
5,546,0.175824,0.021978
5,547,0.175824,0.021978
5,548,0.252747,0.021978
5,549,0.263736,0.021978
5,550,0.175824,0.021978
5,551,0.164835,0.021978
5,552,0.252747,0.021978
5,553,0.208791,0.021978
5,554,0.175824,0.021978
5,555,0.164835,0.021978
5,556,0.186813,0.021978
5,557,0.230769,0.021978
5,558,0.197802,0.021978
5,559,0.186813,0.021978
5,560,0.197802,0.021978
5,561,0.186813,0.021978
5,562,0.153846,0.021978
5,563,0.131868,0.021978
5,564,0.142857,0.021978
5,565,0.120879,0.021978
5,566,0.120879,0.021978
5,567,0.109890,0.021978
5,568,0.131868,0.021978
5,569,0.098901,0.021978
5,570,0.109890,0.021978
5,571,0.098901,0.021978
5,572,0.076923,0.021978
5,573,0.109890,0.021978
5,574,0.131868,0.021978
5,575,0.164835,0.021978
5,576,0.164835,0.021978
5,577,0.164835,0.021978
5,578,0.175824,0.021978
5,579,0.197802,0.021978
5,580,0.219780,0.021978
5,581,0.219780,0.021978
5,582,0.186813,0.021978
5,583,0.164835,0.021978
5,584,0.153846,0.021978
5,585,0.153846,0.021978
5,586,0.153846,0.021978
5,587,0.142857,0.021978
5,588,0.142857,0.021978
5,589,0.164835,0.021978
5,590,0.164835,0.021978
5,591,0.164835,0.021978
5,592,0.186813,0.021978
5,593,0.153846,0.021978
5,594,0.175824,0.021978
5,595,0.186813,0.021978
5,596,0.164835,0.021978
5,597,0.164835,0.021978
5,598,0.186813,0.021978
5,599,0.208791,0.021978
5,600,0.219780,0.021978
5,601,0.186813,0.021978
5,602,0.230769,0.021978
5,603,0.219780,0.021978
5,604,0.164835,0.021978
5,605,0.175824,0.021978
5,606,0.164835,0.021978
5,607,0.164835,0.021978
5,608,0.186813,0.021978
5,609,0.164835,0.021978
5,610,0.098901,0.021978
5,611,0.087912,0.021978
5,612,0.076923,0.021978
5,613,0.087912,0.021978
5,614,0.098901,0.021978
5,615,0.098901,0.021978
5,616,0.109890,0.021978
5,617,0.120879,0.021978
5,618,0.120879,0.021978
5,619,0.120879,0.021978
5,620,0.109890,0.021978
5,621,0.109890,0.021978
5,622,0.120879,0.021978
5,623,0.098901,0.021978
5,624,0.098901,0.021978
5,625,0.120879,0.021978
5,626,0.087912,0.021978
5,627,0.076923,0.021978
5,628,0.076923,0.021978
5,629,0.076923,0.021978
5,630,0.076923,0.021978
5,631,0.098901,0.021978
5,632,0.109890,0.021978
5,633,0.109890,0.021978
5,634,0.109890,0.021978
5,635,0.109890,0.021978
5,636,0.109890,0.021978
5,637,0.109890,0.021978
5,638,0.120879,0.021978
5,639,0.120879,0.021978
5,640,0.120879,0.021978
5,641,0.120879,0.021978
5,642,0.153846,0.021978
5,643,0.142857,0.021978
5,644,0.153846,0.021978
5,645,0.142857,0.021978
5,646,0.142857,0.021978
5,647,0.131868,0.021978
5,648,0.109890,0.021978
5,649,0.153846,0.021978
5,650,0.175824,0.021978
5,651,0.164835,0.021978
5,652,0.131868,0.021978
5,653,0.120879,0.021978
5,654,0.120879,0.021978
5,655,0.131868,0.021978
5,656,0.098901,0.021978
5,657,0.076923,0.021978
5,658,0.065934,0.021978
5,659,0.109890,0.021978
5,660,0.109890,0.021978
5,661,0.109890,0.021978
5,662,0.120879,0.021978
5,663,0.109890,0.021978
5,664,0.142857,0.021978
5,665,0.109890,0.021978
5,666,0.131868,0.021978
5,667,0.109890,0.021978
5,668,0.098901,0.021978
5,669,0.076923,0.021978
5,670,0.087912,0.021978
5,671,0.120879,0.021978
5,672,0.120879,0.021978
5,673,0.120879,0.021978
5,674,0.098901,0.021978
5,675,0.098901,0.021978
5,676,0.087912,0.021978
5,677,0.076923,0.021978
5,678,0.065934,0.021978
5,679,0.076923,0.021978
5,680,0.087912,0.021978
5,681,0.098901,0.021978
5,682,0.120879,0.021978
5,683,0.131868,0.021978
5,684,0.164835,0.021978
5,685,0.164835,0.021978
5,686,0.175824,0.021978
5,687,0.164835,0.021978
5,688,0.186813,0.021978
5,689,0.153846,0.021978
5,690,0.153846,0.021978
5,691,0.175824,0.021978
5,692,0.197802,0.021978
5,693,0.142857,0.021978
5,694,0.142857,0.021978
5,695,0.131868,0.021978
5,696,0.109890,0.021978
5,697,0.109890,0.021978
5,698,0.098901,0.021978
5,699,0.120879,0.021978
5,700,0.054945,0.021978
5,701,0.043956,0.021978
5,702,0.054945,0.021978
5,703,0.054945,0.021978
5,704,0.065934,0.021978
5,705,0.065934,0.021978
5,706,0.076923,0.021978
5,707,0.065934,0.021978
5,708,0.065934,0.021978
5,709,0.065934,0.021978
5,710,0.054945,0.021978
5,711,0.109890,0.021978
5,712,0.142857,0.021978
5,713,0.131868,0.021978
5,714,0.120879,0.021978
5,715,0.109890,0.021978
5,716,0.098901,0.021978
5,717,0.109890,0.021978
5,718,0.109890,0.021978
5,719,0.076923,0.021978
5,720,0.087912,0.021978
5,721,0.054945,0.021978
5,722,0.065934,0.021978
5,723,0.054945,0.021978
5,724,0.065934,0.021978
5,725,0.098901,0.021978
5,726,0.098901,0.021978
5,727,0.098901,0.021978
5,728,0.098901,0.021978
5,729,0.120879,0.021978
5,730,0.131868,0.021978
5,731,0.142857,0.021978
5,732,0.153846,0.021978
5,733,0.142857,0.021978
5,734,0.142857,0.021978
5,735,0.142857,0.021978
5,736,0.142857,0.021978
5,737,0.142857,0.021978
5,738,0.142857,0.021978
5,739,0.120879,0.021978
5,740,0.087912,0.021978
5,741,0.098901,0.021978
5,742,0.098901,0.021978
5,743,0.098901,0.021978
5,744,0.087912,0.021978
5,745,0.087912,0.021978
5,746,0.076923,0.021978
5,747,0.076923,0.021978
5,748,0.109890,0.021978
5,749,0.109890,0.021978
5,750,0.131868,0.021978
5,751,0.153846,0.021978
5,752,0.142857,0.021978
5,753,0.142857,0.021978
5,754,0.109890,0.021978
5,755,0.153846,0.021978
5,756,0.131868,0.021978
5,757,0.186813,0.021978
5,758,0.175824,0.021978
5,759,0.175824,0.021978
5,760,0.142857,0.021978
5,761,0.131868,0.021978
5,762,0.098901,0.021978
5,763,0.054945,0.021978
5,764,0.065934,0.021978
5,765,0.076923,0.021978
5,766,0.076923,0.021978
5,767,0.087912,0.021978
5,768,0.087912,0.021978
5,769,0.087912,0.021978
5,770,0.098901,0.021978
5,771,0.109890,0.021978
5,772,0.164835,0.021978
5,773,0.219780,0.021978
5,774,0.230769,0.021978
5,775,0.186813,0.021978
5,776,0.153846,0.021978
5,777,0.098901,0.021978
5,778,0.153846,0.021978
5,779,0.186813,0.021978
5,780,0.164835,0.021978
5,781,0.153846,0.021978
5,782,0.120879,0.021978
5,783,0.098901,0.021978
5,784,0.109890,0.021978
5,785,0.087912,0.021978
5,786,0.087912,0.021978
5,787,0.076923,0.021978
5,788,0.120879,0.021978
5,789,0.120879,0.021978
5,790,0.142857,0.021978
5,791,0.120879,0.021978
5,792,0.120879,0.021978
5,793,0.153846,0.021978
5,794,0.186813,0.021978
5,795,0.142857,0.021978
5,796,0.120879,0.021978
5,797,0.142857,0.021978
5,798,0.120879,0.021978
5,799,0.153846,0.021978
5,800,0.153846,0.021978
5,801,0.197802,0.021978
5,802,0.186813,0.021978
5,803,0.186813,0.021978
5,804,0.175824,0.021978
5,805,0.175824,0.021978
5,806,0.175824,0.021978
5,807,0.186813,0.021978
5,808,0.208791,0.021978
5,809,0.153846,0.021978
5,810,0.164835,0.021978
5,811,0.153846,0.021978
5,812,0.142857,0.021978
5,813,0.142857,0.021978
5,814,0.109890,0.021978
5,815,0.087912,0.021978
5,816,0.098901,0.021978
5,817,0.120879,0.021978
5,818,0.153846,0.021978
5,819,0.131868,0.021978
5,820,0.142857,0.021978
5,821,0.120879,0.021978
5,822,0.142857,0.021978
5,823,0.142857,0.021978
5,824,0.076923,0.021978
5,825,0.076923,0.021978
5,826,0.065934,0.021978
5,827,0.076923,0.021978
5,828,0.087912,0.021978
5,829,0.087912,0.021978
5,830,0.109890,0.021978
5,831,0.087912,0.021978
5,832,0.098901,0.021978
5,833,0.087912,0.021978
5,834,0.098901,0.021978
5,835,0.087912,0.021978
5,836,0.098901,0.021978
5,837,0.109890,0.021978
5,838,0.153846,0.021978
5,839,0.175824,0.021978
5,840,0.186813,0.021978
5,841,0.197802,0.021978
5,842,0.208791,0.021978
5,843,0.164835,0.021978
5,844,0.153846,0.021978
5,845,0.153846,0.021978
5,846,0.153846,0.021978
5,847,0.153846,0.021978
5,848,0.153846,0.021978
5,849,0.164835,0.021978
5,850,0.175824,0.021978
5,851,0.175824,0.021978
5,852,0.175824,0.021978
5,853,0.208791,0.021978
5,854,0.197802,0.021978
5,855,0.164835,0.021978
5,856,0.142857,0.021978
5,857,0.153846,0.021978
5,858,0.153846,0.021978
5,859,0.153846,0.021978
5,860,0.153846,0.021978
5,861,0.164835,0.021978
5,862,0.131868,0.021978
5,863,0.109890,0.021978
5,864,0.098901,0.021978
5,865,0.131868,0.021978
5,866,0.098901,0.021978
5,867,0.109890,0.021978
5,868,0.131868,0.021978
5,869,0.109890,0.021978
5,870,0.109890,0.021978
5,871,0.098901,0.021978
5,872,0.109890,0.021978
5,873,0.120879,0.021978
5,874,0.153846,0.021978
5,875,0.120879,0.021978
5,876,0.087912,0.021978
5,877,0.098901,0.021978
5,878,0.131868,0.021978
5,879,0.164835,0.021978
5,880,0.142857,0.021978
5,881,0.153846,0.021978
5,882,0.120879,0.021978
5,883,0.131868,0.021978
5,884,0.153846,0.021978
5,885,0.131868,0.021978
5,886,0.109890,0.021978
5,887,0.131868,0.021978
5,888,0.131868,0.021978
5,889,0.120879,0.021978
5,890,0.120879,0.021978
5,891,0.153846,0.021978
5,892,0.131868,0.021978
5,893,0.109890,0.021978
5,894,0.087912,0.021978
5,895,0.109890,0.021978
5,896,0.087912,0.021978
5,897,0.065934,0.021978
5,898,0.054945,0.021978
5,899,0.076923,0.021978
5,900,0.120879,0.021978
5,901,0.087912,0.021978
5,902,0.076923,0.021978
5,903,0.076923,0.021978
5,904,0.109890,0.021978
5,905,0.109890,0.021978
5,906,0.142857,0.021978
5,907,0.153846,0.021978
5,908,0.120879,0.021978
5,909,0.120879,0.021978
5,910,0.131868,0.021978
5,911,0.109890,0.021978
5,912,0.087912,0.021978
5,913,0.109890,0.021978
5,914,0.131868,0.021978
5,915,0.153846,0.021978
5,916,0.164835,0.021978
5,917,0.186813,0.021978
5,918,0.197802,0.021978
5,919,0.164835,0.021978
5,920,0.197802,0.021978
5,921,0.164835,0.021978
5,922,0.120879,0.021978
5,923,0.120879,0.021978
5,924,0.142857,0.021978
5,925,0.142857,0.021978
5,926,0.131868,0.021978
5,927,0.142857,0.021978
5,928,0.142857,0.021978
5,929,0.142857,0.021978
5,930,0.153846,0.021978
5,931,0.120879,0.021978
5,932,0.120879,0.021978
5,933,0.142857,0.021978
5,934,0.120879,0.021978
5,935,0.131868,0.021978
5,936,0.098901,0.021978
5,937,0.131868,0.021978
5,938,0.120879,0.021978
5,939,0.120879,0.021978
5,940,0.131868,0.021978
5,941,0.142857,0.021978
5,942,0.142857,0.021978
5,943,0.131868,0.021978
5,944,0.131868,0.021978
5,945,0.098901,0.021978
5,946,0.120879,0.021978
5,947,0.153846,0.021978
5,948,0.175824,0.021978
5,949,0.142857,0.021978
5,950,0.120879,0.021978
5,951,0.153846,0.021978
5,952,0.131868,0.021978
5,953,0.142857,0.021978
5,954,0.153846,0.021978
5,955,0.131868,0.021978
5,956,0.131868,0.021978
5,957,0.131868,0.021978
5,958,0.131868,0.021978
5,959,0.109890,0.021978
5,960,0.076923,0.021978
5,961,0.098901,0.021978
5,962,0.109890,0.021978
5,963,0.109890,0.021978
5,964,0.164835,0.021978
5,965,0.186813,0.021978
5,966,0.164835,0.021978
5,967,0.164835,0.021978
5,968,0.142857,0.021978
5,969,0.131868,0.021978
5,970,0.131868,0.021978
5,971,0.109890,0.021978
5,972,0.098901,0.021978
5,973,0.120879,0.021978
5,974,0.153846,0.021978
5,975,0.153846,0.021978
5,976,0.164835,0.021978
5,977,0.131868,0.021978
5,978,0.120879,0.021978
5,979,0.120879,0.021978
5,980,0.131868,0.021978
5,981,0.098901,0.021978
5,982,0.087912,0.021978
5,983,0.098901,0.021978
5,984,0.087912,0.021978
5,985,0.076923,0.021978
5,986,0.087912,0.021978
5,987,0.098901,0.021978
5,988,0.098901,0.021978
5,989,0.087912,0.021978
5,990,0.087912,0.021978
5,991,0.098901,0.021978
5,992,0.098901,0.021978
5,993,0.087912,0.021978
5,994,0.109890,0.021978
5,995,0.087912,0.021978
5,996,0.120879,0.021978
5,997,0.120879,0.021978
5,998,0.131868,0.021978
5,999,0.142857,0.021978
5,1000,0.131868,0.021978
5,1001,0.131868,0.021978
5,1002,0.120879,0.021978
5,1003,0.131868,0.021978
5,1004,0.076923,0.021978
5,1005,0.076923,0.021978
5,1006,0.065934,0.021978
5,1007,0.087912,0.021978
5,1008,0.087912,0.021978
5,1009,0.076923,0.021978
5,1010,0.098901,0.021978
5,1011,0.065934,0.021978
5,1012,0.076923,0.021978
5,1013,0.054945,0.021978
5,1014,0.043956,0.021978
5,1015,0.043956,0.021978
5,1016,0.054945,0.021978
5,1017,0.076923,0.021978
5,1018,0.087912,0.021978
5,1019,0.065934,0.021978
5,1020,0.043956,0.021978
5,1021,0.054945,0.021978
5,1022,0.087912,0.021978
5,1023,0.109890,0.021978
5,1024,0.065934,0.021978
5,1025,0.065934,0.021978
5,1026,0.109890,0.021978
5,1027,0.131868,0.021978
5,1028,0.109890,0.021978
5,1029,0.120879,0.021978
5,1030,0.120879,0.021978
5,1031,0.120879,0.021978
5,1032,0.131868,0.021978
5,1033,0.109890,0.021978
5,1034,0.087912,0.021978
5,1035,0.054945,0.021978
5,1036,0.054945,0.021978
5,1037,0.098901,0.021978
5,1038,0.098901,0.021978
5,1039,0.087912,0.021978
5,1040,0.120879,0.021978
5,1041,0.109890,0.021978
5,1042,0.142857,0.021978
5,1043,0.109890,0.021978
5,1044,0.087912,0.021978
5,1045,0.098901,0.021978
5,1046,0.120879,0.021978
5,1047,0.131868,0.021978
5,1048,0.164835,0.021978
5,1049,0.175824,0.021978
5,1050,0.208791,0.021978
5,1051,0.175824,0.021978
5,1052,0.208791,0.021978
5,1053,0.208791,0.021978
5,1054,0.131868,0.021978
5,1055,0.142857,0.021978
5,1056,0.120879,0.021978
5,1057,0.120879,0.021978
5,1058,0.120879,0.021978
5,1059,0.109890,0.021978
5,1060,0.076923,0.021978
5,1061,0.076923,0.021978
5,1062,0.098901,0.021978
5,1063,0.120879,0.021978
5,1064,0.131868,0.021978
5,1065,0.164835,0.021978
5,1066,0.175824,0.021978
5,1067,0.175824,0.021978
5,1068,0.164835,0.021978
5,1069,0.164835,0.021978
5,1070,0.131868,0.021978
5,1071,0.131868,0.021978
5,1072,0.109890,0.021978
5,1073,0.131868,0.021978
5,1074,0.120879,0.021978
5,1075,0.098901,0.021978
5,1076,0.098901,0.021978
5,1077,0.098901,0.021978
5,1078,0.098901,0.021978
5,1079,0.120879,0.021978
5,1080,0.065934,0.021978
5,1081,0.098901,0.021978
5,1082,0.120879,0.021978
5,1083,0.087912,0.021978
5,1084,0.098901,0.021978
5,1085,0.087912,0.021978
5,1086,0.087912,0.021978
5,1087,0.153846,0.021978
5,1088,0.120879,0.021978
5,1089,0.109890,0.021978
5,1090,0.109890,0.021978
5,1091,0.109890,0.021978
5,1092,0.131868,0.021978
5,1093,0.120879,0.021978
5,1094,0.087912,0.021978
5,1095,0.065934,0.021978
5,1096,0.109890,0.021978
5,1097,0.098901,0.021978
5,1098,0.120879,0.021978
5,1099,0.098901,0.021978
5,1100,0.109890,0.021978
5,1101,0.098901,0.021978
5,1102,0.142857,0.021978
5,1103,0.153846,0.021978
5,1104,0.098901,0.021978
5,1105,0.065934,0.021978
5,1106,0.120879,0.021978
5,1107,0.131868,0.021978
5,1108,0.098901,0.021978
5,1109,0.087912,0.021978
5,1110,0.098901,0.021978
5,1111,0.164835,0.021978
5,1112,0.164835,0.021978
5,1113,0.120879,0.021978
5,1114,0.120879,0.021978
5,1115,0.120879,0.021978
5,1116,0.120879,0.021978
5,1117,0.054945,0.021978
5,1118,0.054945,0.021978
5,1119,0.098901,0.021978
5,1120,0.109890,0.021978
5,1121,0.087912,0.021978
5,1122,0.109890,0.021978
5,1123,0.142857,0.021978
5,1124,0.109890,0.021978
5,1125,0.109890,0.021978
5,1126,0.120879,0.021978
5,1127,0.164835,0.021978
5,1128,0.153846,0.021978
5,1129,0.120879,0.021978
5,1130,0.098901,0.021978
5,1131,0.087912,0.021978
5,1132,0.098901,0.021978
5,1133,0.109890,0.021978
5,1134,0.076923,0.021978
5,1135,0.109890,0.021978
5,1136,0.098901,0.021978
5,1137,0.098901,0.021978
5,1138,0.098901,0.021978
5,1139,0.087912,0.021978
5,1140,0.087912,0.021978
5,1141,0.087912,0.021978
5,1142,0.065934,0.021978
5,1143,0.098901,0.021978
5,1144,0.087912,0.021978
5,1145,0.098901,0.021978
5,1146,0.065934,0.021978
5,1147,0.076923,0.021978
5,1148,0.098901,0.021978
5,1149,0.098901,0.021978
5,1150,0.120879,0.021978
5,1151,0.131868,0.021978
5,1152,0.131868,0.021978
5,1153,0.120879,0.021978
5,1154,0.142857,0.021978
5,1155,0.153846,0.021978
5,1156,0.142857,0.021978
5,1157,0.153846,0.021978
5,1158,0.164835,0.021978
5,1159,0.175824,0.021978
5,1160,0.153846,0.021978
5,1161,0.120879,0.021978
5,1162,0.131868,0.021978
5,1163,0.087912,0.021978
5,1164,0.065934,0.021978
5,1165,0.054945,0.021978
5,1166,0.087912,0.021978
5,1167,0.076923,0.021978
5,1168,0.098901,0.021978
5,1169,0.076923,0.021978
5,1170,0.098901,0.021978
5,1171,0.076923,0.021978
5,1172,0.076923,0.021978
5,1173,0.065934,0.021978
5,1174,0.076923,0.021978
5,1175,0.087912,0.021978
5,1176,0.098901,0.021978
5,1177,0.087912,0.021978
5,1178,0.076923,0.021978
5,1179,0.054945,0.021978
5,1180,0.065934,0.021978
5,1181,0.076923,0.021978
5,1182,0.109890,0.021978
5,1183,0.109890,0.021978
5,1184,0.109890,0.021978
5,1185,0.120879,0.021978
5,1186,0.098901,0.021978
5,1187,0.087912,0.021978
5,1188,0.087912,0.021978
5,1189,0.087912,0.021978
5,1190,0.087912,0.021978
5,1191,0.087912,0.021978
5,1192,0.109890,0.021978
5,1193,0.109890,0.021978
5,1194,0.087912,0.021978
5,1195,0.065934,0.021978
5,1196,0.109890,0.021978
5,1197,0.131868,0.021978
5,1198,0.186813,0.021978
5,1199,0.197802,0.021978
5,1200,0.164835,0.021978
5,1201,0.164835,0.021978
5,1202,0.142857,0.021978
5,1203,0.120879,0.021978
5,1204,0.164835,0.021978
5,1205,0.153846,0.021978
5,1206,0.109890,0.021978
5,1207,0.153846,0.021978
5,1208,0.131868,0.021978
5,1209,0.142857,0.021978
5,1210,0.120879,0.021978
5,1211,0.109890,0.021978
5,1212,0.120879,0.021978
5,1213,0.087912,0.021978
5,1214,0.098901,0.021978
5,1215,0.087912,0.021978
5,1216,0.098901,0.021978
5,1217,0.109890,0.021978
5,1218,0.109890,0.021978
5,1219,0.087912,0.021978
5,1220,0.131868,0.021978
5,1221,0.142857,0.021978
5,1222,0.153846,0.021978
5,1223,0.120879,0.021978
5,1224,0.098901,0.021978
5,1225,0.109890,0.021978
5,1226,0.098901,0.021978
5,1227,0.076923,0.021978
5,1228,0.076923,0.021978
5,1229,0.065934,0.021978
5,1230,0.076923,0.021978
5,1231,0.087912,0.021978
5,1232,0.076923,0.021978
5,1233,0.087912,0.021978
5,1234,0.087912,0.021978
5,1235,0.098901,0.021978
5,1236,0.131868,0.021978
5,1237,0.131868,0.021978
5,1238,0.131868,0.021978
5,1239,0.098901,0.021978
5,1240,0.098901,0.021978
5,1241,0.131868,0.021978
5,1242,0.120879,0.021978
5,1243,0.120879,0.021978
5,1244,0.120879,0.021978
5,1245,0.120879,0.021978
5,1246,0.142857,0.021978
5,1247,0.197802,0.021978
5,1248,0.164835,0.021978
5,1249,0.175824,0.021978
5,1250,0.197802,0.021978
5,1251,0.186813,0.021978
5,1252,0.164835,0.021978
5,1253,0.142857,0.021978
5,1254,0.164835,0.021978
5,1255,0.142857,0.021978
5,1256,0.153846,0.021978
5,1257,0.164835,0.021978
5,1258,0.153846,0.021978
5,1259,0.131868,0.021978
5,1260,0.142857,0.021978
5,1261,0.120879,0.021978
5,1262,0.120879,0.021978
5,1263,0.087912,0.021978
5,1264,0.098901,0.021978
5,1265,0.098901,0.021978
5,1266,0.098901,0.021978
5,1267,0.054945,0.021978
5,1268,0.065934,0.021978
5,1269,0.120879,0.021978
5,1270,0.098901,0.021978
5,1271,0.087912,0.021978
5,1272,0.109890,0.021978
5,1273,0.142857,0.021978
5,1274,0.131868,0.021978
5,1275,0.098901,0.021978
5,1276,0.109890,0.021978
5,1277,0.087912,0.021978
5,1278,0.120879,0.021978
5,1279,0.153846,0.021978
5,1280,0.120879,0.021978
5,1281,0.131868,0.021978
5,1282,0.109890,0.021978
5,1283,0.098901,0.021978
5,1284,0.087912,0.021978
5,1285,0.120879,0.021978
5,1286,0.120879,0.021978
5,1287,0.109890,0.021978
5,1288,0.098901,0.021978
5,1289,0.098901,0.021978
5,1290,0.131868,0.021978
5,1291,0.153846,0.021978
5,1292,0.153846,0.021978
5,1293,0.153846,0.021978
5,1294,0.153846,0.021978
5,1295,0.153846,0.021978
5,1296,0.142857,0.021978
5,1297,0.120879,0.021978
5,1298,0.098901,0.021978
5,1299,0.087912,0.021978
5,1300,0.065934,0.021978
5,1301,0.076923,0.021978
5,1302,0.098901,0.021978
5,1303,0.087912,0.021978
5,1304,0.065934,0.021978
5,1305,0.098901,0.021978
5,1306,0.087912,0.021978
5,1307,0.076923,0.021978
5,1308,0.098901,0.021978
5,1309,0.109890,0.021978
5,1310,0.120879,0.021978
5,1311,0.109890,0.021978
5,1312,0.098901,0.021978
5,1313,0.087912,0.021978
5,1314,0.087912,0.021978
5,1315,0.087912,0.021978
5,1316,0.076923,0.021978
5,1317,0.076923,0.021978
5,1318,0.098901,0.021978
5,1319,0.098901,0.021978
5,1320,0.087912,0.021978
5,1321,0.120879,0.021978
5,1322,0.109890,0.021978
5,1323,0.120879,0.021978
5,1324,0.109890,0.021978
5,1325,0.098901,0.021978
5,1326,0.098901,0.021978
5,1327,0.120879,0.021978
5,1328,0.120879,0.021978
5,1329,0.098901,0.021978
5,1330,0.098901,0.021978
5,1331,0.109890,0.021978
5,1332,0.120879,0.021978
5,1333,0.120879,0.021978
5,1334,0.109890,0.021978
5,1335,0.087912,0.021978
5,1336,0.098901,0.021978
5,1337,0.098901,0.021978
5,1338,0.109890,0.021978
5,1339,0.131868,0.021978
5,1340,0.142857,0.021978
5,1341,0.131868,0.021978
5,1342,0.120879,0.021978
5,1343,0.109890,0.021978
5,1344,0.131868,0.021978
5,1345,0.142857,0.021978
5,1346,0.142857,0.021978
5,1347,0.153846,0.021978
5,1348,0.131868,0.021978
5,1349,0.109890,0.021978
5,1350,0.120879,0.021978
5,1351,0.109890,0.021978
5,1352,0.109890,0.021978
5,1353,0.131868,0.021978
5,1354,0.131868,0.021978
5,1355,0.131868,0.021978
5,1356,0.109890,0.021978
5,1357,0.076923,0.021978
5,1358,0.076923,0.021978
5,1359,0.109890,0.021978
5,1360,0.109890,0.021978
5,1361,0.087912,0.021978
5,1362,0.087912,0.021978
5,1363,0.087912,0.021978
5,1364,0.120879,0.021978
5,1365,0.120879,0.021978
5,1366,0.120879,0.021978
5,1367,0.142857,0.021978
5,1368,0.120879,0.021978
5,1369,0.142857,0.021978
5,1370,0.153846,0.021978
5,1371,0.186813,0.021978
5,1372,0.175824,0.021978
5,1373,0.197802,0.021978
5,1374,0.153846,0.021978
5,1375,0.142857,0.021978
5,1376,0.120879,0.021978
5,1377,0.153846,0.021978
5,1378,0.186813,0.021978
5,1379,0.186813,0.021978
5,1380,0.153846,0.021978
5,1381,0.164835,0.021978
5,1382,0.142857,0.021978
5,1383,0.109890,0.021978
5,1384,0.098901,0.021978
5,1385,0.076923,0.021978
5,1386,0.065934,0.021978
5,1387,0.076923,0.021978
5,1388,0.109890,0.021978
5,1389,0.098901,0.021978
5,1390,0.098901,0.021978
5,1391,0.087912,0.021978
5,1392,0.109890,0.021978
5,1393,0.098901,0.021978
5,1394,0.076923,0.021978
5,1395,0.098901,0.021978
5,1396,0.120879,0.021978
5,1397,0.142857,0.021978
5,1398,0.153846,0.021978
5,1399,0.164835,0.021978
5,1400,0.153846,0.021978
5,1401,0.164835,0.021978
5,1402,0.197802,0.021978
5,1403,0.164835,0.021978
5,1404,0.131868,0.021978
5,1405,0.131868,0.021978
5,1406,0.120879,0.021978
5,1407,0.120879,0.021978
5,1408,0.087912,0.021978
5,1409,0.065934,0.021978
5,1410,0.076923,0.021978
5,1411,0.098901,0.021978
5,1412,0.076923,0.021978
5,1413,0.120879,0.021978
5,1414,0.153846,0.021978
5,1415,0.142857,0.021978
5,1416,0.142857,0.021978
5,1417,0.120879,0.021978
5,1418,0.109890,0.021978
5,1419,0.131868,0.021978
5,1420,0.142857,0.021978
5,1421,0.153846,0.021978
5,1422,0.120879,0.021978
5,1423,0.120879,0.021978
5,1424,0.087912,0.021978
5,1425,0.087912,0.021978
5,1426,0.087912,0.021978
5,1427,0.098901,0.021978
5,1428,0.098901,0.021978
5,1429,0.087912,0.021978
5,1430,0.076923,0.021978
5,1431,0.109890,0.021978
5,1432,0.109890,0.021978
5,1433,0.120879,0.021978
5,1434,0.131868,0.021978
5,1435,0.087912,0.021978
5,1436,0.109890,0.021978
5,1437,0.098901,0.021978
5,1438,0.131868,0.021978
5,1439,0.142857,0.021978
5,1440,0.131868,0.021978
5,1441,0.175824,0.021978
5,1442,0.197802,0.021978
5,1443,0.197802,0.021978
5,1444,0.142857,0.021978
5,1445,0.109890,0.021978
5,1446,0.120879,0.021978
5,1447,0.076923,0.021978
5,1448,0.087912,0.021978
5,1449,0.076923,0.021978
5,1450,0.109890,0.021978
5,1451,0.098901,0.021978
5,1452,0.098901,0.021978
5,1453,0.109890,0.021978
5,1454,0.120879,0.021978
5,1455,0.142857,0.021978
5,1456,0.142857,0.021978
5,1457,0.131868,0.021978
5,1458,0.142857,0.021978
5,1459,0.120879,0.021978
5,1460,0.109890,0.021978
5,1461,0.109890,0.021978
5,1462,0.109890,0.021978
5,1463,0.131868,0.021978
5,1464,0.098901,0.021978
5,1465,0.054945,0.021978
5,1466,0.065934,0.021978
5,1467,0.054945,0.021978
5,1468,0.065934,0.021978
5,1469,0.043956,0.021978
5,1470,0.054945,0.021978
5,1471,0.065934,0.021978
5,1472,0.076923,0.021978
5,1473,0.076923,0.021978
5,1474,0.076923,0.021978
5,1475,0.076923,0.021978
5,1476,0.098901,0.021978
5,1477,0.065934,0.021978
5,1478,0.065934,0.021978
5,1479,0.065934,0.021978
5,1480,0.087912,0.021978
5,1481,0.076923,0.021978
5,1482,0.087912,0.021978
5,1483,0.076923,0.021978
5,1484,0.054945,0.021978
5,1485,0.076923,0.021978
5,1486,0.054945,0.021978
5,1487,0.054945,0.021978
5,1488,0.054945,0.021978
5,1489,0.032967,0.021978
5,1490,0.076923,0.021978
5,1491,0.087912,0.021978
5,1492,0.087912,0.021978
5,1493,0.131868,0.021978
5,1494,0.142857,0.021978
5,1495,0.164835,0.021978
5,1496,0.142857,0.021978
5,1497,0.142857,0.021978
5,1498,0.153846,0.021978
5,1499,0.153846,0.021978
5,1500,0.153846,0.021978
5,1501,0.153846,0.021978
5,1502,0.131868,0.021978
5,1503,0.109890,0.021978
5,1504,0.098901,0.021978
5,1505,0.087912,0.021978
5,1506,0.098901,0.021978
5,1507,0.120879,0.021978
5,1508,0.120879,0.021978
5,1509,0.142857,0.021978
5,1510,0.120879,0.021978
5,1511,0.120879,0.021978
5,1512,0.153846,0.021978
5,1513,0.153846,0.021978
5,1514,0.109890,0.021978
5,1515,0.109890,0.021978
5,1516,0.153846,0.021978
5,1517,0.153846,0.021978
5,1518,0.142857,0.021978
5,1519,0.142857,0.021978
5,1520,0.164835,0.021978
5,1521,0.164835,0.021978
5,1522,0.153846,0.021978
5,1523,0.131868,0.021978
5,1524,0.120879,0.021978
5,1525,0.120879,0.021978
5,1526,0.087912,0.021978
5,1527,0.098901,0.021978
5,1528,0.142857,0.021978
5,1529,0.164835,0.021978
5,1530,0.164835,0.021978
5,1531,0.098901,0.021978
5,1532,0.120879,0.021978
5,1533,0.109890,0.021978
5,1534,0.087912,0.021978
5,1535,0.087912,0.021978
5,1536,0.098901,0.021978
5,1537,0.142857,0.021978
5,1538,0.153846,0.021978
5,1539,0.109890,0.021978
5,1540,0.098901,0.021978
5,1541,0.109890,0.021978
5,1542,0.142857,0.021978
5,1543,0.120879,0.021978
5,1544,0.142857,0.021978
5,1545,0.142857,0.021978
5,1546,0.197802,0.021978
5,1547,0.186813,0.021978
5,1548,0.208791,0.021978
5,1549,0.186813,0.021978
5,1550,0.186813,0.021978
5,1551,0.197802,0.021978
5,1552,0.208791,0.021978
5,1553,0.186813,0.021978
5,1554,0.186813,0.021978
5,1555,0.175824,0.021978
5,1556,0.197802,0.021978
5,1557,0.230769,0.021978
5,1558,0.197802,0.021978
5,1559,0.175824,0.021978
5,1560,0.142857,0.021978
5,1561,0.164835,0.021978
5,1562,0.153846,0.021978
5,1563,0.164835,0.021978
5,1564,0.120879,0.021978
5,1565,0.109890,0.021978
5,1566,0.109890,0.021978
5,1567,0.098901,0.021978
5,1568,0.098901,0.021978
5,1569,0.109890,0.021978
5,1570,0.153846,0.021978
5,1571,0.197802,0.021978
5,1572,0.175824,0.021978
5,1573,0.153846,0.021978
5,1574,0.109890,0.021978
5,1575,0.109890,0.021978
5,1576,0.076923,0.021978
5,1577,0.054945,0.021978
5,1578,0.087912,0.021978
5,1579,0.087912,0.021978
5,1580,0.076923,0.021978
5,1581,0.087912,0.021978
5,1582,0.065934,0.021978
5,1583,0.076923,0.021978
5,1584,0.076923,0.021978
5,1585,0.076923,0.021978
5,1586,0.087912,0.021978
5,1587,0.065934,0.021978
5,1588,0.065934,0.021978
5,1589,0.065934,0.021978
5,1590,0.065934,0.021978
5,1591,0.065934,0.021978
5,1592,0.065934,0.021978
5,1593,0.065934,0.021978
5,1594,0.065934,0.021978
5,1595,0.065934,0.021978
5,1596,0.065934,0.021978
5,1597,0.076923,0.021978
5,1598,0.076923,0.021978
5,1599,0.087912,0.021978
5,1600,0.076923,0.021978
5,1601,0.043956,0.021978
5,1602,0.054945,0.021978
5,1603,0.076923,0.021978
5,1604,0.076923,0.021978
5,1605,0.054945,0.021978
5,1606,0.054945,0.021978
5,1607,0.065934,0.021978
5,1608,0.065934,0.021978
5,1609,0.065934,0.021978
5,1610,0.065934,0.021978
5,1611,0.065934,0.021978
5,1612,0.065934,0.021978
5,1613,0.076923,0.021978
5,1614,0.054945,0.021978
5,1615,0.043956,0.021978
5,1616,0.032967,0.021978
5,1617,0.043956,0.021978
5,1618,0.054945,0.021978
5,1619,0.043956,0.021978
5,1620,0.065934,0.021978
5,1621,0.076923,0.021978
5,1622,0.076923,0.021978
5,1623,0.065934,0.021978
5,1624,0.065934,0.021978
5,1625,0.076923,0.021978
5,1626,0.120879,0.021978
5,1627,0.120879,0.021978
5,1628,0.087912,0.021978
5,1629,0.065934,0.021978
5,1630,0.087912,0.021978
5,1631,0.098901,0.021978
5,1632,0.076923,0.021978
5,1633,0.076923,0.021978
5,1634,0.076923,0.021978
5,1635,0.065934,0.021978
5,1636,0.054945,0.021978
5,1637,0.065934,0.021978
5,1638,0.065934,0.021978
5,1639,0.054945,0.021978
5,1640,0.032967,0.021978
5,1641,0.043956,0.021978
5,1642,0.054945,0.021978
5,1643,0.076923,0.021978
5,1644,0.109890,0.021978
5,1645,0.120879,0.021978
5,1646,0.131868,0.021978
5,1647,0.109890,0.021978
5,1648,0.087912,0.021978
5,1649,0.109890,0.021978
5,1650,0.120879,0.021978
5,1651,0.109890,0.021978
5,1652,0.131868,0.021978
5,1653,0.153846,0.021978
5,1654,0.153846,0.021978
5,1655,0.120879,0.021978
5,1656,0.142857,0.021978
5,1657,0.153846,0.021978
5,1658,0.153846,0.021978
5,1659,0.131868,0.021978
5,1660,0.142857,0.021978
5,1661,0.131868,0.021978
5,1662,0.109890,0.021978
5,1663,0.131868,0.021978
5,1664,0.131868,0.021978
5,1665,0.142857,0.021978
5,1666,0.120879,0.021978
5,1667,0.109890,0.021978
5,1668,0.098901,0.021978
5,1669,0.131868,0.021978
5,1670,0.120879,0.021978
5,1671,0.120879,0.021978
5,1672,0.120879,0.021978
5,1673,0.109890,0.021978
5,1674,0.131868,0.021978
5,1675,0.131868,0.021978
5,1676,0.131868,0.021978
5,1677,0.098901,0.021978
5,1678,0.054945,0.021978
5,1679,0.076923,0.021978
5,1680,0.054945,0.021978
5,1681,0.076923,0.021978
5,1682,0.054945,0.021978
5,1683,0.065934,0.021978
5,1684,0.043956,0.021978
5,1685,0.054945,0.021978
5,1686,0.065934,0.021978
5,1687,0.087912,0.021978
5,1688,0.065934,0.021978
5,1689,0.109890,0.021978
5,1690,0.087912,0.021978
5,1691,0.076923,0.021978
5,1692,0.120879,0.021978
5,1693,0.153846,0.021978
5,1694,0.142857,0.021978
5,1695,0.120879,0.021978
5,1696,0.120879,0.021978
5,1697,0.131868,0.021978
5,1698,0.109890,0.021978
5,1699,0.109890,0.021978
5,1700,0.076923,0.021978
5,1701,0.087912,0.021978
5,1702,0.076923,0.021978
5,1703,0.131868,0.021978
5,1704,0.131868,0.021978
5,1705,0.109890,0.021978
5,1706,0.142857,0.021978
5,1707,0.142857,0.021978
5,1708,0.142857,0.021978
5,1709,0.131868,0.021978
5,1710,0.120879,0.021978
5,1711,0.076923,0.021978
5,1712,0.120879,0.021978
5,1713,0.153846,0.021978
5,1714,0.109890,0.021978
5,1715,0.131868,0.021978
5,1716,0.153846,0.021978
5,1717,0.186813,0.021978
5,1718,0.153846,0.021978
5,1719,0.153846,0.021978
5,1720,0.120879,0.021978
5,1721,0.120879,0.021978
5,1722,0.142857,0.021978
5,1723,0.164835,0.021978
5,1724,0.175824,0.021978
5,1725,0.175824,0.021978
5,1726,0.131868,0.021978
5,1727,0.109890,0.021978
5,1728,0.087912,0.021978
5,1729,0.098901,0.021978
5,1730,0.098901,0.021978
5,1731,0.087912,0.021978
5,1732,0.076923,0.021978
5,1733,0.076923,0.021978
5,1734,0.076923,0.021978
5,1735,0.087912,0.021978
5,1736,0.076923,0.021978
5,1737,0.098901,0.021978
5,1738,0.109890,0.021978
5,1739,0.109890,0.021978
5,1740,0.120879,0.021978
5,1741,0.120879,0.021978
5,1742,0.109890,0.021978
5,1743,0.109890,0.021978
5,1744,0.098901,0.021978
5,1745,0.087912,0.021978
5,1746,0.098901,0.021978
5,1747,0.109890,0.021978
5,1748,0.109890,0.021978
5,1749,0.098901,0.021978
5,1750,0.120879,0.021978
5,1751,0.120879,0.021978
5,1752,0.120879,0.021978
5,1753,0.131868,0.021978
5,1754,0.142857,0.021978
5,1755,0.142857,0.021978
5,1756,0.131868,0.021978
5,1757,0.131868,0.021978
5,1758,0.142857,0.021978
5,1759,0.142857,0.021978
5,1760,0.142857,0.021978
5,1761,0.131868,0.021978
5,1762,0.131868,0.021978
5,1763,0.120879,0.021978
5,1764,0.131868,0.021978
5,1765,0.109890,0.021978
5,1766,0.087912,0.021978
5,1767,0.109890,0.021978
5,1768,0.109890,0.021978
5,1769,0.109890,0.021978
5,1770,0.142857,0.021978
5,1771,0.164835,0.021978
5,1772,0.175824,0.021978
5,1773,0.164835,0.021978
5,1774,0.175824,0.021978
5,1775,0.208791,0.021978
5,1776,0.197802,0.021978
5,1777,0.175824,0.021978
5,1778,0.186813,0.021978
5,1779,0.186813,0.021978
5,1780,0.186813,0.021978
5,1781,0.186813,0.021978
5,1782,0.186813,0.021978
5,1783,0.164835,0.021978
5,1784,0.164835,0.021978
5,1785,0.131868,0.021978
5,1786,0.131868,0.021978
5,1787,0.153846,0.021978
5,1788,0.153846,0.021978
5,1789,0.120879,0.021978
5,1790,0.098901,0.021978
5,1791,0.076923,0.021978
5,1792,0.076923,0.021978
5,1793,0.076923,0.021978
5,1794,0.065934,0.021978
5,1795,0.109890,0.021978
5,1796,0.131868,0.021978
5,1797,0.153846,0.021978
5,1798,0.164835,0.021978
5,1799,0.164835,0.021978
5,1800,0.164835,0.021978
5,1801,0.164835,0.021978
5,1802,0.164835,0.021978
5,1803,0.131868,0.021978
5,1804,0.109890,0.021978
5,1805,0.098901,0.021978
5,1806,0.131868,0.021978
5,1807,0.131868,0.021978
5,1808,0.142857,0.021978
5,1809,0.131868,0.021978
5,1810,0.164835,0.021978
5,1811,0.131868,0.021978
5,1812,0.098901,0.021978
5,1813,0.109890,0.021978
5,1814,0.098901,0.021978
5,1815,0.109890,0.021978
5,1816,0.142857,0.021978
5,1817,0.131868,0.021978
5,1818,0.065934,0.021978
5,1819,0.109890,0.021978
5,1820,0.109890,0.021978
5,1821,0.109890,0.021978
5,1822,0.120879,0.021978
5,1823,0.109890,0.021978
5,1824,0.120879,0.021978
5,1825,0.142857,0.021978
5,1826,0.175824,0.021978
5,1827,0.153846,0.021978
5,1828,0.153846,0.021978
5,1829,0.175824,0.021978
5,1830,0.164835,0.021978
5,1831,0.131868,0.021978
5,1832,0.120879,0.021978
5,1833,0.131868,0.021978
5,1834,0.153846,0.021978
5,1835,0.208791,0.021978
5,1836,0.197802,0.021978
5,1837,0.219780,0.021978
5,1838,0.241758,0.021978
5,1839,0.241758,0.021978
5,1840,0.208791,0.021978
5,1841,0.175824,0.021978
5,1842,0.142857,0.021978
5,1843,0.109890,0.021978
5,1844,0.109890,0.021978
5,1845,0.109890,0.021978
5,1846,0.109890,0.021978
5,1847,0.098901,0.021978
5,1848,0.109890,0.021978
5,1849,0.109890,0.021978
5,1850,0.109890,0.021978
5,1851,0.109890,0.021978
5,1852,0.109890,0.021978
5,1853,0.109890,0.021978
5,1854,0.087912,0.021978
5,1855,0.087912,0.021978
5,1856,0.087912,0.021978
5,1857,0.076923,0.021978
5,1858,0.076923,0.021978
5,1859,0.076923,0.021978
5,1860,0.065934,0.021978
5,1861,0.076923,0.021978
5,1862,0.087912,0.021978
5,1863,0.076923,0.021978
5,1864,0.076923,0.021978
5,1865,0.076923,0.021978
5,1866,0.087912,0.021978
5,1867,0.076923,0.021978
5,1868,0.065934,0.021978
5,1869,0.054945,0.021978
5,1870,0.054945,0.021978
5,1871,0.054945,0.021978
5,1872,0.076923,0.021978
5,1873,0.087912,0.021978
5,1874,0.120879,0.021978
5,1875,0.120879,0.021978
5,1876,0.120879,0.021978
5,1877,0.120879,0.021978
5,1878,0.131868,0.021978
5,1879,0.142857,0.021978
5,1880,0.142857,0.021978
5,1881,0.153846,0.021978
5,1882,0.120879,0.021978
5,1883,0.109890,0.021978
5,1884,0.120879,0.021978
5,1885,0.120879,0.021978
5,1886,0.120879,0.021978
5,1887,0.109890,0.021978
5,1888,0.164835,0.021978
5,1889,0.164835,0.021978
5,1890,0.164835,0.021978
5,1891,0.197802,0.021978
5,1892,0.186813,0.021978
5,1893,0.164835,0.021978
5,1894,0.197802,0.021978
5,1895,0.131868,0.021978
5,1896,0.098901,0.021978
5,1897,0.098901,0.021978
5,1898,0.098901,0.021978
5,1899,0.131868,0.021978
5,1900,0.098901,0.021978
5,1901,0.087912,0.021978
5,1902,0.065934,0.021978
5,1903,0.054945,0.021978
5,1904,0.032967,0.021978
5,1905,0.043956,0.021978
5,1906,0.054945,0.021978
5,1907,0.076923,0.021978
5,1908,0.065934,0.021978
5,1909,0.098901,0.021978
5,1910,0.087912,0.021978
5,1911,0.087912,0.021978
5,1912,0.098901,0.021978
5,1913,0.109890,0.021978
5,1914,0.098901,0.021978
5,1915,0.098901,0.021978
5,1916,0.087912,0.021978
5,1917,0.098901,0.021978
5,1918,0.098901,0.021978
5,1919,0.098901,0.021978
5,1920,0.076923,0.021978
5,1921,0.087912,0.021978
5,1922,0.076923,0.021978
5,1923,0.109890,0.021978
5,1924,0.098901,0.021978
5,1925,0.098901,0.021978
5,1926,0.109890,0.021978
5,1927,0.098901,0.021978
5,1928,0.076923,0.021978
5,1929,0.065934,0.021978
5,1930,0.054945,0.021978
5,1931,0.054945,0.021978
5,1932,0.076923,0.021978
5,1933,0.043956,0.021978
5,1934,0.087912,0.021978
5,1935,0.087912,0.021978
5,1936,0.076923,0.021978
5,1937,0.087912,0.021978
5,1938,0.098901,0.021978
5,1939,0.098901,0.021978
5,1940,0.087912,0.021978
5,1941,0.065934,0.021978
5,1942,0.076923,0.021978
5,1943,0.065934,0.021978
5,1944,0.076923,0.021978
5,1945,0.076923,0.021978
5,1946,0.076923,0.021978
5,1947,0.087912,0.021978
5,1948,0.098901,0.021978
5,1949,0.087912,0.021978
5,1950,0.087912,0.021978
5,1951,0.087912,0.021978
5,1952,0.098901,0.021978
5,1953,0.109890,0.021978
5,1954,0.109890,0.021978
5,1955,0.131868,0.021978
5,1956,0.131868,0.021978
5,1957,0.120879,0.021978
5,1958,0.109890,0.021978
5,1959,0.065934,0.021978
5,1960,0.076923,0.021978
5,1961,0.087912,0.021978
5,1962,0.098901,0.021978
5,1963,0.098901,0.021978
5,1964,0.142857,0.021978
5,1965,0.142857,0.021978
5,1966,0.131868,0.021978
5,1967,0.131868,0.021978
5,1968,0.120879,0.021978
5,1969,0.098901,0.021978
5,1970,0.109890,0.021978
5,1971,0.109890,0.021978
5,1972,0.109890,0.021978
5,1973,0.131868,0.021978
5,1974,0.120879,0.021978
5,1975,0.098901,0.021978
5,1976,0.120879,0.021978
5,1977,0.131868,0.021978
5,1978,0.131868,0.021978
5,1979,0.131868,0.021978
5,1980,0.109890,0.021978
5,1981,0.109890,0.021978
5,1982,0.131868,0.021978
5,1983,0.164835,0.021978
5,1984,0.175824,0.021978
5,1985,0.131868,0.021978
5,1986,0.120879,0.021978
5,1987,0.131868,0.021978
5,1988,0.120879,0.021978
5,1989,0.131868,0.021978
5,1990,0.131868,0.021978
5,1991,0.131868,0.021978
5,1992,0.131868,0.021978
5,1993,0.153846,0.021978
5,1994,0.153846,0.021978
5,1995,0.131868,0.021978
5,1996,0.142857,0.021978
5,1997,0.131868,0.021978
5,1998,0.109890,0.021978
5,1999,0.109890,0.021978
5,2000,0.087912,0.021978
5,2001,0.109890,0.021978
5,2002,0.142857,0.021978
5,2003,0.142857,0.021978
5,2004,0.164835,0.021978
5,2005,0.164835,0.021978
5,2006,0.120879,0.021978
5,2007,0.120879,0.021978
5,2008,0.131868,0.021978
5,2009,0.131868,0.021978
5,2010,0.120879,0.021978
5,2011,0.098901,0.021978
5,2012,0.087912,0.021978
5,2013,0.087912,0.021978
5,2014,0.109890,0.021978
5,2015,0.120879,0.021978
5,2016,0.186813,0.021978
5,2017,0.197802,0.021978
5,2018,0.164835,0.021978
5,2019,0.186813,0.021978
5,2020,0.219780,0.021978
5,2021,0.219780,0.021978
5,2022,0.219780,0.021978
5,2023,0.197802,0.021978
5,2024,0.153846,0.021978
5,2025,0.153846,0.021978
5,2026,0.098901,0.021978
5,2027,0.076923,0.021978
5,2028,0.087912,0.021978
5,2029,0.076923,0.021978
5,2030,0.098901,0.021978
5,2031,0.098901,0.021978
5,2032,0.109890,0.021978
5,2033,0.120879,0.021978
5,2034,0.131868,0.021978
5,2035,0.131868,0.021978
5,2036,0.142857,0.021978
5,2037,0.109890,0.021978
5,2038,0.120879,0.021978
5,2039,0.120879,0.021978
5,2040,0.109890,0.021978
5,2041,0.109890,0.021978
5,2042,0.098901,0.021978
5,2043,0.098901,0.021978
5,2044,0.109890,0.021978
5,2045,0.120879,0.021978
5,2046,0.120879,0.021978
5,2047,0.098901,0.021978
5,2048,0.098901,0.021978
5,2049,0.098901,0.021978
5,2050,0.109890,0.021978
5,2051,0.131868,0.021978
5,2052,0.120879,0.021978
5,2053,0.109890,0.021978
5,2054,0.109890,0.021978
5,2055,0.120879,0.021978
5,2056,0.131868,0.021978
5,2057,0.131868,0.021978
5,2058,0.131868,0.021978
5,2059,0.131868,0.021978
5,2060,0.131868,0.021978
5,2061,0.142857,0.021978
5,2062,0.131868,0.021978
5,2063,0.142857,0.021978
5,2064,0.131868,0.021978
5,2065,0.120879,0.021978
5,2066,0.131868,0.021978
5,2067,0.175824,0.021978
5,2068,0.164835,0.021978
5,2069,0.164835,0.021978
5,2070,0.131868,0.021978
5,2071,0.120879,0.021978
5,2072,0.131868,0.021978
5,2073,0.098901,0.021978
5,2074,0.098901,0.021978
5,2075,0.098901,0.021978
5,2076,0.109890,0.021978
5,2077,0.065934,0.021978
5,2078,0.065934,0.021978
5,2079,0.076923,0.021978
5,2080,0.065934,0.021978
5,2081,0.065934,0.021978
5,2082,0.065934,0.021978
5,2083,0.087912,0.021978
5,2084,0.120879,0.021978
5,2085,0.120879,0.021978
5,2086,0.142857,0.021978
5,2087,0.120879,0.021978
5,2088,0.153846,0.021978
5,2089,0.164835,0.021978
5,2090,0.175824,0.021978
5,2091,0.164835,0.021978
5,2092,0.131868,0.021978
5,2093,0.120879,0.021978
5,2094,0.098901,0.021978
5,2095,0.120879,0.021978
5,2096,0.098901,0.021978
5,2097,0.087912,0.021978
5,2098,0.087912,0.021978
5,2099,0.054945,0.021978
5,2100,0.087912,0.021978
5,2101,0.087912,0.021978
5,2102,0.087912,0.021978
5,2103,0.087912,0.021978
5,2104,0.098901,0.021978
5,2105,0.087912,0.021978
5,2106,0.076923,0.021978
5,2107,0.054945,0.021978
5,2108,0.054945,0.021978
5,2109,0.043956,0.021978
5,2110,0.043956,0.021978
5,2111,0.054945,0.021978
5,2112,0.054945,0.021978
5,2113,0.065934,0.021978
5,2114,0.065934,0.021978
5,2115,0.043956,0.021978
5,2116,0.032967,0.021978
5,2117,0.043956,0.021978
5,2118,0.043956,0.021978
5,2119,0.054945,0.021978
5,2120,0.065934,0.021978
5,2121,0.087912,0.021978
5,2122,0.065934,0.021978
5,2123,0.076923,0.021978
5,2124,0.098901,0.021978
5,2125,0.109890,0.021978
5,2126,0.109890,0.021978
5,2127,0.087912,0.021978
5,2128,0.087912,0.021978
5,2129,0.098901,0.021978
5,2130,0.098901,0.021978
5,2131,0.076923,0.021978
5,2132,0.109890,0.021978
5,2133,0.087912,0.021978
5,2134,0.109890,0.021978
5,2135,0.098901,0.021978
5,2136,0.098901,0.021978
5,2137,0.109890,0.021978
5,2138,0.120879,0.021978
5,2139,0.109890,0.021978
5,2140,0.131868,0.021978
5,2141,0.120879,0.021978
5,2142,0.120879,0.021978
5,2143,0.109890,0.021978
5,2144,0.131868,0.021978
5,2145,0.131868,0.021978
5,2146,0.131868,0.021978
5,2147,0.120879,0.021978
5,2148,0.142857,0.021978
5,2149,0.142857,0.021978
5,2150,0.142857,0.021978
5,2151,0.142857,0.021978
5,2152,0.175824,0.021978
5,2153,0.164835,0.021978
5,2154,0.153846,0.021978
5,2155,0.164835,0.021978
5,2156,0.164835,0.021978
5,2157,0.175824,0.021978
5,2158,0.153846,0.021978
5,2159,0.164835,0.021978
5,2160,0.142857,0.021978
5,2161,0.098901,0.021978
5,2162,0.065934,0.021978
5,2163,0.098901,0.021978
5,2164,0.109890,0.021978
5,2165,0.131868,0.021978
5,2166,0.131868,0.021978
5,2167,0.098901,0.021978
5,2168,0.109890,0.021978
5,2169,0.109890,0.021978
5,2170,0.109890,0.021978
5,2171,0.109890,0.021978
5,2172,0.109890,0.021978
5,2173,0.109890,0.021978
5,2174,0.076923,0.021978
5,2175,0.076923,0.021978
5,2176,0.076923,0.021978
5,2177,0.076923,0.021978
5,2178,0.076923,0.021978
5,2179,0.076923,0.021978
5,2180,0.076923,0.021978
5,2181,0.054945,0.021978
5,2182,0.054945,0.021978
5,2183,0.054945,0.021978
5,2184,0.054945,0.021978
5,2185,0.054945,0.021978
5,2186,0.043956,0.021978
5,2187,0.065934,0.021978
5,2188,0.065934,0.021978
5,2189,0.065934,0.021978
5,2190,0.065934,0.021978
5,2191,0.054945,0.021978
5,2192,0.054945,0.021978
5,2193,0.054945,0.021978
5,2194,0.032967,0.021978
5,2195,0.032967,0.021978
5,2196,0.043956,0.021978
5,2197,0.065934,0.021978
5,2198,0.076923,0.021978
5,2199,0.087912,0.021978
5,2200,0.131868,0.021978
5,2201,0.120879,0.021978
5,2202,0.131868,0.021978
5,2203,0.142857,0.021978
5,2204,0.120879,0.021978
5,2205,0.131868,0.021978
5,2206,0.131868,0.021978
5,2207,0.120879,0.021978
5,2208,0.131868,0.021978
5,2209,0.120879,0.021978
5,2210,0.065934,0.021978
5,2211,0.065934,0.021978
5,2212,0.065934,0.021978
5,2213,0.065934,0.021978
5,2214,0.054945,0.021978
5,2215,0.054945,0.021978
5,2216,0.054945,0.021978
5,2217,0.098901,0.021978
5,2218,0.120879,0.021978
5,2219,0.109890,0.021978
5,2220,0.098901,0.021978
5,2221,0.076923,0.021978
5,2222,0.076923,0.021978
5,2223,0.098901,0.021978
5,2224,0.076923,0.021978
5,2225,0.098901,0.021978
5,2226,0.087912,0.021978
5,2227,0.098901,0.021978
5,2228,0.120879,0.021978
5,2229,0.120879,0.021978
5,2230,0.153846,0.021978
5,2231,0.120879,0.021978
5,2232,0.120879,0.021978
5,2233,0.131868,0.021978
5,2234,0.131868,0.021978
5,2235,0.131868,0.021978
5,2236,0.142857,0.021978
5,2237,0.131868,0.021978
5,2238,0.131868,0.021978
5,2239,0.120879,0.021978
5,2240,0.153846,0.021978
5,2241,0.186813,0.021978
5,2242,0.197802,0.021978
5,2243,0.186813,0.021978
5,2244,0.153846,0.021978
5,2245,0.153846,0.021978
5,2246,0.186813,0.021978
5,2247,0.186813,0.021978
5,2248,0.197802,0.021978
5,2249,0.153846,0.021978
5,2250,0.153846,0.021978
5,2251,0.164835,0.021978
5,2252,0.153846,0.021978
5,2253,0.175824,0.021978
5,2254,0.164835,0.021978
5,2255,0.153846,0.021978
5,2256,0.109890,0.021978
5,2257,0.109890,0.021978
5,2258,0.120879,0.021978
5,2259,0.120879,0.021978
5,2260,0.109890,0.021978
5,2261,0.098901,0.021978
5,2262,0.087912,0.021978
5,2263,0.076923,0.021978
5,2264,0.065934,0.021978
5,2265,0.098901,0.021978
5,2266,0.120879,0.021978
5,2267,0.120879,0.021978
5,2268,0.153846,0.021978
5,2269,0.153846,0.021978
5,2270,0.153846,0.021978
5,2271,0.186813,0.021978
5,2272,0.164835,0.021978
5,2273,0.164835,0.021978
5,2274,0.142857,0.021978
5,2275,0.142857,0.021978
5,2276,0.142857,0.021978
5,2277,0.142857,0.021978
5,2278,0.164835,0.021978
5,2279,0.142857,0.021978
5,2280,0.131868,0.021978
5,2281,0.087912,0.021978
5,2282,0.087912,0.021978
5,2283,0.087912,0.021978
5,2284,0.098901,0.021978
5,2285,0.087912,0.021978
5,2286,0.087912,0.021978
5,2287,0.054945,0.021978
5,2288,0.054945,0.021978
5,2289,0.043956,0.021978
5,2290,0.043956,0.021978
5,2291,0.054945,0.021978
5,2292,0.054945,0.021978
5,2293,0.054945,0.021978
5,2294,0.065934,0.021978
5,2295,0.065934,0.021978
5,2296,0.076923,0.021978
5,2297,0.076923,0.021978
5,2298,0.076923,0.021978
5,2299,0.087912,0.021978
5,2300,0.054945,0.021978
5,2301,0.054945,0.021978
5,2302,0.065934,0.021978
5,2303,0.087912,0.021978
5,2304,0.065934,0.021978
5,2305,0.065934,0.021978
5,2306,0.065934,0.021978
5,2307,0.054945,0.021978
5,2308,0.076923,0.021978
5,2309,0.065934,0.021978
5,2310,0.076923,0.021978
5,2311,0.076923,0.021978
5,2312,0.087912,0.021978
5,2313,0.087912,0.021978
5,2314,0.087912,0.021978
5,2315,0.076923,0.021978
5,2316,0.065934,0.021978
5,2317,0.054945,0.021978
5,2318,0.054945,0.021978
5,2319,0.032967,0.021978
5,2320,0.054945,0.021978
5,2321,0.065934,0.021978
5,2322,0.054945,0.021978
5,2323,0.054945,0.021978
5,2324,0.043956,0.021978
5,2325,0.032967,0.021978
5,2326,0.043956,0.021978
5,2327,0.043956,0.021978
5,2328,0.054945,0.021978
5,2329,0.043956,0.021978
5,2330,0.054945,0.021978
5,2331,0.043956,0.021978
5,2332,0.054945,0.021978
5,2333,0.054945,0.021978
5,2334,0.054945,0.021978
5,2335,0.054945,0.021978
5,2336,0.054945,0.021978
5,2337,0.043956,0.021978
5,2338,0.076923,0.021978
5,2339,0.065934,0.021978
5,2340,0.032967,0.021978
5,2341,0.043956,0.021978
5,2342,0.054945,0.021978
5,2343,0.065934,0.021978
5,2344,0.065934,0.021978
5,2345,0.043956,0.021978
5,2346,0.076923,0.021978
5,2347,0.098901,0.021978
5,2348,0.065934,0.021978
5,2349,0.065934,0.021978
5,2350,0.087912,0.021978
5,2351,0.087912,0.021978
5,2352,0.054945,0.021978
5,2353,0.065934,0.021978
5,2354,0.076923,0.021978
5,2355,0.087912,0.021978
5,2356,0.098901,0.021978
5,2357,0.087912,0.021978
5,2358,0.076923,0.021978
5,2359,0.043956,0.021978
5,2360,0.054945,0.021978
5,2361,0.043956,0.021978
5,2362,0.065934,0.021978
5,2363,0.065934,0.021978
5,2364,0.065934,0.021978
5,2365,0.098901,0.021978
5,2366,0.098901,0.021978
5,2367,0.065934,0.021978
5,2368,0.043956,0.021978
5,2369,0.054945,0.021978
5,2370,0.076923,0.021978
5,2371,0.065934,0.021978
5,2372,0.087912,0.021978
5,2373,0.098901,0.021978
5,2374,0.087912,0.021978
5,2375,0.087912,0.021978
5,2376,0.076923,0.021978
5,2377,0.120879,0.021978
5,2378,0.131868,0.021978
5,2379,0.098901,0.021978
5,2380,0.076923,0.021978
5,2381,0.098901,0.021978
5,2382,0.087912,0.021978
5,2383,0.087912,0.021978
5,2384,0.087912,0.021978
5,2385,0.087912,0.021978
5,2386,0.054945,0.021978
5,2387,0.065934,0.021978
5,2388,0.076923,0.021978
5,2389,0.065934,0.021978
5,2390,0.065934,0.021978
5,2391,0.065934,0.021978
5,2392,0.032967,0.021978
5,2393,0.032967,0.021978
5,2394,0.032967,0.021978
5,2395,0.010989,0.010989
5,2396,0.010989,0.010989
5,2397,0.043956,0.010989
5,2398,0.043956,0.010989
5,2399,0.054945,0.010989
5,2400,0.054945,0.010989
5,2401,0.054945,0.010989
5,2402,0.032967,0.010989
5,2403,0.065934,0.010989
5,2404,0.065934,0.010989
5,2405,0.087912,0.010989
5,2406,0.109890,0.010989
5,2407,0.120879,0.010989
5,2408,0.098901,0.010989
5,2409,0.087912,0.010989
5,2410,0.098901,0.010989
5,2411,0.109890,0.010989
5,2412,0.109890,0.010989
5,2413,0.109890,0.010989
5,2414,0.087912,0.010989
5,2415,0.098901,0.010989
5,2416,0.098901,0.010989
5,2417,0.098901,0.010989
5,2418,0.098901,0.010989
5,2419,0.098901,0.010989
5,2420,0.076923,0.010989
5,2421,0.076923,0.010989
5,2422,0.109890,0.010989
5,2423,0.109890,0.010989
5,2424,0.076923,0.010989
5,2425,0.109890,0.010989
5,2426,0.109890,0.010989
5,2427,0.109890,0.010989
5,2428,0.142857,0.010989
5,2429,0.131868,0.010989
5,2430,0.109890,0.010989
5,2431,0.109890,0.010989
5,2432,0.087912,0.010989
5,2433,0.098901,0.010989
5,2434,0.109890,0.010989
5,2435,0.098901,0.010989
5,2436,0.098901,0.010989
5,2437,0.087912,0.010989
5,2438,0.076923,0.010989
5,2439,0.065934,0.010989
5,2440,0.076923,0.010989
5,2441,0.065934,0.010989
5,2442,0.065934,0.010989
5,2443,0.065934,0.010989
5,2444,0.076923,0.010989
5,2445,0.076923,0.010989
5,2446,0.076923,0.010989
5,2447,0.076923,0.010989
5,2448,0.076923,0.010989
5,2449,0.076923,0.010989
5,2450,0.076923,0.010989
5,2451,0.054945,0.010989
5,2452,0.043956,0.010989
5,2453,0.054945,0.010989
5,2454,0.043956,0.010989
5,2455,0.032967,0.010989
5,2456,0.065934,0.010989
5,2457,0.065934,0.010989
5,2458,0.065934,0.010989
5,2459,0.065934,0.010989
5,2460,0.087912,0.010989
5,2461,0.076923,0.010989
5,2462,0.076923,0.010989
5,2463,0.098901,0.010989
5,2464,0.098901,0.010989
5,2465,0.098901,0.010989
5,2466,0.109890,0.010989
5,2467,0.109890,0.010989
5,2468,0.076923,0.010989
5,2469,0.098901,0.010989
5,2470,0.098901,0.010989
5,2471,0.098901,0.010989
5,2472,0.087912,0.010989
5,2473,0.087912,0.010989
5,2474,0.087912,0.010989
5,2475,0.087912,0.010989
5,2476,0.076923,0.010989
5,2477,0.076923,0.010989
5,2478,0.076923,0.010989
5,2479,0.098901,0.010989
5,2480,0.098901,0.010989
5,2481,0.098901,0.010989
5,2482,0.087912,0.010989
5,2483,0.087912,0.010989
5,2484,0.087912,0.010989
5,2485,0.098901,0.010989
5,2486,0.098901,0.010989
5,2487,0.109890,0.010989
5,2488,0.098901,0.010989
5,2489,0.098901,0.010989
5,2490,0.076923,0.010989
5,2491,0.076923,0.010989
5,2492,0.087912,0.010989
5,2493,0.054945,0.010989
5,2494,0.043956,0.010989
5,2495,0.032967,0.010989
5,2496,0.065934,0.010989
5,2497,0.054945,0.010989
5,2498,0.054945,0.010989
5,2499,0.054945,0.010989
5,2500,0.065934,0.010989
5,2501,0.087912,0.010989
5,2502,0.065934,0.010989
5,2503,0.065934,0.010989
5,2504,0.087912,0.010989
5,2505,0.065934,0.010989
5,2506,0.087912,0.010989
5,2507,0.098901,0.010989
5,2508,0.120879,0.010989
5,2509,0.109890,0.010989
5,2510,0.087912,0.010989
5,2511,0.087912,0.010989
5,2512,0.065934,0.010989
5,2513,0.076923,0.010989
5,2514,0.076923,0.010989
5,2515,0.076923,0.010989
5,2516,0.054945,0.010989
5,2517,0.054945,0.010989
5,2518,0.054945,0.010989
5,2519,0.054945,0.010989
5,2520,0.065934,0.010989
5,2521,0.054945,0.010989
5,2522,0.043956,0.010989
5,2523,0.065934,0.010989
5,2524,0.098901,0.010989
5,2525,0.076923,0.010989
5,2526,0.076923,0.010989
5,2527,0.087912,0.010989
5,2528,0.109890,0.010989
5,2529,0.098901,0.010989
5,2530,0.098901,0.010989
5,2531,0.109890,0.010989
5,2532,0.131868,0.010989
5,2533,0.109890,0.010989
5,2534,0.109890,0.010989
5,2535,0.098901,0.010989
5,2536,0.087912,0.010989
5,2537,0.076923,0.010989
5,2538,0.076923,0.010989
5,2539,0.054945,0.010989
5,2540,0.065934,0.010989
5,2541,0.076923,0.010989
5,2542,0.054945,0.010989
5,2543,0.043956,0.010989
5,2544,0.043956,0.010989
5,2545,0.043956,0.010989
5,2546,0.043956,0.010989
5,2547,0.065934,0.010989
5,2548,0.065934,0.010989
5,2549,0.065934,0.010989
5,2550,0.065934,0.010989
5,2551,0.076923,0.010989
5,2552,0.087912,0.010989
5,2553,0.087912,0.010989
5,2554,0.087912,0.010989
5,2555,0.065934,0.010989
5,2556,0.065934,0.010989
5,2557,0.065934,0.010989
5,2558,0.076923,0.010989
5,2559,0.065934,0.010989
5,2560,0.109890,0.010989
5,2561,0.098901,0.010989
5,2562,0.087912,0.010989
5,2563,0.087912,0.010989
5,2564,0.087912,0.010989
5,2565,0.087912,0.010989
5,2566,0.076923,0.010989
5,2567,0.054945,0.010989
5,2568,0.054945,0.010989
5,2569,0.054945,0.010989
5,2570,0.065934,0.010989
5,2571,0.065934,0.010989
5,2572,0.076923,0.010989
5,2573,0.043956,0.010989
5,2574,0.054945,0.010989
5,2575,0.054945,0.010989
5,2576,0.054945,0.010989
5,2577,0.043956,0.010989
5,2578,0.054945,0.010989
5,2579,0.043956,0.010989
5,2580,0.043956,0.010989
5,2581,0.076923,0.010989
5,2582,0.065934,0.010989
5,2583,0.054945,0.010989
5,2584,0.054945,0.010989
5,2585,0.065934,0.010989
5,2586,0.043956,0.010989
5,2587,0.054945,0.010989
5,2588,0.054945,0.010989
5,2589,0.054945,0.010989
5,2590,0.032967,0.010989
5,2591,0.032967,0.010989
5,2592,0.032967,0.010989
5,2593,0.043956,0.010989
5,2594,0.043956,0.010989
5,2595,0.043956,0.010989
5,2596,0.043956,0.010989
5,2597,0.054945,0.010989
5,2598,0.054945,0.010989
5,2599,0.043956,0.010989
5,2600,0.043956,0.010989
5,2601,0.032967,0.010989
5,2602,0.032967,0.010989
5,2603,0.032967,0.010989
5,2604,0.054945,0.010989
5,2605,0.054945,0.010989
5,2606,0.065934,0.010989
5,2607,0.065934,0.010989
5,2608,0.065934,0.010989
5,2609,0.098901,0.010989
5,2610,0.098901,0.010989
5,2611,0.120879,0.010989
5,2612,0.142857,0.010989
5,2613,0.131868,0.010989
5,2614,0.109890,0.010989
5,2615,0.109890,0.010989
5,2616,0.109890,0.010989
5,2617,0.131868,0.010989
5,2618,0.109890,0.010989
5,2619,0.076923,0.010989
5,2620,0.076923,0.010989
5,2621,0.065934,0.010989
5,2622,0.054945,0.010989
5,2623,0.054945,0.010989
5,2624,0.076923,0.010989
5,2625,0.076923,0.010989
5,2626,0.076923,0.010989
5,2627,0.076923,0.010989
5,2628,0.076923,0.010989
5,2629,0.065934,0.010989
5,2630,0.065934,0.010989
5,2631,0.065934,0.010989
5,2632,0.065934,0.010989
5,2633,0.043956,0.010989
5,2634,0.054945,0.010989
5,2635,0.054945,0.010989
5,2636,0.065934,0.010989
5,2637,0.065934,0.010989
5,2638,0.109890,0.010989
5,2639,0.131868,0.010989
5,2640,0.153846,0.010989
5,2641,0.153846,0.010989
5,2642,0.098901,0.010989
5,2643,0.098901,0.010989
5,2644,0.087912,0.010989
5,2645,0.087912,0.010989
5,2646,0.087912,0.010989
5,2647,0.087912,0.010989
5,2648,0.087912,0.010989
5,2649,0.087912,0.010989
5,2650,0.087912,0.010989
5,2651,0.087912,0.010989
5,2652,0.087912,0.010989
5,2653,0.087912,0.010989
5,2654,0.120879,0.010989
5,2655,0.109890,0.010989
5,2656,0.109890,0.010989
5,2657,0.098901,0.010989
5,2658,0.120879,0.010989
5,2659,0.109890,0.010989
5,2660,0.109890,0.010989
5,2661,0.065934,0.010989
5,2662,0.065934,0.010989
5,2663,0.087912,0.010989
5,2664,0.120879,0.010989
5,2665,0.098901,0.010989
5,2666,0.087912,0.010989
5,2667,0.109890,0.010989
5,2668,0.109890,0.010989
5,2669,0.120879,0.010989
5,2670,0.120879,0.010989
5,2671,0.109890,0.010989
5,2672,0.131868,0.010989
5,2673,0.131868,0.010989
5,2674,0.098901,0.010989
5,2675,0.098901,0.010989
5,2676,0.098901,0.010989
5,2677,0.098901,0.010989
5,2678,0.065934,0.010989
5,2679,0.076923,0.010989
5,2680,0.076923,0.010989
5,2681,0.076923,0.010989
5,2682,0.076923,0.010989
5,2683,0.043956,0.010989
5,2684,0.043956,0.010989
5,2685,0.054945,0.010989
5,2686,0.043956,0.010989
5,2687,0.043956,0.010989
5,2688,0.054945,0.010989
5,2689,0.054945,0.010989
5,2690,0.021978,0.010989
5,2691,0.021978,0.010989
5,2692,0.021978,0.010989
5,2693,0.021978,0.010989
5,2694,0.021978,0.010989
5,2695,0.021978,0.010989
5,2696,0.054945,0.010989
5,2697,0.054945,0.010989
5,2698,0.054945,0.010989
5,2699,0.043956,0.010989
5,2700,0.043956,0.010989
5,2701,0.065934,0.010989
5,2702,0.054945,0.010989
5,2703,0.043956,0.010989
5,2704,0.043956,0.010989
5,2705,0.065934,0.010989
5,2706,0.054945,0.010989
5,2707,0.054945,0.010989
5,2708,0.076923,0.010989
5,2709,0.098901,0.010989
5,2710,0.087912,0.010989
5,2711,0.087912,0.010989
5,2712,0.065934,0.010989
5,2713,0.032967,0.010989
5,2714,0.021978,0.010989
5,2715,0.021978,0.010989
5,2716,0.021978,0.010989
5,2717,0.010989,0.010989
5,2718,0.010989,0.010989
5,2719,0.010989,0.010989
5,2720,0.021978,0.010989
5,2721,0.043956,0.010989
5,2722,0.043956,0.010989
5,2723,0.065934,0.010989
5,2724,0.076923,0.010989
5,2725,0.087912,0.010989
5,2726,0.087912,0.010989
5,2727,0.076923,0.010989
5,2728,0.076923,0.010989
5,2729,0.076923,0.010989
5,2730,0.076923,0.010989
5,2731,0.076923,0.010989
5,2732,0.054945,0.010989
5,2733,0.054945,0.010989
5,2734,0.054945,0.010989
5,2735,0.032967,0.010989
5,2736,0.021978,0.010989
5,2737,0.021978,0.010989
5,2738,0.032967,0.010989
5,2739,0.032967,0.010989
5,2740,0.032967,0.010989
5,2741,0.032967,0.010989
5,2742,0.043956,0.010989
5,2743,0.054945,0.010989
5,2744,0.065934,0.010989
5,2745,0.065934,0.010989
5,2746,0.065934,0.010989
5,2747,0.043956,0.010989
5,2748,0.043956,0.010989
5,2749,0.054945,0.010989
5,2750,0.032967,0.010989
5,2751,0.032967,0.010989
5,2752,0.032967,0.010989
5,2753,0.043956,0.010989
5,2754,0.054945,0.010989
5,2755,0.054945,0.010989
5,2756,0.054945,0.010989
5,2757,0.054945,0.010989
5,2758,0.054945,0.010989
5,2759,0.043956,0.010989
5,2760,0.043956,0.010989
5,2761,0.043956,0.010989
5,2762,0.043956,0.010989
5,2763,0.043956,0.010989
5,2764,0.043956,0.010989
5,2765,0.043956,0.010989
5,2766,0.065934,0.010989
5,2767,0.065934,0.010989
5,2768,0.065934,0.010989
5,2769,0.065934,0.010989
5,2770,0.065934,0.010989
5,2771,0.065934,0.010989
5,2772,0.065934,0.010989
5,2773,0.065934,0.010989
5,2774,0.065934,0.010989
5,2775,0.054945,0.010989
5,2776,0.054945,0.010989
5,2777,0.054945,0.010989
5,2778,0.065934,0.010989
5,2779,0.065934,0.010989
5,2780,0.065934,0.010989
5,2781,0.065934,0.010989
5,2782,0.054945,0.010989
5,2783,0.054945,0.010989
5,2784,0.065934,0.010989
5,2785,0.054945,0.010989
5,2786,0.054945,0.010989
5,2787,0.065934,0.010989
5,2788,0.065934,0.010989
5,2789,0.076923,0.010989
5,2790,0.076923,0.010989
5,2791,0.076923,0.010989
5,2792,0.076923,0.010989
5,2793,0.054945,0.010989
5,2794,0.054945,0.010989
5,2795,0.054945,0.010989
5,2796,0.076923,0.010989
5,2797,0.076923,0.010989
5,2798,0.076923,0.010989
5,2799,0.076923,0.010989
5,2800,0.076923,0.010989
5,2801,0.065934,0.010989
5,2802,0.076923,0.010989
5,2803,0.065934,0.010989
5,2804,0.054945,0.010989
5,2805,0.054945,0.010989
5,2806,0.054945,0.010989
5,2807,0.065934,0.010989
5,2808,0.065934,0.010989
5,2809,0.054945,0.010989
5,2810,0.054945,0.010989
5,2811,0.054945,0.010989
5,2812,0.054945,0.010989
5,2813,0.054945,0.010989
5,2814,0.054945,0.010989
5,2815,0.054945,0.010989
5,2816,0.054945,0.010989
5,2817,0.054945,0.010989
5,2818,0.054945,0.010989
5,2819,0.043956,0.010989
5,2820,0.043956,0.010989
5,2821,0.043956,0.010989
5,2822,0.043956,0.010989
5,2823,0.043956,0.010989
5,2824,0.043956,0.010989
5,2825,0.043956,0.010989
5,2826,0.043956,0.010989
5,2827,0.043956,0.010989
5,2828,0.043956,0.010989
5,2829,0.043956,0.010989
5,2830,0.032967,0.010989
5,2831,0.032967,0.010989
5,2832,0.043956,0.010989
5,2833,0.032967,0.010989
5,2834,0.032967,0.010989
5,2835,0.032967,0.010989
5,2836,0.032967,0.010989
5,2837,0.032967,0.010989
5,2838,0.032967,0.010989
5,2839,0.054945,0.010989
5,2840,0.054945,0.010989
5,2841,0.054945,0.010989
5,2842,0.054945,0.010989
5,2843,0.032967,0.010989
5,2844,0.032967,0.010989
5,2845,0.032967,0.010989
5,2846,0.032967,0.010989
5,2847,0.032967,0.010989
5,2848,0.032967,0.010989
5,2849,0.032967,0.010989
5,2850,0.032967,0.010989
5,2851,0.021978,0.010989
5,2852,0.021978,0.010989
5,2853,0.043956,0.010989
5,2854,0.054945,0.010989
5,2855,0.043956,0.010989
5,2856,0.054945,0.010989
5,2857,0.054945,0.010989
5,2858,0.043956,0.010989
5,2859,0.043956,0.010989
5,2860,0.043956,0.010989
5,2861,0.043956,0.010989
5,2862,0.043956,0.010989
5,2863,0.054945,0.010989
5,2864,0.054945,0.010989
5,2865,0.043956,0.010989
5,2866,0.043956,0.010989
5,2867,0.043956,0.010989
5,2868,0.043956,0.010989
5,2869,0.032967,0.010989
5,2870,0.032967,0.010989
5,2871,0.043956,0.010989
5,2872,0.043956,0.010989
5,2873,0.054945,0.010989
5,2874,0.054945,0.010989
5,2875,0.076923,0.010989
5,2876,0.076923,0.010989
5,2877,0.076923,0.010989
5,2878,0.076923,0.010989
5,2879,0.076923,0.010989
5,2880,0.087912,0.010989
5,2881,0.087912,0.010989
5,2882,0.087912,0.010989
5,2883,0.087912,0.010989
5,2884,0.098901,0.010989
5,2885,0.087912,0.010989
5,2886,0.054945,0.010989
5,2887,0.054945,0.010989
5,2888,0.054945,0.010989
5,2889,0.054945,0.010989
5,2890,0.054945,0.010989
5,2891,0.054945,0.010989
5,2892,0.054945,0.010989
5,2893,0.043956,0.010989
5,2894,0.043956,0.010989
5,2895,0.054945,0.010989
5,2896,0.054945,0.010989
5,2897,0.054945,0.010989
5,2898,0.043956,0.010989
5,2899,0.043956,0.010989
5,2900,0.043956,0.010989
5,2901,0.043956,0.010989
5,2902,0.065934,0.010989
5,2903,0.065934,0.010989
5,2904,0.065934,0.010989
5,2905,0.065934,0.010989
5,2906,0.065934,0.010989
5,2907,0.054945,0.010989
5,2908,0.043956,0.010989
5,2909,0.043956,0.010989
5,2910,0.043956,0.010989
5,2911,0.043956,0.010989
5,2912,0.043956,0.010989
5,2913,0.043956,0.010989
5,2914,0.043956,0.010989
5,2915,0.043956,0.010989
5,2916,0.032967,0.010989
5,2917,0.043956,0.010989
5,2918,0.043956,0.010989
5,2919,0.054945,0.010989
5,2920,0.054945,0.010989
5,2921,0.054945,0.010989
5,2922,0.054945,0.010989
5,2923,0.054945,0.010989
5,2924,0.054945,0.010989
5,2925,0.054945,0.010989
5,2926,0.054945,0.010989
5,2927,0.043956,0.010989
5,2928,0.065934,0.010989
5,2929,0.065934,0.010989
5,2930,0.065934,0.010989
5,2931,0.076923,0.010989
5,2932,0.065934,0.010989
5,2933,0.054945,0.010989
5,2934,0.054945,0.010989
5,2935,0.054945,0.010989
5,2936,0.054945,0.010989
5,2937,0.054945,0.010989
5,2938,0.054945,0.010989
5,2939,0.054945,0.010989
5,2940,0.054945,0.010989
5,2941,0.065934,0.010989
5,2942,0.065934,0.010989
5,2943,0.065934,0.010989
5,2944,0.054945,0.010989
5,2945,0.065934,0.010989
5,2946,0.065934,0.010989
5,2947,0.065934,0.010989
5,2948,0.054945,0.010989
5,2949,0.043956,0.010989
5,2950,0.043956,0.010989
5,2951,0.043956,0.010989
5,2952,0.043956,0.010989
5,2953,0.043956,0.010989
5,2954,0.043956,0.010989
5,2955,0.043956,0.010989
5,2956,0.043956,0.010989
5,2957,0.043956,0.010989
5,2958,0.043956,0.010989
5,2959,0.043956,0.010989
5,2960,0.043956,0.010989
5,2961,0.054945,0.010989
5,2962,0.054945,0.010989
5,2963,0.054945,0.010989
5,2964,0.054945,0.010989
5,2965,0.054945,0.010989
5,2966,0.054945,0.010989
5,2967,0.054945,0.010989
5,2968,0.054945,0.010989
5,2969,0.054945,0.010989
5,2970,0.054945,0.010989
5,2971,0.054945,0.010989
5,2972,0.076923,0.010989
5,2973,0.076923,0.010989
5,2974,0.076923,0.010989
5,2975,0.076923,0.010989
5,2976,0.065934,0.010989
5,2977,0.065934,0.010989
5,2978,0.065934,0.010989
5,2979,0.032967,0.010989
5,2980,0.032967,0.010989
5,2981,0.032967,0.010989
5,2982,0.032967,0.010989
5,2983,0.032967,0.010989
5,2984,0.032967,0.010989
5,2985,0.032967,0.010989
5,2986,0.054945,0.010989
5,2987,0.065934,0.010989
5,2988,0.054945,0.010989
5,2989,0.032967,0.010989
5,2990,0.032967,0.010989
5,2991,0.032967,0.010989
5,2992,0.032967,0.010989
5,2993,0.054945,0.010989
5,2994,0.065934,0.010989
5,2995,0.043956,0.010989
5,2996,0.043956,0.010989
5,2997,0.043956,0.010989
5,2998,0.043956,0.010989
5,2999,0.054945,0.010989
5,3000,0.054945,0.010989
5,3001,0.054945,0.010989
5,3002,0.054945,0.010989
5,3003,0.054945,0.010989
5,3004,0.065934,0.010989
5,3005,0.065934,0.010989
5,3006,0.065934,0.010989
5,3007,0.065934,0.010989
5,3008,0.065934,0.010989
5,3009,0.054945,0.010989
5,3010,0.054945,0.010989
5,3011,0.065934,0.010989
5,3012,0.065934,0.010989
5,3013,0.065934,0.010989
5,3014,0.065934,0.010989
5,3015,0.065934,0.010989
5,3016,0.065934,0.010989
5,3017,0.065934,0.010989
5,3018,0.054945,0.010989
5,3019,0.054945,0.010989
5,3020,0.054945,0.010989
5,3021,0.054945,0.010989
5,3022,0.054945,0.010989
5,3023,0.054945,0.010989
5,3024,0.065934,0.010989
5,3025,0.065934,0.010989
5,3026,0.065934,0.010989
5,3027,0.065934,0.010989
5,3028,0.065934,0.010989
5,3029,0.065934,0.010989
5,3030,0.065934,0.010989
5,3031,0.054945,0.010989
5,3032,0.054945,0.010989
5,3033,0.054945,0.010989
5,3034,0.054945,0.010989
5,3035,0.043956,0.010989
5,3036,0.043956,0.010989
5,3037,0.043956,0.010989
5,3038,0.054945,0.010989
5,3039,0.054945,0.010989
5,3040,0.054945,0.010989
5,3041,0.054945,0.010989
5,3042,0.054945,0.010989
5,3043,0.032967,0.010989
5,3044,0.010989,0.010989
5,3045,0.010989,0.010989
5,3046,0.010989,0.010989
5,3047,0.010989,0.010989
5,3048,0.010989,0.010989
5,3049,0.010989,0.010989
5,3050,0.010989,0.010989
5,3051,0.021978,0.010989
5,3052,0.021978,0.010989
5,3053,0.021978,0.010989
5,3054,0.021978,0.010989
5,3055,0.021978,0.010989
5,3056,0.021978,0.010989
5,3057,0.021978,0.010989
5,3058,0.021978,0.010989
5,3059,0.021978,0.010989
5,3060,0.021978,0.010989
5,3061,0.043956,0.010989
5,3062,0.043956,0.010989
5,3063,0.043956,0.010989
5,3064,0.032967,0.010989
5,3065,0.032967,0.010989
5,3066,0.032967,0.010989
5,3067,0.032967,0.010989
5,3068,0.032967,0.010989
5,3069,0.032967,0.010989
5,3070,0.032967,0.010989
5,3071,0.032967,0.010989
5,3072,0.032967,0.010989
5,3073,0.032967,0.010989
5,3074,0.032967,0.010989
5,3075,0.032967,0.010989
5,3076,0.032967,0.010989
5,3077,0.032967,0.010989
5,3078,0.010989,0.010989
5,3079,0.010989,0.010989
5,3080,0.010989,0.010989
5,3081,0.010989,0.010989
5,3082,0.010989,0.010989
5,3083,0.010989,0.010989
5,3084,0.010989,0.010989
5,3085,0.021978,0.010989
5,3086,0.021978,0.010989
5,3087,0.043956,0.010989
5,3088,0.021978,0.010989
5,3089,0.021978,0.010989
5,3090,0.021978,0.010989
5,3091,0.021978,0.010989
5,3092,0.021978,0.010989
5,3093,0.021978,0.010989
5,3094,0.021978,0.010989
5,3095,0.021978,0.010989
5,3096,0.021978,0.010989
5,3097,0.021978,0.010989
5,3098,0.021978,0.010989
5,3099,0.021978,0.010989
5,3100,0.021978,0.010989
5,3101,0.021978,0.010989
5,3102,0.021978,0.010989
5,3103,0.021978,0.010989
5,3104,0.010989,0.010989
5,3105,0.010989,0.010989
5,3106,0.021978,0.010989
5,3107,0.021978,0.010989
5,3108,0.021978,0.010989
5,3109,0.021978,0.010989
5,3110,0.021978,0.010989
5,3111,0.021978,0.010989
5,3112,0.021978,0.010989
5,3113,0.021978,0.010989
5,3114,0.021978,0.010989
5,3115,0.021978,0.010989
5,3116,0.021978,0.010989
5,3117,0.032967,0.010989
5,3118,0.032967,0.010989
5,3119,0.032967,0.010989
5,3120,0.043956,0.010989
5,3121,0.043956,0.010989
5,3122,0.043956,0.010989
5,3123,0.043956,0.010989
5,3124,0.043956,0.010989
5,3125,0.032967,0.010989
5,3126,0.032967,0.010989
5,3127,0.032967,0.010989
5,3128,0.032967,0.010989
5,3129,0.032967,0.010989
5,3130,0.032967,0.010989
5,3131,0.032967,0.010989
5,3132,0.032967,0.010989
5,3133,0.032967,0.010989
5,3134,0.032967,0.010989
5,3135,0.032967,0.010989
5,3136,0.043956,0.010989
5,3137,0.043956,0.010989
5,3138,0.043956,0.010989
5,3139,0.054945,0.010989
5,3140,0.054945,0.010989
5,3141,0.054945,0.010989
5,3142,0.054945,0.010989
5,3143,0.054945,0.010989
5,3144,0.054945,0.010989
5,3145,0.054945,0.010989
5,3146,0.054945,0.010989
5,3147,0.054945,0.010989
5,3148,0.054945,0.010989
5,3149,0.054945,0.010989
5,3150,0.054945,0.010989
5,3151,0.054945,0.010989
5,3152,0.054945,0.010989
5,3153,0.054945,0.010989
5,3154,0.054945,0.010989
5,3155,0.043956,0.010989
5,3156,0.043956,0.010989
5,3157,0.043956,0.010989
5,3158,0.043956,0.010989
5,3159,0.043956,0.010989
5,3160,0.043956,0.010989
5,3161,0.032967,0.010989
5,3162,0.032967,0.010989
5,3163,0.032967,0.010989
5,3164,0.032967,0.010989
5,3165,0.043956,0.010989
5,3166,0.043956,0.010989
5,3167,0.043956,0.010989
5,3168,0.043956,0.010989
5,3169,0.032967,0.010989
5,3170,0.032967,0.010989
5,3171,0.032967,0.010989
5,3172,0.021978,0.010989
5,3173,0.021978,0.010989
5,3174,0.021978,0.010989
5,3175,0.021978,0.010989
5,3176,0.021978,0.010989
5,3177,0.021978,0.010989
5,3178,0.021978,0.010989
5,3179,0.021978,0.010989
5,3180,0.021978,0.010989
5,3181,0.021978,0.010989
5,3182,0.021978,0.010989
5,3183,0.021978,0.010989
5,3184,0.032967,0.010989
5,3185,0.032967,0.010989
5,3186,0.032967,0.010989
5,3187,0.032967,0.010989
5,3188,0.043956,0.010989
5,3189,0.043956,0.010989
5,3190,0.043956,0.010989
5,3191,0.043956,0.010989
5,3192,0.043956,0.010989
5,3193,0.054945,0.010989
5,3194,0.054945,0.010989
5,3195,0.054945,0.010989
5,3196,0.043956,0.010989
5,3197,0.043956,0.010989
5,3198,0.043956,0.010989
5,3199,0.043956,0.010989
5,3200,0.043956,0.010989
5,3201,0.043956,0.010989
5,3202,0.043956,0.010989
5,3203,0.043956,0.010989
5,3204,0.043956,0.010989
5,3205,0.043956,0.010989
5,3206,0.043956,0.010989
5,3207,0.043956,0.010989
5,3208,0.043956,0.010989
5,3209,0.043956,0.010989
5,3210,0.043956,0.010989
5,3211,0.065934,0.010989
5,3212,0.065934,0.010989
5,3213,0.043956,0.010989
5,3214,0.043956,0.010989
5,3215,0.043956,0.010989
5,3216,0.043956,0.010989
5,3217,0.043956,0.010989
5,3218,0.043956,0.010989
5,3219,0.043956,0.010989
5,3220,0.043956,0.010989
5,3221,0.043956,0.010989
5,3222,0.032967,0.010989
5,3223,0.032967,0.010989
5,3224,0.032967,0.010989
5,3225,0.032967,0.010989
5,3226,0.032967,0.010989
5,3227,0.032967,0.010989
5,3228,0.032967,0.010989
5,3229,0.032967,0.010989
5,3230,0.032967,0.010989
5,3231,0.032967,0.010989
5,3232,0.032967,0.010989
5,3233,0.032967,0.010989
5,3234,0.032967,0.010989
5,3235,0.032967,0.010989
5,3236,0.032967,0.010989
5,3237,0.032967,0.010989
5,3238,0.032967,0.010989
5,3239,0.032967,0.010989
5,3240,0.032967,0.010989
5,3241,0.032967,0.010989
5,3242,0.032967,0.010989
5,3243,0.032967,0.010989
5,3244,0.032967,0.010989
5,3245,0.032967,0.010989
5,3246,0.032967,0.010989
5,3247,0.032967,0.010989
5,3248,0.021978,0.010989
5,3249,0.021978,0.010989
5,3250,0.021978,0.010989
5,3251,0.021978,0.010989
5,3252,0.021978,0.010989
5,3253,0.021978,0.010989
5,3254,0.021978,0.010989
5,3255,0.021978,0.010989
5,3256,0.021978,0.010989
5,3257,0.021978,0.010989
5,3258,0.021978,0.010989
5,3259,0.021978,0.010989
5,3260,0.021978,0.010989
5,3261,0.021978,0.010989
5,3262,0.021978,0.010989
5,3263,0.032967,0.010989
5,3264,0.032967,0.010989
5,3265,0.032967,0.010989
5,3266,0.032967,0.010989
5,3267,0.021978,0.010989
5,3268,0.021978,0.010989
5,3269,0.021978,0.010989
5,3270,0.021978,0.010989
5,3271,0.021978,0.010989
5,3272,0.021978,0.010989
5,3273,0.021978,0.010989
5,3274,0.021978,0.010989
5,3275,0.021978,0.010989
5,3276,0.021978,0.010989
5,3277,0.021978,0.010989
5,3278,0.021978,0.010989
5,3279,0.021978,0.010989
5,3280,0.021978,0.010989
5,3281,0.021978,0.010989
5,3282,0.021978,0.010989
5,3283,0.021978,0.010989
5,3284,0.021978,0.010989
5,3285,0.021978,0.010989
5,3286,0.021978,0.010989
5,3287,0.021978,0.010989
5,3288,0.043956,0.010989
5,3289,0.043956,0.010989
5,3290,0.043956,0.010989
5,3291,0.043956,0.010989
5,3292,0.043956,0.010989
5,3293,0.043956,0.010989
5,3294,0.043956,0.010989
5,3295,0.032967,0.010989
5,3296,0.021978,0.010989
5,3297,0.021978,0.010989
5,3298,0.021978,0.010989
5,3299,0.021978,0.010989
5,3300,0.021978,0.010989
5,3301,0.021978,0.010989
5,3302,0.021978,0.010989
5,3303,0.021978,0.010989
5,3304,0.032967,0.010989
5,3305,0.032967,0.010989
5,3306,0.032967,0.010989
5,3307,0.032967,0.010989
5,3308,0.032967,0.010989
5,3309,0.021978,0.010989
5,3310,0.010989,0.010989
5,3311,0.010989,0.010989
5,3312,0.010989,0.010989
5,3313,0.010989,0.010989
5,3314,0.010989,0.010989
5,3315,0.010989,0.010989
5,3316,0.010989,0.010989
5,3317,0.010989,0.010989
5,3318,0.010989,0.010989
5,3319,0.010989,0.010989
5,3320,0.010989,0.010989
5,3321,0.021978,0.010989
5,3322,0.021978,0.010989
5,3323,0.021978,0.010989
5,3324,0.021978,0.010989
5,3325,0.021978,0.010989
5,3326,0.021978,0.010989
5,3327,0.032967,0.010989
5,3328,0.032967,0.010989
5,3329,0.032967,0.010989
5,3330,0.032967,0.010989
5,3331,0.032967,0.010989
5,3332,0.032967,0.010989
5,3333,0.032967,0.010989
5,3334,0.043956,0.010989
5,3335,0.043956,0.010989
5,3336,0.043956,0.010989
5,3337,0.043956,0.010989
5,3338,0.043956,0.010989
5,3339,0.043956,0.010989
5,3340,0.043956,0.010989
5,3341,0.032967,0.010989
5,3342,0.032967,0.010989
5,3343,0.032967,0.010989
5,3344,0.032967,0.010989
5,3345,0.032967,0.010989
5,3346,0.032967,0.010989
5,3347,0.032967,0.010989
5,3348,0.032967,0.010989
5,3349,0.032967,0.010989
5,3350,0.032967,0.010989
5,3351,0.032967,0.010989
5,3352,0.032967,0.010989
5,3353,0.032967,0.010989
5,3354,0.032967,0.010989
5,3355,0.032967,0.010989
5,3356,0.032967,0.010989
5,3357,0.032967,0.010989
5,3358,0.032967,0.010989
5,3359,0.032967,0.010989
5,3360,0.032967,0.010989
5,3361,0.032967,0.010989
5,3362,0.032967,0.010989
5,3363,0.032967,0.010989
5,3364,0.032967,0.010989
5,3365,0.032967,0.010989
5,3366,0.032967,0.010989
5,3367,0.032967,0.010989
5,3368,0.032967,0.010989
5,3369,0.032967,0.010989
5,3370,0.032967,0.010989
5,3371,0.032967,0.010989
5,3372,0.032967,0.010989
5,3373,0.032967,0.010989
5,3374,0.032967,0.010989
5,3375,0.032967,0.010989
5,3376,0.032967,0.010989
5,3377,0.032967,0.010989
5,3378,0.032967,0.010989
5,3379,0.032967,0.010989
5,3380,0.032967,0.010989
5,3381,0.032967,0.010989
5,3382,0.032967,0.010989
5,3383,0.032967,0.010989
5,3384,0.032967,0.010989
5,3385,0.021978,0.010989
5,3386,0.021978,0.010989
5,3387,0.021978,0.010989
5,3388,0.010989,0.010989
5,3389,0.010989,0.010989
5,3390,0.010989,0.010989
5,3391,0.010989,0.010989
5,3392,0.010989,0.010989
5,3393,0.010989,0.010989
5,3394,0.010989,0.010989
5,3395,0.010989,0.010989
5,3396,0.010989,0.010989
5,3397,0.010989,0.010989
5,3398,0.010989,0.010989
5,3399,0.010989,0.010989
5,3400,0.010989,0.010989
5,3401,0.010989,0.010989
5,3402,0.010989,0.010989
5,3403,0.010989,0.010989
5,3404,0.010989,0.010989
5,3405,0.010989,0.010989
5,3406,0.010989,0.010989
5,3407,0.010989,0.010989
5,3408,0.010989,0.010989
5,3409,0.010989,0.010989
5,3410,0.010989,0.010989
5,3411,0.010989,0.010989
5,3412,0.010989,0.010989
5,3413,0.010989,0.010989
5,3414,0.010989,0.010989
5,3415,0.000000,0.000000
6,0,0.164835,0.109890
6,1,0.131868,0.109890
6,2,0.131868,0.109890
6,3,0.175824,0.109890
6,4,0.109890,0.109890
6,5,0.098901,0.098901
6,6,0.087912,0.087912
6,7,0.087912,0.087912
6,8,0.087912,0.087912
6,9,0.054945,0.054945
6,10,0.054945,0.054945
6,11,0.076923,0.054945
6,12,0.087912,0.054945
6,13,0.098901,0.054945
6,14,0.109890,0.054945
6,15,0.131868,0.054945
6,16,0.142857,0.054945
6,17,0.120879,0.054945
6,18,0.131868,0.054945
6,19,0.142857,0.054945
6,20,0.153846,0.054945
6,21,0.164835,0.054945
6,22,0.164835,0.054945
6,23,0.131868,0.054945
6,24,0.120879,0.054945
6,25,0.109890,0.054945
6,26,0.098901,0.054945
6,27,0.087912,0.054945
6,28,0.109890,0.054945
6,29,0.109890,0.054945
6,30,0.087912,0.054945
6,31,0.076923,0.054945
6,32,0.098901,0.054945
6,33,0.120879,0.054945
6,34,0.120879,0.054945
6,35,0.142857,0.054945
6,36,0.131868,0.054945
6,37,0.098901,0.054945
6,38,0.098901,0.054945
6,39,0.076923,0.054945
6,40,0.098901,0.054945
6,41,0.109890,0.054945
6,42,0.076923,0.054945
6,43,0.098901,0.054945
6,44,0.109890,0.054945
6,45,0.087912,0.054945
6,46,0.098901,0.054945
6,47,0.087912,0.054945
6,48,0.131868,0.054945
6,49,0.142857,0.054945
6,50,0.098901,0.054945
6,51,0.098901,0.054945
6,52,0.109890,0.054945
6,53,0.131868,0.054945
6,54,0.153846,0.054945
6,55,0.175824,0.054945
6,56,0.164835,0.054945
6,57,0.142857,0.054945
6,58,0.109890,0.054945
6,59,0.109890,0.054945
6,60,0.120879,0.054945
6,61,0.109890,0.054945
6,62,0.142857,0.054945
6,63,0.131868,0.054945
6,64,0.109890,0.054945
6,65,0.098901,0.054945
6,66,0.087912,0.054945
6,67,0.131868,0.054945
6,68,0.131868,0.054945
6,69,0.120879,0.054945
6,70,0.131868,0.054945
6,71,0.142857,0.054945
6,72,0.153846,0.054945
6,73,0.109890,0.054945
6,74,0.087912,0.054945
6,75,0.087912,0.054945
6,76,0.076923,0.054945
6,77,0.076923,0.054945
6,78,0.087912,0.054945
6,79,0.087912,0.054945
6,80,0.065934,0.054945
6,81,0.054945,0.054945
6,82,0.065934,0.054945
6,83,0.098901,0.054945
6,84,0.109890,0.054945
6,85,0.109890,0.054945
6,86,0.131868,0.054945
6,87,0.142857,0.054945
6,88,0.186813,0.054945
6,89,0.175824,0.054945
6,90,0.164835,0.054945
6,91,0.164835,0.054945
6,92,0.131868,0.054945
6,93,0.120879,0.054945
6,94,0.142857,0.054945
6,95,0.153846,0.054945
6,96,0.131868,0.054945
6,97,0.098901,0.054945
6,98,0.098901,0.054945
6,99,0.109890,0.054945
6,100,0.098901,0.054945
6,101,0.109890,0.054945
6,102,0.087912,0.054945
6,103,0.065934,0.054945
6,104,0.087912,0.054945
6,105,0.054945,0.054945
6,106,0.076923,0.054945
6,107,0.076923,0.054945
6,108,0.065934,0.054945
6,109,0.054945,0.054945
6,110,0.054945,0.054945
6,111,0.032967,0.032967
6,112,0.065934,0.032967
6,113,0.054945,0.032967
6,114,0.054945,0.032967
6,115,0.065934,0.032967
6,116,0.076923,0.032967
6,117,0.087912,0.032967
6,118,0.109890,0.032967
6,119,0.109890,0.032967
6,120,0.087912,0.032967
6,121,0.054945,0.032967
6,122,0.054945,0.032967
6,123,0.054945,0.032967
6,124,0.054945,0.032967
6,125,0.087912,0.032967
6,126,0.098901,0.032967
6,127,0.087912,0.032967
6,128,0.109890,0.032967
6,129,0.120879,0.032967
6,130,0.120879,0.032967
6,131,0.120879,0.032967
6,132,0.153846,0.032967
6,133,0.153846,0.032967
6,134,0.197802,0.032967
6,135,0.208791,0.032967
6,136,0.153846,0.032967
6,137,0.164835,0.032967
6,138,0.109890,0.032967
6,139,0.142857,0.032967
6,140,0.142857,0.032967
6,141,0.175824,0.032967
6,142,0.175824,0.032967
6,143,0.197802,0.032967
6,144,0.197802,0.032967
6,145,0.175824,0.032967
6,146,0.164835,0.032967
6,147,0.142857,0.032967
6,148,0.142857,0.032967
6,149,0.142857,0.032967
6,150,0.186813,0.032967
6,151,0.186813,0.032967
6,152,0.186813,0.032967
6,153,0.186813,0.032967
6,154,0.153846,0.032967
6,155,0.153846,0.032967
6,156,0.175824,0.032967
6,157,0.098901,0.032967
6,158,0.153846,0.032967
6,159,0.153846,0.032967
6,160,0.120879,0.032967
6,161,0.120879,0.032967
6,162,0.098901,0.032967
6,163,0.109890,0.032967
6,164,0.098901,0.032967
6,165,0.087912,0.032967
6,166,0.153846,0.032967
6,167,0.087912,0.032967
6,168,0.076923,0.032967
6,169,0.065934,0.032967
6,170,0.054945,0.032967
6,171,0.065934,0.032967
6,172,0.065934,0.032967
6,173,0.098901,0.032967
6,174,0.098901,0.032967
6,175,0.109890,0.032967
6,176,0.109890,0.032967
6,177,0.043956,0.032967
6,178,0.043956,0.032967
6,179,0.043956,0.032967
6,180,0.054945,0.032967
6,181,0.065934,0.032967
6,182,0.043956,0.032967
6,183,0.054945,0.032967
6,184,0.054945,0.032967
6,185,0.054945,0.032967
6,186,0.043956,0.032967
6,187,0.043956,0.032967
6,188,0.043956,0.032967
6,189,0.043956,0.032967
6,190,0.043956,0.032967
6,191,0.032967,0.032967
6,192,0.021978,0.021978
6,193,0.032967,0.021978
6,194,0.043956,0.021978
6,195,0.065934,0.021978
6,196,0.076923,0.021978
6,197,0.087912,0.021978
6,198,0.076923,0.021978
6,199,0.087912,0.021978
6,200,0.065934,0.021978
6,201,0.087912,0.021978
6,202,0.054945,0.021978
6,203,0.065934,0.021978
6,204,0.043956,0.021978
6,205,0.131868,0.021978
6,206,0.153846,0.021978
6,207,0.142857,0.021978
6,208,0.131868,0.021978
6,209,0.142857,0.021978
6,210,0.120879,0.021978
6,211,0.098901,0.021978
6,212,0.087912,0.021978
6,213,0.087912,0.021978
6,214,0.087912,0.021978
6,215,0.098901,0.021978
6,216,0.098901,0.021978
6,217,0.098901,0.021978
6,218,0.109890,0.021978
6,219,0.098901,0.021978
6,220,0.087912,0.021978
6,221,0.098901,0.021978
6,222,0.098901,0.021978
6,223,0.120879,0.021978
6,224,0.098901,0.021978
6,225,0.120879,0.021978
6,226,0.120879,0.021978
6,227,0.120879,0.021978
6,228,0.109890,0.021978
6,229,0.098901,0.021978
6,230,0.087912,0.021978
6,231,0.065934,0.021978
6,232,0.076923,0.021978
6,233,0.076923,0.021978
6,234,0.076923,0.021978
6,235,0.065934,0.021978
6,236,0.076923,0.021978
6,237,0.076923,0.021978
6,238,0.098901,0.021978
6,239,0.109890,0.021978
6,240,0.098901,0.021978
6,241,0.109890,0.021978
6,242,0.076923,0.021978
6,243,0.109890,0.021978
6,244,0.131868,0.021978
6,245,0.109890,0.021978
6,246,0.098901,0.021978
6,247,0.087912,0.021978
6,248,0.109890,0.021978
6,249,0.120879,0.021978
6,250,0.109890,0.021978
6,251,0.098901,0.021978
6,252,0.098901,0.021978
6,253,0.098901,0.021978
6,254,0.076923,0.021978
6,255,0.087912,0.021978
6,256,0.065934,0.021978
6,257,0.054945,0.021978
6,258,0.054945,0.021978
6,259,0.054945,0.021978
6,260,0.065934,0.021978
6,261,0.076923,0.021978
6,262,0.054945,0.021978
6,263,0.076923,0.021978
6,264,0.065934,0.021978
6,265,0.076923,0.021978
6,266,0.076923,0.021978
6,267,0.087912,0.021978
6,268,0.087912,0.021978
6,269,0.131868,0.021978
6,270,0.109890,0.021978
6,271,0.120879,0.021978
6,272,0.131868,0.021978
6,273,0.109890,0.021978
6,274,0.098901,0.021978
6,275,0.120879,0.021978
6,276,0.109890,0.021978
6,277,0.120879,0.021978
6,278,0.109890,0.021978
6,279,0.087912,0.021978
6,280,0.098901,0.021978
6,281,0.131868,0.021978
6,282,0.164835,0.021978
6,283,0.142857,0.021978
6,284,0.164835,0.021978
6,285,0.164835,0.021978
6,286,0.186813,0.021978
6,287,0.208791,0.021978
6,288,0.164835,0.021978
6,289,0.164835,0.021978
6,290,0.164835,0.021978
6,291,0.142857,0.021978
6,292,0.175824,0.021978
6,293,0.131868,0.021978
6,294,0.109890,0.021978
6,295,0.109890,0.021978
6,296,0.153846,0.021978
6,297,0.142857,0.021978
6,298,0.153846,0.021978
6,299,0.153846,0.021978
6,300,0.098901,0.021978
6,301,0.087912,0.021978
6,302,0.076923,0.021978
6,303,0.087912,0.021978
6,304,0.087912,0.021978
6,305,0.098901,0.021978
6,306,0.098901,0.021978
6,307,0.087912,0.021978
6,308,0.098901,0.021978
6,309,0.109890,0.021978
6,310,0.087912,0.021978
6,311,0.098901,0.021978
6,312,0.087912,0.021978
6,313,0.120879,0.021978
6,314,0.109890,0.021978
6,315,0.098901,0.021978
6,316,0.098901,0.021978
6,317,0.065934,0.021978
6,318,0.076923,0.021978
6,319,0.076923,0.021978
6,320,0.076923,0.021978
6,321,0.087912,0.021978
6,322,0.142857,0.021978
6,323,0.131868,0.021978
6,324,0.142857,0.021978
6,325,0.153846,0.021978
6,326,0.142857,0.021978
6,327,0.142857,0.021978
6,328,0.098901,0.021978
6,329,0.087912,0.021978
6,330,0.131868,0.021978
6,331,0.131868,0.021978
6,332,0.131868,0.021978
6,333,0.098901,0.021978
6,334,0.087912,0.021978
6,335,0.065934,0.021978
6,336,0.098901,0.021978
6,337,0.098901,0.021978
6,338,0.098901,0.021978
6,339,0.098901,0.021978
6,340,0.065934,0.021978
6,341,0.065934,0.021978
6,342,0.076923,0.021978
6,343,0.065934,0.021978
6,344,0.120879,0.021978
6,345,0.131868,0.021978
6,346,0.164835,0.021978
6,347,0.153846,0.021978
6,348,0.131868,0.021978
6,349,0.153846,0.021978
6,350,0.153846,0.021978
6,351,0.153846,0.021978
6,352,0.175824,0.021978
6,353,0.175824,0.021978
6,354,0.153846,0.021978
6,355,0.175824,0.021978
6,356,0.175824,0.021978
6,357,0.142857,0.021978
6,358,0.131868,0.021978
6,359,0.120879,0.021978
6,360,0.109890,0.021978
6,361,0.153846,0.021978
6,362,0.142857,0.021978
6,363,0.131868,0.021978
6,364,0.120879,0.021978
6,365,0.164835,0.021978
6,366,0.208791,0.021978
6,367,0.219780,0.021978
6,368,0.230769,0.021978
6,369,0.219780,0.021978
6,370,0.208791,0.021978
6,371,0.208791,0.021978
6,372,0.142857,0.021978
6,373,0.153846,0.021978
6,374,0.131868,0.021978
6,375,0.120879,0.021978
6,376,0.131868,0.021978
6,377,0.109890,0.021978
6,378,0.131868,0.021978
6,379,0.131868,0.021978
6,380,0.175824,0.021978
6,381,0.197802,0.021978
6,382,0.197802,0.021978
6,383,0.164835,0.021978
6,384,0.153846,0.021978
6,385,0.153846,0.021978
6,386,0.098901,0.021978
6,387,0.087912,0.021978
6,388,0.098901,0.021978
6,389,0.098901,0.021978
6,390,0.098901,0.021978
6,391,0.109890,0.021978
6,392,0.098901,0.021978
6,393,0.120879,0.021978
6,394,0.109890,0.021978
6,395,0.153846,0.021978
6,396,0.109890,0.021978
6,397,0.120879,0.021978
6,398,0.109890,0.021978
6,399,0.109890,0.021978
6,400,0.120879,0.021978
6,401,0.142857,0.021978
6,402,0.153846,0.021978
6,403,0.142857,0.021978
6,404,0.120879,0.021978
6,405,0.109890,0.021978
6,406,0.109890,0.021978
6,407,0.142857,0.021978
6,408,0.120879,0.021978
6,409,0.109890,0.021978
6,410,0.120879,0.021978
6,411,0.164835,0.021978
6,412,0.131868,0.021978
6,413,0.142857,0.021978
6,414,0.142857,0.021978
6,415,0.186813,0.021978
6,416,0.186813,0.021978
6,417,0.186813,0.021978
6,418,0.219780,0.021978
6,419,0.208791,0.021978
6,420,0.153846,0.021978
6,421,0.175824,0.021978
6,422,0.153846,0.021978
6,423,0.164835,0.021978
6,424,0.142857,0.021978
6,425,0.131868,0.021978
6,426,0.109890,0.021978
6,427,0.142857,0.021978
6,428,0.098901,0.021978
6,429,0.142857,0.021978
6,430,0.153846,0.021978
6,431,0.120879,0.021978
6,432,0.120879,0.021978
6,433,0.175824,0.021978
6,434,0.208791,0.021978
6,435,0.175824,0.021978
6,436,0.219780,0.021978
6,437,0.175824,0.021978
6,438,0.175824,0.021978
6,439,0.164835,0.021978
6,440,0.175824,0.021978
6,441,0.164835,0.021978
6,442,0.175824,0.021978
6,443,0.175824,0.021978
6,444,0.142857,0.021978
6,445,0.098901,0.021978
6,446,0.065934,0.021978
6,447,0.065934,0.021978
6,448,0.076923,0.021978
6,449,0.065934,0.021978
6,450,0.098901,0.021978
6,451,0.131868,0.021978
6,452,0.098901,0.021978
6,453,0.120879,0.021978
6,454,0.098901,0.021978
6,455,0.109890,0.021978
6,456,0.142857,0.021978
6,457,0.131868,0.021978
6,458,0.142857,0.021978
6,459,0.131868,0.021978
6,460,0.153846,0.021978
6,461,0.186813,0.021978
6,462,0.175824,0.021978
6,463,0.175824,0.021978
6,464,0.175824,0.021978
6,465,0.153846,0.021978
6,466,0.120879,0.021978
6,467,0.098901,0.021978
6,468,0.098901,0.021978
6,469,0.109890,0.021978
6,470,0.098901,0.021978
6,471,0.098901,0.021978
6,472,0.087912,0.021978
6,473,0.109890,0.021978
6,474,0.087912,0.021978
6,475,0.098901,0.021978
6,476,0.098901,0.021978
6,477,0.065934,0.021978
6,478,0.098901,0.021978
6,479,0.109890,0.021978
6,480,0.120879,0.021978
6,481,0.120879,0.021978
6,482,0.131868,0.021978
6,483,0.131868,0.021978
6,484,0.120879,0.021978
6,485,0.131868,0.021978
6,486,0.164835,0.021978
6,487,0.087912,0.021978
6,488,0.076923,0.021978
6,489,0.142857,0.021978
6,490,0.142857,0.021978
6,491,0.164835,0.021978
6,492,0.131868,0.021978
6,493,0.120879,0.021978
6,494,0.120879,0.021978
6,495,0.098901,0.021978
6,496,0.087912,0.021978
6,497,0.076923,0.021978
6,498,0.054945,0.021978
6,499,0.076923,0.021978
6,500,0.076923,0.021978
6,501,0.098901,0.021978
6,502,0.109890,0.021978
6,503,0.142857,0.021978
6,504,0.131868,0.021978
6,505,0.098901,0.021978
6,506,0.109890,0.021978
6,507,0.109890,0.021978
6,508,0.120879,0.021978
6,509,0.098901,0.021978
6,510,0.109890,0.021978
6,511,0.120879,0.021978
6,512,0.153846,0.021978
6,513,0.098901,0.021978
6,514,0.076923,0.021978
6,515,0.076923,0.021978
6,516,0.109890,0.021978
6,517,0.098901,0.021978
6,518,0.087912,0.021978
6,519,0.098901,0.021978
6,520,0.098901,0.021978
6,521,0.109890,0.021978
6,522,0.120879,0.021978
6,523,0.120879,0.021978
6,524,0.109890,0.021978
6,525,0.098901,0.021978
6,526,0.087912,0.021978
6,527,0.098901,0.021978
6,528,0.065934,0.021978
6,529,0.076923,0.021978
6,530,0.098901,0.021978
6,531,0.098901,0.021978
6,532,0.098901,0.021978
6,533,0.098901,0.021978
6,534,0.087912,0.021978
6,535,0.076923,0.021978
6,536,0.076923,0.021978
6,537,0.109890,0.021978
6,538,0.087912,0.021978
6,539,0.098901,0.021978
6,540,0.109890,0.021978
6,541,0.098901,0.021978
6,542,0.120879,0.021978
6,543,0.098901,0.021978
6,544,0.065934,0.021978
6,545,0.087912,0.021978
6,546,0.087912,0.021978
6,547,0.098901,0.021978
6,548,0.109890,0.021978
6,549,0.098901,0.021978
6,550,0.109890,0.021978
6,551,0.120879,0.021978
6,552,0.098901,0.021978
6,553,0.087912,0.021978
6,554,0.087912,0.021978
6,555,0.109890,0.021978
6,556,0.120879,0.021978
6,557,0.131868,0.021978
6,558,0.120879,0.021978
6,559,0.131868,0.021978
6,560,0.153846,0.021978
6,561,0.131868,0.021978
6,562,0.131868,0.021978
6,563,0.120879,0.021978
6,564,0.120879,0.021978
6,565,0.109890,0.021978
6,566,0.076923,0.021978
6,567,0.087912,0.021978
6,568,0.054945,0.021978
6,569,0.065934,0.021978
6,570,0.065934,0.021978
6,571,0.076923,0.021978
6,572,0.076923,0.021978
6,573,0.076923,0.021978
6,574,0.065934,0.021978
6,575,0.065934,0.021978
6,576,0.087912,0.021978
6,577,0.098901,0.021978
6,578,0.109890,0.021978
6,579,0.087912,0.021978
6,580,0.120879,0.021978
6,581,0.098901,0.021978
6,582,0.098901,0.021978
6,583,0.109890,0.021978
6,584,0.098901,0.021978
6,585,0.131868,0.021978
6,586,0.109890,0.021978
6,587,0.109890,0.021978
6,588,0.109890,0.021978
6,589,0.109890,0.021978
6,590,0.098901,0.021978
6,591,0.120879,0.021978
6,592,0.087912,0.021978
6,593,0.065934,0.021978
6,594,0.076923,0.021978
6,595,0.087912,0.021978
6,596,0.087912,0.021978
6,597,0.087912,0.021978
6,598,0.109890,0.021978
6,599,0.098901,0.021978
6,600,0.087912,0.021978
6,601,0.076923,0.021978
6,602,0.087912,0.021978
6,603,0.098901,0.021978
6,604,0.087912,0.021978
6,605,0.087912,0.021978
6,606,0.087912,0.021978
6,607,0.076923,0.021978
6,608,0.087912,0.021978
6,609,0.098901,0.021978
6,610,0.098901,0.021978
6,611,0.098901,0.021978
6,612,0.109890,0.021978
6,613,0.098901,0.021978
6,614,0.098901,0.021978
6,615,0.087912,0.021978
6,616,0.087912,0.021978
6,617,0.087912,0.021978
6,618,0.065934,0.021978
6,619,0.065934,0.021978
6,620,0.109890,0.021978
6,621,0.109890,0.021978
6,622,0.109890,0.021978
6,623,0.120879,0.021978
6,624,0.120879,0.021978
6,625,0.120879,0.021978
6,626,0.109890,0.021978
6,627,0.109890,0.021978
6,628,0.109890,0.021978
6,629,0.098901,0.021978
6,630,0.098901,0.021978
6,631,0.098901,0.021978
6,632,0.131868,0.021978
6,633,0.120879,0.021978
6,634,0.175824,0.021978
6,635,0.197802,0.021978
6,636,0.186813,0.021978
6,637,0.164835,0.021978
6,638,0.175824,0.021978
6,639,0.164835,0.021978
6,640,0.164835,0.021978
6,641,0.120879,0.021978
6,642,0.109890,0.021978
6,643,0.131868,0.021978
6,644,0.142857,0.021978
6,645,0.120879,0.021978
6,646,0.131868,0.021978
6,647,0.131868,0.021978
6,648,0.131868,0.021978
6,649,0.109890,0.021978
6,650,0.087912,0.021978
6,651,0.076923,0.021978
6,652,0.098901,0.021978
6,653,0.098901,0.021978
6,654,0.098901,0.021978
6,655,0.109890,0.021978
6,656,0.131868,0.021978
6,657,0.098901,0.021978
6,658,0.087912,0.021978
6,659,0.098901,0.021978
6,660,0.131868,0.021978
6,661,0.131868,0.021978
6,662,0.120879,0.021978
6,663,0.153846,0.021978
6,664,0.131868,0.021978
6,665,0.109890,0.021978
6,666,0.109890,0.021978
6,667,0.109890,0.021978
6,668,0.098901,0.021978
6,669,0.076923,0.021978
6,670,0.087912,0.021978
6,671,0.087912,0.021978
6,672,0.076923,0.021978
6,673,0.065934,0.021978
6,674,0.076923,0.021978
6,675,0.054945,0.021978
6,676,0.087912,0.021978
6,677,0.076923,0.021978
6,678,0.087912,0.021978
6,679,0.087912,0.021978
6,680,0.087912,0.021978
6,681,0.076923,0.021978
6,682,0.043956,0.021978
6,683,0.054945,0.021978
6,684,0.054945,0.021978
6,685,0.054945,0.021978
6,686,0.054945,0.021978
6,687,0.032967,0.021978
6,688,0.043956,0.021978
6,689,0.043956,0.021978
6,690,0.065934,0.021978
6,691,0.087912,0.021978
6,692,0.109890,0.021978
6,693,0.087912,0.021978
6,694,0.065934,0.021978
6,695,0.076923,0.021978
6,696,0.087912,0.021978
6,697,0.087912,0.021978
6,698,0.065934,0.021978
6,699,0.109890,0.021978
6,700,0.131868,0.021978
6,701,0.153846,0.021978
6,702,0.142857,0.021978
6,703,0.131868,0.021978
6,704,0.098901,0.021978
6,705,0.175824,0.021978
6,706,0.164835,0.021978
6,707,0.142857,0.021978
6,708,0.142857,0.021978
6,709,0.164835,0.021978
6,710,0.142857,0.021978
6,711,0.164835,0.021978
6,712,0.164835,0.021978
6,713,0.164835,0.021978
6,714,0.142857,0.021978
6,715,0.142857,0.021978
6,716,0.175824,0.021978
6,717,0.109890,0.021978
6,718,0.120879,0.021978
6,719,0.164835,0.021978
6,720,0.208791,0.021978
6,721,0.252747,0.021978
6,722,0.164835,0.021978
6,723,0.142857,0.021978
6,724,0.142857,0.021978
6,725,0.131868,0.021978
6,726,0.087912,0.021978
6,727,0.109890,0.021978
6,728,0.142857,0.021978
6,729,0.164835,0.021978
6,730,0.186813,0.021978
6,731,0.186813,0.021978
6,732,0.153846,0.021978
6,733,0.153846,0.021978
6,734,0.142857,0.021978
6,735,0.131868,0.021978
6,736,0.153846,0.021978
6,737,0.153846,0.021978
6,738,0.131868,0.021978
6,739,0.186813,0.021978
6,740,0.131868,0.021978
6,741,0.120879,0.021978
6,742,0.120879,0.021978
6,743,0.131868,0.021978
6,744,0.131868,0.021978
6,745,0.142857,0.021978
6,746,0.164835,0.021978
6,747,0.164835,0.021978
6,748,0.186813,0.021978
6,749,0.208791,0.021978
6,750,0.164835,0.021978
6,751,0.208791,0.021978
6,752,0.219780,0.021978
6,753,0.197802,0.021978
6,754,0.197802,0.021978
6,755,0.197802,0.021978
6,756,0.208791,0.021978
6,757,0.197802,0.021978
6,758,0.142857,0.021978
6,759,0.098901,0.021978
6,760,0.120879,0.021978
6,761,0.120879,0.021978
6,762,0.142857,0.021978
6,763,0.164835,0.021978
6,764,0.153846,0.021978
6,765,0.153846,0.021978
6,766,0.120879,0.021978
6,767,0.109890,0.021978
6,768,0.098901,0.021978
6,769,0.087912,0.021978
6,770,0.087912,0.021978
6,771,0.087912,0.021978
6,772,0.076923,0.021978
6,773,0.098901,0.021978
6,774,0.098901,0.021978
6,775,0.109890,0.021978
6,776,0.109890,0.021978
6,777,0.109890,0.021978
6,778,0.098901,0.021978
6,779,0.087912,0.021978
6,780,0.065934,0.021978
6,781,0.065934,0.021978
6,782,0.076923,0.021978
6,783,0.098901,0.021978
6,784,0.087912,0.021978
6,785,0.120879,0.021978
6,786,0.120879,0.021978
6,787,0.109890,0.021978
6,788,0.087912,0.021978
6,789,0.098901,0.021978
6,790,0.098901,0.021978
6,791,0.076923,0.021978
6,792,0.076923,0.021978
6,793,0.065934,0.021978
6,794,0.076923,0.021978
6,795,0.076923,0.021978
6,796,0.076923,0.021978
6,797,0.109890,0.021978
6,798,0.076923,0.021978
6,799,0.076923,0.021978
6,800,0.087912,0.021978
6,801,0.087912,0.021978
6,802,0.076923,0.021978
6,803,0.054945,0.021978
6,804,0.054945,0.021978
6,805,0.087912,0.021978
6,806,0.120879,0.021978
6,807,0.076923,0.021978
6,808,0.098901,0.021978
6,809,0.109890,0.021978
6,810,0.120879,0.021978
6,811,0.120879,0.021978
6,812,0.098901,0.021978
6,813,0.098901,0.021978
6,814,0.109890,0.021978
6,815,0.142857,0.021978
6,816,0.120879,0.021978
6,817,0.131868,0.021978
6,818,0.142857,0.021978
6,819,0.142857,0.021978
6,820,0.109890,0.021978
6,821,0.098901,0.021978
6,822,0.087912,0.021978
6,823,0.087912,0.021978
6,824,0.098901,0.021978
6,825,0.087912,0.021978
6,826,0.109890,0.021978
6,827,0.142857,0.021978
6,828,0.164835,0.021978
6,829,0.120879,0.021978
6,830,0.131868,0.021978
6,831,0.120879,0.021978
6,832,0.087912,0.021978
6,833,0.098901,0.021978
6,834,0.065934,0.021978
6,835,0.065934,0.021978
6,836,0.109890,0.021978
6,837,0.098901,0.021978
6,838,0.109890,0.021978
6,839,0.120879,0.021978
6,840,0.109890,0.021978
6,841,0.098901,0.021978
6,842,0.109890,0.021978
6,843,0.109890,0.021978
6,844,0.120879,0.021978
6,845,0.120879,0.021978
6,846,0.120879,0.021978
6,847,0.131868,0.021978
6,848,0.120879,0.021978
6,849,0.109890,0.021978
6,850,0.131868,0.021978
6,851,0.120879,0.021978
6,852,0.142857,0.021978
6,853,0.131868,0.021978
6,854,0.109890,0.021978
6,855,0.076923,0.021978
6,856,0.098901,0.021978
6,857,0.109890,0.021978
6,858,0.109890,0.021978
6,859,0.098901,0.021978
6,860,0.098901,0.021978
6,861,0.109890,0.021978
6,862,0.098901,0.021978
6,863,0.131868,0.021978
6,864,0.098901,0.021978
6,865,0.076923,0.021978
6,866,0.032967,0.021978
6,867,0.043956,0.021978
6,868,0.043956,0.021978
6,869,0.054945,0.021978
6,870,0.054945,0.021978
6,871,0.087912,0.021978
6,872,0.109890,0.021978
6,873,0.120879,0.021978
6,874,0.076923,0.021978
6,875,0.087912,0.021978
6,876,0.087912,0.021978
6,877,0.087912,0.021978
6,878,0.098901,0.021978
6,879,0.076923,0.021978
6,880,0.109890,0.021978
6,881,0.120879,0.021978
6,882,0.142857,0.021978
6,883,0.164835,0.021978
6,884,0.197802,0.021978
6,885,0.197802,0.021978
6,886,0.208791,0.021978
6,887,0.175824,0.021978
6,888,0.142857,0.021978
6,889,0.142857,0.021978
6,890,0.131868,0.021978
6,891,0.153846,0.021978
6,892,0.175824,0.021978
6,893,0.197802,0.021978
6,894,0.197802,0.021978
6,895,0.164835,0.021978
6,896,0.219780,0.021978
6,897,0.241758,0.021978
6,898,0.219780,0.021978
6,899,0.208791,0.021978
6,900,0.241758,0.021978
6,901,0.274725,0.021978
6,902,0.208791,0.021978
6,903,0.219780,0.021978
6,904,0.230769,0.021978
6,905,0.241758,0.021978
6,906,0.197802,0.021978
6,907,0.186813,0.021978
6,908,0.230769,0.021978
6,909,0.230769,0.021978
6,910,0.197802,0.021978
6,911,0.164835,0.021978
6,912,0.164835,0.021978
6,913,0.186813,0.021978
6,914,0.186813,0.021978
6,915,0.153846,0.021978
6,916,0.109890,0.021978
6,917,0.098901,0.021978
6,918,0.098901,0.021978
6,919,0.054945,0.021978
6,920,0.054945,0.021978
6,921,0.098901,0.021978
6,922,0.120879,0.021978
6,923,0.142857,0.021978
6,924,0.153846,0.021978
6,925,0.197802,0.021978
6,926,0.208791,0.021978
6,927,0.186813,0.021978
6,928,0.175824,0.021978
6,929,0.175824,0.021978
6,930,0.131868,0.021978
6,931,0.120879,0.021978
6,932,0.142857,0.021978
6,933,0.142857,0.021978
6,934,0.142857,0.021978
6,935,0.109890,0.021978
6,936,0.120879,0.021978
6,937,0.120879,0.021978
6,938,0.120879,0.021978
6,939,0.109890,0.021978
6,940,0.098901,0.021978
6,941,0.120879,0.021978
6,942,0.120879,0.021978
6,943,0.120879,0.021978
6,944,0.076923,0.021978
6,945,0.120879,0.021978
6,946,0.109890,0.021978
6,947,0.109890,0.021978
6,948,0.087912,0.021978
6,949,0.087912,0.021978
6,950,0.109890,0.021978
6,951,0.120879,0.021978
6,952,0.120879,0.021978
6,953,0.131868,0.021978
6,954,0.109890,0.021978
6,955,0.054945,0.021978
6,956,0.076923,0.021978
6,957,0.087912,0.021978
6,958,0.109890,0.021978
6,959,0.109890,0.021978
6,960,0.076923,0.021978
6,961,0.076923,0.021978
6,962,0.065934,0.021978
6,963,0.043956,0.021978
6,964,0.032967,0.021978
6,965,0.076923,0.021978
6,966,0.098901,0.021978
6,967,0.098901,0.021978
6,968,0.098901,0.021978
6,969,0.142857,0.021978
6,970,0.098901,0.021978
6,971,0.098901,0.021978
6,972,0.076923,0.021978
6,973,0.054945,0.021978
6,974,0.054945,0.021978
6,975,0.032967,0.021978
6,976,0.043956,0.021978
6,977,0.043956,0.021978
6,978,0.076923,0.021978
6,979,0.054945,0.021978
6,980,0.065934,0.021978
6,981,0.065934,0.021978
6,982,0.076923,0.021978
6,983,0.120879,0.021978
6,984,0.076923,0.021978
6,985,0.065934,0.021978
6,986,0.065934,0.021978
6,987,0.054945,0.021978
6,988,0.120879,0.021978
6,989,0.087912,0.021978
6,990,0.054945,0.021978
6,991,0.109890,0.021978
6,992,0.087912,0.021978
6,993,0.098901,0.021978
6,994,0.098901,0.021978
6,995,0.098901,0.021978
6,996,0.098901,0.021978
6,997,0.076923,0.021978
6,998,0.065934,0.021978
6,999,0.043956,0.021978
6,1000,0.043956,0.021978
6,1001,0.076923,0.021978
6,1002,0.076923,0.021978
6,1003,0.076923,0.021978
6,1004,0.087912,0.021978
6,1005,0.076923,0.021978
6,1006,0.087912,0.021978
6,1007,0.087912,0.021978
6,1008,0.076923,0.021978
6,1009,0.054945,0.021978
6,1010,0.054945,0.021978
6,1011,0.087912,0.021978
6,1012,0.076923,0.021978
6,1013,0.054945,0.021978
6,1014,0.043956,0.021978
6,1015,0.076923,0.021978
6,1016,0.087912,0.021978
6,1017,0.087912,0.021978
6,1018,0.076923,0.021978
6,1019,0.109890,0.021978
6,1020,0.109890,0.021978
6,1021,0.153846,0.021978
6,1022,0.153846,0.021978
6,1023,0.153846,0.021978
6,1024,0.175824,0.021978
6,1025,0.142857,0.021978
6,1026,0.120879,0.021978
6,1027,0.120879,0.021978
6,1028,0.131868,0.021978
6,1029,0.131868,0.021978
6,1030,0.120879,0.021978
6,1031,0.109890,0.021978
6,1032,0.109890,0.021978
6,1033,0.120879,0.021978
6,1034,0.142857,0.021978
6,1035,0.131868,0.021978
6,1036,0.153846,0.021978
6,1037,0.175824,0.021978
6,1038,0.164835,0.021978
6,1039,0.153846,0.021978
6,1040,0.164835,0.021978
6,1041,0.175824,0.021978
6,1042,0.208791,0.021978
6,1043,0.219780,0.021978
6,1044,0.197802,0.021978
6,1045,0.153846,0.021978
6,1046,0.142857,0.021978
6,1047,0.153846,0.021978
6,1048,0.153846,0.021978
6,1049,0.120879,0.021978
6,1050,0.120879,0.021978
6,1051,0.120879,0.021978
6,1052,0.120879,0.021978
6,1053,0.131868,0.021978
6,1054,0.164835,0.021978
6,1055,0.153846,0.021978
6,1056,0.142857,0.021978
6,1057,0.142857,0.021978
6,1058,0.120879,0.021978
6,1059,0.131868,0.021978
6,1060,0.142857,0.021978
6,1061,0.142857,0.021978
6,1062,0.164835,0.021978
6,1063,0.131868,0.021978
6,1064,0.120879,0.021978
6,1065,0.120879,0.021978
6,1066,0.109890,0.021978
6,1067,0.098901,0.021978
6,1068,0.098901,0.021978
6,1069,0.098901,0.021978
6,1070,0.109890,0.021978
6,1071,0.120879,0.021978
6,1072,0.109890,0.021978
6,1073,0.098901,0.021978
6,1074,0.065934,0.021978
6,1075,0.109890,0.021978
6,1076,0.120879,0.021978
6,1077,0.142857,0.021978
6,1078,0.142857,0.021978
6,1079,0.164835,0.021978
6,1080,0.175824,0.021978
6,1081,0.164835,0.021978
6,1082,0.142857,0.021978
6,1083,0.131868,0.021978
6,1084,0.109890,0.021978
6,1085,0.120879,0.021978
6,1086,0.120879,0.021978
6,1087,0.153846,0.021978
6,1088,0.131868,0.021978
6,1089,0.131868,0.021978
6,1090,0.131868,0.021978
6,1091,0.120879,0.021978
6,1092,0.098901,0.021978
6,1093,0.109890,0.021978
6,1094,0.087912,0.021978
6,1095,0.087912,0.021978
6,1096,0.098901,0.021978
6,1097,0.098901,0.021978
6,1098,0.142857,0.021978
6,1099,0.153846,0.021978
6,1100,0.186813,0.021978
6,1101,0.186813,0.021978
6,1102,0.153846,0.021978
6,1103,0.153846,0.021978
6,1104,0.142857,0.021978
6,1105,0.131868,0.021978
6,1106,0.142857,0.021978
6,1107,0.164835,0.021978
6,1108,0.153846,0.021978
6,1109,0.164835,0.021978
6,1110,0.153846,0.021978
6,1111,0.142857,0.021978
6,1112,0.153846,0.021978
6,1113,0.164835,0.021978
6,1114,0.153846,0.021978
6,1115,0.109890,0.021978
6,1116,0.087912,0.021978
6,1117,0.076923,0.021978
6,1118,0.098901,0.021978
6,1119,0.076923,0.021978
6,1120,0.054945,0.021978
6,1121,0.054945,0.021978
6,1122,0.076923,0.021978
6,1123,0.109890,0.021978
6,1124,0.087912,0.021978
6,1125,0.098901,0.021978
6,1126,0.120879,0.021978
6,1127,0.131868,0.021978
6,1128,0.120879,0.021978
6,1129,0.120879,0.021978
6,1130,0.120879,0.021978
6,1131,0.131868,0.021978
6,1132,0.109890,0.021978
6,1133,0.131868,0.021978
6,1134,0.120879,0.021978
6,1135,0.131868,0.021978
6,1136,0.120879,0.021978
6,1137,0.120879,0.021978
6,1138,0.098901,0.021978
6,1139,0.098901,0.021978
6,1140,0.098901,0.021978
6,1141,0.120879,0.021978
6,1142,0.098901,0.021978
6,1143,0.120879,0.021978
6,1144,0.131868,0.021978
6,1145,0.120879,0.021978
6,1146,0.142857,0.021978
6,1147,0.087912,0.021978
6,1148,0.098901,0.021978
6,1149,0.087912,0.021978
6,1150,0.087912,0.021978
6,1151,0.098901,0.021978
6,1152,0.120879,0.021978
6,1153,0.120879,0.021978
6,1154,0.120879,0.021978
6,1155,0.186813,0.021978
6,1156,0.175824,0.021978
6,1157,0.164835,0.021978
6,1158,0.197802,0.021978
6,1159,0.142857,0.021978
6,1160,0.175824,0.021978
6,1161,0.208791,0.021978
6,1162,0.208791,0.021978
6,1163,0.186813,0.021978
6,1164,0.164835,0.021978
6,1165,0.164835,0.021978
6,1166,0.153846,0.021978
6,1167,0.175824,0.021978
6,1168,0.153846,0.021978
6,1169,0.109890,0.021978
6,1170,0.076923,0.021978
6,1171,0.087912,0.021978
6,1172,0.076923,0.021978
6,1173,0.109890,0.021978
6,1174,0.098901,0.021978
6,1175,0.131868,0.021978
6,1176,0.120879,0.021978
6,1177,0.120879,0.021978
6,1178,0.087912,0.021978
6,1179,0.087912,0.021978
6,1180,0.098901,0.021978
6,1181,0.109890,0.021978
6,1182,0.109890,0.021978
6,1183,0.120879,0.021978
6,1184,0.076923,0.021978
6,1185,0.065934,0.021978
6,1186,0.065934,0.021978
6,1187,0.065934,0.021978
6,1188,0.054945,0.021978
6,1189,0.098901,0.021978
6,1190,0.087912,0.021978
6,1191,0.109890,0.021978
6,1192,0.120879,0.021978
6,1193,0.109890,0.021978
6,1194,0.098901,0.021978
6,1195,0.098901,0.021978
6,1196,0.120879,0.021978
6,1197,0.131868,0.021978
6,1198,0.120879,0.021978
6,1199,0.076923,0.021978
6,1200,0.087912,0.021978
6,1201,0.120879,0.021978
6,1202,0.109890,0.021978
6,1203,0.109890,0.021978
6,1204,0.120879,0.021978
6,1205,0.120879,0.021978
6,1206,0.120879,0.021978
6,1207,0.109890,0.021978
6,1208,0.098901,0.021978
6,1209,0.109890,0.021978
6,1210,0.109890,0.021978
6,1211,0.131868,0.021978
6,1212,0.120879,0.021978
6,1213,0.120879,0.021978
6,1214,0.131868,0.021978
6,1215,0.120879,0.021978
6,1216,0.109890,0.021978
6,1217,0.098901,0.021978
6,1218,0.120879,0.021978
6,1219,0.109890,0.021978
6,1220,0.098901,0.021978
6,1221,0.109890,0.021978
6,1222,0.120879,0.021978
6,1223,0.098901,0.021978
6,1224,0.087912,0.021978
6,1225,0.054945,0.021978
6,1226,0.054945,0.021978
6,1227,0.087912,0.021978
6,1228,0.109890,0.021978
6,1229,0.098901,0.021978
6,1230,0.098901,0.021978
6,1231,0.087912,0.021978
6,1232,0.087912,0.021978
6,1233,0.087912,0.021978
6,1234,0.098901,0.021978
6,1235,0.098901,0.021978
6,1236,0.076923,0.021978
6,1237,0.098901,0.021978
6,1238,0.098901,0.021978
6,1239,0.098901,0.021978
6,1240,0.131868,0.021978
6,1241,0.098901,0.021978
6,1242,0.098901,0.021978
6,1243,0.087912,0.021978
6,1244,0.098901,0.021978
6,1245,0.087912,0.021978
6,1246,0.109890,0.021978
6,1247,0.109890,0.021978
6,1248,0.098901,0.021978
6,1249,0.109890,0.021978
6,1250,0.131868,0.021978
6,1251,0.120879,0.021978
6,1252,0.098901,0.021978
6,1253,0.142857,0.021978
6,1254,0.098901,0.021978
6,1255,0.120879,0.021978
6,1256,0.120879,0.021978
6,1257,0.120879,0.021978
6,1258,0.109890,0.021978
6,1259,0.076923,0.021978
6,1260,0.054945,0.021978
6,1261,0.054945,0.021978
6,1262,0.076923,0.021978
6,1263,0.076923,0.021978
6,1264,0.076923,0.021978
6,1265,0.076923,0.021978
6,1266,0.087912,0.021978
6,1267,0.087912,0.021978
6,1268,0.087912,0.021978
6,1269,0.098901,0.021978
6,1270,0.087912,0.021978
6,1271,0.087912,0.021978
6,1272,0.098901,0.021978
6,1273,0.098901,0.021978
6,1274,0.131868,0.021978
6,1275,0.142857,0.021978
6,1276,0.164835,0.021978
6,1277,0.153846,0.021978
6,1278,0.131868,0.021978
6,1279,0.120879,0.021978
6,1280,0.131868,0.021978
6,1281,0.142857,0.021978
6,1282,0.164835,0.021978
6,1283,0.175824,0.021978
6,1284,0.164835,0.021978
6,1285,0.153846,0.021978
6,1286,0.131868,0.021978
6,1287,0.131868,0.021978
6,1288,0.131868,0.021978
6,1289,0.120879,0.021978
6,1290,0.109890,0.021978
6,1291,0.098901,0.021978
6,1292,0.131868,0.021978
6,1293,0.142857,0.021978
6,1294,0.131868,0.021978
6,1295,0.131868,0.021978
6,1296,0.120879,0.021978
6,1297,0.098901,0.021978
6,1298,0.076923,0.021978
6,1299,0.076923,0.021978
6,1300,0.076923,0.021978
6,1301,0.087912,0.021978
6,1302,0.087912,0.021978
6,1303,0.109890,0.021978
6,1304,0.098901,0.021978
6,1305,0.076923,0.021978
6,1306,0.109890,0.021978
6,1307,0.098901,0.021978
6,1308,0.120879,0.021978
6,1309,0.131868,0.021978
6,1310,0.153846,0.021978
6,1311,0.175824,0.021978
6,1312,0.131868,0.021978
6,1313,0.098901,0.021978
6,1314,0.076923,0.021978
6,1315,0.142857,0.021978
6,1316,0.131868,0.021978
6,1317,0.120879,0.021978
6,1318,0.109890,0.021978
6,1319,0.098901,0.021978
6,1320,0.131868,0.021978
6,1321,0.131868,0.021978
6,1322,0.120879,0.021978
6,1323,0.120879,0.021978
6,1324,0.142857,0.021978
6,1325,0.153846,0.021978
6,1326,0.131868,0.021978
6,1327,0.142857,0.021978
6,1328,0.186813,0.021978
6,1329,0.197802,0.021978
6,1330,0.164835,0.021978
6,1331,0.142857,0.021978
6,1332,0.131868,0.021978
6,1333,0.175824,0.021978
6,1334,0.186813,0.021978
6,1335,0.197802,0.021978
6,1336,0.175824,0.021978
6,1337,0.131868,0.021978
6,1338,0.120879,0.021978
6,1339,0.109890,0.021978
6,1340,0.120879,0.021978
6,1341,0.120879,0.021978
6,1342,0.131868,0.021978
6,1343,0.120879,0.021978
6,1344,0.065934,0.021978
6,1345,0.087912,0.021978
6,1346,0.098901,0.021978
6,1347,0.131868,0.021978
6,1348,0.120879,0.021978
6,1349,0.120879,0.021978
6,1350,0.109890,0.021978
6,1351,0.109890,0.021978
6,1352,0.109890,0.021978
6,1353,0.109890,0.021978
6,1354,0.109890,0.021978
6,1355,0.109890,0.021978
6,1356,0.098901,0.021978
6,1357,0.109890,0.021978
6,1358,0.142857,0.021978
6,1359,0.153846,0.021978
6,1360,0.131868,0.021978
6,1361,0.109890,0.021978
6,1362,0.109890,0.021978
6,1363,0.098901,0.021978
6,1364,0.076923,0.021978
6,1365,0.065934,0.021978
6,1366,0.076923,0.021978
6,1367,0.076923,0.021978
6,1368,0.087912,0.021978
6,1369,0.076923,0.021978
6,1370,0.120879,0.021978
6,1371,0.120879,0.021978
6,1372,0.142857,0.021978
6,1373,0.142857,0.021978
6,1374,0.120879,0.021978
6,1375,0.131868,0.021978
6,1376,0.131868,0.021978
6,1377,0.109890,0.021978
6,1378,0.098901,0.021978
6,1379,0.098901,0.021978
6,1380,0.109890,0.021978
6,1381,0.076923,0.021978
6,1382,0.076923,0.021978
6,1383,0.076923,0.021978
6,1384,0.076923,0.021978
6,1385,0.065934,0.021978
6,1386,0.076923,0.021978
6,1387,0.087912,0.021978
6,1388,0.087912,0.021978
6,1389,0.076923,0.021978
6,1390,0.054945,0.021978
6,1391,0.032967,0.021978
6,1392,0.054945,0.021978
6,1393,0.065934,0.021978
6,1394,0.087912,0.021978
6,1395,0.098901,0.021978
6,1396,0.109890,0.021978
6,1397,0.131868,0.021978
6,1398,0.076923,0.021978
6,1399,0.120879,0.021978
6,1400,0.131868,0.021978
6,1401,0.142857,0.021978
6,1402,0.131868,0.021978
6,1403,0.131868,0.021978
6,1404,0.131868,0.021978
6,1405,0.109890,0.021978
6,1406,0.109890,0.021978
6,1407,0.109890,0.021978
6,1408,0.109890,0.021978
6,1409,0.109890,0.021978
6,1410,0.109890,0.021978
6,1411,0.076923,0.021978
6,1412,0.153846,0.021978
6,1413,0.153846,0.021978
6,1414,0.120879,0.021978
6,1415,0.109890,0.021978
6,1416,0.109890,0.021978
6,1417,0.109890,0.021978
6,1418,0.098901,0.021978
6,1419,0.120879,0.021978
6,1420,0.142857,0.021978
6,1421,0.153846,0.021978
6,1422,0.131868,0.021978
6,1423,0.131868,0.021978
6,1424,0.109890,0.021978
6,1425,0.131868,0.021978
6,1426,0.153846,0.021978
6,1427,0.153846,0.021978
6,1428,0.164835,0.021978
6,1429,0.142857,0.021978
6,1430,0.175824,0.021978
6,1431,0.142857,0.021978
6,1432,0.120879,0.021978
6,1433,0.164835,0.021978
6,1434,0.164835,0.021978
6,1435,0.164835,0.021978
6,1436,0.164835,0.021978
6,1437,0.164835,0.021978
6,1438,0.186813,0.021978
6,1439,0.175824,0.021978
6,1440,0.120879,0.021978
6,1441,0.098901,0.021978
6,1442,0.120879,0.021978
6,1443,0.131868,0.021978
6,1444,0.131868,0.021978
6,1445,0.120879,0.021978
6,1446,0.109890,0.021978
6,1447,0.120879,0.021978
6,1448,0.131868,0.021978
6,1449,0.153846,0.021978
6,1450,0.153846,0.021978
6,1451,0.131868,0.021978
6,1452,0.120879,0.021978
6,1453,0.131868,0.021978
6,1454,0.120879,0.021978
6,1455,0.120879,0.021978
6,1456,0.131868,0.021978
6,1457,0.131868,0.021978
6,1458,0.131868,0.021978
6,1459,0.131868,0.021978
6,1460,0.120879,0.021978
6,1461,0.131868,0.021978
6,1462,0.131868,0.021978
6,1463,0.109890,0.021978
6,1464,0.120879,0.021978
6,1465,0.153846,0.021978
6,1466,0.164835,0.021978
6,1467,0.153846,0.021978
6,1468,0.153846,0.021978
6,1469,0.164835,0.021978
6,1470,0.164835,0.021978
6,1471,0.164835,0.021978
6,1472,0.153846,0.021978
6,1473,0.153846,0.021978
6,1474,0.175824,0.021978
6,1475,0.175824,0.021978
6,1476,0.153846,0.021978
6,1477,0.120879,0.021978
6,1478,0.109890,0.021978
6,1479,0.098901,0.021978
6,1480,0.109890,0.021978
6,1481,0.131868,0.021978
6,1482,0.109890,0.021978
6,1483,0.120879,0.021978
6,1484,0.109890,0.021978
6,1485,0.109890,0.021978
6,1486,0.109890,0.021978
6,1487,0.098901,0.021978
6,1488,0.076923,0.021978
6,1489,0.076923,0.021978
6,1490,0.065934,0.021978
6,1491,0.076923,0.021978
6,1492,0.098901,0.021978
6,1493,0.109890,0.021978
6,1494,0.098901,0.021978
6,1495,0.076923,0.021978
6,1496,0.076923,0.021978
6,1497,0.076923,0.021978
6,1498,0.076923,0.021978
6,1499,0.076923,0.021978
6,1500,0.065934,0.021978
6,1501,0.098901,0.021978
6,1502,0.109890,0.021978
6,1503,0.098901,0.021978
6,1504,0.120879,0.021978
6,1505,0.098901,0.021978
6,1506,0.098901,0.021978
6,1507,0.098901,0.021978
6,1508,0.120879,0.021978
6,1509,0.098901,0.021978
6,1510,0.109890,0.021978
6,1511,0.098901,0.021978
6,1512,0.098901,0.021978
6,1513,0.131868,0.021978
6,1514,0.153846,0.021978
6,1515,0.142857,0.021978
6,1516,0.109890,0.021978
6,1517,0.098901,0.021978
6,1518,0.109890,0.021978
6,1519,0.098901,0.021978
6,1520,0.098901,0.021978
6,1521,0.098901,0.021978
6,1522,0.098901,0.021978
6,1523,0.098901,0.021978
6,1524,0.098901,0.021978
6,1525,0.109890,0.021978
6,1526,0.120879,0.021978
6,1527,0.120879,0.021978
6,1528,0.131868,0.021978
6,1529,0.120879,0.021978
6,1530,0.087912,0.021978
6,1531,0.065934,0.021978
6,1532,0.098901,0.021978
6,1533,0.098901,0.021978
6,1534,0.109890,0.021978
6,1535,0.087912,0.021978
6,1536,0.120879,0.021978
6,1537,0.131868,0.021978
6,1538,0.109890,0.021978
6,1539,0.109890,0.021978
6,1540,0.120879,0.021978
6,1541,0.120879,0.021978
6,1542,0.131868,0.021978
6,1543,0.120879,0.021978
6,1544,0.109890,0.021978
6,1545,0.109890,0.021978
6,1546,0.098901,0.021978
6,1547,0.098901,0.021978
6,1548,0.087912,0.021978
6,1549,0.087912,0.021978
6,1550,0.131868,0.021978
6,1551,0.120879,0.021978
6,1552,0.076923,0.021978
6,1553,0.109890,0.021978
6,1554,0.131868,0.021978
6,1555,0.153846,0.021978
6,1556,0.142857,0.021978
6,1557,0.142857,0.021978
6,1558,0.131868,0.021978
6,1559,0.142857,0.021978
6,1560,0.131868,0.021978
6,1561,0.109890,0.021978
6,1562,0.098901,0.021978
6,1563,0.065934,0.021978
6,1564,0.076923,0.021978
6,1565,0.054945,0.021978
6,1566,0.065934,0.021978
6,1567,0.054945,0.021978
6,1568,0.065934,0.021978
6,1569,0.054945,0.021978
6,1570,0.054945,0.021978
6,1571,0.054945,0.021978
6,1572,0.054945,0.021978
6,1573,0.054945,0.021978
6,1574,0.054945,0.021978
6,1575,0.065934,0.021978
6,1576,0.065934,0.021978
6,1577,0.065934,0.021978
6,1578,0.065934,0.021978
6,1579,0.076923,0.021978
6,1580,0.098901,0.021978
6,1581,0.087912,0.021978
6,1582,0.109890,0.021978
6,1583,0.120879,0.021978
6,1584,0.120879,0.021978
6,1585,0.131868,0.021978
6,1586,0.120879,0.021978
6,1587,0.109890,0.021978
6,1588,0.142857,0.021978
6,1589,0.142857,0.021978
6,1590,0.142857,0.021978
6,1591,0.164835,0.021978
6,1592,0.131868,0.021978
6,1593,0.120879,0.021978
6,1594,0.109890,0.021978
6,1595,0.131868,0.021978
6,1596,0.142857,0.021978
6,1597,0.142857,0.021978
6,1598,0.120879,0.021978
6,1599,0.131868,0.021978
6,1600,0.131868,0.021978
6,1601,0.120879,0.021978
6,1602,0.131868,0.021978
6,1603,0.120879,0.021978
6,1604,0.109890,0.021978
6,1605,0.120879,0.021978
6,1606,0.131868,0.021978
6,1607,0.120879,0.021978
6,1608,0.098901,0.021978
6,1609,0.076923,0.021978
6,1610,0.098901,0.021978
6,1611,0.109890,0.021978
6,1612,0.109890,0.021978
6,1613,0.120879,0.021978
6,1614,0.109890,0.021978
6,1615,0.120879,0.021978
6,1616,0.131868,0.021978
6,1617,0.131868,0.021978
6,1618,0.120879,0.021978
6,1619,0.142857,0.021978
6,1620,0.131868,0.021978
6,1621,0.142857,0.021978
6,1622,0.142857,0.021978
6,1623,0.153846,0.021978
6,1624,0.164835,0.021978
6,1625,0.142857,0.021978
6,1626,0.120879,0.021978
6,1627,0.120879,0.021978
6,1628,0.131868,0.021978
6,1629,0.153846,0.021978
6,1630,0.131868,0.021978
6,1631,0.131868,0.021978
6,1632,0.142857,0.021978
6,1633,0.131868,0.021978
6,1634,0.142857,0.021978
6,1635,0.153846,0.021978
6,1636,0.164835,0.021978
6,1637,0.153846,0.021978
6,1638,0.120879,0.021978
6,1639,0.087912,0.021978
6,1640,0.087912,0.021978
6,1641,0.065934,0.021978
6,1642,0.065934,0.021978
6,1643,0.065934,0.021978
6,1644,0.076923,0.021978
6,1645,0.054945,0.021978
6,1646,0.043956,0.021978
6,1647,0.032967,0.021978
6,1648,0.076923,0.021978
6,1649,0.065934,0.021978
6,1650,0.065934,0.021978
6,1651,0.109890,0.021978
6,1652,0.142857,0.021978
6,1653,0.164835,0.021978
6,1654,0.153846,0.021978
6,1655,0.131868,0.021978
6,1656,0.098901,0.021978
6,1657,0.109890,0.021978
6,1658,0.120879,0.021978
6,1659,0.109890,0.021978
6,1660,0.087912,0.021978
6,1661,0.087912,0.021978
6,1662,0.109890,0.021978
6,1663,0.131868,0.021978
6,1664,0.109890,0.021978
6,1665,0.098901,0.021978
6,1666,0.109890,0.021978
6,1667,0.131868,0.021978
6,1668,0.142857,0.021978
6,1669,0.131868,0.021978
6,1670,0.131868,0.021978
6,1671,0.175824,0.021978
6,1672,0.197802,0.021978
6,1673,0.175824,0.021978
6,1674,0.164835,0.021978
6,1675,0.120879,0.021978
6,1676,0.109890,0.021978
6,1677,0.120879,0.021978
6,1678,0.098901,0.021978
6,1679,0.087912,0.021978
6,1680,0.109890,0.021978
6,1681,0.087912,0.021978
6,1682,0.098901,0.021978
6,1683,0.109890,0.021978
6,1684,0.120879,0.021978
6,1685,0.175824,0.021978
6,1686,0.186813,0.021978
6,1687,0.142857,0.021978
6,1688,0.109890,0.021978
6,1689,0.109890,0.021978
6,1690,0.109890,0.021978
6,1691,0.087912,0.021978
6,1692,0.109890,0.021978
6,1693,0.142857,0.021978
6,1694,0.142857,0.021978
6,1695,0.142857,0.021978
6,1696,0.186813,0.021978
6,1697,0.197802,0.021978
6,1698,0.208791,0.021978
6,1699,0.186813,0.021978
6,1700,0.186813,0.021978
6,1701,0.186813,0.021978
6,1702,0.219780,0.021978
6,1703,0.263736,0.021978
6,1704,0.230769,0.021978
6,1705,0.263736,0.021978
6,1706,0.197802,0.021978
6,1707,0.197802,0.021978
6,1708,0.219780,0.021978
6,1709,0.241758,0.021978
6,1710,0.241758,0.021978
6,1711,0.219780,0.021978
6,1712,0.186813,0.021978
6,1713,0.164835,0.021978
6,1714,0.175824,0.021978
6,1715,0.175824,0.021978
6,1716,0.131868,0.021978
6,1717,0.109890,0.021978
6,1718,0.142857,0.021978
6,1719,0.098901,0.021978
6,1720,0.087912,0.021978
6,1721,0.087912,0.021978
6,1722,0.098901,0.021978
6,1723,0.098901,0.021978
6,1724,0.098901,0.021978
6,1725,0.131868,0.021978
6,1726,0.120879,0.021978
6,1727,0.109890,0.021978
6,1728,0.109890,0.021978
6,1729,0.120879,0.021978
6,1730,0.131868,0.021978
6,1731,0.087912,0.021978
6,1732,0.065934,0.021978
6,1733,0.087912,0.021978
6,1734,0.087912,0.021978
6,1735,0.098901,0.021978
6,1736,0.098901,0.021978
6,1737,0.120879,0.021978
6,1738,0.120879,0.021978
6,1739,0.109890,0.021978
6,1740,0.087912,0.021978
6,1741,0.087912,0.021978
6,1742,0.109890,0.021978
6,1743,0.142857,0.021978
6,1744,0.197802,0.021978
6,1745,0.197802,0.021978
6,1746,0.219780,0.021978
6,1747,0.208791,0.021978
6,1748,0.208791,0.021978
6,1749,0.219780,0.021978
6,1750,0.164835,0.021978
6,1751,0.153846,0.021978
6,1752,0.142857,0.021978
6,1753,0.142857,0.021978
6,1754,0.164835,0.021978
6,1755,0.175824,0.021978
6,1756,0.197802,0.021978
6,1757,0.142857,0.021978
6,1758,0.120879,0.021978
6,1759,0.087912,0.021978
6,1760,0.098901,0.021978
6,1761,0.120879,0.021978
6,1762,0.120879,0.021978
6,1763,0.131868,0.021978
6,1764,0.175824,0.021978
6,1765,0.153846,0.021978
6,1766,0.142857,0.021978
6,1767,0.109890,0.021978
6,1768,0.120879,0.021978
6,1769,0.109890,0.021978
6,1770,0.131868,0.021978
6,1771,0.109890,0.021978
6,1772,0.098901,0.021978
6,1773,0.109890,0.021978
6,1774,0.098901,0.021978
6,1775,0.098901,0.021978
6,1776,0.120879,0.021978
6,1777,0.120879,0.021978
6,1778,0.109890,0.021978
6,1779,0.098901,0.021978
6,1780,0.120879,0.021978
6,1781,0.120879,0.021978
6,1782,0.153846,0.021978
6,1783,0.142857,0.021978
6,1784,0.153846,0.021978
6,1785,0.131868,0.021978
6,1786,0.109890,0.021978
6,1787,0.098901,0.021978
6,1788,0.120879,0.021978
6,1789,0.120879,0.021978
6,1790,0.098901,0.021978
6,1791,0.120879,0.021978
6,1792,0.109890,0.021978
6,1793,0.120879,0.021978
6,1794,0.109890,0.021978
6,1795,0.153846,0.021978
6,1796,0.142857,0.021978
6,1797,0.120879,0.021978
6,1798,0.120879,0.021978
6,1799,0.131868,0.021978
6,1800,0.087912,0.021978
6,1801,0.109890,0.021978
6,1802,0.087912,0.021978
6,1803,0.131868,0.021978
6,1804,0.109890,0.021978
6,1805,0.109890,0.021978
6,1806,0.098901,0.021978
6,1807,0.065934,0.021978
6,1808,0.087912,0.021978
6,1809,0.098901,0.021978
6,1810,0.098901,0.021978
6,1811,0.087912,0.021978
6,1812,0.098901,0.021978
6,1813,0.109890,0.021978
6,1814,0.142857,0.021978
6,1815,0.131868,0.021978
6,1816,0.131868,0.021978
6,1817,0.131868,0.021978
6,1818,0.131868,0.021978
6,1819,0.109890,0.021978
6,1820,0.098901,0.021978
6,1821,0.120879,0.021978
6,1822,0.120879,0.021978
6,1823,0.109890,0.021978
6,1824,0.153846,0.021978
6,1825,0.109890,0.021978
6,1826,0.098901,0.021978
6,1827,0.098901,0.021978
6,1828,0.087912,0.021978
6,1829,0.109890,0.021978
6,1830,0.109890,0.021978
6,1831,0.131868,0.021978
6,1832,0.109890,0.021978
6,1833,0.120879,0.021978
6,1834,0.131868,0.021978
6,1835,0.153846,0.021978
6,1836,0.131868,0.021978
6,1837,0.109890,0.021978
6,1838,0.109890,0.021978
6,1839,0.109890,0.021978
6,1840,0.120879,0.021978
6,1841,0.120879,0.021978
6,1842,0.120879,0.021978
6,1843,0.120879,0.021978
6,1844,0.109890,0.021978
6,1845,0.120879,0.021978
6,1846,0.164835,0.021978
6,1847,0.120879,0.021978
6,1848,0.109890,0.021978
6,1849,0.120879,0.021978
6,1850,0.098901,0.021978
6,1851,0.087912,0.021978
6,1852,0.098901,0.021978
6,1853,0.120879,0.021978
6,1854,0.098901,0.021978
6,1855,0.098901,0.021978
6,1856,0.109890,0.021978
6,1857,0.186813,0.021978
6,1858,0.186813,0.021978
6,1859,0.153846,0.021978
6,1860,0.186813,0.021978
6,1861,0.164835,0.021978
6,1862,0.120879,0.021978
6,1863,0.120879,0.021978
6,1864,0.131868,0.021978
6,1865,0.120879,0.021978
6,1866,0.142857,0.021978
6,1867,0.109890,0.021978
6,1868,0.142857,0.021978
6,1869,0.153846,0.021978
6,1870,0.131868,0.021978
6,1871,0.131868,0.021978
6,1872,0.153846,0.021978
6,1873,0.131868,0.021978
6,1874,0.098901,0.021978
6,1875,0.087912,0.021978
6,1876,0.120879,0.021978
6,1877,0.087912,0.021978
6,1878,0.109890,0.021978
6,1879,0.098901,0.021978
6,1880,0.098901,0.021978
6,1881,0.098901,0.021978
6,1882,0.109890,0.021978
6,1883,0.109890,0.021978
6,1884,0.131868,0.021978
6,1885,0.109890,0.021978
6,1886,0.131868,0.021978
6,1887,0.120879,0.021978
6,1888,0.131868,0.021978
6,1889,0.109890,0.021978
6,1890,0.098901,0.021978
6,1891,0.087912,0.021978
6,1892,0.098901,0.021978
6,1893,0.087912,0.021978
6,1894,0.076923,0.021978
6,1895,0.065934,0.021978
6,1896,0.076923,0.021978
6,1897,0.076923,0.021978
6,1898,0.109890,0.021978
6,1899,0.109890,0.021978
6,1900,0.131868,0.021978
6,1901,0.153846,0.021978
6,1902,0.131868,0.021978
6,1903,0.120879,0.021978
6,1904,0.120879,0.021978
6,1905,0.109890,0.021978
6,1906,0.087912,0.021978
6,1907,0.098901,0.021978
6,1908,0.087912,0.021978
6,1909,0.098901,0.021978
6,1910,0.098901,0.021978
6,1911,0.076923,0.021978
6,1912,0.087912,0.021978
6,1913,0.087912,0.021978
6,1914,0.087912,0.021978
6,1915,0.087912,0.021978
6,1916,0.087912,0.021978
6,1917,0.065934,0.021978
6,1918,0.076923,0.021978
6,1919,0.076923,0.021978
6,1920,0.109890,0.021978
6,1921,0.098901,0.021978
6,1922,0.109890,0.021978
6,1923,0.153846,0.021978
6,1924,0.131868,0.021978
6,1925,0.120879,0.021978
6,1926,0.098901,0.021978
6,1927,0.098901,0.021978
6,1928,0.109890,0.021978
6,1929,0.109890,0.021978
6,1930,0.142857,0.021978
6,1931,0.142857,0.021978
6,1932,0.109890,0.021978
6,1933,0.120879,0.021978
6,1934,0.120879,0.021978
6,1935,0.120879,0.021978
6,1936,0.120879,0.021978
6,1937,0.142857,0.021978
6,1938,0.109890,0.021978
6,1939,0.109890,0.021978
6,1940,0.131868,0.021978
6,1941,0.120879,0.021978
6,1942,0.098901,0.021978
6,1943,0.120879,0.021978
6,1944,0.098901,0.021978
6,1945,0.065934,0.021978
6,1946,0.087912,0.021978
6,1947,0.076923,0.021978
6,1948,0.120879,0.021978
6,1949,0.131868,0.021978
6,1950,0.120879,0.021978
6,1951,0.109890,0.021978
6,1952,0.120879,0.021978
6,1953,0.142857,0.021978
6,1954,0.120879,0.021978
6,1955,0.142857,0.021978
6,1956,0.153846,0.021978
6,1957,0.153846,0.021978
6,1958,0.153846,0.021978
6,1959,0.153846,0.021978
6,1960,0.175824,0.021978
6,1961,0.175824,0.021978
6,1962,0.175824,0.021978
6,1963,0.164835,0.021978
6,1964,0.142857,0.021978
6,1965,0.153846,0.021978
6,1966,0.186813,0.021978
6,1967,0.175824,0.021978
6,1968,0.164835,0.021978
6,1969,0.164835,0.021978
6,1970,0.164835,0.021978
6,1971,0.164835,0.021978
6,1972,0.164835,0.021978
6,1973,0.164835,0.021978
6,1974,0.120879,0.021978
6,1975,0.098901,0.021978
6,1976,0.131868,0.021978
6,1977,0.164835,0.021978
6,1978,0.153846,0.021978
6,1979,0.131868,0.021978
6,1980,0.120879,0.021978
6,1981,0.131868,0.021978
6,1982,0.120879,0.021978
6,1983,0.142857,0.021978
6,1984,0.153846,0.021978
6,1985,0.120879,0.021978
6,1986,0.098901,0.021978
6,1987,0.076923,0.021978
6,1988,0.087912,0.021978
6,1989,0.109890,0.021978
6,1990,0.120879,0.021978
6,1991,0.120879,0.021978
6,1992,0.131868,0.021978
6,1993,0.109890,0.021978
6,1994,0.098901,0.021978
6,1995,0.109890,0.021978
6,1996,0.120879,0.021978
6,1997,0.120879,0.021978
6,1998,0.098901,0.021978
6,1999,0.076923,0.021978
6,2000,0.076923,0.021978
6,2001,0.087912,0.021978
6,2002,0.098901,0.021978
6,2003,0.120879,0.021978
6,2004,0.087912,0.021978
6,2005,0.109890,0.021978
6,2006,0.131868,0.021978
6,2007,0.120879,0.021978
6,2008,0.098901,0.021978
6,2009,0.098901,0.021978
6,2010,0.076923,0.021978
6,2011,0.065934,0.021978
6,2012,0.065934,0.021978
6,2013,0.065934,0.021978
6,2014,0.065934,0.021978
6,2015,0.076923,0.021978
6,2016,0.098901,0.021978
6,2017,0.109890,0.021978
6,2018,0.131868,0.021978
6,2019,0.120879,0.021978
6,2020,0.098901,0.021978
6,2021,0.120879,0.021978
6,2022,0.120879,0.021978
6,2023,0.098901,0.021978
6,2024,0.087912,0.021978
6,2025,0.087912,0.021978
6,2026,0.087912,0.021978
6,2027,0.076923,0.021978
6,2028,0.076923,0.021978
6,2029,0.054945,0.021978
6,2030,0.054945,0.021978
6,2031,0.065934,0.021978
6,2032,0.054945,0.021978
6,2033,0.076923,0.021978
6,2034,0.076923,0.021978
6,2035,0.032967,0.021978
6,2036,0.032967,0.021978
6,2037,0.032967,0.021978
6,2038,0.076923,0.021978
6,2039,0.087912,0.021978
6,2040,0.109890,0.021978
6,2041,0.087912,0.021978
6,2042,0.076923,0.021978
6,2043,0.065934,0.021978
6,2044,0.054945,0.021978
6,2045,0.054945,0.021978
6,2046,0.054945,0.021978
6,2047,0.054945,0.021978
6,2048,0.065934,0.021978
6,2049,0.076923,0.021978
6,2050,0.109890,0.021978
6,2051,0.076923,0.021978
6,2052,0.087912,0.021978
6,2053,0.087912,0.021978
6,2054,0.087912,0.021978
6,2055,0.076923,0.021978
6,2056,0.076923,0.021978
6,2057,0.065934,0.021978
6,2058,0.065934,0.021978
6,2059,0.054945,0.021978
6,2060,0.043956,0.021978
6,2061,0.087912,0.021978
6,2062,0.065934,0.021978
6,2063,0.065934,0.021978
6,2064,0.087912,0.021978
6,2065,0.098901,0.021978
6,2066,0.076923,0.021978
6,2067,0.076923,0.021978
6,2068,0.120879,0.021978
6,2069,0.120879,0.021978
6,2070,0.109890,0.021978
6,2071,0.109890,0.021978
6,2072,0.109890,0.021978
6,2073,0.109890,0.021978
6,2074,0.109890,0.021978
6,2075,0.131868,0.021978
6,2076,0.120879,0.021978
6,2077,0.098901,0.021978
6,2078,0.120879,0.021978
6,2079,0.109890,0.021978
6,2080,0.109890,0.021978
6,2081,0.109890,0.021978
6,2082,0.098901,0.021978
6,2083,0.120879,0.021978
6,2084,0.109890,0.021978
6,2085,0.109890,0.021978
6,2086,0.109890,0.021978
6,2087,0.098901,0.021978
6,2088,0.076923,0.021978
6,2089,0.087912,0.021978
6,2090,0.087912,0.021978
6,2091,0.087912,0.021978
6,2092,0.087912,0.021978
6,2093,0.098901,0.021978
6,2094,0.098901,0.021978
6,2095,0.076923,0.021978
6,2096,0.054945,0.021978
6,2097,0.065934,0.021978
6,2098,0.054945,0.021978
6,2099,0.087912,0.021978
6,2100,0.098901,0.021978
6,2101,0.076923,0.021978
6,2102,0.098901,0.021978
6,2103,0.098901,0.021978
6,2104,0.076923,0.021978
6,2105,0.054945,0.021978
6,2106,0.065934,0.021978
6,2107,0.065934,0.021978
6,2108,0.054945,0.021978
6,2109,0.054945,0.021978
6,2110,0.087912,0.021978
6,2111,0.109890,0.021978
6,2112,0.109890,0.021978
6,2113,0.131868,0.021978
6,2114,0.153846,0.021978
6,2115,0.131868,0.021978
6,2116,0.109890,0.021978
6,2117,0.131868,0.021978
6,2118,0.098901,0.021978
6,2119,0.065934,0.021978
6,2120,0.065934,0.021978
6,2121,0.065934,0.021978
6,2122,0.054945,0.021978
6,2123,0.032967,0.021978
6,2124,0.054945,0.021978
6,2125,0.087912,0.021978
6,2126,0.098901,0.021978
6,2127,0.109890,0.021978
6,2128,0.120879,0.021978
6,2129,0.109890,0.021978
6,2130,0.120879,0.021978
6,2131,0.109890,0.021978
6,2132,0.120879,0.021978
6,2133,0.109890,0.021978
6,2134,0.109890,0.021978
6,2135,0.109890,0.021978
6,2136,0.120879,0.021978
6,2137,0.142857,0.021978
6,2138,0.098901,0.021978
6,2139,0.087912,0.021978
6,2140,0.087912,0.021978
6,2141,0.087912,0.021978
6,2142,0.076923,0.021978
6,2143,0.076923,0.021978
6,2144,0.098901,0.021978
6,2145,0.120879,0.021978
6,2146,0.142857,0.021978
6,2147,0.131868,0.021978
6,2148,0.131868,0.021978
6,2149,0.120879,0.021978
6,2150,0.109890,0.021978
6,2151,0.120879,0.021978
6,2152,0.120879,0.021978
6,2153,0.153846,0.021978
6,2154,0.120879,0.021978
6,2155,0.131868,0.021978
6,2156,0.098901,0.021978
6,2157,0.076923,0.021978
6,2158,0.098901,0.021978
6,2159,0.087912,0.021978
6,2160,0.087912,0.021978
6,2161,0.076923,0.021978
6,2162,0.098901,0.021978
6,2163,0.076923,0.021978
6,2164,0.065934,0.021978
6,2165,0.076923,0.021978
6,2166,0.109890,0.021978
6,2167,0.098901,0.021978
6,2168,0.098901,0.021978
6,2169,0.098901,0.021978
6,2170,0.098901,0.021978
6,2171,0.098901,0.021978
6,2172,0.076923,0.021978
6,2173,0.076923,0.021978
6,2174,0.076923,0.021978
6,2175,0.076923,0.021978
6,2176,0.076923,0.021978
6,2177,0.076923,0.021978
6,2178,0.076923,0.021978
6,2179,0.087912,0.021978
6,2180,0.087912,0.021978
6,2181,0.076923,0.021978
6,2182,0.109890,0.021978
6,2183,0.109890,0.021978
6,2184,0.153846,0.021978
6,2185,0.142857,0.021978
6,2186,0.142857,0.021978
6,2187,0.142857,0.021978
6,2188,0.131868,0.021978
6,2189,0.109890,0.021978
6,2190,0.087912,0.021978
6,2191,0.054945,0.021978
6,2192,0.076923,0.021978
6,2193,0.065934,0.021978
6,2194,0.065934,0.021978
6,2195,0.054945,0.021978
6,2196,0.076923,0.021978
6,2197,0.098901,0.021978
6,2198,0.076923,0.021978
6,2199,0.131868,0.021978
6,2200,0.164835,0.021978
6,2201,0.131868,0.021978
6,2202,0.131868,0.021978
6,2203,0.076923,0.021978
6,2204,0.087912,0.021978
6,2205,0.109890,0.021978
6,2206,0.109890,0.021978
6,2207,0.109890,0.021978
6,2208,0.131868,0.021978
6,2209,0.120879,0.021978
6,2210,0.087912,0.021978
6,2211,0.065934,0.021978
6,2212,0.065934,0.021978
6,2213,0.065934,0.021978
6,2214,0.065934,0.021978
6,2215,0.087912,0.021978
6,2216,0.098901,0.021978
6,2217,0.109890,0.021978
6,2218,0.109890,0.021978
6,2219,0.087912,0.021978
6,2220,0.109890,0.021978
6,2221,0.120879,0.021978
6,2222,0.131868,0.021978
6,2223,0.120879,0.021978
6,2224,0.109890,0.021978
6,2225,0.098901,0.021978
6,2226,0.098901,0.021978
6,2227,0.098901,0.021978
6,2228,0.098901,0.021978
6,2229,0.098901,0.021978
6,2230,0.120879,0.021978
6,2231,0.120879,0.021978
6,2232,0.098901,0.021978
6,2233,0.098901,0.021978
6,2234,0.098901,0.021978
6,2235,0.087912,0.021978
6,2236,0.065934,0.021978
6,2237,0.054945,0.021978
6,2238,0.054945,0.021978
6,2239,0.043956,0.021978
6,2240,0.054945,0.021978
6,2241,0.043956,0.021978
6,2242,0.043956,0.021978
6,2243,0.043956,0.021978
6,2244,0.065934,0.021978
6,2245,0.076923,0.021978
6,2246,0.076923,0.021978
6,2247,0.076923,0.021978
6,2248,0.076923,0.021978
6,2249,0.087912,0.021978
6,2250,0.131868,0.021978
6,2251,0.142857,0.021978
6,2252,0.131868,0.021978
6,2253,0.153846,0.021978
6,2254,0.164835,0.021978
6,2255,0.153846,0.021978
6,2256,0.164835,0.021978
6,2257,0.153846,0.021978
6,2258,0.120879,0.021978
6,2259,0.120879,0.021978
6,2260,0.120879,0.021978
6,2261,0.109890,0.021978
6,2262,0.098901,0.021978
6,2263,0.076923,0.021978
6,2264,0.098901,0.021978
6,2265,0.098901,0.021978
6,2266,0.109890,0.021978
6,2267,0.142857,0.021978
6,2268,0.153846,0.021978
6,2269,0.131868,0.021978
6,2270,0.087912,0.021978
6,2271,0.087912,0.021978
6,2272,0.087912,0.021978
6,2273,0.076923,0.021978
6,2274,0.043956,0.021978
6,2275,0.065934,0.021978
6,2276,0.065934,0.021978
6,2277,0.065934,0.021978
6,2278,0.065934,0.021978
6,2279,0.076923,0.021978
6,2280,0.098901,0.021978
6,2281,0.087912,0.021978
6,2282,0.109890,0.021978
6,2283,0.087912,0.021978
6,2284,0.054945,0.021978
6,2285,0.054945,0.021978
6,2286,0.065934,0.021978
6,2287,0.054945,0.021978
6,2288,0.054945,0.021978
6,2289,0.054945,0.021978
6,2290,0.054945,0.021978
6,2291,0.043956,0.021978
6,2292,0.065934,0.021978
6,2293,0.043956,0.021978
6,2294,0.010989,0.010989
6,2295,0.021978,0.010989
6,2296,0.021978,0.010989
6,2297,0.021978,0.010989
6,2298,0.021978,0.010989
6,2299,0.032967,0.010989
6,2300,0.054945,0.010989
6,2301,0.054945,0.010989
6,2302,0.054945,0.010989
6,2303,0.076923,0.010989
6,2304,0.054945,0.010989
6,2305,0.054945,0.010989
6,2306,0.054945,0.010989
6,2307,0.076923,0.010989
6,2308,0.076923,0.010989
6,2309,0.087912,0.010989
6,2310,0.087912,0.010989
6,2311,0.109890,0.010989
6,2312,0.087912,0.010989
6,2313,0.087912,0.010989
6,2314,0.098901,0.010989
6,2315,0.098901,0.010989
6,2316,0.087912,0.010989
6,2317,0.065934,0.010989
6,2318,0.054945,0.010989
6,2319,0.076923,0.010989
6,2320,0.076923,0.010989
6,2321,0.087912,0.010989
6,2322,0.087912,0.010989
6,2323,0.120879,0.010989
6,2324,0.153846,0.010989
6,2325,0.120879,0.010989
6,2326,0.076923,0.010989
6,2327,0.120879,0.010989
6,2328,0.109890,0.010989
6,2329,0.142857,0.010989
6,2330,0.153846,0.010989
6,2331,0.153846,0.010989
6,2332,0.153846,0.010989
6,2333,0.142857,0.010989
6,2334,0.153846,0.010989
6,2335,0.131868,0.010989
6,2336,0.142857,0.010989
6,2337,0.120879,0.010989
6,2338,0.087912,0.010989
6,2339,0.087912,0.010989
6,2340,0.087912,0.010989
6,2341,0.087912,0.010989
6,2342,0.087912,0.010989
6,2343,0.087912,0.010989
6,2344,0.087912,0.010989
6,2345,0.087912,0.010989
6,2346,0.098901,0.010989
6,2347,0.131868,0.010989
6,2348,0.153846,0.010989
6,2349,0.131868,0.010989
6,2350,0.098901,0.010989
6,2351,0.087912,0.010989
6,2352,0.087912,0.010989
6,2353,0.109890,0.010989
6,2354,0.120879,0.010989
6,2355,0.142857,0.010989
6,2356,0.142857,0.010989
6,2357,0.175824,0.010989
6,2358,0.175824,0.010989
6,2359,0.142857,0.010989
6,2360,0.142857,0.010989
6,2361,0.120879,0.010989
6,2362,0.120879,0.010989
6,2363,0.120879,0.010989
6,2364,0.087912,0.010989
6,2365,0.087912,0.010989
6,2366,0.065934,0.010989
6,2367,0.076923,0.010989
6,2368,0.076923,0.010989
6,2369,0.076923,0.010989
6,2370,0.109890,0.010989
6,2371,0.098901,0.010989
6,2372,0.076923,0.010989
6,2373,0.076923,0.010989
6,2374,0.098901,0.010989
6,2375,0.065934,0.010989
6,2376,0.065934,0.010989
6,2377,0.043956,0.010989
6,2378,0.043956,0.010989
6,2379,0.065934,0.010989
6,2380,0.065934,0.010989
6,2381,0.065934,0.010989
6,2382,0.054945,0.010989
6,2383,0.054945,0.010989
6,2384,0.076923,0.010989
6,2385,0.076923,0.010989
6,2386,0.076923,0.010989
6,2387,0.065934,0.010989
6,2388,0.087912,0.010989
6,2389,0.087912,0.010989
6,2390,0.087912,0.010989
6,2391,0.087912,0.010989
6,2392,0.109890,0.010989
6,2393,0.109890,0.010989
6,2394,0.109890,0.010989
6,2395,0.109890,0.010989
6,2396,0.120879,0.010989
6,2397,0.120879,0.010989
6,2398,0.131868,0.010989
6,2399,0.109890,0.010989
6,2400,0.098901,0.010989
6,2401,0.109890,0.010989
6,2402,0.109890,0.010989
6,2403,0.087912,0.010989
6,2404,0.087912,0.010989
6,2405,0.098901,0.010989
6,2406,0.098901,0.010989
6,2407,0.120879,0.010989
6,2408,0.120879,0.010989
6,2409,0.098901,0.010989
6,2410,0.054945,0.010989
6,2411,0.109890,0.010989
6,2412,0.098901,0.010989
6,2413,0.065934,0.010989
6,2414,0.065934,0.010989
6,2415,0.087912,0.010989
6,2416,0.087912,0.010989
6,2417,0.098901,0.010989
6,2418,0.098901,0.010989
6,2419,0.098901,0.010989
6,2420,0.065934,0.010989
6,2421,0.065934,0.010989
6,2422,0.087912,0.010989
6,2423,0.109890,0.010989
6,2424,0.087912,0.010989
6,2425,0.087912,0.010989
6,2426,0.087912,0.010989
6,2427,0.087912,0.010989
6,2428,0.087912,0.010989
6,2429,0.076923,0.010989
6,2430,0.065934,0.010989
6,2431,0.076923,0.010989
6,2432,0.076923,0.010989
6,2433,0.098901,0.010989
6,2434,0.098901,0.010989
6,2435,0.076923,0.010989
6,2436,0.065934,0.010989
6,2437,0.076923,0.010989
6,2438,0.065934,0.010989
6,2439,0.065934,0.010989
6,2440,0.065934,0.010989
6,2441,0.065934,0.010989
6,2442,0.076923,0.010989
6,2443,0.065934,0.010989
6,2444,0.087912,0.010989
6,2445,0.087912,0.010989
6,2446,0.065934,0.010989
6,2447,0.065934,0.010989
6,2448,0.065934,0.010989
6,2449,0.065934,0.010989
6,2450,0.065934,0.010989
6,2451,0.065934,0.010989
6,2452,0.065934,0.010989
6,2453,0.043956,0.010989
6,2454,0.021978,0.010989
6,2455,0.021978,0.010989
6,2456,0.021978,0.010989
6,2457,0.043956,0.010989
6,2458,0.054945,0.010989
6,2459,0.065934,0.010989
6,2460,0.065934,0.010989
6,2461,0.065934,0.010989
6,2462,0.087912,0.010989
6,2463,0.087912,0.010989
6,2464,0.098901,0.010989
6,2465,0.098901,0.010989
6,2466,0.098901,0.010989
6,2467,0.120879,0.010989
6,2468,0.109890,0.010989
6,2469,0.120879,0.010989
6,2470,0.120879,0.010989
6,2471,0.131868,0.010989
6,2472,0.131868,0.010989
6,2473,0.131868,0.010989
6,2474,0.142857,0.010989
6,2475,0.142857,0.010989
6,2476,0.142857,0.010989
6,2477,0.098901,0.010989
6,2478,0.087912,0.010989
6,2479,0.087912,0.010989
6,2480,0.087912,0.010989
6,2481,0.065934,0.010989
6,2482,0.054945,0.010989
6,2483,0.065934,0.010989
6,2484,0.065934,0.010989
6,2485,0.087912,0.010989
6,2486,0.076923,0.010989
6,2487,0.076923,0.010989
6,2488,0.087912,0.010989
6,2489,0.142857,0.010989
6,2490,0.120879,0.010989
6,2491,0.087912,0.010989
6,2492,0.076923,0.010989
6,2493,0.087912,0.010989
6,2494,0.087912,0.010989
6,2495,0.087912,0.010989
6,2496,0.076923,0.010989
6,2497,0.076923,0.010989
6,2498,0.065934,0.010989
6,2499,0.065934,0.010989
6,2500,0.065934,0.010989
6,2501,0.032967,0.010989
6,2502,0.032967,0.010989
6,2503,0.032967,0.010989
6,2504,0.032967,0.010989
6,2505,0.032967,0.010989
6,2506,0.032967,0.010989
6,2507,0.032967,0.010989
6,2508,0.043956,0.010989
6,2509,0.043956,0.010989
6,2510,0.043956,0.010989
6,2511,0.043956,0.010989
6,2512,0.076923,0.010989
6,2513,0.087912,0.010989
6,2514,0.087912,0.010989
6,2515,0.098901,0.010989
6,2516,0.098901,0.010989
6,2517,0.098901,0.010989
6,2518,0.087912,0.010989
6,2519,0.087912,0.010989
6,2520,0.087912,0.010989
6,2521,0.087912,0.010989
6,2522,0.131868,0.010989
6,2523,0.131868,0.010989
6,2524,0.076923,0.010989
6,2525,0.054945,0.010989
6,2526,0.054945,0.010989
6,2527,0.054945,0.010989
6,2528,0.032967,0.010989
6,2529,0.054945,0.010989
6,2530,0.065934,0.010989
6,2531,0.065934,0.010989
6,2532,0.098901,0.010989
6,2533,0.098901,0.010989
6,2534,0.120879,0.010989
6,2535,0.098901,0.010989
6,2536,0.087912,0.010989
6,2537,0.087912,0.010989
6,2538,0.087912,0.010989
6,2539,0.087912,0.010989
6,2540,0.087912,0.010989
6,2541,0.076923,0.010989
6,2542,0.076923,0.010989
6,2543,0.076923,0.010989
6,2544,0.076923,0.010989
6,2545,0.054945,0.010989
6,2546,0.076923,0.010989
6,2547,0.076923,0.010989
6,2548,0.087912,0.010989
6,2549,0.087912,0.010989
6,2550,0.076923,0.010989
6,2551,0.076923,0.010989
6,2552,0.065934,0.010989
6,2553,0.065934,0.010989
6,2554,0.065934,0.010989
6,2555,0.065934,0.010989
6,2556,0.076923,0.010989
6,2557,0.076923,0.010989
6,2558,0.076923,0.010989
6,2559,0.076923,0.010989
6,2560,0.076923,0.010989
6,2561,0.065934,0.010989
6,2562,0.054945,0.010989
6,2563,0.054945,0.010989
6,2564,0.054945,0.010989
6,2565,0.054945,0.010989
6,2566,0.098901,0.010989
6,2567,0.087912,0.010989
6,2568,0.065934,0.010989
6,2569,0.087912,0.010989
6,2570,0.098901,0.010989
6,2571,0.131868,0.010989
6,2572,0.120879,0.010989
6,2573,0.131868,0.010989
6,2574,0.120879,0.010989
6,2575,0.120879,0.010989
6,2576,0.076923,0.010989
6,2577,0.076923,0.010989
6,2578,0.076923,0.010989
6,2579,0.076923,0.010989
6,2580,0.076923,0.010989
6,2581,0.076923,0.010989
6,2582,0.087912,0.010989
6,2583,0.087912,0.010989
6,2584,0.054945,0.010989
6,2585,0.065934,0.010989
6,2586,0.054945,0.010989
6,2587,0.065934,0.010989
6,2588,0.065934,0.010989
6,2589,0.065934,0.010989
6,2590,0.065934,0.010989
6,2591,0.065934,0.010989
6,2592,0.065934,0.010989
6,2593,0.076923,0.010989
6,2594,0.076923,0.010989
6,2595,0.076923,0.010989
6,2596,0.076923,0.010989
6,2597,0.065934,0.010989
6,2598,0.065934,0.010989
6,2599,0.076923,0.010989
6,2600,0.076923,0.010989
6,2601,0.054945,0.010989
6,2602,0.054945,0.010989
6,2603,0.065934,0.010989
6,2604,0.065934,0.010989
6,2605,0.054945,0.010989
6,2606,0.065934,0.010989
6,2607,0.065934,0.010989
6,2608,0.043956,0.010989
6,2609,0.043956,0.010989
6,2610,0.043956,0.010989
6,2611,0.043956,0.010989
6,2612,0.054945,0.010989
6,2613,0.043956,0.010989
6,2614,0.076923,0.010989
6,2615,0.098901,0.010989
6,2616,0.098901,0.010989
6,2617,0.098901,0.010989
6,2618,0.098901,0.010989
6,2619,0.098901,0.010989
6,2620,0.098901,0.010989
6,2621,0.087912,0.010989
6,2622,0.087912,0.010989
6,2623,0.087912,0.010989
6,2624,0.087912,0.010989
6,2625,0.098901,0.010989
6,2626,0.098901,0.010989
6,2627,0.098901,0.010989
6,2628,0.098901,0.010989
6,2629,0.098901,0.010989
6,2630,0.087912,0.010989
6,2631,0.109890,0.010989
6,2632,0.098901,0.010989
6,2633,0.076923,0.010989
6,2634,0.065934,0.010989
6,2635,0.065934,0.010989
6,2636,0.076923,0.010989
6,2637,0.043956,0.010989
6,2638,0.043956,0.010989
6,2639,0.043956,0.010989
6,2640,0.032967,0.010989
6,2641,0.032967,0.010989
6,2642,0.032967,0.010989
6,2643,0.032967,0.010989
6,2644,0.032967,0.010989
6,2645,0.043956,0.010989
6,2646,0.043956,0.010989
6,2647,0.043956,0.010989
6,2648,0.043956,0.010989
6,2649,0.043956,0.010989
6,2650,0.043956,0.010989
6,2651,0.065934,0.010989
6,2652,0.076923,0.010989
6,2653,0.087912,0.010989
6,2654,0.087912,0.010989
6,2655,0.087912,0.010989
6,2656,0.087912,0.010989
6,2657,0.087912,0.010989
6,2658,0.087912,0.010989
6,2659,0.087912,0.010989
6,2660,0.065934,0.010989
6,2661,0.065934,0.010989
6,2662,0.065934,0.010989
6,2663,0.087912,0.010989
6,2664,0.065934,0.010989
6,2665,0.065934,0.010989
6,2666,0.065934,0.010989
6,2667,0.054945,0.010989
6,2668,0.065934,0.010989
6,2669,0.065934,0.010989
6,2670,0.032967,0.010989
6,2671,0.032967,0.010989
6,2672,0.032967,0.010989
6,2673,0.032967,0.010989
6,2674,0.032967,0.010989
6,2675,0.032967,0.010989
6,2676,0.032967,0.010989
6,2677,0.021978,0.010989
6,2678,0.021978,0.010989
6,2679,0.021978,0.010989
6,2680,0.054945,0.010989
6,2681,0.054945,0.010989
6,2682,0.043956,0.010989
6,2683,0.043956,0.010989
6,2684,0.043956,0.010989
6,2685,0.032967,0.010989
6,2686,0.043956,0.010989
6,2687,0.076923,0.010989
6,2688,0.054945,0.010989
6,2689,0.054945,0.010989
6,2690,0.054945,0.010989
6,2691,0.054945,0.010989
6,2692,0.054945,0.010989
6,2693,0.076923,0.010989
6,2694,0.065934,0.010989
6,2695,0.054945,0.010989
6,2696,0.065934,0.010989
6,2697,0.065934,0.010989
6,2698,0.065934,0.010989
6,2699,0.065934,0.010989
6,2700,0.065934,0.010989
6,2701,0.076923,0.010989
6,2702,0.087912,0.010989
6,2703,0.098901,0.010989
6,2704,0.098901,0.010989
6,2705,0.098901,0.010989
6,2706,0.109890,0.010989
6,2707,0.109890,0.010989
6,2708,0.098901,0.010989
6,2709,0.098901,0.010989
6,2710,0.098901,0.010989
6,2711,0.098901,0.010989
6,2712,0.076923,0.010989
6,2713,0.098901,0.010989
6,2714,0.098901,0.010989
6,2715,0.098901,0.010989
6,2716,0.098901,0.010989
6,2717,0.098901,0.010989
6,2718,0.098901,0.010989
6,2719,0.098901,0.010989
6,2720,0.098901,0.010989
6,2721,0.098901,0.010989
6,2722,0.076923,0.010989
6,2723,0.109890,0.010989
6,2724,0.109890,0.010989
6,2725,0.076923,0.010989
6,2726,0.076923,0.010989
6,2727,0.054945,0.010989
6,2728,0.054945,0.010989
6,2729,0.054945,0.010989
6,2730,0.054945,0.010989
6,2731,0.076923,0.010989
6,2732,0.098901,0.010989
6,2733,0.076923,0.010989
6,2734,0.076923,0.010989
6,2735,0.087912,0.010989
6,2736,0.065934,0.010989
6,2737,0.054945,0.010989
6,2738,0.054945,0.010989
6,2739,0.065934,0.010989
6,2740,0.054945,0.010989
6,2741,0.054945,0.010989
6,2742,0.065934,0.010989
6,2743,0.043956,0.010989
6,2744,0.043956,0.010989
6,2745,0.043956,0.010989
6,2746,0.032967,0.010989
6,2747,0.054945,0.010989
6,2748,0.054945,0.010989
6,2749,0.065934,0.010989
6,2750,0.076923,0.010989
6,2751,0.076923,0.010989
6,2752,0.087912,0.010989
6,2753,0.109890,0.010989
6,2754,0.109890,0.010989
6,2755,0.109890,0.010989
6,2756,0.120879,0.010989
6,2757,0.120879,0.010989
6,2758,0.120879,0.010989
6,2759,0.109890,0.010989
6,2760,0.120879,0.010989
6,2761,0.131868,0.010989
6,2762,0.076923,0.010989
6,2763,0.076923,0.010989
6,2764,0.087912,0.010989
6,2765,0.076923,0.010989
6,2766,0.043956,0.010989
6,2767,0.043956,0.010989
6,2768,0.054945,0.010989
6,2769,0.054945,0.010989
6,2770,0.065934,0.010989
6,2771,0.065934,0.010989
6,2772,0.054945,0.010989
6,2773,0.054945,0.010989
6,2774,0.054945,0.010989
6,2775,0.054945,0.010989
6,2776,0.043956,0.010989
6,2777,0.043956,0.010989
6,2778,0.032967,0.010989
6,2779,0.032967,0.010989
6,2780,0.032967,0.010989
6,2781,0.032967,0.010989
6,2782,0.054945,0.010989
6,2783,0.054945,0.010989
6,2784,0.054945,0.010989
6,2785,0.054945,0.010989
6,2786,0.065934,0.010989
6,2787,0.065934,0.010989
6,2788,0.065934,0.010989
6,2789,0.054945,0.010989
6,2790,0.054945,0.010989
6,2791,0.054945,0.010989
6,2792,0.054945,0.010989
6,2793,0.065934,0.010989
6,2794,0.065934,0.010989
6,2795,0.054945,0.010989
6,2796,0.054945,0.010989
6,2797,0.054945,0.010989
6,2798,0.043956,0.010989
6,2799,0.043956,0.010989
6,2800,0.032967,0.010989
6,2801,0.032967,0.010989
6,2802,0.032967,0.010989
6,2803,0.032967,0.010989
6,2804,0.032967,0.010989
6,2805,0.054945,0.010989
6,2806,0.054945,0.010989
6,2807,0.054945,0.010989
6,2808,0.043956,0.010989
6,2809,0.043956,0.010989
6,2810,0.043956,0.010989
6,2811,0.032967,0.010989
6,2812,0.043956,0.010989
6,2813,0.054945,0.010989
6,2814,0.043956,0.010989
6,2815,0.043956,0.010989
6,2816,0.076923,0.010989
6,2817,0.076923,0.010989
6,2818,0.076923,0.010989
6,2819,0.076923,0.010989
6,2820,0.076923,0.010989
6,2821,0.076923,0.010989
6,2822,0.076923,0.010989
6,2823,0.065934,0.010989
6,2824,0.065934,0.010989
6,2825,0.076923,0.010989
6,2826,0.076923,0.010989
6,2827,0.065934,0.010989
6,2828,0.065934,0.010989
6,2829,0.065934,0.010989
6,2830,0.065934,0.010989
6,2831,0.065934,0.010989
6,2832,0.065934,0.010989
6,2833,0.076923,0.010989
6,2834,0.076923,0.010989
6,2835,0.076923,0.010989
6,2836,0.109890,0.010989
6,2837,0.120879,0.010989
6,2838,0.120879,0.010989
6,2839,0.120879,0.010989
6,2840,0.120879,0.010989
6,2841,0.120879,0.010989
6,2842,0.109890,0.010989
6,2843,0.109890,0.010989
6,2844,0.109890,0.010989
6,2845,0.098901,0.010989
6,2846,0.098901,0.010989
6,2847,0.098901,0.010989
6,2848,0.098901,0.010989
6,2849,0.087912,0.010989
6,2850,0.087912,0.010989
6,2851,0.098901,0.010989
6,2852,0.098901,0.010989
6,2853,0.098901,0.010989
6,2854,0.076923,0.010989
6,2855,0.076923,0.010989
6,2856,0.076923,0.010989
6,2857,0.076923,0.010989
6,2858,0.076923,0.010989
6,2859,0.076923,0.010989
6,2860,0.076923,0.010989
6,2861,0.076923,0.010989
6,2862,0.087912,0.010989
6,2863,0.087912,0.010989
6,2864,0.087912,0.010989
6,2865,0.076923,0.010989
6,2866,0.076923,0.010989
6,2867,0.087912,0.010989
6,2868,0.131868,0.010989
6,2869,0.164835,0.010989
6,2870,0.164835,0.010989
6,2871,0.164835,0.010989
6,2872,0.142857,0.010989
6,2873,0.142857,0.010989
6,2874,0.098901,0.010989
6,2875,0.109890,0.010989
6,2876,0.098901,0.010989
6,2877,0.098901,0.010989
6,2878,0.098901,0.010989
6,2879,0.098901,0.010989
6,2880,0.087912,0.010989
6,2881,0.087912,0.010989
6,2882,0.087912,0.010989
6,2883,0.087912,0.010989
6,2884,0.087912,0.010989
6,2885,0.087912,0.010989
6,2886,0.087912,0.010989
6,2887,0.087912,0.010989
6,2888,0.098901,0.010989
6,2889,0.098901,0.010989
6,2890,0.087912,0.010989
6,2891,0.087912,0.010989
6,2892,0.065934,0.010989
6,2893,0.065934,0.010989
6,2894,0.054945,0.010989
6,2895,0.043956,0.010989
6,2896,0.043956,0.010989
6,2897,0.043956,0.010989
6,2898,0.032967,0.010989
6,2899,0.032967,0.010989
6,2900,0.054945,0.010989
6,2901,0.032967,0.010989
6,2902,0.021978,0.010989
6,2903,0.021978,0.010989
6,2904,0.021978,0.010989
6,2905,0.021978,0.010989
6,2906,0.032967,0.010989
6,2907,0.032967,0.010989
6,2908,0.032967,0.010989
6,2909,0.043956,0.010989
6,2910,0.043956,0.010989
6,2911,0.043956,0.010989
6,2912,0.043956,0.010989
6,2913,0.043956,0.010989
6,2914,0.043956,0.010989
6,2915,0.043956,0.010989
6,2916,0.043956,0.010989
6,2917,0.043956,0.010989
6,2918,0.043956,0.010989
6,2919,0.043956,0.010989
6,2920,0.043956,0.010989
6,2921,0.043956,0.010989
6,2922,0.032967,0.010989
6,2923,0.032967,0.010989
6,2924,0.021978,0.010989
6,2925,0.021978,0.010989
6,2926,0.021978,0.010989
6,2927,0.021978,0.010989
6,2928,0.021978,0.010989
6,2929,0.021978,0.010989
6,2930,0.021978,0.010989
6,2931,0.021978,0.010989
6,2932,0.021978,0.010989
6,2933,0.021978,0.010989
6,2934,0.021978,0.010989
6,2935,0.032967,0.010989
6,2936,0.032967,0.010989
6,2937,0.021978,0.010989
6,2938,0.021978,0.010989
6,2939,0.021978,0.010989
6,2940,0.021978,0.010989
6,2941,0.032967,0.010989
6,2942,0.032967,0.010989
6,2943,0.032967,0.010989
6,2944,0.032967,0.010989
6,2945,0.032967,0.010989
6,2946,0.032967,0.010989
6,2947,0.032967,0.010989
6,2948,0.032967,0.010989
6,2949,0.021978,0.010989
6,2950,0.021978,0.010989
6,2951,0.021978,0.010989
6,2952,0.032967,0.010989
6,2953,0.032967,0.010989
6,2954,0.032967,0.010989
6,2955,0.032967,0.010989
6,2956,0.032967,0.010989
6,2957,0.032967,0.010989
6,2958,0.032967,0.010989
6,2959,0.032967,0.010989
6,2960,0.032967,0.010989
6,2961,0.032967,0.010989
6,2962,0.032967,0.010989
6,2963,0.032967,0.010989
6,2964,0.032967,0.010989
6,2965,0.021978,0.010989
6,2966,0.021978,0.010989
6,2967,0.021978,0.010989
6,2968,0.021978,0.010989
6,2969,0.021978,0.010989
6,2970,0.021978,0.010989
6,2971,0.021978,0.010989
6,2972,0.021978,0.010989
6,2973,0.021978,0.010989
6,2974,0.021978,0.010989
6,2975,0.021978,0.010989
6,2976,0.021978,0.010989
6,2977,0.021978,0.010989
6,2978,0.032967,0.010989
6,2979,0.032967,0.010989
6,2980,0.032967,0.010989
6,2981,0.032967,0.010989
6,2982,0.021978,0.010989
6,2983,0.021978,0.010989
6,2984,0.021978,0.010989
6,2985,0.021978,0.010989
6,2986,0.021978,0.010989
6,2987,0.021978,0.010989
6,2988,0.021978,0.010989
6,2989,0.021978,0.010989
6,2990,0.043956,0.010989
6,2991,0.043956,0.010989
6,2992,0.043956,0.010989
6,2993,0.065934,0.010989
6,2994,0.065934,0.010989
6,2995,0.065934,0.010989
6,2996,0.043956,0.010989
6,2997,0.043956,0.010989
6,2998,0.032967,0.010989
6,2999,0.032967,0.010989
6,3000,0.032967,0.010989
6,3001,0.032967,0.010989
6,3002,0.032967,0.010989
6,3003,0.032967,0.010989
6,3004,0.032967,0.010989
6,3005,0.032967,0.010989
6,3006,0.032967,0.010989
6,3007,0.032967,0.010989
6,3008,0.032967,0.010989
6,3009,0.032967,0.010989
6,3010,0.043956,0.010989
6,3011,0.043956,0.010989
6,3012,0.043956,0.010989
6,3013,0.043956,0.010989
6,3014,0.043956,0.010989
6,3015,0.043956,0.010989
6,3016,0.043956,0.010989
6,3017,0.043956,0.010989
6,3018,0.043956,0.010989
6,3019,0.054945,0.010989
6,3020,0.043956,0.010989
6,3021,0.043956,0.010989
6,3022,0.043956,0.010989
6,3023,0.043956,0.010989
6,3024,0.043956,0.010989
6,3025,0.043956,0.010989
6,3026,0.043956,0.010989
6,3027,0.043956,0.010989
6,3028,0.043956,0.010989
6,3029,0.043956,0.010989
6,3030,0.043956,0.010989
6,3031,0.043956,0.010989
6,3032,0.043956,0.010989
6,3033,0.054945,0.010989
6,3034,0.043956,0.010989
6,3035,0.043956,0.010989
6,3036,0.032967,0.010989
6,3037,0.032967,0.010989
6,3038,0.032967,0.010989
6,3039,0.043956,0.010989
6,3040,0.043956,0.010989
6,3041,0.043956,0.010989
6,3042,0.043956,0.010989
6,3043,0.043956,0.010989
6,3044,0.043956,0.010989
6,3045,0.043956,0.010989
6,3046,0.043956,0.010989
6,3047,0.043956,0.010989
6,3048,0.043956,0.010989
6,3049,0.043956,0.010989
6,3050,0.043956,0.010989
6,3051,0.043956,0.010989
6,3052,0.043956,0.010989
6,3053,0.043956,0.010989
6,3054,0.043956,0.010989
6,3055,0.054945,0.010989
6,3056,0.054945,0.010989
6,3057,0.065934,0.010989
6,3058,0.065934,0.010989
6,3059,0.065934,0.010989
6,3060,0.065934,0.010989
6,3061,0.054945,0.010989
6,3062,0.032967,0.010989
6,3063,0.032967,0.010989
6,3064,0.032967,0.010989
6,3065,0.032967,0.010989
6,3066,0.032967,0.010989
6,3067,0.032967,0.010989
6,3068,0.032967,0.010989
6,3069,0.032967,0.010989
6,3070,0.032967,0.010989
6,3071,0.032967,0.010989
6,3072,0.032967,0.010989
6,3073,0.032967,0.010989
6,3074,0.032967,0.010989
6,3075,0.032967,0.010989
6,3076,0.032967,0.010989
6,3077,0.032967,0.010989
6,3078,0.032967,0.010989
6,3079,0.032967,0.010989
6,3080,0.010989,0.010989
6,3081,0.021978,0.010989
6,3082,0.032967,0.010989
6,3083,0.021978,0.010989
6,3084,0.021978,0.010989
6,3085,0.021978,0.010989
6,3086,0.021978,0.010989
6,3087,0.021978,0.010989
6,3088,0.021978,0.010989
6,3089,0.021978,0.010989
6,3090,0.021978,0.010989
6,3091,0.021978,0.010989
6,3092,0.021978,0.010989
6,3093,0.021978,0.010989
6,3094,0.032967,0.010989
6,3095,0.032967,0.010989
6,3096,0.032967,0.010989
6,3097,0.032967,0.010989
6,3098,0.032967,0.010989
6,3099,0.010989,0.010989
6,3100,0.010989,0.010989
6,3101,0.010989,0.010989
6,3102,0.021978,0.010989
6,3103,0.021978,0.010989
6,3104,0.021978,0.010989
6,3105,0.010989,0.010989
6,3106,0.010989,0.010989
6,3107,0.010989,0.010989
6,3108,0.010989,0.010989
6,3109,0.010989,0.010989
6,3110,0.010989,0.010989
6,3111,0.010989,0.010989
6,3112,0.010989,0.010989
6,3113,0.010989,0.010989
6,3114,0.010989,0.010989
6,3115,0.010989,0.010989
6,3116,0.010989,0.010989
6,3117,0.010989,0.010989
6,3118,0.010989,0.010989
6,3119,0.010989,0.010989
6,3120,0.010989,0.010989
6,3121,0.010989,0.010989
6,3122,0.010989,0.010989
6,3123,0.010989,0.010989
6,3124,0.010989,0.010989
6,3125,0.010989,0.010989
6,3126,0.010989,0.010989
6,3127,0.000000,0.000000
7,0,0.087912,0.087912
7,1,0.098901,0.087912
7,2,0.109890,0.087912
7,3,0.120879,0.087912
7,4,0.142857,0.087912
7,5,0.153846,0.087912
7,6,0.153846,0.087912
7,7,0.120879,0.087912
7,8,0.109890,0.087912
7,9,0.131868,0.087912
7,10,0.098901,0.087912
7,11,0.054945,0.054945
7,12,0.098901,0.054945
7,13,0.054945,0.054945
7,14,0.043956,0.043956
7,15,0.043956,0.043956
7,16,0.032967,0.032967
7,17,0.087912,0.032967
7,18,0.076923,0.032967
7,19,0.076923,0.032967
7,20,0.065934,0.032967
7,21,0.076923,0.032967
7,22,0.087912,0.032967
7,23,0.087912,0.032967
7,24,0.120879,0.032967
7,25,0.120879,0.032967
7,26,0.120879,0.032967
7,27,0.109890,0.032967
7,28,0.131868,0.032967
7,29,0.109890,0.032967
7,30,0.109890,0.032967
7,31,0.109890,0.032967
7,32,0.109890,0.032967
7,33,0.120879,0.032967
7,34,0.142857,0.032967
7,35,0.131868,0.032967
7,36,0.131868,0.032967
7,37,0.109890,0.032967
7,38,0.109890,0.032967
7,39,0.142857,0.032967
7,40,0.153846,0.032967
7,41,0.175824,0.032967
7,42,0.153846,0.032967
7,43,0.175824,0.032967
7,44,0.197802,0.032967
7,45,0.186813,0.032967
7,46,0.153846,0.032967
7,47,0.142857,0.032967
7,48,0.120879,0.032967
7,49,0.065934,0.032967
7,50,0.054945,0.032967
7,51,0.065934,0.032967
7,52,0.065934,0.032967
7,53,0.065934,0.032967
7,54,0.065934,0.032967
7,55,0.087912,0.032967
7,56,0.109890,0.032967
7,57,0.142857,0.032967
7,58,0.120879,0.032967
7,59,0.120879,0.032967
7,60,0.098901,0.032967
7,61,0.109890,0.032967
7,62,0.109890,0.032967
7,63,0.109890,0.032967
7,64,0.109890,0.032967
7,65,0.076923,0.032967
7,66,0.076923,0.032967
7,67,0.076923,0.032967
7,68,0.043956,0.032967
7,69,0.109890,0.032967
7,70,0.109890,0.032967
7,71,0.109890,0.032967
7,72,0.164835,0.032967
7,73,0.153846,0.032967
7,74,0.142857,0.032967
7,75,0.142857,0.032967
7,76,0.131868,0.032967
7,77,0.131868,0.032967
7,78,0.142857,0.032967
7,79,0.142857,0.032967
7,80,0.153846,0.032967
7,81,0.197802,0.032967
7,82,0.186813,0.032967
7,83,0.153846,0.032967
7,84,0.142857,0.032967
7,85,0.153846,0.032967
7,86,0.164835,0.032967
7,87,0.153846,0.032967
7,88,0.164835,0.032967
7,89,0.109890,0.032967
7,90,0.164835,0.032967
7,91,0.109890,0.032967
7,92,0.109890,0.032967
7,93,0.109890,0.032967
7,94,0.109890,0.032967
7,95,0.131868,0.032967
7,96,0.131868,0.032967
7,97,0.109890,0.032967
7,98,0.109890,0.032967
7,99,0.131868,0.032967
7,100,0.131868,0.032967
7,101,0.153846,0.032967
7,102,0.153846,0.032967
7,103,0.131868,0.032967
7,104,0.098901,0.032967
7,105,0.109890,0.032967
7,106,0.065934,0.032967
7,107,0.109890,0.032967
7,108,0.120879,0.032967
7,109,0.120879,0.032967
7,110,0.109890,0.032967
7,111,0.087912,0.032967
7,112,0.087912,0.032967
7,113,0.098901,0.032967
7,114,0.098901,0.032967
7,115,0.098901,0.032967
7,116,0.098901,0.032967
7,117,0.109890,0.032967
7,118,0.120879,0.032967
7,119,0.109890,0.032967
7,120,0.120879,0.032967
7,121,0.120879,0.032967
7,122,0.131868,0.032967
7,123,0.087912,0.032967
7,124,0.087912,0.032967
7,125,0.109890,0.032967
7,126,0.076923,0.032967
7,127,0.076923,0.032967
7,128,0.076923,0.032967
7,129,0.076923,0.032967
7,130,0.087912,0.032967
7,131,0.076923,0.032967
7,132,0.076923,0.032967
7,133,0.098901,0.032967
7,134,0.131868,0.032967
7,135,0.153846,0.032967
7,136,0.131868,0.032967
7,137,0.164835,0.032967
7,138,0.109890,0.032967
7,139,0.109890,0.032967
7,140,0.109890,0.032967
7,141,0.109890,0.032967
7,142,0.098901,0.032967
7,143,0.120879,0.032967
7,144,0.131868,0.032967
7,145,0.175824,0.032967
7,146,0.131868,0.032967
7,147,0.131868,0.032967
7,148,0.120879,0.032967
7,149,0.120879,0.032967
7,150,0.142857,0.032967
7,151,0.175824,0.032967
7,152,0.197802,0.032967
7,153,0.164835,0.032967
7,154,0.131868,0.032967
7,155,0.164835,0.032967
7,156,0.164835,0.032967
7,157,0.142857,0.032967
7,158,0.142857,0.032967
7,159,0.109890,0.032967
7,160,0.065934,0.032967
7,161,0.076923,0.032967
7,162,0.109890,0.032967
7,163,0.087912,0.032967
7,164,0.076923,0.032967
7,165,0.065934,0.032967
7,166,0.054945,0.032967
7,167,0.054945,0.032967
7,168,0.076923,0.032967
7,169,0.087912,0.032967
7,170,0.076923,0.032967
7,171,0.087912,0.032967
7,172,0.076923,0.032967
7,173,0.065934,0.032967
7,174,0.109890,0.032967
7,175,0.120879,0.032967
7,176,0.142857,0.032967
7,177,0.120879,0.032967
7,178,0.142857,0.032967
7,179,0.131868,0.032967
7,180,0.142857,0.032967
7,181,0.153846,0.032967
7,182,0.153846,0.032967
7,183,0.142857,0.032967
7,184,0.153846,0.032967
7,185,0.120879,0.032967
7,186,0.120879,0.032967
7,187,0.131868,0.032967
7,188,0.131868,0.032967
7,189,0.087912,0.032967
7,190,0.065934,0.032967
7,191,0.087912,0.032967
7,192,0.098901,0.032967
7,193,0.131868,0.032967
7,194,0.131868,0.032967
7,195,0.153846,0.032967
7,196,0.120879,0.032967
7,197,0.153846,0.032967
7,198,0.142857,0.032967
7,199,0.153846,0.032967
7,200,0.131868,0.032967
7,201,0.153846,0.032967
7,202,0.175824,0.032967
7,203,0.186813,0.032967
7,204,0.208791,0.032967
7,205,0.219780,0.032967
7,206,0.208791,0.032967
7,207,0.186813,0.032967
7,208,0.153846,0.032967
7,209,0.131868,0.032967
7,210,0.120879,0.032967
7,211,0.131868,0.032967
7,212,0.109890,0.032967
7,213,0.120879,0.032967
7,214,0.076923,0.032967
7,215,0.098901,0.032967
7,216,0.076923,0.032967
7,217,0.120879,0.032967
7,218,0.109890,0.032967
7,219,0.142857,0.032967
7,220,0.175824,0.032967
7,221,0.175824,0.032967
7,222,0.175824,0.032967
7,223,0.186813,0.032967
7,224,0.153846,0.032967
7,225,0.197802,0.032967
7,226,0.175824,0.032967
7,227,0.131868,0.032967
7,228,0.120879,0.032967
7,229,0.131868,0.032967
7,230,0.098901,0.032967
7,231,0.098901,0.032967
7,232,0.131868,0.032967
7,233,0.142857,0.032967
7,234,0.120879,0.032967
7,235,0.120879,0.032967
7,236,0.120879,0.032967
7,237,0.120879,0.032967
7,238,0.131868,0.032967
7,239,0.131868,0.032967
7,240,0.131868,0.032967
7,241,0.098901,0.032967
7,242,0.109890,0.032967
7,243,0.065934,0.032967
7,244,0.109890,0.032967
7,245,0.109890,0.032967
7,246,0.098901,0.032967
7,247,0.131868,0.032967
7,248,0.131868,0.032967
7,249,0.120879,0.032967
7,250,0.120879,0.032967
7,251,0.153846,0.032967
7,252,0.120879,0.032967
7,253,0.109890,0.032967
7,254,0.109890,0.032967
7,255,0.076923,0.032967
7,256,0.054945,0.032967
7,257,0.087912,0.032967
7,258,0.098901,0.032967
7,259,0.054945,0.032967
7,260,0.098901,0.032967
7,261,0.098901,0.032967
7,262,0.109890,0.032967
7,263,0.109890,0.032967
7,264,0.087912,0.032967
7,265,0.120879,0.032967
7,266,0.142857,0.032967
7,267,0.153846,0.032967
7,268,0.175824,0.032967
7,269,0.197802,0.032967
7,270,0.197802,0.032967
7,271,0.197802,0.032967
7,272,0.208791,0.032967
7,273,0.142857,0.032967
7,274,0.197802,0.032967
7,275,0.142857,0.032967
7,276,0.142857,0.032967
7,277,0.120879,0.032967
7,278,0.120879,0.032967
7,279,0.109890,0.032967
7,280,0.120879,0.032967
7,281,0.087912,0.032967
7,282,0.098901,0.032967
7,283,0.153846,0.032967
7,284,0.175824,0.032967
7,285,0.197802,0.032967
7,286,0.131868,0.032967
7,287,0.142857,0.032967
7,288,0.153846,0.032967
7,289,0.131868,0.032967
7,290,0.120879,0.032967
7,291,0.164835,0.032967
7,292,0.131868,0.032967
7,293,0.109890,0.032967
7,294,0.120879,0.032967
7,295,0.109890,0.032967
7,296,0.142857,0.032967
7,297,0.175824,0.032967
7,298,0.164835,0.032967
7,299,0.142857,0.032967
7,300,0.164835,0.032967
7,301,0.120879,0.032967
7,302,0.109890,0.032967
7,303,0.142857,0.032967
7,304,0.175824,0.032967
7,305,0.131868,0.032967
7,306,0.131868,0.032967
7,307,0.142857,0.032967
7,308,0.131868,0.032967
7,309,0.120879,0.032967
7,310,0.131868,0.032967
7,311,0.076923,0.032967
7,312,0.054945,0.032967
7,313,0.098901,0.032967
7,314,0.131868,0.032967
7,315,0.142857,0.032967
7,316,0.153846,0.032967
7,317,0.120879,0.032967
7,318,0.098901,0.032967
7,319,0.120879,0.032967
7,320,0.120879,0.032967
7,321,0.109890,0.032967
7,322,0.087912,0.032967
7,323,0.098901,0.032967
7,324,0.087912,0.032967
7,325,0.087912,0.032967
7,326,0.098901,0.032967
7,327,0.087912,0.032967
7,328,0.087912,0.032967
7,329,0.087912,0.032967
7,330,0.076923,0.032967
7,331,0.087912,0.032967
7,332,0.142857,0.032967
7,333,0.120879,0.032967
7,334,0.120879,0.032967
7,335,0.142857,0.032967
7,336,0.109890,0.032967
7,337,0.076923,0.032967
7,338,0.098901,0.032967
7,339,0.087912,0.032967
7,340,0.087912,0.032967
7,341,0.087912,0.032967
7,342,0.076923,0.032967
7,343,0.087912,0.032967
7,344,0.076923,0.032967
7,345,0.098901,0.032967
7,346,0.120879,0.032967
7,347,0.098901,0.032967
7,348,0.109890,0.032967
7,349,0.098901,0.032967
7,350,0.120879,0.032967
7,351,0.087912,0.032967
7,352,0.076923,0.032967
7,353,0.065934,0.032967
7,354,0.065934,0.032967
7,355,0.065934,0.032967
7,356,0.076923,0.032967
7,357,0.065934,0.032967
7,358,0.065934,0.032967
7,359,0.076923,0.032967
7,360,0.087912,0.032967
7,361,0.109890,0.032967
7,362,0.109890,0.032967
7,363,0.142857,0.032967
7,364,0.131868,0.032967
7,365,0.131868,0.032967
7,366,0.131868,0.032967
7,367,0.120879,0.032967
7,368,0.098901,0.032967
7,369,0.120879,0.032967
7,370,0.142857,0.032967
7,371,0.109890,0.032967
7,372,0.142857,0.032967
7,373,0.131868,0.032967
7,374,0.142857,0.032967
7,375,0.142857,0.032967
7,376,0.131868,0.032967
7,377,0.131868,0.032967
7,378,0.131868,0.032967
7,379,0.153846,0.032967
7,380,0.164835,0.032967
7,381,0.164835,0.032967
7,382,0.164835,0.032967
7,383,0.164835,0.032967
7,384,0.175824,0.032967
7,385,0.164835,0.032967
7,386,0.175824,0.032967
7,387,0.186813,0.032967
7,388,0.164835,0.032967
7,389,0.142857,0.032967
7,390,0.164835,0.032967
7,391,0.175824,0.032967
7,392,0.197802,0.032967
7,393,0.186813,0.032967
7,394,0.142857,0.032967
7,395,0.153846,0.032967
7,396,0.164835,0.032967
7,397,0.164835,0.032967
7,398,0.186813,0.032967
7,399,0.164835,0.032967
7,400,0.153846,0.032967
7,401,0.153846,0.032967
7,402,0.098901,0.032967
7,403,0.098901,0.032967
7,404,0.065934,0.032967
7,405,0.065934,0.032967
7,406,0.054945,0.032967
7,407,0.043956,0.032967
7,408,0.087912,0.032967
7,409,0.087912,0.032967
7,410,0.109890,0.032967
7,411,0.120879,0.032967
7,412,0.153846,0.032967
7,413,0.175824,0.032967
7,414,0.175824,0.032967
7,415,0.164835,0.032967
7,416,0.164835,0.032967
7,417,0.164835,0.032967
7,418,0.164835,0.032967
7,419,0.164835,0.032967
7,420,0.164835,0.032967
7,421,0.164835,0.032967
7,422,0.164835,0.032967
7,423,0.131868,0.032967
7,424,0.131868,0.032967
7,425,0.098901,0.032967
7,426,0.131868,0.032967
7,427,0.153846,0.032967
7,428,0.153846,0.032967
7,429,0.164835,0.032967
7,430,0.153846,0.032967
7,431,0.087912,0.032967
7,432,0.120879,0.032967
7,433,0.109890,0.032967
7,434,0.098901,0.032967
7,435,0.076923,0.032967
7,436,0.076923,0.032967
7,437,0.043956,0.032967
7,438,0.076923,0.032967
7,439,0.076923,0.032967
7,440,0.065934,0.032967
7,441,0.076923,0.032967
7,442,0.087912,0.032967
7,443,0.109890,0.032967
7,444,0.087912,0.032967
7,445,0.065934,0.032967
7,446,0.065934,0.032967
7,447,0.076923,0.032967
7,448,0.131868,0.032967
7,449,0.087912,0.032967
7,450,0.087912,0.032967
7,451,0.087912,0.032967
7,452,0.087912,0.032967
7,453,0.098901,0.032967
7,454,0.087912,0.032967
7,455,0.087912,0.032967
7,456,0.109890,0.032967
7,457,0.065934,0.032967
7,458,0.076923,0.032967
7,459,0.120879,0.032967
7,460,0.098901,0.032967
7,461,0.131868,0.032967
7,462,0.098901,0.032967
7,463,0.087912,0.032967
7,464,0.109890,0.032967
7,465,0.131868,0.032967
7,466,0.142857,0.032967
7,467,0.120879,0.032967
7,468,0.109890,0.032967
7,469,0.153846,0.032967
7,470,0.164835,0.032967
7,471,0.131868,0.032967
7,472,0.087912,0.032967
7,473,0.087912,0.032967
7,474,0.076923,0.032967
7,475,0.065934,0.032967
7,476,0.076923,0.032967
7,477,0.076923,0.032967
7,478,0.065934,0.032967
7,479,0.065934,0.032967
7,480,0.087912,0.032967
7,481,0.087912,0.032967
7,482,0.054945,0.032967
7,483,0.087912,0.032967
7,484,0.076923,0.032967
7,485,0.164835,0.032967
7,486,0.142857,0.032967
7,487,0.142857,0.032967
7,488,0.142857,0.032967
7,489,0.153846,0.032967
7,490,0.131868,0.032967
7,491,0.120879,0.032967
7,492,0.142857,0.032967
7,493,0.120879,0.032967
7,494,0.120879,0.032967
7,495,0.153846,0.032967
7,496,0.131868,0.032967
7,497,0.076923,0.032967
7,498,0.065934,0.032967
7,499,0.087912,0.032967
7,500,0.076923,0.032967
7,501,0.076923,0.032967
7,502,0.098901,0.032967
7,503,0.098901,0.032967
7,504,0.087912,0.032967
7,505,0.109890,0.032967
7,506,0.131868,0.032967
7,507,0.153846,0.032967
7,508,0.175824,0.032967
7,509,0.175824,0.032967
7,510,0.131868,0.032967
7,511,0.120879,0.032967
7,512,0.153846,0.032967
7,513,0.120879,0.032967
7,514,0.109890,0.032967
7,515,0.087912,0.032967
7,516,0.065934,0.032967
7,517,0.065934,0.032967
7,518,0.076923,0.032967
7,519,0.098901,0.032967
7,520,0.098901,0.032967
7,521,0.109890,0.032967
7,522,0.087912,0.032967
7,523,0.087912,0.032967
7,524,0.120879,0.032967
7,525,0.142857,0.032967
7,526,0.109890,0.032967
7,527,0.109890,0.032967
7,528,0.109890,0.032967
7,529,0.098901,0.032967
7,530,0.120879,0.032967
7,531,0.120879,0.032967
7,532,0.109890,0.032967
7,533,0.120879,0.032967
7,534,0.109890,0.032967
7,535,0.120879,0.032967
7,536,0.120879,0.032967
7,537,0.109890,0.032967
7,538,0.087912,0.032967
7,539,0.098901,0.032967
7,540,0.076923,0.032967
7,541,0.087912,0.032967
7,542,0.120879,0.032967
7,543,0.109890,0.032967
7,544,0.087912,0.032967
7,545,0.131868,0.032967
7,546,0.142857,0.032967
7,547,0.164835,0.032967
7,548,0.109890,0.032967
7,549,0.109890,0.032967
7,550,0.131868,0.032967
7,551,0.131868,0.032967
7,552,0.131868,0.032967
7,553,0.098901,0.032967
7,554,0.098901,0.032967
7,555,0.098901,0.032967
7,556,0.087912,0.032967
7,557,0.087912,0.032967
7,558,0.087912,0.032967
7,559,0.087912,0.032967
7,560,0.087912,0.032967
7,561,0.098901,0.032967
7,562,0.131868,0.032967
7,563,0.098901,0.032967
7,564,0.098901,0.032967
7,565,0.087912,0.032967
7,566,0.076923,0.032967
7,567,0.076923,0.032967
7,568,0.076923,0.032967
7,569,0.109890,0.032967
7,570,0.109890,0.032967
7,571,0.098901,0.032967
7,572,0.120879,0.032967
7,573,0.131868,0.032967
7,574,0.131868,0.032967
7,575,0.131868,0.032967
7,576,0.087912,0.032967
7,577,0.098901,0.032967
7,578,0.087912,0.032967
7,579,0.087912,0.032967
7,580,0.054945,0.032967
7,581,0.043956,0.032967
7,582,0.087912,0.032967
7,583,0.087912,0.032967
7,584,0.087912,0.032967
7,585,0.120879,0.032967
7,586,0.098901,0.032967
7,587,0.120879,0.032967
7,588,0.131868,0.032967
7,589,0.131868,0.032967
7,590,0.131868,0.032967
7,591,0.098901,0.032967
7,592,0.076923,0.032967
7,593,0.065934,0.032967
7,594,0.076923,0.032967
7,595,0.065934,0.032967
7,596,0.087912,0.032967
7,597,0.087912,0.032967
7,598,0.098901,0.032967
7,599,0.076923,0.032967
7,600,0.076923,0.032967
7,601,0.065934,0.032967
7,602,0.054945,0.032967
7,603,0.065934,0.032967
7,604,0.054945,0.032967
7,605,0.087912,0.032967
7,606,0.065934,0.032967
7,607,0.109890,0.032967
7,608,0.131868,0.032967
7,609,0.142857,0.032967
7,610,0.087912,0.032967
7,611,0.098901,0.032967
7,612,0.076923,0.032967
7,613,0.043956,0.032967
7,614,0.065934,0.032967
7,615,0.098901,0.032967
7,616,0.098901,0.032967
7,617,0.087912,0.032967
7,618,0.098901,0.032967
7,619,0.098901,0.032967
7,620,0.098901,0.032967
7,621,0.098901,0.032967
7,622,0.087912,0.032967
7,623,0.098901,0.032967
7,624,0.131868,0.032967
7,625,0.131868,0.032967
7,626,0.142857,0.032967
7,627,0.131868,0.032967
7,628,0.131868,0.032967
7,629,0.131868,0.032967
7,630,0.098901,0.032967
7,631,0.076923,0.032967
7,632,0.098901,0.032967
7,633,0.153846,0.032967
7,634,0.153846,0.032967
7,635,0.164835,0.032967
7,636,0.131868,0.032967
7,637,0.109890,0.032967
7,638,0.131868,0.032967
7,639,0.197802,0.032967
7,640,0.175824,0.032967
7,641,0.175824,0.032967
7,642,0.219780,0.032967
7,643,0.186813,0.032967
7,644,0.186813,0.032967
7,645,0.142857,0.032967
7,646,0.164835,0.032967
7,647,0.164835,0.032967
7,648,0.142857,0.032967
7,649,0.109890,0.032967
7,650,0.109890,0.032967
7,651,0.098901,0.032967
7,652,0.109890,0.032967
7,653,0.131868,0.032967
7,654,0.120879,0.032967
7,655,0.186813,0.032967
7,656,0.153846,0.032967
7,657,0.186813,0.032967
7,658,0.175824,0.032967
7,659,0.153846,0.032967
7,660,0.175824,0.032967
7,661,0.153846,0.032967
7,662,0.175824,0.032967
7,663,0.197802,0.032967
7,664,0.175824,0.032967
7,665,0.186813,0.032967
7,666,0.164835,0.032967
7,667,0.153846,0.032967
7,668,0.131868,0.032967
7,669,0.098901,0.032967
7,670,0.131868,0.032967
7,671,0.131868,0.032967
7,672,0.087912,0.032967
7,673,0.109890,0.032967
7,674,0.087912,0.032967
7,675,0.109890,0.032967
7,676,0.120879,0.032967
7,677,0.153846,0.032967
7,678,0.120879,0.032967
7,679,0.131868,0.032967
7,680,0.109890,0.032967
7,681,0.109890,0.032967
7,682,0.109890,0.032967
7,683,0.120879,0.032967
7,684,0.131868,0.032967
7,685,0.120879,0.032967
7,686,0.120879,0.032967
7,687,0.109890,0.032967
7,688,0.098901,0.032967
7,689,0.098901,0.032967
7,690,0.109890,0.032967
7,691,0.120879,0.032967
7,692,0.109890,0.032967
7,693,0.098901,0.032967
7,694,0.098901,0.032967
7,695,0.120879,0.032967
7,696,0.109890,0.032967
7,697,0.131868,0.032967
7,698,0.076923,0.032967
7,699,0.065934,0.032967
7,700,0.054945,0.032967
7,701,0.098901,0.032967
7,702,0.087912,0.032967
7,703,0.087912,0.032967
7,704,0.076923,0.032967
7,705,0.065934,0.032967
7,706,0.098901,0.032967
7,707,0.153846,0.032967
7,708,0.120879,0.032967
7,709,0.098901,0.032967
7,710,0.076923,0.032967
7,711,0.098901,0.032967
7,712,0.065934,0.032967
7,713,0.076923,0.032967
7,714,0.087912,0.032967
7,715,0.098901,0.032967
7,716,0.076923,0.032967
7,717,0.043956,0.032967
7,718,0.032967,0.032967
7,719,0.043956,0.032967
7,720,0.043956,0.032967
7,721,0.043956,0.032967
7,722,0.043956,0.032967
7,723,0.076923,0.032967
7,724,0.054945,0.032967
7,725,0.054945,0.032967
7,726,0.087912,0.032967
7,727,0.076923,0.032967
7,728,0.065934,0.032967
7,729,0.032967,0.032967
7,730,0.032967,0.032967
7,731,0.065934,0.032967
7,732,0.065934,0.032967
7,733,0.076923,0.032967
7,734,0.098901,0.032967
7,735,0.109890,0.032967
7,736,0.120879,0.032967
7,737,0.142857,0.032967
7,738,0.109890,0.032967
7,739,0.109890,0.032967
7,740,0.087912,0.032967
7,741,0.087912,0.032967
7,742,0.087912,0.032967
7,743,0.109890,0.032967
7,744,0.131868,0.032967
7,745,0.109890,0.032967
7,746,0.131868,0.032967
7,747,0.153846,0.032967
7,748,0.120879,0.032967
7,749,0.109890,0.032967
7,750,0.120879,0.032967
7,751,0.142857,0.032967
7,752,0.120879,0.032967
7,753,0.131868,0.032967
7,754,0.164835,0.032967
7,755,0.142857,0.032967
7,756,0.164835,0.032967
7,757,0.219780,0.032967
7,758,0.252747,0.032967
7,759,0.219780,0.032967
7,760,0.219780,0.032967
7,761,0.186813,0.032967
7,762,0.153846,0.032967
7,763,0.164835,0.032967
7,764,0.153846,0.032967
7,765,0.164835,0.032967
7,766,0.120879,0.032967
7,767,0.131868,0.032967
7,768,0.164835,0.032967
7,769,0.109890,0.032967
7,770,0.109890,0.032967
7,771,0.098901,0.032967
7,772,0.109890,0.032967
7,773,0.131868,0.032967
7,774,0.120879,0.032967
7,775,0.131868,0.032967
7,776,0.109890,0.032967
7,777,0.098901,0.032967
7,778,0.087912,0.032967
7,779,0.087912,0.032967
7,780,0.087912,0.032967
7,781,0.087912,0.032967
7,782,0.087912,0.032967
7,783,0.098901,0.032967
7,784,0.109890,0.032967
7,785,0.087912,0.032967
7,786,0.109890,0.032967
7,787,0.131868,0.032967
7,788,0.142857,0.032967
7,789,0.131868,0.032967
7,790,0.164835,0.032967
7,791,0.153846,0.032967
7,792,0.175824,0.032967
7,793,0.175824,0.032967
7,794,0.164835,0.032967
7,795,0.153846,0.032967
7,796,0.164835,0.032967
7,797,0.131868,0.032967
7,798,0.109890,0.032967
7,799,0.109890,0.032967
7,800,0.131868,0.032967
7,801,0.087912,0.032967
7,802,0.076923,0.032967
7,803,0.109890,0.032967
7,804,0.098901,0.032967
7,805,0.065934,0.032967
7,806,0.054945,0.032967
7,807,0.065934,0.032967
7,808,0.087912,0.032967
7,809,0.076923,0.032967
7,810,0.076923,0.032967
7,811,0.065934,0.032967
7,812,0.076923,0.032967
7,813,0.065934,0.032967
7,814,0.098901,0.032967
7,815,0.109890,0.032967
7,816,0.098901,0.032967
7,817,0.131868,0.032967
7,818,0.153846,0.032967
7,819,0.109890,0.032967
7,820,0.131868,0.032967
7,821,0.120879,0.032967
7,822,0.131868,0.032967
7,823,0.120879,0.032967
7,824,0.109890,0.032967
7,825,0.098901,0.032967
7,826,0.098901,0.032967
7,827,0.098901,0.032967
7,828,0.098901,0.032967
7,829,0.098901,0.032967
7,830,0.076923,0.032967
7,831,0.109890,0.032967
7,832,0.076923,0.032967
7,833,0.098901,0.032967
7,834,0.131868,0.032967
7,835,0.131868,0.032967
7,836,0.142857,0.032967
7,837,0.142857,0.032967
7,838,0.109890,0.032967
7,839,0.087912,0.032967
7,840,0.131868,0.032967
7,841,0.109890,0.032967
7,842,0.076923,0.032967
7,843,0.087912,0.032967
7,844,0.087912,0.032967
7,845,0.120879,0.032967
7,846,0.109890,0.032967
7,847,0.076923,0.032967
7,848,0.098901,0.032967
7,849,0.120879,0.032967
7,850,0.120879,0.032967
7,851,0.120879,0.032967
7,852,0.153846,0.032967
7,853,0.131868,0.032967
7,854,0.120879,0.032967
7,855,0.164835,0.032967
7,856,0.186813,0.032967
7,857,0.175824,0.032967
7,858,0.208791,0.032967
7,859,0.197802,0.032967
7,860,0.208791,0.032967
7,861,0.197802,0.032967
7,862,0.175824,0.032967
7,863,0.219780,0.032967
7,864,0.208791,0.032967
7,865,0.186813,0.032967
7,866,0.164835,0.032967
7,867,0.164835,0.032967
7,868,0.175824,0.032967
7,869,0.120879,0.032967
7,870,0.131868,0.032967
7,871,0.120879,0.032967
7,872,0.109890,0.032967
7,873,0.065934,0.032967
7,874,0.087912,0.032967
7,875,0.087912,0.032967
7,876,0.076923,0.032967
7,877,0.098901,0.032967
7,878,0.087912,0.032967
7,879,0.076923,0.032967
7,880,0.087912,0.032967
7,881,0.087912,0.032967
7,882,0.098901,0.032967
7,883,0.120879,0.032967
7,884,0.109890,0.032967
7,885,0.131868,0.032967
7,886,0.153846,0.032967
7,887,0.153846,0.032967
7,888,0.164835,0.032967
7,889,0.142857,0.032967
7,890,0.142857,0.032967
7,891,0.142857,0.032967
7,892,0.164835,0.032967
7,893,0.131868,0.032967
7,894,0.131868,0.032967
7,895,0.131868,0.032967
7,896,0.175824,0.032967
7,897,0.175824,0.032967
7,898,0.164835,0.032967
7,899,0.164835,0.032967
7,900,0.131868,0.032967
7,901,0.142857,0.032967
7,902,0.142857,0.032967
7,903,0.098901,0.032967
7,904,0.109890,0.032967
7,905,0.098901,0.032967
7,906,0.120879,0.032967
7,907,0.098901,0.032967
7,908,0.109890,0.032967
7,909,0.109890,0.032967
7,910,0.131868,0.032967
7,911,0.109890,0.032967
7,912,0.098901,0.032967
7,913,0.043956,0.032967
7,914,0.098901,0.032967
7,915,0.087912,0.032967
7,916,0.098901,0.032967
7,917,0.120879,0.032967
7,918,0.109890,0.032967
7,919,0.120879,0.032967
7,920,0.109890,0.032967
7,921,0.087912,0.032967
7,922,0.109890,0.032967
7,923,0.098901,0.032967
7,924,0.153846,0.032967
7,925,0.120879,0.032967
7,926,0.131868,0.032967
7,927,0.087912,0.032967
7,928,0.098901,0.032967
7,929,0.109890,0.032967
7,930,0.120879,0.032967
7,931,0.098901,0.032967
7,932,0.054945,0.032967
7,933,0.076923,0.032967
7,934,0.109890,0.032967
7,935,0.131868,0.032967
7,936,0.087912,0.032967
7,937,0.131868,0.032967
7,938,0.153846,0.032967
7,939,0.164835,0.032967
7,940,0.153846,0.032967
7,941,0.164835,0.032967
7,942,0.142857,0.032967
7,943,0.164835,0.032967
7,944,0.164835,0.032967
7,945,0.164835,0.032967
7,946,0.164835,0.032967
7,947,0.142857,0.032967
7,948,0.120879,0.032967
7,949,0.109890,0.032967
7,950,0.109890,0.032967
7,951,0.109890,0.032967
7,952,0.076923,0.032967
7,953,0.065934,0.032967
7,954,0.032967,0.032967
7,955,0.076923,0.032967
7,956,0.098901,0.032967
7,957,0.120879,0.032967
7,958,0.153846,0.032967
7,959,0.153846,0.032967
7,960,0.197802,0.032967
7,961,0.175824,0.032967
7,962,0.142857,0.032967
7,963,0.142857,0.032967
7,964,0.175824,0.032967
7,965,0.153846,0.032967
7,966,0.120879,0.032967
7,967,0.120879,0.032967
7,968,0.120879,0.032967
7,969,0.098901,0.032967
7,970,0.087912,0.032967
7,971,0.087912,0.032967
7,972,0.087912,0.032967
7,973,0.076923,0.032967
7,974,0.076923,0.032967
7,975,0.076923,0.032967
7,976,0.098901,0.032967
7,977,0.120879,0.032967
7,978,0.131868,0.032967
7,979,0.120879,0.032967
7,980,0.131868,0.032967
7,981,0.142857,0.032967
7,982,0.153846,0.032967
7,983,0.142857,0.032967
7,984,0.131868,0.032967
7,985,0.142857,0.032967
7,986,0.153846,0.032967
7,987,0.164835,0.032967
7,988,0.153846,0.032967
7,989,0.164835,0.032967
7,990,0.153846,0.032967
7,991,0.131868,0.032967
7,992,0.142857,0.032967
7,993,0.109890,0.032967
7,994,0.142857,0.032967
7,995,0.153846,0.032967
7,996,0.098901,0.032967
7,997,0.120879,0.032967
7,998,0.131868,0.032967
7,999,0.131868,0.032967
7,1000,0.131868,0.032967
7,1001,0.164835,0.032967
7,1002,0.164835,0.032967
7,1003,0.131868,0.032967
7,1004,0.164835,0.032967
7,1005,0.153846,0.032967
7,1006,0.175824,0.032967
7,1007,0.153846,0.032967
7,1008,0.142857,0.032967
7,1009,0.120879,0.032967
7,1010,0.098901,0.032967
7,1011,0.109890,0.032967
7,1012,0.109890,0.032967
7,1013,0.076923,0.032967
7,1014,0.087912,0.032967
7,1015,0.109890,0.032967
7,1016,0.164835,0.032967
7,1017,0.153846,0.032967
7,1018,0.109890,0.032967
7,1019,0.098901,0.032967
7,1020,0.098901,0.032967
7,1021,0.131868,0.032967
7,1022,0.131868,0.032967
7,1023,0.109890,0.032967
7,1024,0.109890,0.032967
7,1025,0.098901,0.032967
7,1026,0.098901,0.032967
7,1027,0.065934,0.032967
7,1028,0.087912,0.032967
7,1029,0.098901,0.032967
7,1030,0.076923,0.032967
7,1031,0.087912,0.032967
7,1032,0.076923,0.032967
7,1033,0.131868,0.032967
7,1034,0.153846,0.032967
7,1035,0.153846,0.032967
7,1036,0.153846,0.032967
7,1037,0.164835,0.032967
7,1038,0.120879,0.032967
7,1039,0.131868,0.032967
7,1040,0.120879,0.032967
7,1041,0.131868,0.032967
7,1042,0.142857,0.032967
7,1043,0.087912,0.032967
7,1044,0.142857,0.032967
7,1045,0.142857,0.032967
7,1046,0.164835,0.032967
7,1047,0.142857,0.032967
7,1048,0.120879,0.032967
7,1049,0.109890,0.032967
7,1050,0.142857,0.032967
7,1051,0.153846,0.032967
7,1052,0.164835,0.032967
7,1053,0.164835,0.032967
7,1054,0.109890,0.032967
7,1055,0.120879,0.032967
7,1056,0.098901,0.032967
7,1057,0.109890,0.032967
7,1058,0.109890,0.032967
7,1059,0.131868,0.032967
7,1060,0.120879,0.032967
7,1061,0.131868,0.032967
7,1062,0.120879,0.032967
7,1063,0.109890,0.032967
7,1064,0.109890,0.032967
7,1065,0.087912,0.032967
7,1066,0.109890,0.032967
7,1067,0.131868,0.032967
7,1068,0.142857,0.032967
7,1069,0.142857,0.032967
7,1070,0.120879,0.032967
7,1071,0.109890,0.032967
7,1072,0.087912,0.032967
7,1073,0.087912,0.032967
7,1074,0.087912,0.032967
7,1075,0.098901,0.032967
7,1076,0.098901,0.032967
7,1077,0.109890,0.032967
7,1078,0.109890,0.032967
7,1079,0.087912,0.032967
7,1080,0.098901,0.032967
7,1081,0.098901,0.032967
7,1082,0.109890,0.032967
7,1083,0.076923,0.032967
7,1084,0.087912,0.032967
7,1085,0.109890,0.032967
7,1086,0.098901,0.032967
7,1087,0.109890,0.032967
7,1088,0.109890,0.032967
7,1089,0.109890,0.032967
7,1090,0.087912,0.032967
7,1091,0.098901,0.032967
7,1092,0.120879,0.032967
7,1093,0.164835,0.032967
7,1094,0.120879,0.032967
7,1095,0.120879,0.032967
7,1096,0.164835,0.032967
7,1097,0.164835,0.032967
7,1098,0.109890,0.032967
7,1099,0.120879,0.032967
7,1100,0.076923,0.032967
7,1101,0.076923,0.032967
7,1102,0.098901,0.032967
7,1103,0.076923,0.032967
7,1104,0.109890,0.032967
7,1105,0.098901,0.032967
7,1106,0.087912,0.032967
7,1107,0.087912,0.032967
7,1108,0.087912,0.032967
7,1109,0.098901,0.032967
7,1110,0.120879,0.032967
7,1111,0.109890,0.032967
7,1112,0.098901,0.032967
7,1113,0.098901,0.032967
7,1114,0.109890,0.032967
7,1115,0.109890,0.032967
7,1116,0.120879,0.032967
7,1117,0.109890,0.032967
7,1118,0.098901,0.032967
7,1119,0.131868,0.032967
7,1120,0.109890,0.032967
7,1121,0.120879,0.032967
7,1122,0.153846,0.032967
7,1123,0.186813,0.032967
7,1124,0.142857,0.032967
7,1125,0.175824,0.032967
7,1126,0.175824,0.032967
7,1127,0.208791,0.032967
7,1128,0.197802,0.032967
7,1129,0.208791,0.032967
7,1130,0.175824,0.032967
7,1131,0.131868,0.032967
7,1132,0.098901,0.032967
7,1133,0.131868,0.032967
7,1134,0.087912,0.032967
7,1135,0.109890,0.032967
7,1136,0.098901,0.032967
7,1137,0.109890,0.032967
7,1138,0.142857,0.032967
7,1139,0.131868,0.032967
7,1140,0.175824,0.032967
7,1141,0.153846,0.032967
7,1142,0.164835,0.032967
7,1143,0.175824,0.032967
7,1144,0.186813,0.032967
7,1145,0.131868,0.032967
7,1146,0.186813,0.032967
7,1147,0.175824,0.032967
7,1148,0.164835,0.032967
7,1149,0.142857,0.032967
7,1150,0.142857,0.032967
7,1151,0.131868,0.032967
7,1152,0.131868,0.032967
7,1153,0.109890,0.032967
7,1154,0.120879,0.032967
7,1155,0.142857,0.032967
7,1156,0.142857,0.032967
7,1157,0.153846,0.032967
7,1158,0.142857,0.032967
7,1159,0.153846,0.032967
7,1160,0.153846,0.032967
7,1161,0.186813,0.032967
7,1162,0.153846,0.032967
7,1163,0.142857,0.032967
7,1164,0.109890,0.032967
7,1165,0.076923,0.032967
7,1166,0.087912,0.032967
7,1167,0.076923,0.032967
7,1168,0.109890,0.032967
7,1169,0.098901,0.032967
7,1170,0.065934,0.032967
7,1171,0.120879,0.032967
7,1172,0.109890,0.032967
7,1173,0.098901,0.032967
7,1174,0.109890,0.032967
7,1175,0.109890,0.032967
7,1176,0.109890,0.032967
7,1177,0.109890,0.032967
7,1178,0.109890,0.032967
7,1179,0.142857,0.032967
7,1180,0.120879,0.032967
7,1181,0.131868,0.032967
7,1182,0.131868,0.032967
7,1183,0.142857,0.032967
7,1184,0.142857,0.032967
7,1185,0.131868,0.032967
7,1186,0.142857,0.032967
7,1187,0.153846,0.032967
7,1188,0.131868,0.032967
7,1189,0.131868,0.032967
7,1190,0.142857,0.032967
7,1191,0.153846,0.032967
7,1192,0.153846,0.032967
7,1193,0.131868,0.032967
7,1194,0.142857,0.032967
7,1195,0.109890,0.032967
7,1196,0.087912,0.032967
7,1197,0.076923,0.032967
7,1198,0.098901,0.032967
7,1199,0.109890,0.032967
7,1200,0.131868,0.032967
7,1201,0.142857,0.032967
7,1202,0.164835,0.032967
7,1203,0.153846,0.032967
7,1204,0.120879,0.032967
7,1205,0.120879,0.032967
7,1206,0.109890,0.032967
7,1207,0.109890,0.032967
7,1208,0.109890,0.032967
7,1209,0.087912,0.032967
7,1210,0.098901,0.032967
7,1211,0.098901,0.032967
7,1212,0.098901,0.032967
7,1213,0.087912,0.032967
7,1214,0.087912,0.032967
7,1215,0.120879,0.032967
7,1216,0.153846,0.032967
7,1217,0.164835,0.032967
7,1218,0.153846,0.032967
7,1219,0.153846,0.032967
7,1220,0.153846,0.032967
7,1221,0.120879,0.032967
7,1222,0.087912,0.032967
7,1223,0.109890,0.032967
7,1224,0.065934,0.032967
7,1225,0.098901,0.032967
7,1226,0.109890,0.032967
7,1227,0.076923,0.032967
7,1228,0.087912,0.032967
7,1229,0.087912,0.032967
7,1230,0.098901,0.032967
7,1231,0.076923,0.032967
7,1232,0.087912,0.032967
7,1233,0.120879,0.032967
7,1234,0.131868,0.032967
7,1235,0.131868,0.032967
7,1236,0.175824,0.032967
7,1237,0.175824,0.032967
7,1238,0.153846,0.032967
7,1239,0.142857,0.032967
7,1240,0.153846,0.032967
7,1241,0.120879,0.032967
7,1242,0.142857,0.032967
7,1243,0.131868,0.032967
7,1244,0.142857,0.032967
7,1245,0.131868,0.032967
7,1246,0.120879,0.032967
7,1247,0.120879,0.032967
7,1248,0.109890,0.032967
7,1249,0.087912,0.032967
7,1250,0.065934,0.032967
7,1251,0.087912,0.032967
7,1252,0.120879,0.032967
7,1253,0.087912,0.032967
7,1254,0.065934,0.032967
7,1255,0.065934,0.032967
7,1256,0.098901,0.032967
7,1257,0.098901,0.032967
7,1258,0.076923,0.032967
7,1259,0.054945,0.032967
7,1260,0.054945,0.032967
7,1261,0.054945,0.032967
7,1262,0.087912,0.032967
7,1263,0.109890,0.032967
7,1264,0.065934,0.032967
7,1265,0.098901,0.032967
7,1266,0.109890,0.032967
7,1267,0.131868,0.032967
7,1268,0.131868,0.032967
7,1269,0.131868,0.032967
7,1270,0.098901,0.032967
7,1271,0.098901,0.032967
7,1272,0.054945,0.032967
7,1273,0.087912,0.032967
7,1274,0.087912,0.032967
7,1275,0.109890,0.032967
7,1276,0.087912,0.032967
7,1277,0.098901,0.032967
7,1278,0.076923,0.032967
7,1279,0.109890,0.032967
7,1280,0.109890,0.032967
7,1281,0.098901,0.032967
7,1282,0.087912,0.032967
7,1283,0.098901,0.032967
7,1284,0.109890,0.032967
7,1285,0.120879,0.032967
7,1286,0.087912,0.032967
7,1287,0.076923,0.032967
7,1288,0.076923,0.032967
7,1289,0.087912,0.032967
7,1290,0.109890,0.032967
7,1291,0.142857,0.032967
7,1292,0.131868,0.032967
7,1293,0.131868,0.032967
7,1294,0.120879,0.032967
7,1295,0.098901,0.032967
7,1296,0.109890,0.032967
7,1297,0.142857,0.032967
7,1298,0.164835,0.032967
7,1299,0.175824,0.032967
7,1300,0.175824,0.032967
7,1301,0.208791,0.032967
7,1302,0.164835,0.032967
7,1303,0.164835,0.032967
7,1304,0.131868,0.032967
7,1305,0.164835,0.032967
7,1306,0.153846,0.032967
7,1307,0.164835,0.032967
7,1308,0.197802,0.032967
7,1309,0.186813,0.032967
7,1310,0.197802,0.032967
7,1311,0.208791,0.032967
7,1312,0.208791,0.032967
7,1313,0.175824,0.032967
7,1314,0.142857,0.032967
7,1315,0.153846,0.032967
7,1316,0.120879,0.032967
7,1317,0.087912,0.032967
7,1318,0.120879,0.032967
7,1319,0.142857,0.032967
7,1320,0.120879,0.032967
7,1321,0.131868,0.032967
7,1322,0.098901,0.032967
7,1323,0.076923,0.032967
7,1324,0.076923,0.032967
7,1325,0.043956,0.032967
7,1326,0.043956,0.032967
7,1327,0.098901,0.032967
7,1328,0.098901,0.032967
7,1329,0.098901,0.032967
7,1330,0.098901,0.032967
7,1331,0.098901,0.032967
7,1332,0.098901,0.032967
7,1333,0.098901,0.032967
7,1334,0.098901,0.032967
7,1335,0.098901,0.032967
7,1336,0.076923,0.032967
7,1337,0.098901,0.032967
7,1338,0.087912,0.032967
7,1339,0.120879,0.032967
7,1340,0.120879,0.032967
7,1341,0.131868,0.032967
7,1342,0.120879,0.032967
7,1343,0.131868,0.032967
7,1344,0.131868,0.032967
7,1345,0.131868,0.032967
7,1346,0.109890,0.032967
7,1347,0.109890,0.032967
7,1348,0.109890,0.032967
7,1349,0.120879,0.032967
7,1350,0.120879,0.032967
7,1351,0.098901,0.032967
7,1352,0.131868,0.032967
7,1353,0.131868,0.032967
7,1354,0.098901,0.032967
7,1355,0.109890,0.032967
7,1356,0.109890,0.032967
7,1357,0.109890,0.032967
7,1358,0.109890,0.032967
7,1359,0.120879,0.032967
7,1360,0.098901,0.032967
7,1361,0.098901,0.032967
7,1362,0.098901,0.032967
7,1363,0.098901,0.032967
7,1364,0.087912,0.032967
7,1365,0.076923,0.032967
7,1366,0.087912,0.032967
7,1367,0.087912,0.032967
7,1368,0.098901,0.032967
7,1369,0.131868,0.032967
7,1370,0.142857,0.032967
7,1371,0.131868,0.032967
7,1372,0.131868,0.032967
7,1373,0.120879,0.032967
7,1374,0.098901,0.032967
7,1375,0.109890,0.032967
7,1376,0.109890,0.032967
7,1377,0.098901,0.032967
7,1378,0.109890,0.032967
7,1379,0.109890,0.032967
7,1380,0.109890,0.032967
7,1381,0.120879,0.032967
7,1382,0.109890,0.032967
7,1383,0.087912,0.032967
7,1384,0.087912,0.032967
7,1385,0.076923,0.032967
7,1386,0.076923,0.032967
7,1387,0.120879,0.032967
7,1388,0.120879,0.032967
7,1389,0.120879,0.032967
7,1390,0.120879,0.032967
7,1391,0.120879,0.032967
7,1392,0.153846,0.032967
7,1393,0.153846,0.032967
7,1394,0.142857,0.032967
7,1395,0.175824,0.032967
7,1396,0.164835,0.032967
7,1397,0.175824,0.032967
7,1398,0.208791,0.032967
7,1399,0.208791,0.032967
7,1400,0.164835,0.032967
7,1401,0.120879,0.032967
7,1402,0.087912,0.032967
7,1403,0.098901,0.032967
7,1404,0.087912,0.032967
7,1405,0.098901,0.032967
7,1406,0.120879,0.032967
7,1407,0.109890,0.032967
7,1408,0.098901,0.032967
7,1409,0.098901,0.032967
7,1410,0.087912,0.032967
7,1411,0.087912,0.032967
7,1412,0.109890,0.032967
7,1413,0.109890,0.032967
7,1414,0.109890,0.032967
7,1415,0.109890,0.032967
7,1416,0.120879,0.032967
7,1417,0.087912,0.032967
7,1418,0.098901,0.032967
7,1419,0.087912,0.032967
7,1420,0.120879,0.032967
7,1421,0.098901,0.032967
7,1422,0.087912,0.032967
7,1423,0.065934,0.032967
7,1424,0.098901,0.032967
7,1425,0.087912,0.032967
7,1426,0.098901,0.032967
7,1427,0.098901,0.032967
7,1428,0.120879,0.032967
7,1429,0.109890,0.032967
7,1430,0.109890,0.032967
7,1431,0.087912,0.032967
7,1432,0.076923,0.032967
7,1433,0.087912,0.032967
7,1434,0.087912,0.032967
7,1435,0.087912,0.032967
7,1436,0.109890,0.032967
7,1437,0.087912,0.032967
7,1438,0.087912,0.032967
7,1439,0.120879,0.032967
7,1440,0.142857,0.032967
7,1441,0.142857,0.032967
7,1442,0.120879,0.032967
7,1443,0.120879,0.032967
7,1444,0.120879,0.032967
7,1445,0.098901,0.032967
7,1446,0.109890,0.032967
7,1447,0.120879,0.032967
7,1448,0.120879,0.032967
7,1449,0.109890,0.032967
7,1450,0.087912,0.032967
7,1451,0.098901,0.032967
7,1452,0.120879,0.032967
7,1453,0.098901,0.032967
7,1454,0.109890,0.032967
7,1455,0.131868,0.032967
7,1456,0.164835,0.032967
7,1457,0.175824,0.032967
7,1458,0.175824,0.032967
7,1459,0.164835,0.032967
7,1460,0.175824,0.032967
7,1461,0.131868,0.032967
7,1462,0.164835,0.032967
7,1463,0.153846,0.032967
7,1464,0.164835,0.032967
7,1465,0.153846,0.032967
7,1466,0.120879,0.032967
7,1467,0.153846,0.032967
7,1468,0.164835,0.032967
7,1469,0.153846,0.032967
7,1470,0.142857,0.032967
7,1471,0.186813,0.032967
7,1472,0.153846,0.032967
7,1473,0.120879,0.032967
7,1474,0.120879,0.032967
7,1475,0.131868,0.032967
7,1476,0.098901,0.032967
7,1477,0.098901,0.032967
7,1478,0.098901,0.032967
7,1479,0.131868,0.032967
7,1480,0.120879,0.032967
7,1481,0.120879,0.032967
7,1482,0.120879,0.032967
7,1483,0.131868,0.032967
7,1484,0.131868,0.032967
7,1485,0.131868,0.032967
7,1486,0.120879,0.032967
7,1487,0.120879,0.032967
7,1488,0.120879,0.032967
7,1489,0.098901,0.032967
7,1490,0.109890,0.032967
7,1491,0.098901,0.032967
7,1492,0.065934,0.032967
7,1493,0.109890,0.032967
7,1494,0.109890,0.032967
7,1495,0.142857,0.032967
7,1496,0.164835,0.032967
7,1497,0.142857,0.032967
7,1498,0.131868,0.032967
7,1499,0.087912,0.032967
7,1500,0.076923,0.032967
7,1501,0.087912,0.032967
7,1502,0.098901,0.032967
7,1503,0.131868,0.032967
7,1504,0.153846,0.032967
7,1505,0.120879,0.032967
7,1506,0.142857,0.032967
7,1507,0.142857,0.032967
7,1508,0.120879,0.032967
7,1509,0.142857,0.032967
7,1510,0.153846,0.032967
7,1511,0.164835,0.032967
7,1512,0.175824,0.032967
7,1513,0.153846,0.032967
7,1514,0.142857,0.032967
7,1515,0.164835,0.032967
7,1516,0.197802,0.032967
7,1517,0.164835,0.032967
7,1518,0.131868,0.032967
7,1519,0.120879,0.032967
7,1520,0.120879,0.032967
7,1521,0.153846,0.032967
7,1522,0.186813,0.032967
7,1523,0.175824,0.032967
7,1524,0.131868,0.032967
7,1525,0.109890,0.032967
7,1526,0.120879,0.032967
7,1527,0.175824,0.032967
7,1528,0.175824,0.032967
7,1529,0.120879,0.032967
7,1530,0.076923,0.032967
7,1531,0.087912,0.032967
7,1532,0.109890,0.032967
7,1533,0.120879,0.032967
7,1534,0.120879,0.032967
7,1535,0.120879,0.032967
7,1536,0.120879,0.032967
7,1537,0.098901,0.032967
7,1538,0.131868,0.032967
7,1539,0.131868,0.032967
7,1540,0.142857,0.032967
7,1541,0.109890,0.032967
7,1542,0.098901,0.032967
7,1543,0.098901,0.032967
7,1544,0.065934,0.032967
7,1545,0.087912,0.032967
7,1546,0.109890,0.032967
7,1547,0.098901,0.032967
7,1548,0.109890,0.032967
7,1549,0.087912,0.032967
7,1550,0.098901,0.032967
7,1551,0.120879,0.032967
7,1552,0.109890,0.032967
7,1553,0.142857,0.032967
7,1554,0.142857,0.032967
7,1555,0.164835,0.032967
7,1556,0.142857,0.032967
7,1557,0.131868,0.032967
7,1558,0.131868,0.032967
7,1559,0.175824,0.032967
7,1560,0.142857,0.032967
7,1561,0.131868,0.032967
7,1562,0.164835,0.032967
7,1563,0.164835,0.032967
7,1564,0.164835,0.032967
7,1565,0.175824,0.032967
7,1566,0.142857,0.032967
7,1567,0.142857,0.032967
7,1568,0.120879,0.032967
7,1569,0.153846,0.032967
7,1570,0.153846,0.032967
7,1571,0.164835,0.032967
7,1572,0.164835,0.032967
7,1573,0.175824,0.032967
7,1574,0.175824,0.032967
7,1575,0.197802,0.032967
7,1576,0.186813,0.032967
7,1577,0.186813,0.032967
7,1578,0.175824,0.032967
7,1579,0.186813,0.032967
7,1580,0.175824,0.032967
7,1581,0.164835,0.032967
7,1582,0.153846,0.032967
7,1583,0.131868,0.032967
7,1584,0.131868,0.032967
7,1585,0.142857,0.032967
7,1586,0.142857,0.032967
7,1587,0.153846,0.032967
7,1588,0.142857,0.032967
7,1589,0.153846,0.032967
7,1590,0.109890,0.032967
7,1591,0.109890,0.032967
7,1592,0.109890,0.032967
7,1593,0.109890,0.032967
7,1594,0.098901,0.032967
7,1595,0.120879,0.032967
7,1596,0.098901,0.032967
7,1597,0.120879,0.032967
7,1598,0.120879,0.032967
7,1599,0.120879,0.032967
7,1600,0.131868,0.032967
7,1601,0.120879,0.032967
7,1602,0.131868,0.032967
7,1603,0.131868,0.032967
7,1604,0.109890,0.032967
7,1605,0.142857,0.032967
7,1606,0.142857,0.032967
7,1607,0.142857,0.032967
7,1608,0.120879,0.032967
7,1609,0.175824,0.032967
7,1610,0.120879,0.032967
7,1611,0.098901,0.032967
7,1612,0.098901,0.032967
7,1613,0.131868,0.032967
7,1614,0.142857,0.032967
7,1615,0.175824,0.032967
7,1616,0.142857,0.032967
7,1617,0.186813,0.032967
7,1618,0.164835,0.032967
7,1619,0.219780,0.032967
7,1620,0.197802,0.032967
7,1621,0.208791,0.032967
7,1622,0.230769,0.032967
7,1623,0.197802,0.032967
7,1624,0.208791,0.032967
7,1625,0.197802,0.032967
7,1626,0.153846,0.032967
7,1627,0.153846,0.032967
7,1628,0.142857,0.032967
7,1629,0.153846,0.032967
7,1630,0.164835,0.032967
7,1631,0.142857,0.032967
7,1632,0.131868,0.032967
7,1633,0.142857,0.032967
7,1634,0.142857,0.032967
7,1635,0.142857,0.032967
7,1636,0.131868,0.032967
7,1637,0.208791,0.032967
7,1638,0.197802,0.032967
7,1639,0.186813,0.032967
7,1640,0.142857,0.032967
7,1641,0.120879,0.032967
7,1642,0.131868,0.032967
7,1643,0.109890,0.032967
7,1644,0.109890,0.032967
7,1645,0.120879,0.032967
7,1646,0.109890,0.032967
7,1647,0.109890,0.032967
7,1648,0.109890,0.032967
7,1649,0.131868,0.032967
7,1650,0.142857,0.032967
7,1651,0.142857,0.032967
7,1652,0.164835,0.032967
7,1653,0.164835,0.032967
7,1654,0.120879,0.032967
7,1655,0.120879,0.032967
7,1656,0.098901,0.032967
7,1657,0.076923,0.032967
7,1658,0.076923,0.032967
7,1659,0.098901,0.032967
7,1660,0.098901,0.032967
7,1661,0.098901,0.032967
7,1662,0.098901,0.032967
7,1663,0.109890,0.032967
7,1664,0.120879,0.032967
7,1665,0.109890,0.032967
7,1666,0.065934,0.032967
7,1667,0.065934,0.032967
7,1668,0.076923,0.032967
7,1669,0.065934,0.032967
7,1670,0.065934,0.032967
7,1671,0.065934,0.032967
7,1672,0.076923,0.032967
7,1673,0.087912,0.032967
7,1674,0.087912,0.032967
7,1675,0.076923,0.032967
7,1676,0.098901,0.032967
7,1677,0.098901,0.032967
7,1678,0.087912,0.032967
7,1679,0.076923,0.032967
7,1680,0.065934,0.032967
7,1681,0.065934,0.032967
7,1682,0.076923,0.032967
7,1683,0.087912,0.032967
7,1684,0.076923,0.032967
7,1685,0.065934,0.032967
7,1686,0.087912,0.032967
7,1687,0.109890,0.032967
7,1688,0.098901,0.032967
7,1689,0.098901,0.032967
7,1690,0.142857,0.032967
7,1691,0.153846,0.032967
7,1692,0.153846,0.032967
7,1693,0.153846,0.032967
7,1694,0.131868,0.032967
7,1695,0.120879,0.032967
7,1696,0.076923,0.032967
7,1697,0.065934,0.032967
7,1698,0.076923,0.032967
7,1699,0.065934,0.032967
7,1700,0.076923,0.032967
7,1701,0.098901,0.032967
7,1702,0.109890,0.032967
7,1703,0.109890,0.032967
7,1704,0.109890,0.032967
7,1705,0.109890,0.032967
7,1706,0.098901,0.032967
7,1707,0.109890,0.032967
7,1708,0.109890,0.032967
7,1709,0.120879,0.032967
7,1710,0.098901,0.032967
7,1711,0.076923,0.032967
7,1712,0.087912,0.032967
7,1713,0.054945,0.032967
7,1714,0.054945,0.032967
7,1715,0.054945,0.032967
7,1716,0.087912,0.032967
7,1717,0.087912,0.032967
7,1718,0.098901,0.032967
7,1719,0.087912,0.032967
7,1720,0.087912,0.032967
7,1721,0.098901,0.032967
7,1722,0.098901,0.032967
7,1723,0.098901,0.032967
7,1724,0.142857,0.032967
7,1725,0.131868,0.032967
7,1726,0.142857,0.032967
7,1727,0.164835,0.032967
7,1728,0.142857,0.032967
7,1729,0.131868,0.032967
7,1730,0.164835,0.032967
7,1731,0.219780,0.032967
7,1732,0.230769,0.032967
7,1733,0.230769,0.032967
7,1734,0.208791,0.032967
7,1735,0.175824,0.032967
7,1736,0.186813,0.032967
7,1737,0.164835,0.032967
7,1738,0.186813,0.032967
7,1739,0.164835,0.032967
7,1740,0.153846,0.032967
7,1741,0.142857,0.032967
7,1742,0.142857,0.032967
7,1743,0.142857,0.032967
7,1744,0.153846,0.032967
7,1745,0.142857,0.032967
7,1746,0.197802,0.032967
7,1747,0.186813,0.032967
7,1748,0.175824,0.032967
7,1749,0.142857,0.032967
7,1750,0.120879,0.032967
7,1751,0.120879,0.032967
7,1752,0.076923,0.032967
7,1753,0.087912,0.032967
7,1754,0.076923,0.032967
7,1755,0.109890,0.032967
7,1756,0.076923,0.032967
7,1757,0.054945,0.032967
7,1758,0.087912,0.032967
7,1759,0.076923,0.032967
7,1760,0.043956,0.032967
7,1761,0.032967,0.032967
7,1762,0.043956,0.032967
7,1763,0.054945,0.032967
7,1764,0.098901,0.032967
7,1765,0.076923,0.032967
7,1766,0.076923,0.032967
7,1767,0.076923,0.032967
7,1768,0.109890,0.032967
7,1769,0.076923,0.032967
7,1770,0.076923,0.032967
7,1771,0.054945,0.032967
7,1772,0.065934,0.032967
7,1773,0.076923,0.032967
7,1774,0.065934,0.032967
7,1775,0.076923,0.032967
7,1776,0.076923,0.032967
7,1777,0.054945,0.032967
7,1778,0.043956,0.032967
7,1779,0.054945,0.032967
7,1780,0.054945,0.032967
7,1781,0.043956,0.032967
7,1782,0.098901,0.032967
7,1783,0.087912,0.032967
7,1784,0.098901,0.032967
7,1785,0.076923,0.032967
7,1786,0.065934,0.032967
7,1787,0.065934,0.032967
7,1788,0.065934,0.032967
7,1789,0.109890,0.032967
7,1790,0.076923,0.032967
7,1791,0.065934,0.032967
7,1792,0.087912,0.032967
7,1793,0.109890,0.032967
7,1794,0.197802,0.032967
7,1795,0.109890,0.032967
7,1796,0.109890,0.032967
7,1797,0.109890,0.032967
7,1798,0.109890,0.032967
7,1799,0.120879,0.032967
7,1800,0.109890,0.032967
7,1801,0.153846,0.032967
7,1802,0.164835,0.032967
7,1803,0.186813,0.032967
7,1804,0.175824,0.032967
7,1805,0.164835,0.032967
7,1806,0.164835,0.032967
7,1807,0.164835,0.032967
7,1808,0.153846,0.032967
7,1809,0.142857,0.032967
7,1810,0.142857,0.032967
7,1811,0.109890,0.032967
7,1812,0.131868,0.032967
7,1813,0.142857,0.032967
7,1814,0.164835,0.032967
7,1815,0.153846,0.032967
7,1816,0.109890,0.032967
7,1817,0.120879,0.032967
7,1818,0.109890,0.032967
7,1819,0.109890,0.032967
7,1820,0.131868,0.032967
7,1821,0.175824,0.032967
7,1822,0.142857,0.032967
7,1823,0.142857,0.032967
7,1824,0.142857,0.032967
7,1825,0.142857,0.032967
7,1826,0.164835,0.032967
7,1827,0.153846,0.032967
7,1828,0.120879,0.032967
7,1829,0.120879,0.032967
7,1830,0.131868,0.032967
7,1831,0.131868,0.032967
7,1832,0.120879,0.032967
7,1833,0.120879,0.032967
7,1834,0.120879,0.032967
7,1835,0.131868,0.032967
7,1836,0.153846,0.032967
7,1837,0.142857,0.032967
7,1838,0.153846,0.032967
7,1839,0.164835,0.032967
7,1840,0.153846,0.032967
7,1841,0.131868,0.032967
7,1842,0.153846,0.032967
7,1843,0.131868,0.032967
7,1844,0.131868,0.032967
7,1845,0.120879,0.032967
7,1846,0.131868,0.032967
7,1847,0.120879,0.032967
7,1848,0.076923,0.032967
7,1849,0.109890,0.032967
7,1850,0.098901,0.032967
7,1851,0.098901,0.032967
7,1852,0.098901,0.032967
7,1853,0.054945,0.032967
7,1854,0.043956,0.032967
7,1855,0.043956,0.032967
7,1856,0.043956,0.032967
7,1857,0.043956,0.032967
7,1858,0.043956,0.032967
7,1859,0.076923,0.032967
7,1860,0.076923,0.032967
7,1861,0.098901,0.032967
7,1862,0.076923,0.032967
7,1863,0.109890,0.032967
7,1864,0.109890,0.032967
7,1865,0.098901,0.032967
7,1866,0.098901,0.032967
7,1867,0.098901,0.032967
7,1868,0.087912,0.032967
7,1869,0.087912,0.032967
7,1870,0.087912,0.032967
7,1871,0.087912,0.032967
7,1872,0.098901,0.032967
7,1873,0.098901,0.032967
7,1874,0.076923,0.032967
7,1875,0.054945,0.032967
7,1876,0.043956,0.032967
7,1877,0.043956,0.032967
7,1878,0.043956,0.032967
7,1879,0.098901,0.032967
7,1880,0.142857,0.032967
7,1881,0.153846,0.032967
7,1882,0.153846,0.032967
7,1883,0.153846,0.032967
7,1884,0.197802,0.032967
7,1885,0.164835,0.032967
7,1886,0.164835,0.032967
7,1887,0.164835,0.032967
7,1888,0.153846,0.032967
7,1889,0.153846,0.032967
7,1890,0.153846,0.032967
7,1891,0.153846,0.032967
7,1892,0.131868,0.032967
7,1893,0.120879,0.032967
7,1894,0.098901,0.032967
7,1895,0.109890,0.032967
7,1896,0.131868,0.032967
7,1897,0.109890,0.032967
7,1898,0.098901,0.032967
7,1899,0.109890,0.032967
7,1900,0.131868,0.032967
7,1901,0.109890,0.032967
7,1902,0.087912,0.032967
7,1903,0.087912,0.032967
7,1904,0.087912,0.032967
7,1905,0.109890,0.032967
7,1906,0.120879,0.032967
7,1907,0.131868,0.032967
7,1908,0.131868,0.032967
7,1909,0.153846,0.032967
7,1910,0.153846,0.032967
7,1911,0.153846,0.032967
7,1912,0.131868,0.032967
7,1913,0.164835,0.032967
7,1914,0.142857,0.032967
7,1915,0.065934,0.032967
7,1916,0.054945,0.032967
7,1917,0.076923,0.032967
7,1918,0.087912,0.032967
7,1919,0.087912,0.032967
7,1920,0.087912,0.032967
7,1921,0.076923,0.032967
7,1922,0.076923,0.032967
7,1923,0.076923,0.032967
7,1924,0.087912,0.032967
7,1925,0.098901,0.032967
7,1926,0.098901,0.032967
7,1927,0.098901,0.032967
7,1928,0.098901,0.032967
7,1929,0.109890,0.032967
7,1930,0.109890,0.032967
7,1931,0.131868,0.032967
7,1932,0.142857,0.032967
7,1933,0.131868,0.032967
7,1934,0.131868,0.032967
7,1935,0.153846,0.032967
7,1936,0.120879,0.032967
7,1937,0.131868,0.032967
7,1938,0.120879,0.032967
7,1939,0.120879,0.032967
7,1940,0.131868,0.032967
7,1941,0.131868,0.032967
7,1942,0.087912,0.032967
7,1943,0.087912,0.032967
7,1944,0.087912,0.032967
7,1945,0.120879,0.032967
7,1946,0.131868,0.032967
7,1947,0.142857,0.032967
7,1948,0.120879,0.032967
7,1949,0.120879,0.032967
7,1950,0.109890,0.032967
7,1951,0.109890,0.032967
7,1952,0.142857,0.032967
7,1953,0.109890,0.032967
7,1954,0.109890,0.032967
7,1955,0.131868,0.032967
7,1956,0.142857,0.032967
7,1957,0.153846,0.032967
7,1958,0.153846,0.032967
7,1959,0.142857,0.032967
7,1960,0.109890,0.032967
7,1961,0.098901,0.032967
7,1962,0.109890,0.032967
7,1963,0.098901,0.032967
7,1964,0.109890,0.032967
7,1965,0.109890,0.032967
7,1966,0.098901,0.032967
7,1967,0.098901,0.032967
7,1968,0.065934,0.032967
7,1969,0.054945,0.032967
7,1970,0.065934,0.032967
7,1971,0.065934,0.032967
7,1972,0.076923,0.032967
7,1973,0.065934,0.032967
7,1974,0.109890,0.032967
7,1975,0.120879,0.032967
7,1976,0.131868,0.032967
7,1977,0.120879,0.032967
7,1978,0.120879,0.032967
7,1979,0.120879,0.032967
7,1980,0.120879,0.032967
7,1981,0.120879,0.032967
7,1982,0.120879,0.032967
7,1983,0.109890,0.032967
7,1984,0.098901,0.032967
7,1985,0.098901,0.032967
7,1986,0.098901,0.032967
7,1987,0.076923,0.032967
7,1988,0.043956,0.032967
7,1989,0.043956,0.032967
7,1990,0.054945,0.032967
7,1991,0.032967,0.032967
7,1992,0.032967,0.032967
7,1993,0.021978,0.021978
7,1994,0.021978,0.021978
7,1995,0.032967,0.021978
7,1996,0.032967,0.021978
7,1997,0.021978,0.021978
7,1998,0.043956,0.021978
7,1999,0.043956,0.021978
7,2000,0.054945,0.021978
7,2001,0.054945,0.021978
7,2002,0.065934,0.021978
7,2003,0.087912,0.021978
7,2004,0.076923,0.021978
7,2005,0.076923,0.021978
7,2006,0.065934,0.021978
7,2007,0.065934,0.021978
7,2008,0.065934,0.021978
7,2009,0.109890,0.021978
7,2010,0.153846,0.021978
7,2011,0.164835,0.021978
7,2012,0.153846,0.021978
7,2013,0.131868,0.021978
7,2014,0.076923,0.021978
7,2015,0.076923,0.021978
7,2016,0.076923,0.021978
7,2017,0.098901,0.021978
7,2018,0.087912,0.021978
7,2019,0.098901,0.021978
7,2020,0.087912,0.021978
7,2021,0.098901,0.021978
7,2022,0.098901,0.021978
7,2023,0.087912,0.021978
7,2024,0.109890,0.021978
7,2025,0.076923,0.021978
7,2026,0.076923,0.021978
7,2027,0.076923,0.021978
7,2028,0.076923,0.021978
7,2029,0.087912,0.021978
7,2030,0.120879,0.021978
7,2031,0.131868,0.021978
7,2032,0.142857,0.021978
7,2033,0.153846,0.021978
7,2034,0.142857,0.021978
7,2035,0.186813,0.021978
7,2036,0.175824,0.021978
7,2037,0.131868,0.021978
7,2038,0.142857,0.021978
7,2039,0.164835,0.021978
7,2040,0.164835,0.021978
7,2041,0.164835,0.021978
7,2042,0.186813,0.021978
7,2043,0.175824,0.021978
7,2044,0.164835,0.021978
7,2045,0.175824,0.021978
7,2046,0.197802,0.021978
7,2047,0.252747,0.021978
7,2048,0.263736,0.021978
7,2049,0.274725,0.021978
7,2050,0.230769,0.021978
7,2051,0.197802,0.021978
7,2052,0.186813,0.021978
7,2053,0.186813,0.021978
7,2054,0.186813,0.021978
7,2055,0.164835,0.021978
7,2056,0.164835,0.021978
7,2057,0.142857,0.021978
7,2058,0.153846,0.021978
7,2059,0.153846,0.021978
7,2060,0.197802,0.021978
7,2061,0.186813,0.021978
7,2062,0.175824,0.021978
7,2063,0.153846,0.021978
7,2064,0.131868,0.021978
7,2065,0.142857,0.021978
7,2066,0.109890,0.021978
7,2067,0.131868,0.021978
7,2068,0.131868,0.021978
7,2069,0.120879,0.021978
7,2070,0.076923,0.021978
7,2071,0.054945,0.021978
7,2072,0.054945,0.021978
7,2073,0.065934,0.021978
7,2074,0.054945,0.021978
7,2075,0.043956,0.021978
7,2076,0.054945,0.021978
7,2077,0.076923,0.021978
7,2078,0.142857,0.021978
7,2079,0.153846,0.021978
7,2080,0.142857,0.021978
7,2081,0.131868,0.021978
7,2082,0.131868,0.021978
7,2083,0.131868,0.021978
7,2084,0.131868,0.021978
7,2085,0.142857,0.021978
7,2086,0.120879,0.021978
7,2087,0.109890,0.021978
7,2088,0.120879,0.021978
7,2089,0.120879,0.021978
7,2090,0.120879,0.021978
7,2091,0.120879,0.021978
7,2092,0.087912,0.021978
7,2093,0.076923,0.021978
7,2094,0.065934,0.021978
7,2095,0.087912,0.021978
7,2096,0.076923,0.021978
7,2097,0.076923,0.021978
7,2098,0.087912,0.021978
7,2099,0.054945,0.021978
7,2100,0.043956,0.021978
7,2101,0.043956,0.021978
7,2102,0.043956,0.021978
7,2103,0.043956,0.021978
7,2104,0.043956,0.021978
7,2105,0.043956,0.021978
7,2106,0.054945,0.021978
7,2107,0.054945,0.021978
7,2108,0.087912,0.021978
7,2109,0.120879,0.021978
7,2110,0.120879,0.021978
7,2111,0.131868,0.021978
7,2112,0.120879,0.021978
7,2113,0.109890,0.021978
7,2114,0.087912,0.021978
7,2115,0.087912,0.021978
7,2116,0.098901,0.021978
7,2117,0.087912,0.021978
7,2118,0.098901,0.021978
7,2119,0.120879,0.021978
7,2120,0.098901,0.021978
7,2121,0.098901,0.021978
7,2122,0.076923,0.021978
7,2123,0.098901,0.021978
7,2124,0.098901,0.021978
7,2125,0.109890,0.021978
7,2126,0.098901,0.021978
7,2127,0.087912,0.021978
7,2128,0.076923,0.021978
7,2129,0.098901,0.021978
7,2130,0.109890,0.021978
7,2131,0.109890,0.021978
7,2132,0.109890,0.021978
7,2133,0.098901,0.021978
7,2134,0.109890,0.021978
7,2135,0.109890,0.021978
7,2136,0.098901,0.021978
7,2137,0.098901,0.021978
7,2138,0.054945,0.021978
7,2139,0.065934,0.021978
7,2140,0.054945,0.021978
7,2141,0.076923,0.021978
7,2142,0.076923,0.021978
7,2143,0.109890,0.021978
7,2144,0.098901,0.021978
7,2145,0.076923,0.021978
7,2146,0.076923,0.021978
7,2147,0.076923,0.021978
7,2148,0.076923,0.021978
7,2149,0.098901,0.021978
7,2150,0.098901,0.021978
7,2151,0.065934,0.021978
7,2152,0.065934,0.021978
7,2153,0.120879,0.021978
7,2154,0.065934,0.021978
7,2155,0.076923,0.021978
7,2156,0.109890,0.021978
7,2157,0.109890,0.021978
7,2158,0.120879,0.021978
7,2159,0.120879,0.021978
7,2160,0.142857,0.021978
7,2161,0.131868,0.021978
7,2162,0.120879,0.021978
7,2163,0.120879,0.021978
7,2164,0.153846,0.021978
7,2165,0.153846,0.021978
7,2166,0.153846,0.021978
7,2167,0.164835,0.021978
7,2168,0.131868,0.021978
7,2169,0.131868,0.021978
7,2170,0.131868,0.021978
7,2171,0.120879,0.021978
7,2172,0.131868,0.021978
7,2173,0.131868,0.021978
7,2174,0.131868,0.021978
7,2175,0.109890,0.021978
7,2176,0.120879,0.021978
7,2177,0.120879,0.021978
7,2178,0.120879,0.021978
7,2179,0.109890,0.021978
7,2180,0.109890,0.021978
7,2181,0.120879,0.021978
7,2182,0.109890,0.021978
7,2183,0.076923,0.021978
7,2184,0.065934,0.021978
7,2185,0.054945,0.021978
7,2186,0.065934,0.021978
7,2187,0.076923,0.021978
7,2188,0.087912,0.021978
7,2189,0.120879,0.021978
7,2190,0.131868,0.021978
7,2191,0.120879,0.021978
7,2192,0.120879,0.021978
7,2193,0.120879,0.021978
7,2194,0.131868,0.021978
7,2195,0.120879,0.021978
7,2196,0.120879,0.021978
7,2197,0.109890,0.021978
7,2198,0.153846,0.021978
7,2199,0.142857,0.021978
7,2200,0.153846,0.021978
7,2201,0.175824,0.021978
7,2202,0.197802,0.021978
7,2203,0.186813,0.021978
7,2204,0.153846,0.021978
7,2205,0.131868,0.021978
7,2206,0.131868,0.021978
7,2207,0.109890,0.021978
7,2208,0.109890,0.021978
7,2209,0.065934,0.021978
7,2210,0.043956,0.021978
7,2211,0.076923,0.021978
7,2212,0.120879,0.021978
7,2213,0.098901,0.021978
7,2214,0.120879,0.021978
7,2215,0.120879,0.021978
7,2216,0.120879,0.021978
7,2217,0.142857,0.021978
7,2218,0.131868,0.021978
7,2219,0.120879,0.021978
7,2220,0.109890,0.021978
7,2221,0.109890,0.021978
7,2222,0.120879,0.021978
7,2223,0.120879,0.021978
7,2224,0.131868,0.021978
7,2225,0.120879,0.021978
7,2226,0.131868,0.021978
7,2227,0.131868,0.021978
7,2228,0.109890,0.021978
7,2229,0.087912,0.021978
7,2230,0.087912,0.021978
7,2231,0.109890,0.021978
7,2232,0.098901,0.021978
7,2233,0.098901,0.021978
7,2234,0.109890,0.021978
7,2235,0.087912,0.021978
7,2236,0.087912,0.021978
7,2237,0.076923,0.021978
7,2238,0.098901,0.021978
7,2239,0.098901,0.021978
7,2240,0.109890,0.021978
7,2241,0.109890,0.021978
7,2242,0.131868,0.021978
7,2243,0.109890,0.021978
7,2244,0.109890,0.021978
7,2245,0.120879,0.021978
7,2246,0.098901,0.021978
7,2247,0.087912,0.021978
7,2248,0.087912,0.021978
7,2249,0.076923,0.021978
7,2250,0.087912,0.021978
7,2251,0.076923,0.021978
7,2252,0.076923,0.021978
7,2253,0.087912,0.021978
7,2254,0.087912,0.021978
7,2255,0.098901,0.021978
7,2256,0.142857,0.021978
7,2257,0.131868,0.021978
7,2258,0.109890,0.021978
7,2259,0.098901,0.021978
7,2260,0.065934,0.021978
7,2261,0.065934,0.021978
7,2262,0.065934,0.021978
7,2263,0.065934,0.021978
7,2264,0.065934,0.021978
7,2265,0.076923,0.021978
7,2266,0.065934,0.021978
7,2267,0.065934,0.021978
7,2268,0.076923,0.021978
7,2269,0.065934,0.021978
7,2270,0.065934,0.021978
7,2271,0.087912,0.021978
7,2272,0.109890,0.021978
7,2273,0.120879,0.021978
7,2274,0.131868,0.021978
7,2275,0.131868,0.021978
7,2276,0.131868,0.021978
7,2277,0.109890,0.021978
7,2278,0.098901,0.021978
7,2279,0.087912,0.021978
7,2280,0.087912,0.021978
7,2281,0.087912,0.021978
7,2282,0.087912,0.021978
7,2283,0.131868,0.021978
7,2284,0.153846,0.021978
7,2285,0.164835,0.021978
7,2286,0.120879,0.021978
7,2287,0.120879,0.021978
7,2288,0.142857,0.021978
7,2289,0.120879,0.021978
7,2290,0.098901,0.021978
7,2291,0.098901,0.021978
7,2292,0.120879,0.021978
7,2293,0.120879,0.021978
7,2294,0.120879,0.021978
7,2295,0.120879,0.021978
7,2296,0.120879,0.021978
7,2297,0.098901,0.021978
7,2298,0.098901,0.021978
7,2299,0.098901,0.021978
7,2300,0.065934,0.021978
7,2301,0.065934,0.021978
7,2302,0.098901,0.021978
7,2303,0.109890,0.021978
7,2304,0.120879,0.021978
7,2305,0.120879,0.021978
7,2306,0.076923,0.021978
7,2307,0.076923,0.021978
7,2308,0.087912,0.021978
7,2309,0.098901,0.021978
7,2310,0.087912,0.021978
7,2311,0.087912,0.021978
7,2312,0.109890,0.021978
7,2313,0.098901,0.021978
7,2314,0.087912,0.021978
7,2315,0.098901,0.021978
7,2316,0.109890,0.021978
7,2317,0.109890,0.021978
7,2318,0.142857,0.021978
7,2319,0.109890,0.021978
7,2320,0.098901,0.021978
7,2321,0.098901,0.021978
7,2322,0.109890,0.021978
7,2323,0.098901,0.021978
7,2324,0.109890,0.021978
7,2325,0.109890,0.021978
7,2326,0.098901,0.021978
7,2327,0.098901,0.021978
7,2328,0.098901,0.021978
7,2329,0.087912,0.021978
7,2330,0.098901,0.021978
7,2331,0.098901,0.021978
7,2332,0.087912,0.021978
7,2333,0.098901,0.021978
7,2334,0.098901,0.021978
7,2335,0.087912,0.021978
7,2336,0.087912,0.021978
7,2337,0.054945,0.021978
7,2338,0.043956,0.021978
7,2339,0.098901,0.021978
7,2340,0.120879,0.021978
7,2341,0.131868,0.021978
7,2342,0.131868,0.021978
7,2343,0.109890,0.021978
7,2344,0.120879,0.021978
7,2345,0.109890,0.021978
7,2346,0.120879,0.021978
7,2347,0.109890,0.021978
7,2348,0.098901,0.021978
7,2349,0.098901,0.021978
7,2350,0.087912,0.021978
7,2351,0.098901,0.021978
7,2352,0.087912,0.021978
7,2353,0.087912,0.021978
7,2354,0.098901,0.021978
7,2355,0.109890,0.021978
7,2356,0.109890,0.021978
7,2357,0.076923,0.021978
7,2358,0.098901,0.021978
7,2359,0.109890,0.021978
7,2360,0.098901,0.021978
7,2361,0.098901,0.021978
7,2362,0.098901,0.021978
7,2363,0.087912,0.021978
7,2364,0.109890,0.021978
7,2365,0.109890,0.021978
7,2366,0.087912,0.021978
7,2367,0.076923,0.021978
7,2368,0.098901,0.021978
7,2369,0.087912,0.021978
7,2370,0.087912,0.021978
7,2371,0.087912,0.021978
7,2372,0.087912,0.021978
7,2373,0.087912,0.021978
7,2374,0.087912,0.021978
7,2375,0.087912,0.021978
7,2376,0.087912,0.021978
7,2377,0.087912,0.021978
7,2378,0.076923,0.021978
7,2379,0.076923,0.021978
7,2380,0.065934,0.021978
7,2381,0.065934,0.021978
7,2382,0.043956,0.021978
7,2383,0.043956,0.021978
7,2384,0.043956,0.021978
7,2385,0.065934,0.021978
7,2386,0.065934,0.021978
7,2387,0.065934,0.021978
7,2388,0.076923,0.021978
7,2389,0.098901,0.021978
7,2390,0.098901,0.021978
7,2391,0.109890,0.021978
7,2392,0.120879,0.021978
7,2393,0.098901,0.021978
7,2394,0.098901,0.021978
7,2395,0.098901,0.021978
7,2396,0.098901,0.021978
7,2397,0.087912,0.021978
7,2398,0.065934,0.021978
7,2399,0.065934,0.021978
7,2400,0.076923,0.021978
7,2401,0.076923,0.021978
7,2402,0.087912,0.021978
7,2403,0.076923,0.021978
7,2404,0.087912,0.021978
7,2405,0.087912,0.021978
7,2406,0.098901,0.021978
7,2407,0.098901,0.021978
7,2408,0.109890,0.021978
7,2409,0.120879,0.021978
7,2410,0.098901,0.021978
7,2411,0.098901,0.021978
7,2412,0.076923,0.021978
7,2413,0.076923,0.021978
7,2414,0.087912,0.021978
7,2415,0.120879,0.021978
7,2416,0.120879,0.021978
7,2417,0.120879,0.021978
7,2418,0.120879,0.021978
7,2419,0.098901,0.021978
7,2420,0.098901,0.021978
7,2421,0.109890,0.021978
7,2422,0.098901,0.021978
7,2423,0.109890,0.021978
7,2424,0.098901,0.021978
7,2425,0.098901,0.021978
7,2426,0.098901,0.021978
7,2427,0.098901,0.021978
7,2428,0.109890,0.021978
7,2429,0.109890,0.021978
7,2430,0.120879,0.021978
7,2431,0.120879,0.021978
7,2432,0.120879,0.021978
7,2433,0.131868,0.021978
7,2434,0.131868,0.021978
7,2435,0.120879,0.021978
7,2436,0.109890,0.021978
7,2437,0.109890,0.021978
7,2438,0.087912,0.021978
7,2439,0.087912,0.021978
7,2440,0.109890,0.021978
7,2441,0.087912,0.021978
7,2442,0.087912,0.021978
7,2443,0.043956,0.021978
7,2444,0.043956,0.021978
7,2445,0.043956,0.021978
7,2446,0.032967,0.021978
7,2447,0.032967,0.021978
7,2448,0.032967,0.021978
7,2449,0.032967,0.021978
7,2450,0.032967,0.021978
7,2451,0.032967,0.021978
7,2452,0.032967,0.021978
7,2453,0.032967,0.021978
7,2454,0.032967,0.021978
7,2455,0.032967,0.021978
7,2456,0.032967,0.021978
7,2457,0.032967,0.021978
7,2458,0.032967,0.021978
7,2459,0.032967,0.021978
7,2460,0.032967,0.021978
7,2461,0.043956,0.021978
7,2462,0.043956,0.021978
7,2463,0.032967,0.021978
7,2464,0.032967,0.021978
7,2465,0.043956,0.021978
7,2466,0.065934,0.021978
7,2467,0.076923,0.021978
7,2468,0.065934,0.021978
7,2469,0.076923,0.021978
7,2470,0.098901,0.021978
7,2471,0.087912,0.021978
7,2472,0.087912,0.021978
7,2473,0.087912,0.021978
7,2474,0.098901,0.021978
7,2475,0.098901,0.021978
7,2476,0.098901,0.021978
7,2477,0.098901,0.021978
7,2478,0.098901,0.021978
7,2479,0.076923,0.021978
7,2480,0.076923,0.021978
7,2481,0.120879,0.021978
7,2482,0.120879,0.021978
7,2483,0.109890,0.021978
7,2484,0.153846,0.021978
7,2485,0.164835,0.021978
7,2486,0.153846,0.021978
7,2487,0.153846,0.021978
7,2488,0.131868,0.021978
7,2489,0.131868,0.021978
7,2490,0.120879,0.021978
7,2491,0.131868,0.021978
7,2492,0.131868,0.021978
7,2493,0.131868,0.021978
7,2494,0.098901,0.021978
7,2495,0.087912,0.021978
7,2496,0.109890,0.021978
7,2497,0.131868,0.021978
7,2498,0.109890,0.021978
7,2499,0.109890,0.021978
7,2500,0.131868,0.021978
7,2501,0.087912,0.021978
7,2502,0.087912,0.021978
7,2503,0.087912,0.021978
7,2504,0.087912,0.021978
7,2505,0.087912,0.021978
7,2506,0.065934,0.021978
7,2507,0.065934,0.021978
7,2508,0.065934,0.021978
7,2509,0.076923,0.021978
7,2510,0.076923,0.021978
7,2511,0.065934,0.021978
7,2512,0.065934,0.021978
7,2513,0.065934,0.021978
7,2514,0.054945,0.021978
7,2515,0.065934,0.021978
7,2516,0.054945,0.021978
7,2517,0.065934,0.021978
7,2518,0.065934,0.021978
7,2519,0.065934,0.021978
7,2520,0.065934,0.021978
7,2521,0.065934,0.021978
7,2522,0.076923,0.021978
7,2523,0.054945,0.021978
7,2524,0.098901,0.021978
7,2525,0.109890,0.021978
7,2526,0.076923,0.021978
7,2527,0.076923,0.021978
7,2528,0.087912,0.021978
7,2529,0.109890,0.021978
7,2530,0.142857,0.021978
7,2531,0.120879,0.021978
7,2532,0.120879,0.021978
7,2533,0.120879,0.021978
7,2534,0.120879,0.021978
7,2535,0.109890,0.021978
7,2536,0.076923,0.021978
7,2537,0.065934,0.021978
7,2538,0.076923,0.021978
7,2539,0.109890,0.021978
7,2540,0.087912,0.021978
7,2541,0.065934,0.021978
7,2542,0.065934,0.021978
7,2543,0.065934,0.021978
7,2544,0.098901,0.021978
7,2545,0.065934,0.021978
7,2546,0.065934,0.021978
7,2547,0.076923,0.021978
7,2548,0.109890,0.021978
7,2549,0.109890,0.021978
7,2550,0.054945,0.021978
7,2551,0.054945,0.021978
7,2552,0.065934,0.021978
7,2553,0.054945,0.021978
7,2554,0.054945,0.021978
7,2555,0.043956,0.021978
7,2556,0.054945,0.021978
7,2557,0.054945,0.021978
7,2558,0.054945,0.021978
7,2559,0.054945,0.021978
7,2560,0.054945,0.021978
7,2561,0.054945,0.021978
7,2562,0.065934,0.021978
7,2563,0.076923,0.021978
7,2564,0.065934,0.021978
7,2565,0.043956,0.021978
7,2566,0.043956,0.021978
7,2567,0.054945,0.021978
7,2568,0.054945,0.021978
7,2569,0.043956,0.021978
7,2570,0.065934,0.021978
7,2571,0.076923,0.021978
7,2572,0.076923,0.021978
7,2573,0.065934,0.021978
7,2574,0.076923,0.021978
7,2575,0.076923,0.021978
7,2576,0.065934,0.021978
7,2577,0.087912,0.021978
7,2578,0.087912,0.021978
7,2579,0.087912,0.021978
7,2580,0.087912,0.021978
7,2581,0.098901,0.021978
7,2582,0.098901,0.021978
7,2583,0.098901,0.021978
7,2584,0.131868,0.021978
7,2585,0.142857,0.021978
7,2586,0.142857,0.021978
7,2587,0.142857,0.021978
7,2588,0.142857,0.021978
7,2589,0.153846,0.021978
7,2590,0.153846,0.021978
7,2591,0.142857,0.021978
7,2592,0.142857,0.021978
7,2593,0.131868,0.021978
7,2594,0.153846,0.021978
7,2595,0.153846,0.021978
7,2596,0.153846,0.021978
7,2597,0.131868,0.021978
7,2598,0.131868,0.021978
7,2599,0.131868,0.021978
7,2600,0.120879,0.021978
7,2601,0.120879,0.021978
7,2602,0.087912,0.021978
7,2603,0.098901,0.021978
7,2604,0.098901,0.021978
7,2605,0.098901,0.021978
7,2606,0.120879,0.021978
7,2607,0.120879,0.021978
7,2608,0.120879,0.021978
7,2609,0.142857,0.021978
7,2610,0.120879,0.021978
7,2611,0.120879,0.021978
7,2612,0.120879,0.021978
7,2613,0.120879,0.021978
7,2614,0.120879,0.021978
7,2615,0.120879,0.021978
7,2616,0.120879,0.021978
7,2617,0.131868,0.021978
7,2618,0.131868,0.021978
7,2619,0.109890,0.021978
7,2620,0.087912,0.021978
7,2621,0.076923,0.021978
7,2622,0.065934,0.021978
7,2623,0.065934,0.021978
7,2624,0.065934,0.021978
7,2625,0.065934,0.021978
7,2626,0.065934,0.021978
7,2627,0.076923,0.021978
7,2628,0.076923,0.021978
7,2629,0.065934,0.021978
7,2630,0.043956,0.021978
7,2631,0.043956,0.021978
7,2632,0.043956,0.021978
7,2633,0.043956,0.021978
7,2634,0.043956,0.021978
7,2635,0.032967,0.021978
7,2636,0.032967,0.021978
7,2637,0.065934,0.021978
7,2638,0.054945,0.021978
7,2639,0.054945,0.021978
7,2640,0.065934,0.021978
7,2641,0.065934,0.021978
7,2642,0.054945,0.021978
7,2643,0.054945,0.021978
7,2644,0.054945,0.021978
7,2645,0.076923,0.021978
7,2646,0.076923,0.021978
7,2647,0.076923,0.021978
7,2648,0.076923,0.021978
7,2649,0.076923,0.021978
7,2650,0.065934,0.021978
7,2651,0.065934,0.021978
7,2652,0.098901,0.021978
7,2653,0.076923,0.021978
7,2654,0.054945,0.021978
7,2655,0.054945,0.021978
7,2656,0.054945,0.021978
7,2657,0.054945,0.021978
7,2658,0.054945,0.021978
7,2659,0.065934,0.021978
7,2660,0.076923,0.021978
7,2661,0.076923,0.021978
7,2662,0.043956,0.021978
7,2663,0.043956,0.021978
7,2664,0.043956,0.021978
7,2665,0.065934,0.021978
7,2666,0.065934,0.021978
7,2667,0.065934,0.021978
7,2668,0.065934,0.021978
7,2669,0.065934,0.021978
7,2670,0.043956,0.021978
7,2671,0.043956,0.021978
7,2672,0.043956,0.021978
7,2673,0.043956,0.021978
7,2674,0.043956,0.021978
7,2675,0.043956,0.021978
7,2676,0.043956,0.021978
7,2677,0.043956,0.021978
7,2678,0.043956,0.021978
7,2679,0.032967,0.021978
7,2680,0.032967,0.021978
7,2681,0.043956,0.021978
7,2682,0.043956,0.021978
7,2683,0.043956,0.021978
7,2684,0.043956,0.021978
7,2685,0.032967,0.021978
7,2686,0.043956,0.021978
7,2687,0.043956,0.021978
7,2688,0.032967,0.021978
7,2689,0.021978,0.021978
7,2690,0.032967,0.021978
7,2691,0.032967,0.021978
7,2692,0.032967,0.021978
7,2693,0.032967,0.021978
7,2694,0.032967,0.021978
7,2695,0.032967,0.021978
7,2696,0.076923,0.021978
7,2697,0.076923,0.021978
7,2698,0.076923,0.021978
7,2699,0.065934,0.021978
7,2700,0.076923,0.021978
7,2701,0.065934,0.021978
7,2702,0.065934,0.021978
7,2703,0.065934,0.021978
7,2704,0.065934,0.021978
7,2705,0.065934,0.021978
7,2706,0.087912,0.021978
7,2707,0.087912,0.021978
7,2708,0.076923,0.021978
7,2709,0.076923,0.021978
7,2710,0.076923,0.021978
7,2711,0.076923,0.021978
7,2712,0.076923,0.021978
7,2713,0.087912,0.021978
7,2714,0.065934,0.021978
7,2715,0.054945,0.021978
7,2716,0.054945,0.021978
7,2717,0.054945,0.021978
7,2718,0.043956,0.021978
7,2719,0.043956,0.021978
7,2720,0.043956,0.021978
7,2721,0.065934,0.021978
7,2722,0.098901,0.021978
7,2723,0.120879,0.021978
7,2724,0.087912,0.021978
7,2725,0.087912,0.021978
7,2726,0.087912,0.021978
7,2727,0.087912,0.021978
7,2728,0.065934,0.021978
7,2729,0.065934,0.021978
7,2730,0.065934,0.021978
7,2731,0.065934,0.021978
7,2732,0.076923,0.021978
7,2733,0.076923,0.021978
7,2734,0.065934,0.021978
7,2735,0.065934,0.021978
7,2736,0.065934,0.021978
7,2737,0.065934,0.021978
7,2738,0.065934,0.021978
7,2739,0.076923,0.021978
7,2740,0.076923,0.021978
7,2741,0.076923,0.021978
7,2742,0.087912,0.021978
7,2743,0.076923,0.021978
7,2744,0.076923,0.021978
7,2745,0.076923,0.021978
7,2746,0.076923,0.021978
7,2747,0.076923,0.021978
7,2748,0.076923,0.021978
7,2749,0.065934,0.021978
7,2750,0.054945,0.021978
7,2751,0.065934,0.021978
7,2752,0.087912,0.021978
7,2753,0.087912,0.021978
7,2754,0.098901,0.021978
7,2755,0.098901,0.021978
7,2756,0.098901,0.021978
7,2757,0.087912,0.021978
7,2758,0.087912,0.021978
7,2759,0.087912,0.021978
7,2760,0.120879,0.021978
7,2761,0.120879,0.021978
7,2762,0.120879,0.021978
7,2763,0.098901,0.021978
7,2764,0.098901,0.021978
7,2765,0.087912,0.021978
7,2766,0.087912,0.021978
7,2767,0.109890,0.021978
7,2768,0.109890,0.021978
7,2769,0.109890,0.021978
7,2770,0.131868,0.021978
7,2771,0.087912,0.021978
7,2772,0.065934,0.021978
7,2773,0.076923,0.021978
7,2774,0.065934,0.021978
7,2775,0.087912,0.021978
7,2776,0.087912,0.021978
7,2777,0.087912,0.021978
7,2778,0.087912,0.021978
7,2779,0.087912,0.021978
7,2780,0.076923,0.021978
7,2781,0.087912,0.021978
7,2782,0.076923,0.021978
7,2783,0.076923,0.021978
7,2784,0.076923,0.021978
7,2785,0.076923,0.021978
7,2786,0.076923,0.021978
7,2787,0.076923,0.021978
7,2788,0.032967,0.021978
7,2789,0.032967,0.021978
7,2790,0.032967,0.021978
7,2791,0.043956,0.021978
7,2792,0.043956,0.021978
7,2793,0.043956,0.021978
7,2794,0.043956,0.021978
7,2795,0.043956,0.021978
7,2796,0.043956,0.021978
7,2797,0.054945,0.021978
7,2798,0.054945,0.021978
7,2799,0.054945,0.021978
7,2800,0.054945,0.021978
7,2801,0.054945,0.021978
7,2802,0.054945,0.021978
7,2803,0.043956,0.021978
7,2804,0.054945,0.021978
7,2805,0.054945,0.021978
7,2806,0.043956,0.021978
7,2807,0.043956,0.021978
7,2808,0.043956,0.021978
7,2809,0.043956,0.021978
7,2810,0.043956,0.021978
7,2811,0.043956,0.021978
7,2812,0.043956,0.021978
7,2813,0.065934,0.021978
7,2814,0.065934,0.021978
7,2815,0.065934,0.021978
7,2816,0.065934,0.021978
7,2817,0.065934,0.021978
7,2818,0.065934,0.021978
7,2819,0.065934,0.021978
7,2820,0.065934,0.021978
7,2821,0.065934,0.021978
7,2822,0.065934,0.021978
7,2823,0.065934,0.021978
7,2824,0.065934,0.021978
7,2825,0.076923,0.021978
7,2826,0.076923,0.021978
7,2827,0.087912,0.021978
7,2828,0.076923,0.021978
7,2829,0.076923,0.021978
7,2830,0.054945,0.021978
7,2831,0.054945,0.021978
7,2832,0.054945,0.021978
7,2833,0.054945,0.021978
7,2834,0.054945,0.021978
7,2835,0.054945,0.021978
7,2836,0.054945,0.021978
7,2837,0.054945,0.021978
7,2838,0.054945,0.021978
7,2839,0.054945,0.021978
7,2840,0.043956,0.021978
7,2841,0.043956,0.021978
7,2842,0.043956,0.021978
7,2843,0.032967,0.021978
7,2844,0.032967,0.021978
7,2845,0.032967,0.021978
7,2846,0.032967,0.021978
7,2847,0.032967,0.021978
7,2848,0.032967,0.021978
7,2849,0.032967,0.021978
7,2850,0.032967,0.021978
7,2851,0.032967,0.021978
7,2852,0.032967,0.021978
7,2853,0.032967,0.021978
7,2854,0.032967,0.021978
7,2855,0.043956,0.021978
7,2856,0.043956,0.021978
7,2857,0.054945,0.021978
7,2858,0.054945,0.021978
7,2859,0.054945,0.021978
7,2860,0.054945,0.021978
7,2861,0.043956,0.021978
7,2862,0.032967,0.021978
7,2863,0.032967,0.021978
7,2864,0.032967,0.021978
7,2865,0.043956,0.021978
7,2866,0.043956,0.021978
7,2867,0.043956,0.021978
7,2868,0.043956,0.021978
7,2869,0.043956,0.021978
7,2870,0.043956,0.021978
7,2871,0.043956,0.021978
7,2872,0.043956,0.021978
7,2873,0.043956,0.021978
7,2874,0.054945,0.021978
7,2875,0.054945,0.021978
7,2876,0.032967,0.021978
7,2877,0.032967,0.021978
7,2878,0.032967,0.021978
7,2879,0.032967,0.021978
7,2880,0.021978,0.021978
7,2881,0.021978,0.021978
7,2882,0.021978,0.021978
7,2883,0.021978,0.021978
7,2884,0.032967,0.021978
7,2885,0.032967,0.021978
7,2886,0.032967,0.021978
7,2887,0.054945,0.021978
7,2888,0.054945,0.021978
7,2889,0.054945,0.021978
7,2890,0.054945,0.021978
7,2891,0.054945,0.021978
7,2892,0.054945,0.021978
7,2893,0.054945,0.021978
7,2894,0.054945,0.021978
7,2895,0.054945,0.021978
7,2896,0.021978,0.021978
7,2897,0.032967,0.021978
7,2898,0.032967,0.021978
7,2899,0.043956,0.021978
7,2900,0.054945,0.021978
7,2901,0.054945,0.021978
7,2902,0.054945,0.021978
7,2903,0.087912,0.021978
7,2904,0.054945,0.021978
7,2905,0.054945,0.021978
7,2906,0.054945,0.021978
7,2907,0.054945,0.021978
7,2908,0.043956,0.021978
7,2909,0.032967,0.021978
7,2910,0.032967,0.021978
7,2911,0.032967,0.021978
7,2912,0.054945,0.021978
7,2913,0.065934,0.021978
7,2914,0.087912,0.021978
7,2915,0.065934,0.021978
7,2916,0.054945,0.021978
7,2917,0.065934,0.021978
7,2918,0.076923,0.021978
7,2919,0.076923,0.021978
7,2920,0.076923,0.021978
7,2921,0.076923,0.021978
7,2922,0.076923,0.021978
7,2923,0.098901,0.021978
7,2924,0.076923,0.021978
7,2925,0.076923,0.021978
7,2926,0.076923,0.021978
7,2927,0.076923,0.021978
7,2928,0.076923,0.021978
7,2929,0.076923,0.021978
7,2930,0.076923,0.021978
7,2931,0.076923,0.021978
7,2932,0.098901,0.021978
7,2933,0.076923,0.021978
7,2934,0.076923,0.021978
7,2935,0.076923,0.021978
7,2936,0.076923,0.021978
7,2937,0.043956,0.021978
7,2938,0.043956,0.021978
7,2939,0.043956,0.021978
7,2940,0.043956,0.021978
7,2941,0.043956,0.021978
7,2942,0.054945,0.021978
7,2943,0.054945,0.021978
7,2944,0.054945,0.021978
7,2945,0.054945,0.021978
7,2946,0.054945,0.021978
7,2947,0.043956,0.021978
7,2948,0.043956,0.021978
7,2949,0.032967,0.021978
7,2950,0.032967,0.021978
7,2951,0.032967,0.021978
7,2952,0.032967,0.021978
7,2953,0.032967,0.021978
7,2954,0.032967,0.021978
7,2955,0.021978,0.021978
7,2956,0.021978,0.021978
7,2957,0.032967,0.021978
7,2958,0.032967,0.021978
7,2959,0.032967,0.021978
7,2960,0.043956,0.021978
7,2961,0.032967,0.021978
7,2962,0.054945,0.021978
7,2963,0.054945,0.021978
7,2964,0.054945,0.021978
7,2965,0.032967,0.021978
7,2966,0.032967,0.021978
7,2967,0.032967,0.021978
7,2968,0.032967,0.021978
7,2969,0.032967,0.021978
7,2970,0.032967,0.021978
7,2971,0.032967,0.021978
7,2972,0.032967,0.021978
7,2973,0.032967,0.021978
7,2974,0.032967,0.021978
7,2975,0.032967,0.021978
7,2976,0.032967,0.021978
7,2977,0.032967,0.021978
7,2978,0.032967,0.021978
7,2979,0.032967,0.021978
7,2980,0.032967,0.021978
7,2981,0.032967,0.021978
7,2982,0.032967,0.021978
7,2983,0.032967,0.021978
7,2984,0.021978,0.021978
7,2985,0.021978,0.021978
7,2986,0.021978,0.021978
7,2987,0.021978,0.021978
7,2988,0.021978,0.021978
7,2989,0.032967,0.021978
7,2990,0.032967,0.021978
7,2991,0.032967,0.021978
7,2992,0.043956,0.021978
7,2993,0.043956,0.021978
7,2994,0.043956,0.021978
7,2995,0.043956,0.021978
7,2996,0.032967,0.021978
7,2997,0.021978,0.021978
7,2998,0.021978,0.021978
7,2999,0.021978,0.021978
7,3000,0.021978,0.021978
7,3001,0.021978,0.021978
7,3002,0.021978,0.021978
7,3003,0.021978,0.021978
7,3004,0.021978,0.021978
7,3005,0.032967,0.021978
7,3006,0.043956,0.021978
7,3007,0.043956,0.021978
7,3008,0.043956,0.021978
7,3009,0.043956,0.021978
7,3010,0.043956,0.021978
7,3011,0.043956,0.021978
7,3012,0.043956,0.021978
7,3013,0.043956,0.021978
7,3014,0.065934,0.021978
7,3015,0.065934,0.021978
7,3016,0.076923,0.021978
7,3017,0.065934,0.021978
7,3018,0.065934,0.021978
7,3019,0.065934,0.021978
7,3020,0.065934,0.021978
7,3021,0.065934,0.021978
7,3022,0.065934,0.021978
7,3023,0.065934,0.021978
7,3024,0.076923,0.021978
7,3025,0.076923,0.021978
7,3026,0.076923,0.021978
7,3027,0.065934,0.021978
7,3028,0.032967,0.021978
7,3029,0.043956,0.021978
7,3030,0.043956,0.021978
7,3031,0.032967,0.021978
7,3032,0.032967,0.021978
7,3033,0.043956,0.021978
7,3034,0.043956,0.021978
7,3035,0.043956,0.021978
7,3036,0.043956,0.021978
7,3037,0.043956,0.021978
7,3038,0.043956,0.021978
7,3039,0.054945,0.021978
7,3040,0.054945,0.021978
7,3041,0.043956,0.021978
7,3042,0.043956,0.021978
7,3043,0.043956,0.021978
7,3044,0.032967,0.021978
7,3045,0.032967,0.021978
7,3046,0.043956,0.021978
7,3047,0.043956,0.021978
7,3048,0.054945,0.021978
7,3049,0.054945,0.021978
7,3050,0.054945,0.021978
7,3051,0.054945,0.021978
7,3052,0.054945,0.021978
7,3053,0.043956,0.021978
7,3054,0.043956,0.021978
7,3055,0.043956,0.021978
7,3056,0.032967,0.021978
7,3057,0.032967,0.021978
7,3058,0.032967,0.021978
7,3059,0.032967,0.021978
7,3060,0.032967,0.021978
7,3061,0.032967,0.021978
7,3062,0.021978,0.021978
7,3063,0.021978,0.021978
7,3064,0.021978,0.021978
7,3065,0.021978,0.021978
7,3066,0.021978,0.021978
7,3067,0.021978,0.021978
7,3068,0.021978,0.021978
7,3069,0.021978,0.021978
7,3070,0.021978,0.021978
7,3071,0.021978,0.021978
7,3072,0.021978,0.021978
7,3073,0.032967,0.021978
7,3074,0.032967,0.021978
7,3075,0.032967,0.021978
7,3076,0.021978,0.021978
7,3077,0.021978,0.021978
7,3078,0.021978,0.021978
7,3079,0.021978,0.021978
7,3080,0.021978,0.021978
7,3081,0.021978,0.021978
7,3082,0.021978,0.021978
7,3083,0.021978,0.021978
7,3084,0.021978,0.021978
7,3085,0.021978,0.021978
7,3086,0.021978,0.021978
7,3087,0.032967,0.021978
7,3088,0.032967,0.021978
7,3089,0.032967,0.021978
7,3090,0.021978,0.021978
7,3091,0.032967,0.021978
7,3092,0.032967,0.021978
7,3093,0.032967,0.021978
7,3094,0.032967,0.021978
7,3095,0.043956,0.021978
7,3096,0.043956,0.021978
7,3097,0.043956,0.021978
7,3098,0.032967,0.021978
7,3099,0.032967,0.021978
7,3100,0.032967,0.021978
7,3101,0.032967,0.021978
7,3102,0.032967,0.021978
7,3103,0.032967,0.021978
7,3104,0.032967,0.021978
7,3105,0.021978,0.021978
7,3106,0.021978,0.021978
7,3107,0.021978,0.021978
7,3108,0.021978,0.021978
7,3109,0.021978,0.021978
7,3110,0.021978,0.021978
7,3111,0.021978,0.021978
7,3112,0.021978,0.021978
7,3113,0.021978,0.021978
7,3114,0.021978,0.021978
7,3115,0.021978,0.021978
7,3116,0.021978,0.021978
7,3117,0.021978,0.021978
7,3118,0.021978,0.021978
7,3119,0.021978,0.021978
7,3120,0.021978,0.021978
7,3121,0.021978,0.021978
7,3122,0.021978,0.021978
7,3123,0.032967,0.021978
7,3124,0.032967,0.021978
7,3125,0.021978,0.021978
7,3126,0.010989,0.010989
7,3127,0.010989,0.010989
7,3128,0.010989,0.010989
7,3129,0.021978,0.010989
7,3130,0.021978,0.010989
7,3131,0.021978,0.010989
7,3132,0.021978,0.010989
7,3133,0.021978,0.010989
7,3134,0.021978,0.010989
7,3135,0.032967,0.010989
7,3136,0.032967,0.010989
7,3137,0.032967,0.010989
7,3138,0.032967,0.010989
7,3139,0.032967,0.010989
7,3140,0.032967,0.010989
7,3141,0.032967,0.010989
7,3142,0.032967,0.010989
7,3143,0.032967,0.010989
7,3144,0.032967,0.010989
7,3145,0.043956,0.010989
7,3146,0.043956,0.010989
7,3147,0.043956,0.010989
7,3148,0.043956,0.010989
7,3149,0.043956,0.010989
7,3150,0.021978,0.010989
7,3151,0.021978,0.010989
7,3152,0.021978,0.010989
7,3153,0.021978,0.010989
7,3154,0.021978,0.010989
7,3155,0.021978,0.010989
7,3156,0.021978,0.010989
7,3157,0.021978,0.010989
7,3158,0.021978,0.010989
7,3159,0.032967,0.010989
7,3160,0.032967,0.010989
7,3161,0.032967,0.010989
7,3162,0.032967,0.010989
7,3163,0.032967,0.010989
7,3164,0.021978,0.010989
7,3165,0.010989,0.010989
7,3166,0.010989,0.010989
7,3167,0.021978,0.010989
7,3168,0.021978,0.010989
7,3169,0.021978,0.010989
7,3170,0.021978,0.010989
7,3171,0.021978,0.010989
7,3172,0.021978,0.010989
7,3173,0.021978,0.010989
7,3174,0.021978,0.010989
7,3175,0.021978,0.010989
7,3176,0.021978,0.010989
7,3177,0.021978,0.010989
7,3178,0.021978,0.010989
7,3179,0.021978,0.010989
7,3180,0.021978,0.010989
7,3181,0.021978,0.010989
7,3182,0.021978,0.010989
7,3183,0.010989,0.010989
7,3184,0.010989,0.010989
7,3185,0.010989,0.010989
7,3186,0.010989,0.010989
7,3187,0.010989,0.010989
7,3188,0.010989,0.010989
7,3189,0.010989,0.010989
7,3190,0.010989,0.010989
7,3191,0.010989,0.010989
7,3192,0.010989,0.010989
7,3193,0.010989,0.010989
7,3194,0.010989,0.010989
7,3195,0.010989,0.010989
7,3196,0.010989,0.010989
7,3197,0.010989,0.010989
7,3198,0.010989,0.010989
7,3199,0.010989,0.010989
7,3200,0.010989,0.010989
7,3201,0.010989,0.010989
7,3202,0.021978,0.010989
7,3203,0.021978,0.010989
7,3204,0.021978,0.010989
7,3205,0.021978,0.010989
7,3206,0.032967,0.010989
7,3207,0.032967,0.010989
7,3208,0.032967,0.010989
7,3209,0.032967,0.010989
7,3210,0.043956,0.010989
7,3211,0.043956,0.010989
7,3212,0.043956,0.010989
7,3213,0.043956,0.010989
7,3214,0.043956,0.010989
7,3215,0.043956,0.010989
7,3216,0.043956,0.010989
7,3217,0.032967,0.010989
7,3218,0.032967,0.010989
7,3219,0.032967,0.010989
7,3220,0.032967,0.010989
7,3221,0.032967,0.010989
7,3222,0.032967,0.010989
7,3223,0.032967,0.010989
7,3224,0.032967,0.010989
7,3225,0.032967,0.010989
7,3226,0.032967,0.010989
7,3227,0.032967,0.010989
7,3228,0.010989,0.010989
7,3229,0.010989,0.010989
7,3230,0.010989,0.010989
7,3231,0.010989,0.010989
7,3232,0.010989,0.010989
7,3233,0.010989,0.010989
7,3234,0.010989,0.010989
7,3235,0.010989,0.010989
7,3236,0.021978,0.010989
7,3237,0.010989,0.010989
7,3238,0.010989,0.010989
7,3239,0.010989,0.010989
7,3240,0.010989,0.010989
7,3241,0.010989,0.010989
7,3242,0.010989,0.010989
7,3243,0.010989,0.010989
7,3244,0.010989,0.010989
7,3245,0.010989,0.010989
7,3246,0.010989,0.010989
7,3247,0.010989,0.010989
7,3248,0.010989,0.010989
7,3249,0.010989,0.010989
7,3250,0.010989,0.010989
7,3251,0.010989,0.010989
7,3252,0.010989,0.010989
7,3253,0.010989,0.010989
7,3254,0.010989,0.010989
7,3255,0.010989,0.010989
7,3256,0.010989,0.010989
7,3257,0.010989,0.010989
7,3258,0.010989,0.010989
7,3259,0.010989,0.010989
7,3260,0.010989,0.010989
7,3261,0.010989,0.010989
7,3262,0.010989,0.010989
7,3263,0.021978,0.010989
7,3264,0.021978,0.010989
7,3265,0.021978,0.010989
7,3266,0.021978,0.010989
7,3267,0.021978,0.010989
7,3268,0.021978,0.010989
7,3269,0.021978,0.010989
7,3270,0.021978,0.010989
7,3271,0.021978,0.010989
7,3272,0.021978,0.010989
7,3273,0.021978,0.010989
7,3274,0.021978,0.010989
7,3275,0.021978,0.010989
7,3276,0.032967,0.010989
7,3277,0.032967,0.010989
7,3278,0.032967,0.010989
7,3279,0.032967,0.010989
7,3280,0.032967,0.010989
7,3281,0.021978,0.010989
7,3282,0.021978,0.010989
7,3283,0.021978,0.010989
7,3284,0.021978,0.010989
7,3285,0.021978,0.010989
7,3286,0.021978,0.010989
7,3287,0.021978,0.010989
7,3288,0.021978,0.010989
7,3289,0.021978,0.010989
7,3290,0.021978,0.010989
7,3291,0.021978,0.010989
7,3292,0.021978,0.010989
7,3293,0.021978,0.010989
7,3294,0.021978,0.010989
7,3295,0.021978,0.010989
7,3296,0.021978,0.010989
7,3297,0.021978,0.010989
7,3298,0.021978,0.010989
7,3299,0.021978,0.010989
7,3300,0.021978,0.010989
7,3301,0.021978,0.010989
7,3302,0.021978,0.010989
7,3303,0.032967,0.010989
7,3304,0.032967,0.010989
7,3305,0.032967,0.010989
7,3306,0.032967,0.010989
7,3307,0.032967,0.010989
7,3308,0.032967,0.010989
7,3309,0.032967,0.010989
7,3310,0.032967,0.010989
7,3311,0.032967,0.010989
7,3312,0.032967,0.010989
7,3313,0.032967,0.010989
7,3314,0.032967,0.010989
7,3315,0.043956,0.010989
7,3316,0.043956,0.010989
7,3317,0.032967,0.010989
7,3318,0.032967,0.010989
7,3319,0.032967,0.010989
7,3320,0.032967,0.010989
7,3321,0.032967,0.010989
7,3322,0.032967,0.010989
7,3323,0.032967,0.010989
7,3324,0.032967,0.010989
7,3325,0.032967,0.010989
7,3326,0.032967,0.010989
7,3327,0.032967,0.010989
7,3328,0.032967,0.010989
7,3329,0.032967,0.010989
7,3330,0.032967,0.010989
7,3331,0.032967,0.010989
7,3332,0.032967,0.010989
7,3333,0.032967,0.010989
7,3334,0.032967,0.010989
7,3335,0.032967,0.010989
7,3336,0.032967,0.010989
7,3337,0.032967,0.010989
7,3338,0.032967,0.010989
7,3339,0.032967,0.010989
7,3340,0.032967,0.010989
7,3341,0.032967,0.010989
7,3342,0.021978,0.010989
7,3343,0.021978,0.010989
7,3344,0.021978,0.010989
7,3345,0.021978,0.010989
7,3346,0.021978,0.010989
7,3347,0.032967,0.010989
7,3348,0.032967,0.010989
7,3349,0.032967,0.010989
7,3350,0.032967,0.010989
7,3351,0.032967,0.010989
7,3352,0.032967,0.010989
7,3353,0.032967,0.010989
7,3354,0.032967,0.010989
7,3355,0.032967,0.010989
7,3356,0.032967,0.010989
7,3357,0.032967,0.010989
7,3358,0.032967,0.010989
7,3359,0.032967,0.010989
7,3360,0.032967,0.010989
7,3361,0.032967,0.010989
7,3362,0.032967,0.010989
7,3363,0.032967,0.010989
7,3364,0.032967,0.010989
7,3365,0.032967,0.010989
7,3366,0.032967,0.010989
7,3367,0.032967,0.010989
7,3368,0.032967,0.010989
7,3369,0.032967,0.010989
7,3370,0.032967,0.010989
7,3371,0.032967,0.010989
7,3372,0.032967,0.010989
7,3373,0.032967,0.010989
7,3374,0.032967,0.010989
7,3375,0.043956,0.010989
7,3376,0.043956,0.010989
7,3377,0.043956,0.010989
7,3378,0.043956,0.010989
7,3379,0.054945,0.010989
7,3380,0.054945,0.010989
7,3381,0.054945,0.010989
7,3382,0.054945,0.010989
7,3383,0.054945,0.010989
7,3384,0.054945,0.010989
7,3385,0.054945,0.010989
7,3386,0.043956,0.010989
7,3387,0.043956,0.010989
7,3388,0.043956,0.010989
7,3389,0.043956,0.010989
7,3390,0.043956,0.010989
7,3391,0.043956,0.010989
7,3392,0.043956,0.010989
7,3393,0.043956,0.010989
7,3394,0.043956,0.010989
7,3395,0.043956,0.010989
7,3396,0.043956,0.010989
7,3397,0.032967,0.010989
7,3398,0.032967,0.010989
7,3399,0.032967,0.010989
7,3400,0.032967,0.010989
7,3401,0.032967,0.010989
7,3402,0.032967,0.010989
7,3403,0.032967,0.010989
7,3404,0.021978,0.010989
7,3405,0.021978,0.010989
7,3406,0.021978,0.010989
7,3407,0.021978,0.010989
7,3408,0.021978,0.010989
7,3409,0.021978,0.010989
7,3410,0.021978,0.010989
7,3411,0.021978,0.010989
7,3412,0.021978,0.010989
7,3413,0.021978,0.010989
7,3414,0.021978,0.010989
7,3415,0.021978,0.010989
7,3416,0.021978,0.010989
7,3417,0.021978,0.010989
7,3418,0.021978,0.010989
7,3419,0.021978,0.010989
7,3420,0.021978,0.010989
7,3421,0.021978,0.010989
7,3422,0.021978,0.010989
7,3423,0.021978,0.010989
7,3424,0.021978,0.010989
7,3425,0.021978,0.010989
7,3426,0.021978,0.010989
7,3427,0.021978,0.010989
7,3428,0.021978,0.010989
7,3429,0.021978,0.010989
7,3430,0.021978,0.010989
7,3431,0.021978,0.010989
7,3432,0.021978,0.010989
7,3433,0.021978,0.010989
7,3434,0.021978,0.010989
7,3435,0.021978,0.010989
7,3436,0.021978,0.010989
7,3437,0.021978,0.010989
7,3438,0.021978,0.010989
7,3439,0.021978,0.010989
7,3440,0.021978,0.010989
7,3441,0.021978,0.010989
7,3442,0.021978,0.010989
7,3443,0.021978,0.010989
7,3444,0.021978,0.010989
7,3445,0.021978,0.010989
7,3446,0.021978,0.010989
7,3447,0.021978,0.010989
7,3448,0.021978,0.010989
7,3449,0.021978,0.010989
7,3450,0.021978,0.010989
7,3451,0.021978,0.010989
7,3452,0.021978,0.010989
7,3453,0.021978,0.010989
7,3454,0.021978,0.010989
7,3455,0.021978,0.010989
7,3456,0.021978,0.010989
7,3457,0.021978,0.010989
7,3458,0.021978,0.010989
7,3459,0.021978,0.010989
7,3460,0.021978,0.010989
7,3461,0.010989,0.010989
7,3462,0.010989,0.010989
7,3463,0.010989,0.010989
7,3464,0.010989,0.010989
7,3465,0.010989,0.010989
7,3466,0.010989,0.010989
7,3467,0.010989,0.010989
7,3468,0.010989,0.010989
7,3469,0.010989,0.010989
7,3470,0.010989,0.010989
7,3471,0.010989,0.010989
7,3472,0.010989,0.010989
7,3473,0.010989,0.010989
7,3474,0.010989,0.010989
7,3475,0.010989,0.010989
7,3476,0.010989,0.010989
7,3477,0.010989,0.010989
7,3478,0.010989,0.010989
7,3479,0.010989,0.010989
7,3480,0.010989,0.010989
7,3481,0.010989,0.010989
7,3482,0.010989,0.010989
7,3483,0.010989,0.010989
7,3484,0.010989,0.010989
7,3485,0.010989,0.010989
7,3486,0.010989,0.010989
7,3487,0.010989,0.010989
7,3488,0.010989,0.010989
7,3489,0.010989,0.010989
7,3490,0.010989,0.010989
7,3491,0.010989,0.010989
7,3492,0.010989,0.010989
7,3493,0.010989,0.010989
7,3494,0.010989,0.010989
7,3495,0.010989,0.010989
7,3496,0.010989,0.010989
7,3497,0.010989,0.010989
7,3498,0.010989,0.010989
7,3499,0.010989,0.010989
7,3500,0.021978,0.010989
7,3501,0.021978,0.010989
7,3502,0.021978,0.010989
7,3503,0.021978,0.010989
7,3504,0.021978,0.010989
7,3505,0.021978,0.010989
7,3506,0.021978,0.010989
7,3507,0.021978,0.010989
7,3508,0.021978,0.010989
7,3509,0.021978,0.010989
7,3510,0.021978,0.010989
7,3511,0.021978,0.010989
7,3512,0.021978,0.010989
7,3513,0.021978,0.010989
7,3514,0.021978,0.010989
7,3515,0.021978,0.010989
7,3516,0.021978,0.010989
7,3517,0.021978,0.010989
7,3518,0.021978,0.010989
7,3519,0.021978,0.010989
7,3520,0.021978,0.010989
7,3521,0.021978,0.010989
7,3522,0.021978,0.010989
7,3523,0.021978,0.010989
7,3524,0.021978,0.010989
7,3525,0.021978,0.010989
7,3526,0.021978,0.010989
7,3527,0.021978,0.010989
7,3528,0.010989,0.010989
7,3529,0.010989,0.010989
7,3530,0.010989,0.010989
7,3531,0.010989,0.010989
7,3532,0.010989,0.010989
7,3533,0.010989,0.010989
7,3534,0.010989,0.010989
7,3535,0.010989,0.010989
7,3536,0.010989,0.010989
7,3537,0.010989,0.010989
7,3538,0.010989,0.010989
7,3539,0.010989,0.010989
7,3540,0.010989,0.010989
7,3541,0.010989,0.010989
7,3542,0.010989,0.010989
7,3543,0.010989,0.010989
7,3544,0.010989,0.010989
7,3545,0.010989,0.010989
7,3546,0.010989,0.010989
7,3547,0.010989,0.010989
7,3548,0.010989,0.010989
7,3549,0.010989,0.010989
7,3550,0.010989,0.010989
7,3551,0.010989,0.010989
7,3552,0.010989,0.010989
7,3553,0.010989,0.010989
7,3554,0.010989,0.010989
7,3555,0.010989,0.010989
7,3556,0.010989,0.010989
7,3557,0.010989,0.010989
7,3558,0.010989,0.010989
7,3559,0.010989,0.010989
7,3560,0.010989,0.010989
7,3561,0.010989,0.010989
7,3562,0.010989,0.010989
7,3563,0.010989,0.010989
7,3564,0.010989,0.010989
7,3565,0.010989,0.010989
7,3566,0.010989,0.010989
7,3567,0.010989,0.010989
7,3568,0.010989,0.010989
7,3569,0.010989,0.010989
7,3570,0.010989,0.010989
7,3571,0.010989,0.010989
7,3572,0.010989,0.010989
7,3573,0.010989,0.010989
7,3574,0.010989,0.010989
7,3575,0.010989,0.010989
7,3576,0.010989,0.010989
7,3577,0.010989,0.010989
7,3578,0.010989,0.010989
7,3579,0.010989,0.010989
7,3580,0.010989,0.010989
7,3581,0.010989,0.010989
7,3582,0.010989,0.010989
7,3583,0.010989,0.010989
7,3584,0.010989,0.010989
7,3585,0.010989,0.010989
7,3586,0.010989,0.010989
7,3587,0.010989,0.010989
7,3588,0.010989,0.010989
7,3589,0.010989,0.010989
7,3590,0.010989,0.010989
7,3591,0.010989,0.010989
7,3592,0.010989,0.010989
7,3593,0.010989,0.010989
7,3594,0.010989,0.010989
7,3595,0.010989,0.010989
7,3596,0.010989,0.010989
7,3597,0.010989,0.010989
7,3598,0.010989,0.010989
7,3599,0.010989,0.010989
7,3600,0.010989,0.010989
7,3601,0.010989,0.010989
7,3602,0.010989,0.010989
7,3603,0.010989,0.010989
7,3604,0.010989,0.010989
7,3605,0.010989,0.010989
7,3606,0.010989,0.010989
7,3607,0.010989,0.010989
7,3608,0.010989,0.010989
7,3609,0.010989,0.010989
7,3610,0.010989,0.010989
7,3611,0.010989,0.010989
7,3612,0.010989,0.010989
7,3613,0.010989,0.010989
7,3614,0.010989,0.010989
7,3615,0.010989,0.010989
7,3616,0.010989,0.010989
7,3617,0.010989,0.010989
7,3618,0.010989,0.010989
7,3619,0.010989,0.010989
7,3620,0.010989,0.010989
7,3621,0.010989,0.010989
7,3622,0.010989,0.010989
7,3623,0.010989,0.010989
7,3624,0.010989,0.010989
7,3625,0.010989,0.010989
7,3626,0.010989,0.010989
7,3627,0.010989,0.010989
7,3628,0.010989,0.010989
7,3629,0.010989,0.010989
7,3630,0.010989,0.010989
7,3631,0.010989,0.010989
7,3632,0.010989,0.010989
7,3633,0.010989,0.010989
7,3634,0.010989,0.010989
7,3635,0.010989,0.010989
7,3636,0.010989,0.010989
7,3637,0.010989,0.010989
7,3638,0.010989,0.010989
7,3639,0.010989,0.010989
7,3640,0.010989,0.010989
7,3641,0.010989,0.010989
7,3642,0.010989,0.010989
7,3643,0.010989,0.010989
7,3644,0.010989,0.010989
7,3645,0.010989,0.010989
7,3646,0.010989,0.010989
7,3647,0.010989,0.010989
7,3648,0.010989,0.010989
7,3649,0.010989,0.010989
7,3650,0.010989,0.010989
7,3651,0.010989,0.010989
7,3652,0.010989,0.010989
7,3653,0.010989,0.010989
7,3654,0.010989,0.010989
7,3655,0.010989,0.010989
7,3656,0.010989,0.010989
7,3657,0.010989,0.010989
7,3658,0.010989,0.010989
7,3659,0.010989,0.010989
7,3660,0.010989,0.010989
7,3661,0.010989,0.010989
7,3662,0.010989,0.010989
7,3663,0.010989,0.010989
7,3664,0.010989,0.010989
7,3665,0.010989,0.010989
7,3666,0.010989,0.010989
7,3667,0.010989,0.010989
7,3668,0.010989,0.010989
7,3669,0.010989,0.010989
7,3670,0.010989,0.010989
7,3671,0.010989,0.010989
7,3672,0.010989,0.010989
7,3673,0.010989,0.010989
7,3674,0.010989,0.010989
7,3675,0.010989,0.010989
7,3676,0.010989,0.010989
7,3677,0.010989,0.010989
7,3678,0.010989,0.010989
7,3679,0.010989,0.010989
7,3680,0.010989,0.010989
7,3681,0.010989,0.010989
7,3682,0.010989,0.010989
7,3683,0.010989,0.010989
7,3684,0.010989,0.010989
7,3685,0.010989,0.010989
7,3686,0.010989,0.010989
7,3687,0.010989,0.010989
7,3688,0.010989,0.010989
7,3689,0.010989,0.010989
7,3690,0.010989,0.010989
7,3691,0.010989,0.010989
7,3692,0.010989,0.010989
7,3693,0.010989,0.010989
7,3694,0.010989,0.010989
7,3695,0.010989,0.010989
7,3696,0.010989,0.010989
7,3697,0.010989,0.010989
7,3698,0.010989,0.010989
7,3699,0.010989,0.010989
7,3700,0.010989,0.010989
7,3701,0.010989,0.010989
7,3702,0.010989,0.010989
7,3703,0.010989,0.010989
7,3704,0.010989,0.010989
7,3705,0.010989,0.010989
7,3706,0.010989,0.010989
7,3707,0.010989,0.010989
7,3708,0.010989,0.010989
7,3709,0.010989,0.010989
7,3710,0.010989,0.010989
7,3711,0.010989,0.010989
7,3712,0.010989,0.010989
7,3713,0.010989,0.010989
7,3714,0.010989,0.010989
7,3715,0.010989,0.010989
7,3716,0.010989,0.010989
7,3717,0.010989,0.010989
7,3718,0.010989,0.010989
7,3719,0.010989,0.010989
7,3720,0.010989,0.010989
7,3721,0.010989,0.010989
7,3722,0.010989,0.010989
7,3723,0.010989,0.010989
7,3724,0.010989,0.010989
7,3725,0.010989,0.010989
7,3726,0.010989,0.010989
7,3727,0.010989,0.010989
7,3728,0.010989,0.010989
7,3729,0.010989,0.010989
7,3730,0.010989,0.010989
7,3731,0.010989,0.010989
7,3732,0.010989,0.010989
7,3733,0.010989,0.010989
7,3734,0.010989,0.010989
7,3735,0.010989,0.010989
7,3736,0.010989,0.010989
7,3737,0.010989,0.010989
7,3738,0.010989,0.010989
7,3739,0.010989,0.010989
7,3740,0.010989,0.010989
7,3741,0.010989,0.010989
7,3742,0.010989,0.010989
7,3743,0.010989,0.010989
7,3744,0.010989,0.010989
7,3745,0.010989,0.010989
7,3746,0.010989,0.010989
7,3747,0.010989,0.010989
7,3748,0.010989,0.010989
7,3749,0.010989,0.010989
7,3750,0.010989,0.010989
7,3751,0.010989,0.010989
7,3752,0.010989,0.010989
7,3753,0.010989,0.010989
7,3754,0.010989,0.010989
7,3755,0.010989,0.010989
7,3756,0.010989,0.010989
7,3757,0.010989,0.010989
7,3758,0.010989,0.010989
7,3759,0.010989,0.010989
7,3760,0.010989,0.010989
7,3761,0.010989,0.010989
7,3762,0.010989,0.010989
7,3763,0.010989,0.010989
7,3764,0.010989,0.010989
7,3765,0.010989,0.010989
7,3766,0.010989,0.010989
7,3767,0.010989,0.010989
7,3768,0.010989,0.010989
7,3769,0.010989,0.010989
7,3770,0.010989,0.010989
7,3771,0.010989,0.010989
7,3772,0.010989,0.010989
7,3773,0.010989,0.010989
7,3774,0.010989,0.010989
7,3775,0.010989,0.010989
7,3776,0.010989,0.010989
7,3777,0.010989,0.010989
7,3778,0.010989,0.010989
7,3779,0.010989,0.010989
7,3780,0.010989,0.010989
7,3781,0.010989,0.010989
7,3782,0.010989,0.010989
7,3783,0.010989,0.010989
7,3784,0.010989,0.010989
7,3785,0.010989,0.010989
7,3786,0.010989,0.010989
7,3787,0.010989,0.010989
7,3788,0.010989,0.010989
7,3789,0.010989,0.010989
7,3790,0.010989,0.010989
7,3791,0.010989,0.010989
7,3792,0.010989,0.010989
7,3793,0.010989,0.010989
7,3794,0.010989,0.010989
7,3795,0.010989,0.010989
7,3796,0.010989,0.010989
7,3797,0.010989,0.010989
7,3798,0.010989,0.010989
7,3799,0.010989,0.010989
7,3800,0.010989,0.010989
7,3801,0.010989,0.010989
7,3802,0.010989,0.010989
7,3803,0.010989,0.010989
7,3804,0.010989,0.010989
7,3805,0.010989,0.010989
7,3806,0.010989,0.010989
7,3807,0.010989,0.010989
7,3808,0.010989,0.010989
7,3809,0.010989,0.010989
7,3810,0.010989,0.010989
7,3811,0.010989,0.010989
7,3812,0.010989,0.010989
7,3813,0.010989,0.010989
7,3814,0.010989,0.010989
7,3815,0.010989,0.010989
7,3816,0.010989,0.010989
7,3817,0.010989,0.010989
7,3818,0.010989,0.010989
7,3819,0.010989,0.010989
7,3820,0.010989,0.010989
7,3821,0.010989,0.010989
7,3822,0.010989,0.010989
7,3823,0.010989,0.010989
7,3824,0.010989,0.010989
7,3825,0.010989,0.010989
7,3826,0.010989,0.010989
7,3827,0.010989,0.010989
7,3828,0.010989,0.010989
7,3829,0.010989,0.010989
7,3830,0.010989,0.010989
7,3831,0.010989,0.010989
7,3832,0.010989,0.010989
7,3833,0.010989,0.010989
7,3834,0.010989,0.010989
7,3835,0.010989,0.010989
7,3836,0.010989,0.010989
7,3837,0.010989,0.010989
7,3838,0.010989,0.010989
7,3839,0.010989,0.010989
7,3840,0.010989,0.010989
7,3841,0.010989,0.010989
7,3842,0.010989,0.010989
7,3843,0.010989,0.010989
7,3844,0.010989,0.010989
7,3845,0.010989,0.010989
7,3846,0.010989,0.010989
7,3847,0.010989,0.010989
7,3848,0.010989,0.010989
7,3849,0.010989,0.010989
7,3850,0.010989,0.010989
7,3851,0.010989,0.010989
7,3852,0.010989,0.010989
7,3853,0.010989,0.010989
7,3854,0.010989,0.010989
7,3855,0.010989,0.010989
7,3856,0.010989,0.010989
7,3857,0.010989,0.010989
7,3858,0.010989,0.010989
7,3859,0.010989,0.010989
7,3860,0.010989,0.010989
7,3861,0.010989,0.010989
7,3862,0.010989,0.010989
7,3863,0.010989,0.010989
7,3864,0.010989,0.010989
7,3865,0.010989,0.010989
7,3866,0.010989,0.010989
7,3867,0.010989,0.010989
7,3868,0.010989,0.010989
7,3869,0.010989,0.010989
7,3870,0.010989,0.010989
7,3871,0.010989,0.010989
7,3872,0.010989,0.010989
7,3873,0.010989,0.010989
7,3874,0.010989,0.010989
7,3875,0.010989,0.010989
7,3876,0.010989,0.010989
7,3877,0.010989,0.010989
7,3878,0.010989,0.010989
7,3879,0.010989,0.010989
7,3880,0.010989,0.010989
7,3881,0.010989,0.010989
7,3882,0.010989,0.010989
7,3883,0.010989,0.010989
7,3884,0.010989,0.010989
7,3885,0.010989,0.010989
7,3886,0.010989,0.010989
7,3887,0.010989,0.010989
7,3888,0.010989,0.010989
7,3889,0.010989,0.010989
7,3890,0.010989,0.010989
7,3891,0.010989,0.010989
7,3892,0.010989,0.010989
7,3893,0.010989,0.010989
7,3894,0.010989,0.010989
7,3895,0.010989,0.010989
7,3896,0.010989,0.010989
7,3897,0.010989,0.010989
7,3898,0.010989,0.010989
7,3899,0.010989,0.010989
7,3900,0.010989,0.010989
7,3901,0.010989,0.010989
7,3902,0.010989,0.010989
7,3903,0.010989,0.010989
7,3904,0.010989,0.010989
7,3905,0.010989,0.010989
7,3906,0.010989,0.010989
7,3907,0.010989,0.010989
7,3908,0.010989,0.010989
7,3909,0.010989,0.010989
7,3910,0.010989,0.010989
7,3911,0.010989,0.010989
7,3912,0.010989,0.010989
7,3913,0.010989,0.010989
7,3914,0.010989,0.010989
7,3915,0.010989,0.010989
7,3916,0.010989,0.010989
7,3917,0.010989,0.010989
7,3918,0.010989,0.010989
7,3919,0.010989,0.010989
7,3920,0.010989,0.010989
7,3921,0.010989,0.010989
7,3922,0.010989,0.010989
7,3923,0.010989,0.010989
7,3924,0.010989,0.010989
7,3925,0.010989,0.010989
7,3926,0.010989,0.010989
7,3927,0.010989,0.010989
7,3928,0.010989,0.010989
7,3929,0.010989,0.010989
7,3930,0.010989,0.010989
7,3931,0.010989,0.010989
7,3932,0.010989,0.010989
7,3933,0.010989,0.010989
7,3934,0.010989,0.010989
7,3935,0.010989,0.010989
7,3936,0.010989,0.010989
7,3937,0.010989,0.010989
7,3938,0.010989,0.010989
7,3939,0.010989,0.010989
7,3940,0.010989,0.010989
7,3941,0.010989,0.010989
7,3942,0.010989,0.010989
7,3943,0.010989,0.010989
7,3944,0.010989,0.010989
7,3945,0.010989,0.010989
7,3946,0.010989,0.010989
7,3947,0.010989,0.010989
7,3948,0.010989,0.010989
7,3949,0.010989,0.010989
7,3950,0.010989,0.010989
7,3951,0.010989,0.010989
7,3952,0.010989,0.010989
7,3953,0.010989,0.010989
7,3954,0.010989,0.010989
7,3955,0.010989,0.010989
7,3956,0.010989,0.010989
7,3957,0.010989,0.010989
7,3958,0.010989,0.010989
7,3959,0.010989,0.010989
7,3960,0.010989,0.010989
7,3961,0.010989,0.010989
7,3962,0.010989,0.010989
7,3963,0.010989,0.010989
7,3964,0.010989,0.010989
7,3965,0.010989,0.010989
7,3966,0.010989,0.010989
7,3967,0.010989,0.010989
7,3968,0.010989,0.010989
7,3969,0.010989,0.010989
7,3970,0.010989,0.010989
7,3971,0.010989,0.010989
7,3972,0.010989,0.010989
7,3973,0.010989,0.010989
7,3974,0.010989,0.010989
7,3975,0.010989,0.010989
7,3976,0.010989,0.010989
7,3977,0.010989,0.010989
7,3978,0.010989,0.010989
7,3979,0.010989,0.010989
7,3980,0.010989,0.010989
7,3981,0.010989,0.010989
7,3982,0.010989,0.010989
7,3983,0.010989,0.010989
7,3984,0.010989,0.010989
7,3985,0.010989,0.010989
7,3986,0.010989,0.010989
7,3987,0.010989,0.010989
7,3988,0.010989,0.010989
7,3989,0.010989,0.010989
7,3990,0.010989,0.010989
7,3991,0.010989,0.010989
7,3992,0.010989,0.010989
7,3993,0.010989,0.010989
7,3994,0.010989,0.010989
7,3995,0.010989,0.010989
7,3996,0.010989,0.010989
7,3997,0.010989,0.010989
7,3998,0.010989,0.010989
7,3999,0.010989,0.010989
7,4000,0.010989,0.010989
7,4001,0.010989,0.010989
7,4002,0.010989,0.010989
7,4003,0.010989,0.010989
7,4004,0.010989,0.010989
7,4005,0.010989,0.010989
7,4006,0.010989,0.010989
7,4007,0.010989,0.010989
7,4008,0.010989,0.010989
7,4009,0.010989,0.010989
7,4010,0.010989,0.010989
7,4011,0.010989,0.010989
7,4012,0.010989,0.010989
7,4013,0.010989,0.010989
7,4014,0.010989,0.010989
7,4015,0.010989,0.010989
7,4016,0.010989,0.010989
7,4017,0.010989,0.010989
7,4018,0.010989,0.010989
7,4019,0.010989,0.010989
7,4020,0.010989,0.010989
7,4021,0.010989,0.010989
7,4022,0.010989,0.010989
7,4023,0.010989,0.010989
7,4024,0.010989,0.010989
7,4025,0.010989,0.010989
7,4026,0.010989,0.010989
7,4027,0.010989,0.010989
7,4028,0.010989,0.010989
7,4029,0.010989,0.010989
7,4030,0.010989,0.010989
7,4031,0.010989,0.010989
7,4032,0.010989,0.010989
7,4033,0.010989,0.010989
7,4034,0.010989,0.010989
7,4035,0.010989,0.010989
7,4036,0.010989,0.010989
7,4037,0.010989,0.010989
7,4038,0.010989,0.010989
7,4039,0.010989,0.010989
7,4040,0.010989,0.010989
7,4041,0.010989,0.010989
7,4042,0.010989,0.010989
7,4043,0.010989,0.010989
7,4044,0.010989,0.010989
7,4045,0.010989,0.010989
7,4046,0.010989,0.010989
7,4047,0.010989,0.010989
7,4048,0.010989,0.010989
7,4049,0.010989,0.010989
7,4050,0.010989,0.010989
7,4051,0.010989,0.010989
7,4052,0.010989,0.010989
7,4053,0.010989,0.010989
7,4054,0.010989,0.010989
7,4055,0.010989,0.010989
7,4056,0.010989,0.010989
7,4057,0.010989,0.010989
7,4058,0.010989,0.010989
7,4059,0.010989,0.010989
7,4060,0.010989,0.010989
7,4061,0.010989,0.010989
7,4062,0.010989,0.010989
7,4063,0.010989,0.010989
7,4064,0.010989,0.010989
7,4065,0.010989,0.010989
7,4066,0.010989,0.010989
7,4067,0.010989,0.010989
7,4068,0.010989,0.010989
7,4069,0.010989,0.010989
7,4070,0.010989,0.010989
7,4071,0.010989,0.010989
7,4072,0.010989,0.010989
7,4073,0.010989,0.010989
7,4074,0.010989,0.010989
7,4075,0.010989,0.010989
7,4076,0.010989,0.010989
7,4077,0.010989,0.010989
7,4078,0.010989,0.010989
7,4079,0.010989,0.010989
7,4080,0.010989,0.010989
7,4081,0.010989,0.010989
7,4082,0.010989,0.010989
7,4083,0.010989,0.010989
7,4084,0.010989,0.010989
7,4085,0.010989,0.010989
7,4086,0.010989,0.010989
7,4087,0.010989,0.010989
7,4088,0.010989,0.010989
7,4089,0.010989,0.010989
7,4090,0.010989,0.010989
7,4091,0.010989,0.010989
7,4092,0.010989,0.010989
7,4093,0.010989,0.010989
7,4094,0.010989,0.010989
7,4095,0.010989,0.010989
7,4096,0.010989,0.010989
7,4097,0.010989,0.010989
7,4098,0.010989,0.010989
7,4099,0.010989,0.010989
7,4100,0.010989,0.010989
7,4101,0.010989,0.010989
7,4102,0.010989,0.010989
7,4103,0.010989,0.010989
7,4104,0.010989,0.010989
7,4105,0.010989,0.010989
7,4106,0.010989,0.010989
7,4107,0.010989,0.010989
7,4108,0.010989,0.010989
7,4109,0.010989,0.010989
7,4110,0.010989,0.010989
7,4111,0.010989,0.010989
7,4112,0.010989,0.010989
7,4113,0.010989,0.010989
7,4114,0.010989,0.010989
7,4115,0.010989,0.010989
7,4116,0.010989,0.010989
7,4117,0.010989,0.010989
7,4118,0.010989,0.010989
7,4119,0.010989,0.010989
7,4120,0.010989,0.010989
7,4121,0.010989,0.010989
7,4122,0.010989,0.010989
7,4123,0.010989,0.010989
7,4124,0.010989,0.010989
7,4125,0.010989,0.010989
7,4126,0.010989,0.010989
7,4127,0.010989,0.010989
7,4128,0.010989,0.010989
7,4129,0.010989,0.010989
7,4130,0.010989,0.010989
7,4131,0.010989,0.010989
7,4132,0.010989,0.010989
7,4133,0.010989,0.010989
7,4134,0.010989,0.010989
7,4135,0.010989,0.010989
7,4136,0.010989,0.010989
7,4137,0.010989,0.010989
7,4138,0.010989,0.010989
7,4139,0.010989,0.010989
7,4140,0.010989,0.010989
7,4141,0.010989,0.010989
7,4142,0.010989,0.010989
7,4143,0.010989,0.010989
7,4144,0.010989,0.010989
7,4145,0.010989,0.010989
7,4146,0.010989,0.010989
7,4147,0.010989,0.010989
7,4148,0.010989,0.010989
7,4149,0.010989,0.010989
7,4150,0.010989,0.010989
7,4151,0.010989,0.010989
7,4152,0.010989,0.010989
7,4153,0.010989,0.010989
7,4154,0.010989,0.010989
7,4155,0.010989,0.010989
7,4156,0.010989,0.010989
7,4157,0.010989,0.010989
7,4158,0.010989,0.010989
7,4159,0.010989,0.010989
7,4160,0.010989,0.010989
7,4161,0.010989,0.010989
7,4162,0.010989,0.010989
7,4163,0.010989,0.010989
7,4164,0.010989,0.010989
7,4165,0.010989,0.010989
7,4166,0.010989,0.010989
7,4167,0.010989,0.010989
7,4168,0.010989,0.010989
7,4169,0.010989,0.010989
7,4170,0.010989,0.010989
7,4171,0.010989,0.010989
7,4172,0.010989,0.010989
7,4173,0.010989,0.010989
7,4174,0.010989,0.010989
7,4175,0.010989,0.010989
7,4176,0.010989,0.010989
7,4177,0.010989,0.010989
7,4178,0.010989,0.010989
7,4179,0.010989,0.010989
7,4180,0.010989,0.010989
7,4181,0.010989,0.010989
7,4182,0.010989,0.010989
7,4183,0.010989,0.010989
7,4184,0.010989,0.010989
7,4185,0.010989,0.010989
7,4186,0.010989,0.010989
7,4187,0.010989,0.010989
7,4188,0.010989,0.010989
7,4189,0.010989,0.010989
7,4190,0.010989,0.010989
7,4191,0.010989,0.010989
7,4192,0.010989,0.010989
7,4193,0.010989,0.010989
7,4194,0.010989,0.010989
7,4195,0.010989,0.010989
7,4196,0.010989,0.010989
7,4197,0.010989,0.010989
7,4198,0.010989,0.010989
7,4199,0.010989,0.010989
7,4200,0.010989,0.010989
7,4201,0.010989,0.010989
7,4202,0.010989,0.010989
7,4203,0.010989,0.010989
7,4204,0.010989,0.010989
7,4205,0.010989,0.010989
7,4206,0.010989,0.010989
7,4207,0.010989,0.010989
7,4208,0.010989,0.010989
7,4209,0.010989,0.010989
7,4210,0.010989,0.010989
7,4211,0.010989,0.010989
7,4212,0.010989,0.010989
7,4213,0.010989,0.010989
7,4214,0.010989,0.010989
7,4215,0.010989,0.010989
7,4216,0.010989,0.010989
7,4217,0.010989,0.010989
7,4218,0.010989,0.010989
7,4219,0.010989,0.010989
7,4220,0.010989,0.010989
7,4221,0.010989,0.010989
7,4222,0.010989,0.010989
7,4223,0.010989,0.010989
7,4224,0.010989,0.010989
7,4225,0.010989,0.010989
7,4226,0.010989,0.010989
7,4227,0.010989,0.010989
7,4228,0.010989,0.010989
7,4229,0.010989,0.010989
7,4230,0.010989,0.010989
7,4231,0.010989,0.010989
7,4232,0.010989,0.010989
7,4233,0.010989,0.010989
7,4234,0.010989,0.010989
7,4235,0.010989,0.010989
7,4236,0.010989,0.010989
7,4237,0.010989,0.010989
7,4238,0.010989,0.010989
7,4239,0.010989,0.010989
7,4240,0.010989,0.010989
7,4241,0.010989,0.010989
7,4242,0.010989,0.010989
7,4243,0.010989,0.010989
7,4244,0.010989,0.010989
7,4245,0.010989,0.010989
7,4246,0.010989,0.010989
7,4247,0.010989,0.010989
7,4248,0.010989,0.010989
7,4249,0.010989,0.010989
7,4250,0.010989,0.010989
7,4251,0.010989,0.010989
7,4252,0.010989,0.010989
7,4253,0.010989,0.010989
7,4254,0.010989,0.010989
7,4255,0.010989,0.010989
7,4256,0.010989,0.010989
7,4257,0.010989,0.010989
7,4258,0.010989,0.010989
7,4259,0.010989,0.010989
7,4260,0.010989,0.010989
7,4261,0.010989,0.010989
7,4262,0.010989,0.010989
7,4263,0.010989,0.010989
7,4264,0.010989,0.010989
7,4265,0.010989,0.010989
7,4266,0.010989,0.010989
7,4267,0.010989,0.010989
7,4268,0.010989,0.010989
7,4269,0.010989,0.010989
7,4270,0.010989,0.010989
7,4271,0.010989,0.010989
7,4272,0.010989,0.010989
7,4273,0.010989,0.010989
7,4274,0.010989,0.010989
7,4275,0.010989,0.010989
7,4276,0.010989,0.010989
7,4277,0.010989,0.010989
7,4278,0.010989,0.010989
7,4279,0.010989,0.010989
7,4280,0.010989,0.010989
7,4281,0.010989,0.010989
7,4282,0.010989,0.010989
7,4283,0.010989,0.010989
7,4284,0.010989,0.010989
7,4285,0.010989,0.010989
7,4286,0.010989,0.010989
7,4287,0.010989,0.010989
7,4288,0.010989,0.010989
7,4289,0.010989,0.010989
7,4290,0.010989,0.010989
7,4291,0.010989,0.010989
7,4292,0.010989,0.010989
7,4293,0.010989,0.010989
7,4294,0.010989,0.010989
7,4295,0.010989,0.010989
7,4296,0.010989,0.010989
7,4297,0.010989,0.010989
7,4298,0.010989,0.010989
7,4299,0.010989,0.010989
7,4300,0.010989,0.010989
7,4301,0.010989,0.010989
7,4302,0.010989,0.010989
7,4303,0.010989,0.010989
7,4304,0.010989,0.010989
7,4305,0.010989,0.010989
7,4306,0.010989,0.010989
7,4307,0.010989,0.010989
7,4308,0.010989,0.010989
7,4309,0.010989,0.010989
7,4310,0.010989,0.010989
7,4311,0.010989,0.010989
7,4312,0.010989,0.010989
7,4313,0.010989,0.010989
7,4314,0.010989,0.010989
7,4315,0.010989,0.010989
7,4316,0.010989,0.010989
7,4317,0.010989,0.010989
7,4318,0.010989,0.010989
7,4319,0.010989,0.010989
7,4320,0.010989,0.010989
7,4321,0.010989,0.010989
7,4322,0.010989,0.010989
7,4323,0.010989,0.010989
7,4324,0.010989,0.010989
7,4325,0.010989,0.010989
7,4326,0.010989,0.010989
7,4327,0.010989,0.010989
7,4328,0.010989,0.010989
7,4329,0.010989,0.010989
7,4330,0.010989,0.010989
7,4331,0.010989,0.010989
7,4332,0.010989,0.010989
7,4333,0.010989,0.010989
7,4334,0.010989,0.010989
7,4335,0.010989,0.010989
7,4336,0.010989,0.010989
7,4337,0.010989,0.010989
7,4338,0.010989,0.010989
7,4339,0.010989,0.010989
7,4340,0.010989,0.010989
7,4341,0.010989,0.010989
7,4342,0.010989,0.010989
7,4343,0.010989,0.010989
7,4344,0.010989,0.010989
7,4345,0.010989,0.010989
7,4346,0.010989,0.010989
7,4347,0.010989,0.010989
7,4348,0.010989,0.010989
7,4349,0.010989,0.010989
7,4350,0.010989,0.010989
7,4351,0.010989,0.010989
7,4352,0.010989,0.010989
7,4353,0.010989,0.010989
7,4354,0.010989,0.010989
7,4355,0.010989,0.010989
7,4356,0.010989,0.010989
7,4357,0.010989,0.010989
7,4358,0.010989,0.010989
7,4359,0.010989,0.010989
7,4360,0.010989,0.010989
7,4361,0.010989,0.010989
7,4362,0.010989,0.010989
7,4363,0.010989,0.010989
7,4364,0.010989,0.010989
7,4365,0.010989,0.010989
7,4366,0.010989,0.010989
7,4367,0.010989,0.010989
7,4368,0.010989,0.010989
7,4369,0.010989,0.010989
7,4370,0.010989,0.010989
7,4371,0.010989,0.010989
7,4372,0.010989,0.010989
7,4373,0.010989,0.010989
7,4374,0.010989,0.010989
7,4375,0.010989,0.010989
7,4376,0.010989,0.010989
7,4377,0.010989,0.010989
7,4378,0.010989,0.010989
7,4379,0.010989,0.010989
7,4380,0.010989,0.010989
7,4381,0.010989,0.010989
7,4382,0.010989,0.010989
7,4383,0.010989,0.010989
7,4384,0.010989,0.010989
7,4385,0.010989,0.010989
7,4386,0.010989,0.010989
7,4387,0.010989,0.010989
7,4388,0.010989,0.010989
7,4389,0.010989,0.010989
7,4390,0.010989,0.010989
7,4391,0.010989,0.010989
7,4392,0.010989,0.010989
7,4393,0.010989,0.010989
7,4394,0.010989,0.010989
7,4395,0.010989,0.010989
7,4396,0.010989,0.010989
7,4397,0.010989,0.010989
7,4398,0.010989,0.010989
7,4399,0.010989,0.010989
7,4400,0.010989,0.010989
7,4401,0.010989,0.010989
7,4402,0.010989,0.010989
7,4403,0.010989,0.010989
7,4404,0.010989,0.010989
7,4405,0.010989,0.010989
7,4406,0.010989,0.010989
7,4407,0.010989,0.010989
7,4408,0.010989,0.010989
7,4409,0.010989,0.010989
7,4410,0.010989,0.010989
7,4411,0.010989,0.010989
7,4412,0.010989,0.010989
7,4413,0.010989,0.010989
7,4414,0.010989,0.010989
7,4415,0.010989,0.010989
7,4416,0.010989,0.010989
7,4417,0.010989,0.010989
7,4418,0.010989,0.010989
7,4419,0.010989,0.010989
7,4420,0.010989,0.010989
7,4421,0.010989,0.010989
7,4422,0.010989,0.010989
7,4423,0.010989,0.010989
7,4424,0.010989,0.010989
7,4425,0.010989,0.010989
7,4426,0.010989,0.010989
7,4427,0.010989,0.010989
7,4428,0.010989,0.010989
7,4429,0.010989,0.010989
7,4430,0.010989,0.010989
7,4431,0.010989,0.010989
7,4432,0.010989,0.010989
7,4433,0.010989,0.010989
7,4434,0.010989,0.010989
7,4435,0.010989,0.010989
7,4436,0.010989,0.010989
7,4437,0.010989,0.010989
7,4438,0.010989,0.010989
7,4439,0.010989,0.010989
7,4440,0.010989,0.010989
7,4441,0.010989,0.010989
7,4442,0.010989,0.010989
7,4443,0.010989,0.010989
7,4444,0.010989,0.010989
7,4445,0.010989,0.010989
7,4446,0.010989,0.010989
7,4447,0.010989,0.010989
7,4448,0.010989,0.010989
7,4449,0.010989,0.010989
7,4450,0.010989,0.010989
7,4451,0.010989,0.010989
7,4452,0.010989,0.010989
7,4453,0.010989,0.010989
7,4454,0.010989,0.010989
7,4455,0.010989,0.010989
7,4456,0.010989,0.010989
7,4457,0.010989,0.010989
7,4458,0.010989,0.010989
7,4459,0.010989,0.010989
7,4460,0.010989,0.010989
7,4461,0.010989,0.010989
7,4462,0.010989,0.010989
7,4463,0.010989,0.010989
7,4464,0.010989,0.010989
7,4465,0.010989,0.010989
7,4466,0.010989,0.010989
7,4467,0.010989,0.010989
7,4468,0.010989,0.010989
7,4469,0.010989,0.010989
7,4470,0.010989,0.010989
7,4471,0.010989,0.010989
7,4472,0.010989,0.010989
7,4473,0.010989,0.010989
7,4474,0.010989,0.010989
7,4475,0.010989,0.010989
7,4476,0.010989,0.010989
7,4477,0.010989,0.010989
7,4478,0.010989,0.010989
7,4479,0.010989,0.010989
7,4480,0.010989,0.010989
7,4481,0.010989,0.010989
7,4482,0.010989,0.010989
7,4483,0.010989,0.010989
7,4484,0.010989,0.010989
7,4485,0.010989,0.010989
7,4486,0.010989,0.010989
7,4487,0.010989,0.010989
7,4488,0.010989,0.010989
7,4489,0.010989,0.010989
7,4490,0.010989,0.010989
7,4491,0.010989,0.010989
7,4492,0.010989,0.010989
7,4493,0.010989,0.010989
7,4494,0.010989,0.010989
7,4495,0.010989,0.010989
7,4496,0.010989,0.010989
7,4497,0.010989,0.010989
7,4498,0.010989,0.010989
7,4499,0.010989,0.010989
7,4500,0.010989,0.010989
7,4501,0.010989,0.010989
7,4502,0.010989,0.010989
7,4503,0.010989,0.010989
7,4504,0.010989,0.010989
7,4505,0.010989,0.010989
7,4506,0.010989,0.010989
7,4507,0.010989,0.010989
7,4508,0.010989,0.010989
7,4509,0.010989,0.010989
7,4510,0.010989,0.010989
7,4511,0.010989,0.010989
7,4512,0.010989,0.010989
7,4513,0.010989,0.010989
7,4514,0.010989,0.010989
7,4515,0.010989,0.010989
7,4516,0.010989,0.010989
7,4517,0.010989,0.010989
7,4518,0.010989,0.010989
7,4519,0.010989,0.010989
7,4520,0.010989,0.010989
7,4521,0.010989,0.010989
7,4522,0.010989,0.010989
7,4523,0.010989,0.010989
7,4524,0.010989,0.010989
7,4525,0.010989,0.010989
7,4526,0.010989,0.010989
7,4527,0.010989,0.010989
7,4528,0.010989,0.010989
7,4529,0.010989,0.010989
7,4530,0.010989,0.010989
7,4531,0.010989,0.010989
7,4532,0.010989,0.010989
7,4533,0.010989,0.010989
7,4534,0.010989,0.010989
7,4535,0.010989,0.010989
7,4536,0.010989,0.010989
7,4537,0.010989,0.010989
7,4538,0.010989,0.010989
7,4539,0.010989,0.010989
7,4540,0.010989,0.010989
7,4541,0.010989,0.010989
7,4542,0.010989,0.010989
7,4543,0.010989,0.010989
7,4544,0.010989,0.010989
7,4545,0.010989,0.010989
7,4546,0.010989,0.010989
7,4547,0.010989,0.010989
7,4548,0.010989,0.010989
7,4549,0.010989,0.010989
7,4550,0.010989,0.010989
7,4551,0.010989,0.010989
7,4552,0.010989,0.010989
7,4553,0.010989,0.010989
7,4554,0.010989,0.010989
7,4555,0.010989,0.010989
7,4556,0.010989,0.010989
7,4557,0.010989,0.010989
7,4558,0.010989,0.010989
7,4559,0.010989,0.010989
7,4560,0.010989,0.010989
7,4561,0.010989,0.010989
7,4562,0.010989,0.010989
7,4563,0.010989,0.010989
7,4564,0.010989,0.010989
7,4565,0.010989,0.010989
7,4566,0.010989,0.010989
7,4567,0.010989,0.010989
7,4568,0.010989,0.010989
7,4569,0.010989,0.010989
7,4570,0.010989,0.010989
7,4571,0.010989,0.010989
7,4572,0.010989,0.010989
7,4573,0.010989,0.010989
7,4574,0.010989,0.010989
7,4575,0.010989,0.010989
7,4576,0.010989,0.010989
7,4577,0.010989,0.010989
7,4578,0.010989,0.010989
7,4579,0.010989,0.010989
7,4580,0.010989,0.010989
7,4581,0.010989,0.010989
7,4582,0.010989,0.010989
7,4583,0.010989,0.010989
7,4584,0.000000,0.000000
8,0,0.120879,0.120879
8,1,0.109890,0.109890
8,2,0.109890,0.109890
8,3,0.109890,0.109890
8,4,0.131868,0.109890
8,5,0.142857,0.109890
8,6,0.175824,0.109890
8,7,0.131868,0.109890
8,8,0.120879,0.109890
8,9,0.131868,0.109890
8,10,0.131868,0.109890
8,11,0.120879,0.109890
8,12,0.131868,0.109890
8,13,0.109890,0.109890
8,14,0.120879,0.109890
8,15,0.109890,0.109890
8,16,0.109890,0.109890
8,17,0.109890,0.109890
8,18,0.065934,0.065934
8,19,0.065934,0.065934
8,20,0.065934,0.065934
8,21,0.076923,0.065934
8,22,0.076923,0.065934
8,23,0.054945,0.054945
8,24,0.065934,0.054945
8,25,0.065934,0.054945
8,26,0.076923,0.054945
8,27,0.098901,0.054945
8,28,0.109890,0.054945
8,29,0.109890,0.054945
8,30,0.109890,0.054945
8,31,0.109890,0.054945
8,32,0.109890,0.054945
8,33,0.087912,0.054945
8,34,0.087912,0.054945
8,35,0.076923,0.054945
8,36,0.065934,0.054945
8,37,0.065934,0.054945
8,38,0.087912,0.054945
8,39,0.054945,0.054945
8,40,0.065934,0.054945
8,41,0.087912,0.054945
8,42,0.087912,0.054945
8,43,0.098901,0.054945
8,44,0.098901,0.054945
8,45,0.109890,0.054945
8,46,0.142857,0.054945
8,47,0.131868,0.054945
8,48,0.087912,0.054945
8,49,0.098901,0.054945
8,50,0.098901,0.054945
8,51,0.131868,0.054945
8,52,0.098901,0.054945
8,53,0.109890,0.054945
8,54,0.120879,0.054945
8,55,0.109890,0.054945
8,56,0.098901,0.054945
8,57,0.098901,0.054945
8,58,0.087912,0.054945
8,59,0.087912,0.054945
8,60,0.109890,0.054945
8,61,0.087912,0.054945
8,62,0.065934,0.054945
8,63,0.098901,0.054945
8,64,0.120879,0.054945
8,65,0.120879,0.054945
8,66,0.120879,0.054945
8,67,0.175824,0.054945
8,68,0.186813,0.054945
8,69,0.120879,0.054945
8,70,0.076923,0.054945
8,71,0.065934,0.054945
8,72,0.087912,0.054945
8,73,0.087912,0.054945
8,74,0.098901,0.054945
8,75,0.054945,0.054945
8,76,0.065934,0.054945
8,77,0.065934,0.054945
8,78,0.065934,0.054945
8,79,0.065934,0.054945
8,80,0.087912,0.054945
8,81,0.098901,0.054945
8,82,0.109890,0.054945
8,83,0.087912,0.054945
8,84,0.109890,0.054945
8,85,0.087912,0.054945
8,86,0.076923,0.054945
8,87,0.098901,0.054945
8,88,0.131868,0.054945
8,89,0.120879,0.054945
8,90,0.109890,0.054945
8,91,0.109890,0.054945
8,92,0.131868,0.054945
8,93,0.131868,0.054945
8,94,0.164835,0.054945
8,95,0.142857,0.054945
8,96,0.153846,0.054945
8,97,0.142857,0.054945
8,98,0.109890,0.054945
8,99,0.098901,0.054945
8,100,0.120879,0.054945
8,101,0.131868,0.054945
8,102,0.142857,0.054945
8,103,0.098901,0.054945
8,104,0.098901,0.054945
8,105,0.087912,0.054945
8,106,0.076923,0.054945
8,107,0.087912,0.054945
8,108,0.131868,0.054945
8,109,0.142857,0.054945
8,110,0.164835,0.054945
8,111,0.175824,0.054945
8,112,0.175824,0.054945
8,113,0.142857,0.054945
8,114,0.131868,0.054945
8,115,0.131868,0.054945
8,116,0.153846,0.054945
8,117,0.197802,0.054945
8,118,0.197802,0.054945
8,119,0.197802,0.054945
8,120,0.164835,0.054945
8,121,0.153846,0.054945
8,122,0.186813,0.054945
8,123,0.153846,0.054945
8,124,0.186813,0.054945
8,125,0.197802,0.054945
8,126,0.175824,0.054945
8,127,0.197802,0.054945
8,128,0.175824,0.054945
8,129,0.175824,0.054945
8,130,0.142857,0.054945
8,131,0.142857,0.054945
8,132,0.142857,0.054945
8,133,0.153846,0.054945
8,134,0.109890,0.054945
8,135,0.098901,0.054945
8,136,0.098901,0.054945
8,137,0.109890,0.054945
8,138,0.098901,0.054945
8,139,0.076923,0.054945
8,140,0.076923,0.054945
8,141,0.032967,0.032967
8,142,0.043956,0.032967
8,143,0.032967,0.032967
8,144,0.054945,0.032967
8,145,0.065934,0.032967
8,146,0.076923,0.032967
8,147,0.076923,0.032967
8,148,0.065934,0.032967
8,149,0.098901,0.032967
8,150,0.098901,0.032967
8,151,0.109890,0.032967
8,152,0.131868,0.032967
8,153,0.131868,0.032967
8,154,0.087912,0.032967
8,155,0.109890,0.032967
8,156,0.087912,0.032967
8,157,0.131868,0.032967
8,158,0.109890,0.032967
8,159,0.065934,0.032967
8,160,0.065934,0.032967
8,161,0.087912,0.032967
8,162,0.076923,0.032967
8,163,0.109890,0.032967
8,164,0.109890,0.032967
8,165,0.120879,0.032967
8,166,0.153846,0.032967
8,167,0.175824,0.032967
8,168,0.186813,0.032967
8,169,0.197802,0.032967
8,170,0.153846,0.032967
8,171,0.164835,0.032967
8,172,0.120879,0.032967
8,173,0.120879,0.032967
8,174,0.120879,0.032967
8,175,0.142857,0.032967
8,176,0.153846,0.032967
8,177,0.153846,0.032967
8,178,0.153846,0.032967
8,179,0.175824,0.032967
8,180,0.153846,0.032967
8,181,0.153846,0.032967
8,182,0.120879,0.032967
8,183,0.120879,0.032967
8,184,0.131868,0.032967
8,185,0.109890,0.032967
8,186,0.109890,0.032967
8,187,0.098901,0.032967
8,188,0.109890,0.032967
8,189,0.120879,0.032967
8,190,0.131868,0.032967
8,191,0.153846,0.032967
8,192,0.131868,0.032967
8,193,0.109890,0.032967
8,194,0.109890,0.032967
8,195,0.131868,0.032967
8,196,0.131868,0.032967
8,197,0.153846,0.032967
8,198,0.120879,0.032967
8,199,0.142857,0.032967
8,200,0.131868,0.032967
8,201,0.109890,0.032967
8,202,0.109890,0.032967
8,203,0.120879,0.032967
8,204,0.076923,0.032967
8,205,0.087912,0.032967
8,206,0.065934,0.032967
8,207,0.087912,0.032967
8,208,0.131868,0.032967
8,209,0.153846,0.032967
8,210,0.164835,0.032967
8,211,0.131868,0.032967
8,212,0.131868,0.032967
8,213,0.120879,0.032967
8,214,0.098901,0.032967
8,215,0.109890,0.032967
8,216,0.109890,0.032967
8,217,0.131868,0.032967
8,218,0.153846,0.032967
8,219,0.164835,0.032967
8,220,0.131868,0.032967
8,221,0.109890,0.032967
8,222,0.065934,0.032967
8,223,0.065934,0.032967
8,224,0.065934,0.032967
8,225,0.065934,0.032967
8,226,0.076923,0.032967
8,227,0.109890,0.032967
8,228,0.120879,0.032967
8,229,0.120879,0.032967
8,230,0.109890,0.032967
8,231,0.120879,0.032967
8,232,0.109890,0.032967
8,233,0.131868,0.032967
8,234,0.120879,0.032967
8,235,0.120879,0.032967
8,236,0.120879,0.032967
8,237,0.164835,0.032967
8,238,0.153846,0.032967
8,239,0.153846,0.032967
8,240,0.175824,0.032967
8,241,0.153846,0.032967
8,242,0.142857,0.032967
8,243,0.164835,0.032967
8,244,0.131868,0.032967
8,245,0.131868,0.032967
8,246,0.109890,0.032967
8,247,0.153846,0.032967
8,248,0.109890,0.032967
8,249,0.087912,0.032967
8,250,0.076923,0.032967
8,251,0.109890,0.032967
8,252,0.109890,0.032967
8,253,0.131868,0.032967
8,254,0.131868,0.032967
8,255,0.120879,0.032967
8,256,0.109890,0.032967
8,257,0.109890,0.032967
8,258,0.065934,0.032967
8,259,0.076923,0.032967
8,260,0.098901,0.032967
8,261,0.087912,0.032967
8,262,0.109890,0.032967
8,263,0.109890,0.032967
8,264,0.098901,0.032967
8,265,0.098901,0.032967
8,266,0.087912,0.032967
8,267,0.065934,0.032967
8,268,0.087912,0.032967
8,269,0.109890,0.032967
8,270,0.142857,0.032967
8,271,0.131868,0.032967
8,272,0.098901,0.032967
8,273,0.120879,0.032967
8,274,0.120879,0.032967
8,275,0.142857,0.032967
8,276,0.109890,0.032967
8,277,0.120879,0.032967
8,278,0.109890,0.032967
8,279,0.098901,0.032967
8,280,0.098901,0.032967
8,281,0.109890,0.032967
8,282,0.131868,0.032967
8,283,0.098901,0.032967
8,284,0.098901,0.032967
8,285,0.087912,0.032967
8,286,0.076923,0.032967
8,287,0.076923,0.032967
8,288,0.087912,0.032967
8,289,0.098901,0.032967
8,290,0.131868,0.032967
8,291,0.131868,0.032967
8,292,0.131868,0.032967
8,293,0.120879,0.032967
8,294,0.098901,0.032967
8,295,0.087912,0.032967
8,296,0.098901,0.032967
8,297,0.087912,0.032967
8,298,0.076923,0.032967
8,299,0.054945,0.032967
8,300,0.087912,0.032967
8,301,0.087912,0.032967
8,302,0.098901,0.032967
8,303,0.142857,0.032967
8,304,0.120879,0.032967
8,305,0.120879,0.032967
8,306,0.109890,0.032967
8,307,0.131868,0.032967
8,308,0.186813,0.032967
8,309,0.186813,0.032967
8,310,0.186813,0.032967
8,311,0.186813,0.032967
8,312,0.175824,0.032967
8,313,0.153846,0.032967
8,314,0.153846,0.032967
8,315,0.153846,0.032967
8,316,0.164835,0.032967
8,317,0.175824,0.032967
8,318,0.208791,0.032967
8,319,0.175824,0.032967
8,320,0.153846,0.032967
8,321,0.120879,0.032967
8,322,0.153846,0.032967
8,323,0.186813,0.032967
8,324,0.142857,0.032967
8,325,0.131868,0.032967
8,326,0.120879,0.032967
8,327,0.098901,0.032967
8,328,0.120879,0.032967
8,329,0.098901,0.032967
8,330,0.098901,0.032967
8,331,0.098901,0.032967
8,332,0.109890,0.032967
8,333,0.131868,0.032967
8,334,0.131868,0.032967
8,335,0.131868,0.032967
8,336,0.153846,0.032967
8,337,0.153846,0.032967
8,338,0.142857,0.032967
8,339,0.153846,0.032967
8,340,0.131868,0.032967
8,341,0.109890,0.032967
8,342,0.131868,0.032967
8,343,0.131868,0.032967
8,344,0.131868,0.032967
8,345,0.131868,0.032967
8,346,0.109890,0.032967
8,347,0.109890,0.032967
8,348,0.109890,0.032967
8,349,0.109890,0.032967
8,350,0.098901,0.032967
8,351,0.098901,0.032967
8,352,0.087912,0.032967
8,353,0.120879,0.032967
8,354,0.153846,0.032967
8,355,0.131868,0.032967
8,356,0.131868,0.032967
8,357,0.142857,0.032967
8,358,0.131868,0.032967
8,359,0.120879,0.032967
8,360,0.131868,0.032967
8,361,0.076923,0.032967
8,362,0.120879,0.032967
8,363,0.131868,0.032967
8,364,0.109890,0.032967
8,365,0.109890,0.032967
8,366,0.109890,0.032967
8,367,0.087912,0.032967
8,368,0.098901,0.032967
8,369,0.153846,0.032967
8,370,0.109890,0.032967
8,371,0.109890,0.032967
8,372,0.098901,0.032967
8,373,0.065934,0.032967
8,374,0.076923,0.032967
8,375,0.076923,0.032967
8,376,0.054945,0.032967
8,377,0.043956,0.032967
8,378,0.043956,0.032967
8,379,0.054945,0.032967
8,380,0.043956,0.032967
8,381,0.054945,0.032967
8,382,0.098901,0.032967
8,383,0.098901,0.032967
8,384,0.131868,0.032967
8,385,0.098901,0.032967
8,386,0.120879,0.032967
8,387,0.153846,0.032967
8,388,0.142857,0.032967
8,389,0.087912,0.032967
8,390,0.065934,0.032967
8,391,0.054945,0.032967
8,392,0.076923,0.032967
8,393,0.109890,0.032967
8,394,0.109890,0.032967
8,395,0.098901,0.032967
8,396,0.120879,0.032967
8,397,0.120879,0.032967
8,398,0.109890,0.032967
8,399,0.120879,0.032967
8,400,0.131868,0.032967
8,401,0.120879,0.032967
8,402,0.109890,0.032967
8,403,0.120879,0.032967
8,404,0.131868,0.032967
8,405,0.109890,0.032967
8,406,0.098901,0.032967
8,407,0.098901,0.032967
8,408,0.098901,0.032967
8,409,0.098901,0.032967
8,410,0.098901,0.032967
8,411,0.087912,0.032967
8,412,0.076923,0.032967
8,413,0.054945,0.032967
8,414,0.054945,0.032967
8,415,0.076923,0.032967
8,416,0.087912,0.032967
8,417,0.076923,0.032967
8,418,0.087912,0.032967
8,419,0.087912,0.032967
8,420,0.109890,0.032967
8,421,0.098901,0.032967
8,422,0.087912,0.032967
8,423,0.087912,0.032967
8,424,0.109890,0.032967
8,425,0.109890,0.032967
8,426,0.120879,0.032967
8,427,0.120879,0.032967
8,428,0.131868,0.032967
8,429,0.175824,0.032967
8,430,0.164835,0.032967
8,431,0.142857,0.032967
8,432,0.153846,0.032967
8,433,0.142857,0.032967
8,434,0.164835,0.032967
8,435,0.197802,0.032967
8,436,0.197802,0.032967
8,437,0.175824,0.032967
8,438,0.142857,0.032967
8,439,0.131868,0.032967
8,440,0.142857,0.032967
8,441,0.164835,0.032967
8,442,0.153846,0.032967
8,443,0.142857,0.032967
8,444,0.142857,0.032967
8,445,0.142857,0.032967
8,446,0.153846,0.032967
8,447,0.131868,0.032967
8,448,0.131868,0.032967
8,449,0.120879,0.032967
8,450,0.109890,0.032967
8,451,0.109890,0.032967
8,452,0.120879,0.032967
8,453,0.120879,0.032967
8,454,0.142857,0.032967
8,455,0.142857,0.032967
8,456,0.142857,0.032967
8,457,0.142857,0.032967
8,458,0.131868,0.032967
8,459,0.120879,0.032967
8,460,0.109890,0.032967
8,461,0.087912,0.032967
8,462,0.120879,0.032967
8,463,0.087912,0.032967
8,464,0.087912,0.032967
8,465,0.087912,0.032967
8,466,0.098901,0.032967
8,467,0.153846,0.032967
8,468,0.120879,0.032967
8,469,0.153846,0.032967
8,470,0.131868,0.032967
8,471,0.131868,0.032967
8,472,0.153846,0.032967
8,473,0.120879,0.032967
8,474,0.131868,0.032967
8,475,0.142857,0.032967
8,476,0.131868,0.032967
8,477,0.109890,0.032967
8,478,0.098901,0.032967
8,479,0.087912,0.032967
8,480,0.098901,0.032967
8,481,0.098901,0.032967
8,482,0.109890,0.032967
8,483,0.131868,0.032967
8,484,0.142857,0.032967
8,485,0.120879,0.032967
8,486,0.109890,0.032967
8,487,0.142857,0.032967
8,488,0.120879,0.032967
8,489,0.087912,0.032967
8,490,0.109890,0.032967
8,491,0.087912,0.032967
8,492,0.087912,0.032967
8,493,0.076923,0.032967
8,494,0.109890,0.032967
8,495,0.087912,0.032967
8,496,0.065934,0.032967
8,497,0.098901,0.032967
8,498,0.087912,0.032967
8,499,0.087912,0.032967
8,500,0.098901,0.032967
8,501,0.098901,0.032967
8,502,0.065934,0.032967
8,503,0.109890,0.032967
8,504,0.120879,0.032967
8,505,0.131868,0.032967
8,506,0.098901,0.032967
8,507,0.076923,0.032967
8,508,0.098901,0.032967
8,509,0.098901,0.032967
8,510,0.098901,0.032967
8,511,0.098901,0.032967
8,512,0.087912,0.032967
8,513,0.054945,0.032967
8,514,0.076923,0.032967
8,515,0.065934,0.032967
8,516,0.087912,0.032967
8,517,0.142857,0.032967
8,518,0.131868,0.032967
8,519,0.098901,0.032967
8,520,0.087912,0.032967
8,521,0.076923,0.032967
8,522,0.076923,0.032967
8,523,0.087912,0.032967
8,524,0.098901,0.032967
8,525,0.098901,0.032967
8,526,0.142857,0.032967
8,527,0.131868,0.032967
8,528,0.186813,0.032967
8,529,0.131868,0.032967
8,530,0.131868,0.032967
8,531,0.109890,0.032967
8,532,0.109890,0.032967
8,533,0.087912,0.032967
8,534,0.087912,0.032967
8,535,0.098901,0.032967
8,536,0.098901,0.032967
8,537,0.076923,0.032967
8,538,0.076923,0.032967
8,539,0.065934,0.032967
8,540,0.065934,0.032967
8,541,0.065934,0.032967
8,542,0.076923,0.032967
8,543,0.098901,0.032967
8,544,0.109890,0.032967
8,545,0.109890,0.032967
8,546,0.120879,0.032967
8,547,0.142857,0.032967
8,548,0.153846,0.032967
8,549,0.186813,0.032967
8,550,0.131868,0.032967
8,551,0.120879,0.032967
8,552,0.109890,0.032967
8,553,0.153846,0.032967
8,554,0.153846,0.032967
8,555,0.197802,0.032967
8,556,0.186813,0.032967
8,557,0.175824,0.032967
8,558,0.164835,0.032967
8,559,0.131868,0.032967
8,560,0.153846,0.032967
8,561,0.153846,0.032967
8,562,0.142857,0.032967
8,563,0.109890,0.032967
8,564,0.109890,0.032967
8,565,0.098901,0.032967
8,566,0.076923,0.032967
8,567,0.098901,0.032967
8,568,0.120879,0.032967
8,569,0.098901,0.032967
8,570,0.098901,0.032967
8,571,0.087912,0.032967
8,572,0.065934,0.032967
8,573,0.054945,0.032967
8,574,0.109890,0.032967
8,575,0.098901,0.032967
8,576,0.109890,0.032967
8,577,0.120879,0.032967
8,578,0.109890,0.032967
8,579,0.109890,0.032967
8,580,0.153846,0.032967
8,581,0.142857,0.032967
8,582,0.208791,0.032967
8,583,0.175824,0.032967
8,584,0.197802,0.032967
8,585,0.175824,0.032967
8,586,0.153846,0.032967
8,587,0.175824,0.032967
8,588,0.164835,0.032967
8,589,0.197802,0.032967
8,590,0.175824,0.032967
8,591,0.186813,0.032967
8,592,0.175824,0.032967
8,593,0.142857,0.032967
8,594,0.131868,0.032967
8,595,0.142857,0.032967
8,596,0.109890,0.032967
8,597,0.142857,0.032967
8,598,0.120879,0.032967
8,599,0.131868,0.032967
8,600,0.098901,0.032967
8,601,0.131868,0.032967
8,602,0.098901,0.032967
8,603,0.120879,0.032967
8,604,0.131868,0.032967
8,605,0.153846,0.032967
8,606,0.186813,0.032967
8,607,0.153846,0.032967
8,608,0.153846,0.032967
8,609,0.120879,0.032967
8,610,0.087912,0.032967
8,611,0.087912,0.032967
8,612,0.098901,0.032967
8,613,0.098901,0.032967
8,614,0.120879,0.032967
8,615,0.142857,0.032967
8,616,0.164835,0.032967
8,617,0.142857,0.032967
8,618,0.164835,0.032967
8,619,0.175824,0.032967
8,620,0.142857,0.032967
8,621,0.175824,0.032967
8,622,0.164835,0.032967
8,623,0.131868,0.032967
8,624,0.142857,0.032967
8,625,0.131868,0.032967
8,626,0.153846,0.032967
8,627,0.197802,0.032967
8,628,0.153846,0.032967
8,629,0.131868,0.032967
8,630,0.153846,0.032967
8,631,0.142857,0.032967
8,632,0.109890,0.032967
8,633,0.109890,0.032967
8,634,0.120879,0.032967
8,635,0.076923,0.032967
8,636,0.087912,0.032967
8,637,0.098901,0.032967
8,638,0.109890,0.032967
8,639,0.109890,0.032967
8,640,0.109890,0.032967
8,641,0.109890,0.032967
8,642,0.109890,0.032967
8,643,0.098901,0.032967
8,644,0.109890,0.032967
8,645,0.109890,0.032967
8,646,0.120879,0.032967
8,647,0.109890,0.032967
8,648,0.131868,0.032967
8,649,0.109890,0.032967
8,650,0.120879,0.032967
8,651,0.109890,0.032967
8,652,0.120879,0.032967
8,653,0.109890,0.032967
8,654,0.120879,0.032967
8,655,0.109890,0.032967
8,656,0.098901,0.032967
8,657,0.120879,0.032967
8,658,0.109890,0.032967
8,659,0.131868,0.032967
8,660,0.109890,0.032967
8,661,0.131868,0.032967
8,662,0.109890,0.032967
8,663,0.076923,0.032967
8,664,0.076923,0.032967
8,665,0.076923,0.032967
8,666,0.098901,0.032967
8,667,0.087912,0.032967
8,668,0.065934,0.032967
8,669,0.054945,0.032967
8,670,0.076923,0.032967
8,671,0.087912,0.032967
8,672,0.098901,0.032967
8,673,0.109890,0.032967
8,674,0.120879,0.032967
8,675,0.087912,0.032967
8,676,0.120879,0.032967
8,677,0.098901,0.032967
8,678,0.076923,0.032967
8,679,0.076923,0.032967
8,680,0.109890,0.032967
8,681,0.087912,0.032967
8,682,0.120879,0.032967
8,683,0.142857,0.032967
8,684,0.120879,0.032967
8,685,0.131868,0.032967
8,686,0.131868,0.032967
8,687,0.109890,0.032967
8,688,0.076923,0.032967
8,689,0.076923,0.032967
8,690,0.109890,0.032967
8,691,0.131868,0.032967
8,692,0.142857,0.032967
8,693,0.142857,0.032967
8,694,0.142857,0.032967
8,695,0.120879,0.032967
8,696,0.153846,0.032967
8,697,0.153846,0.032967
8,698,0.153846,0.032967
8,699,0.153846,0.032967
8,700,0.109890,0.032967
8,701,0.087912,0.032967
8,702,0.142857,0.032967
8,703,0.197802,0.032967
8,704,0.219780,0.032967
8,705,0.208791,0.032967
8,706,0.230769,0.032967
8,707,0.230769,0.032967
8,708,0.186813,0.032967
8,709,0.164835,0.032967
8,710,0.153846,0.032967
8,711,0.153846,0.032967
8,712,0.120879,0.032967
8,713,0.153846,0.032967
8,714,0.142857,0.032967
8,715,0.120879,0.032967
8,716,0.164835,0.032967
8,717,0.197802,0.032967
8,718,0.208791,0.032967
8,719,0.131868,0.032967
8,720,0.109890,0.032967
8,721,0.109890,0.032967
8,722,0.175824,0.032967
8,723,0.142857,0.032967
8,724,0.153846,0.032967
8,725,0.142857,0.032967
8,726,0.120879,0.032967
8,727,0.109890,0.032967
8,728,0.076923,0.032967
8,729,0.087912,0.032967
8,730,0.087912,0.032967
8,731,0.109890,0.032967
8,732,0.120879,0.032967
8,733,0.131868,0.032967
8,734,0.076923,0.032967
8,735,0.065934,0.032967
8,736,0.065934,0.032967
8,737,0.065934,0.032967
8,738,0.065934,0.032967
8,739,0.065934,0.032967
8,740,0.065934,0.032967
8,741,0.087912,0.032967
8,742,0.098901,0.032967
8,743,0.098901,0.032967
8,744,0.087912,0.032967
8,745,0.076923,0.032967
8,746,0.098901,0.032967
8,747,0.098901,0.032967
8,748,0.076923,0.032967
8,749,0.065934,0.032967
8,750,0.065934,0.032967
8,751,0.054945,0.032967
8,752,0.065934,0.032967
8,753,0.065934,0.032967
8,754,0.054945,0.032967
8,755,0.054945,0.032967
8,756,0.065934,0.032967
8,757,0.054945,0.032967
8,758,0.065934,0.032967
8,759,0.076923,0.032967
8,760,0.076923,0.032967
8,761,0.076923,0.032967
8,762,0.109890,0.032967
8,763,0.065934,0.032967
8,764,0.054945,0.032967
8,765,0.043956,0.032967
8,766,0.054945,0.032967
8,767,0.076923,0.032967
8,768,0.087912,0.032967
8,769,0.065934,0.032967
8,770,0.087912,0.032967
8,771,0.065934,0.032967
8,772,0.087912,0.032967
8,773,0.098901,0.032967
8,774,0.087912,0.032967
8,775,0.076923,0.032967
8,776,0.076923,0.032967
8,777,0.043956,0.032967
8,778,0.065934,0.032967
8,779,0.087912,0.032967
8,780,0.076923,0.032967
8,781,0.076923,0.032967
8,782,0.087912,0.032967
8,783,0.142857,0.032967
8,784,0.164835,0.032967
8,785,0.164835,0.032967
8,786,0.153846,0.032967
8,787,0.164835,0.032967
8,788,0.175824,0.032967
8,789,0.164835,0.032967
8,790,0.153846,0.032967
8,791,0.153846,0.032967
8,792,0.175824,0.032967
8,793,0.175824,0.032967
8,794,0.153846,0.032967
8,795,0.164835,0.032967
8,796,0.164835,0.032967
8,797,0.164835,0.032967
8,798,0.142857,0.032967
8,799,0.186813,0.032967
8,800,0.120879,0.032967
8,801,0.142857,0.032967
8,802,0.120879,0.032967
8,803,0.120879,0.032967
8,804,0.120879,0.032967
8,805,0.153846,0.032967
8,806,0.142857,0.032967
8,807,0.120879,0.032967
8,808,0.087912,0.032967
8,809,0.065934,0.032967
8,810,0.098901,0.032967
8,811,0.098901,0.032967
8,812,0.109890,0.032967
8,813,0.120879,0.032967
8,814,0.109890,0.032967
8,815,0.142857,0.032967
8,816,0.142857,0.032967
8,817,0.098901,0.032967
8,818,0.131868,0.032967
8,819,0.120879,0.032967
8,820,0.098901,0.032967
8,821,0.076923,0.032967
8,822,0.098901,0.032967
8,823,0.076923,0.032967
8,824,0.065934,0.032967
8,825,0.065934,0.032967
8,826,0.087912,0.032967
8,827,0.098901,0.032967
8,828,0.120879,0.032967
8,829,0.164835,0.032967
8,830,0.164835,0.032967
8,831,0.109890,0.032967
8,832,0.065934,0.032967
8,833,0.065934,0.032967
8,834,0.076923,0.032967
8,835,0.076923,0.032967
8,836,0.098901,0.032967
8,837,0.098901,0.032967
8,838,0.153846,0.032967
8,839,0.153846,0.032967
8,840,0.131868,0.032967
8,841,0.131868,0.032967
8,842,0.120879,0.032967
8,843,0.120879,0.032967
8,844,0.120879,0.032967
8,845,0.131868,0.032967
8,846,0.153846,0.032967
8,847,0.142857,0.032967
8,848,0.142857,0.032967
8,849,0.164835,0.032967
8,850,0.186813,0.032967
8,851,0.186813,0.032967
8,852,0.186813,0.032967
8,853,0.164835,0.032967
8,854,0.153846,0.032967
8,855,0.120879,0.032967
8,856,0.109890,0.032967
8,857,0.098901,0.032967
8,858,0.098901,0.032967
8,859,0.076923,0.032967
8,860,0.098901,0.032967
8,861,0.098901,0.032967
8,862,0.076923,0.032967
8,863,0.043956,0.032967
8,864,0.043956,0.032967
8,865,0.043956,0.032967
8,866,0.043956,0.032967
8,867,0.076923,0.032967
8,868,0.076923,0.032967
8,869,0.087912,0.032967
8,870,0.054945,0.032967
8,871,0.076923,0.032967
8,872,0.087912,0.032967
8,873,0.131868,0.032967
8,874,0.142857,0.032967
8,875,0.131868,0.032967
8,876,0.098901,0.032967
8,877,0.087912,0.032967
8,878,0.120879,0.032967
8,879,0.109890,0.032967
8,880,0.142857,0.032967
8,881,0.142857,0.032967
8,882,0.164835,0.032967
8,883,0.131868,0.032967
8,884,0.098901,0.032967
8,885,0.131868,0.032967
8,886,0.164835,0.032967
8,887,0.131868,0.032967
8,888,0.164835,0.032967
8,889,0.197802,0.032967
8,890,0.241758,0.032967
8,891,0.208791,0.032967
8,892,0.186813,0.032967
8,893,0.208791,0.032967
8,894,0.153846,0.032967
8,895,0.131868,0.032967
8,896,0.109890,0.032967
8,897,0.109890,0.032967
8,898,0.131868,0.032967
8,899,0.197802,0.032967
8,900,0.208791,0.032967
8,901,0.208791,0.032967
8,902,0.230769,0.032967
8,903,0.197802,0.032967
8,904,0.230769,0.032967
8,905,0.263736,0.032967
8,906,0.197802,0.032967
8,907,0.197802,0.032967
8,908,0.197802,0.032967
8,909,0.197802,0.032967
8,910,0.186813,0.032967
8,911,0.197802,0.032967
8,912,0.175824,0.032967
8,913,0.175824,0.032967
8,914,0.175824,0.032967
8,915,0.131868,0.032967
8,916,0.098901,0.032967
8,917,0.098901,0.032967
8,918,0.131868,0.032967
8,919,0.131868,0.032967
8,920,0.131868,0.032967
8,921,0.164835,0.032967
8,922,0.120879,0.032967
8,923,0.109890,0.032967
8,924,0.098901,0.032967
8,925,0.131868,0.032967
8,926,0.153846,0.032967
8,927,0.131868,0.032967
8,928,0.142857,0.032967
8,929,0.175824,0.032967
8,930,0.175824,0.032967
8,931,0.175824,0.032967
8,932,0.175824,0.032967
8,933,0.120879,0.032967
8,934,0.131868,0.032967
8,935,0.131868,0.032967
8,936,0.142857,0.032967
8,937,0.153846,0.032967
8,938,0.164835,0.032967
8,939,0.164835,0.032967
8,940,0.175824,0.032967
8,941,0.120879,0.032967
8,942,0.142857,0.032967
8,943,0.131868,0.032967
8,944,0.109890,0.032967
8,945,0.087912,0.032967
8,946,0.076923,0.032967
8,947,0.098901,0.032967
8,948,0.131868,0.032967
8,949,0.131868,0.032967
8,950,0.131868,0.032967
8,951,0.153846,0.032967
8,952,0.131868,0.032967
8,953,0.142857,0.032967
8,954,0.142857,0.032967
8,955,0.164835,0.032967
8,956,0.142857,0.032967
8,957,0.131868,0.032967
8,958,0.142857,0.032967
8,959,0.142857,0.032967
8,960,0.175824,0.032967
8,961,0.153846,0.032967
8,962,0.120879,0.032967
8,963,0.087912,0.032967
8,964,0.087912,0.032967
8,965,0.087912,0.032967
8,966,0.076923,0.032967
8,967,0.065934,0.032967
8,968,0.087912,0.032967
8,969,0.087912,0.032967
8,970,0.076923,0.032967
8,971,0.076923,0.032967
8,972,0.076923,0.032967
8,973,0.098901,0.032967
8,974,0.109890,0.032967
8,975,0.109890,0.032967
8,976,0.131868,0.032967
8,977,0.153846,0.032967
8,978,0.164835,0.032967
8,979,0.153846,0.032967
8,980,0.153846,0.032967
8,981,0.131868,0.032967
8,982,0.164835,0.032967
8,983,0.120879,0.032967
8,984,0.142857,0.032967
8,985,0.197802,0.032967
8,986,0.153846,0.032967
8,987,0.131868,0.032967
8,988,0.153846,0.032967
8,989,0.164835,0.032967
8,990,0.109890,0.032967
8,991,0.131868,0.032967
8,992,0.076923,0.032967
8,993,0.087912,0.032967
8,994,0.098901,0.032967
8,995,0.109890,0.032967
8,996,0.098901,0.032967
8,997,0.076923,0.032967
8,998,0.142857,0.032967
8,999,0.131868,0.032967
8,1000,0.142857,0.032967
8,1001,0.197802,0.032967
8,1002,0.175824,0.032967
8,1003,0.120879,0.032967
8,1004,0.098901,0.032967
8,1005,0.109890,0.032967
8,1006,0.098901,0.032967
8,1007,0.098901,0.032967
8,1008,0.098901,0.032967
8,1009,0.087912,0.032967
8,1010,0.098901,0.032967
8,1011,0.087912,0.032967
8,1012,0.065934,0.032967
8,1013,0.087912,0.032967
8,1014,0.087912,0.032967
8,1015,0.076923,0.032967
8,1016,0.087912,0.032967
8,1017,0.098901,0.032967
8,1018,0.076923,0.032967
8,1019,0.098901,0.032967
8,1020,0.120879,0.032967
8,1021,0.098901,0.032967
8,1022,0.120879,0.032967
8,1023,0.142857,0.032967
8,1024,0.109890,0.032967
8,1025,0.098901,0.032967
8,1026,0.109890,0.032967
8,1027,0.076923,0.032967
8,1028,0.065934,0.032967
8,1029,0.065934,0.032967
8,1030,0.076923,0.032967
8,1031,0.098901,0.032967
8,1032,0.098901,0.032967
8,1033,0.098901,0.032967
8,1034,0.065934,0.032967
8,1035,0.076923,0.032967
8,1036,0.076923,0.032967
8,1037,0.065934,0.032967
8,1038,0.087912,0.032967
8,1039,0.087912,0.032967
8,1040,0.087912,0.032967
8,1041,0.087912,0.032967
8,1042,0.098901,0.032967
8,1043,0.109890,0.032967
8,1044,0.098901,0.032967
8,1045,0.054945,0.032967
8,1046,0.065934,0.032967
8,1047,0.054945,0.032967
8,1048,0.054945,0.032967
8,1049,0.054945,0.032967
8,1050,0.065934,0.032967
8,1051,0.054945,0.032967
8,1052,0.054945,0.032967
8,1053,0.054945,0.032967
8,1054,0.065934,0.032967
8,1055,0.065934,0.032967
8,1056,0.065934,0.032967
8,1057,0.054945,0.032967
8,1058,0.043956,0.032967
8,1059,0.032967,0.032967
8,1060,0.054945,0.032967
8,1061,0.076923,0.032967
8,1062,0.087912,0.032967
8,1063,0.076923,0.032967
8,1064,0.054945,0.032967
8,1065,0.065934,0.032967
8,1066,0.087912,0.032967
8,1067,0.065934,0.032967
8,1068,0.087912,0.032967
8,1069,0.087912,0.032967
8,1070,0.087912,0.032967
8,1071,0.087912,0.032967
8,1072,0.098901,0.032967
8,1073,0.131868,0.032967
8,1074,0.087912,0.032967
8,1075,0.087912,0.032967
8,1076,0.065934,0.032967
8,1077,0.054945,0.032967
8,1078,0.076923,0.032967
8,1079,0.076923,0.032967
8,1080,0.087912,0.032967
8,1081,0.142857,0.032967
8,1082,0.153846,0.032967
8,1083,0.098901,0.032967
8,1084,0.087912,0.032967
8,1085,0.131868,0.032967
8,1086,0.131868,0.032967
8,1087,0.131868,0.032967
8,1088,0.109890,0.032967
8,1089,0.120879,0.032967
8,1090,0.120879,0.032967
8,1091,0.153846,0.032967
8,1092,0.164835,0.032967
8,1093,0.164835,0.032967
8,1094,0.164835,0.032967
8,1095,0.153846,0.032967
8,1096,0.142857,0.032967
8,1097,0.120879,0.032967
8,1098,0.120879,0.032967
8,1099,0.120879,0.032967
8,1100,0.131868,0.032967
8,1101,0.164835,0.032967
8,1102,0.153846,0.032967
8,1103,0.197802,0.032967
8,1104,0.186813,0.032967
8,1105,0.175824,0.032967
8,1106,0.175824,0.032967
8,1107,0.175824,0.032967
8,1108,0.175824,0.032967
8,1109,0.219780,0.032967
8,1110,0.197802,0.032967
8,1111,0.175824,0.032967
8,1112,0.175824,0.032967
8,1113,0.131868,0.032967
8,1114,0.131868,0.032967
8,1115,0.142857,0.032967
8,1116,0.142857,0.032967
8,1117,0.153846,0.032967
8,1118,0.175824,0.032967
8,1119,0.142857,0.032967
8,1120,0.153846,0.032967
8,1121,0.175824,0.032967
8,1122,0.186813,0.032967
8,1123,0.142857,0.032967
8,1124,0.109890,0.032967
8,1125,0.142857,0.032967
8,1126,0.131868,0.032967
8,1127,0.109890,0.032967
8,1128,0.120879,0.032967
8,1129,0.153846,0.032967
8,1130,0.131868,0.032967
8,1131,0.109890,0.032967
8,1132,0.153846,0.032967
8,1133,0.186813,0.032967
8,1134,0.219780,0.032967
8,1135,0.175824,0.032967
8,1136,0.219780,0.032967
8,1137,0.186813,0.032967
8,1138,0.153846,0.032967
8,1139,0.153846,0.032967
8,1140,0.131868,0.032967
8,1141,0.109890,0.032967
8,1142,0.109890,0.032967
8,1143,0.131868,0.032967
8,1144,0.142857,0.032967
8,1145,0.142857,0.032967
8,1146,0.120879,0.032967
8,1147,0.087912,0.032967
8,1148,0.054945,0.032967
8,1149,0.043956,0.032967
8,1150,0.065934,0.032967
8,1151,0.087912,0.032967
8,1152,0.076923,0.032967
8,1153,0.109890,0.032967
8,1154,0.098901,0.032967
8,1155,0.098901,0.032967
8,1156,0.098901,0.032967
8,1157,0.109890,0.032967
8,1158,0.098901,0.032967
8,1159,0.098901,0.032967
8,1160,0.098901,0.032967
8,1161,0.065934,0.032967
8,1162,0.043956,0.032967
8,1163,0.043956,0.032967
8,1164,0.109890,0.032967
8,1165,0.153846,0.032967
8,1166,0.175824,0.032967
8,1167,0.186813,0.032967
8,1168,0.197802,0.032967
8,1169,0.208791,0.032967
8,1170,0.120879,0.032967
8,1171,0.109890,0.032967
8,1172,0.087912,0.032967
8,1173,0.076923,0.032967
8,1174,0.076923,0.032967
8,1175,0.076923,0.032967
8,1176,0.076923,0.032967
8,1177,0.065934,0.032967
8,1178,0.065934,0.032967
8,1179,0.054945,0.032967
8,1180,0.087912,0.032967
8,1181,0.065934,0.032967
8,1182,0.076923,0.032967
8,1183,0.109890,0.032967
8,1184,0.109890,0.032967
8,1185,0.109890,0.032967
8,1186,0.109890,0.032967
8,1187,0.087912,0.032967
8,1188,0.120879,0.032967
8,1189,0.175824,0.032967
8,1190,0.120879,0.032967
8,1191,0.120879,0.032967
8,1192,0.142857,0.032967
8,1193,0.175824,0.032967
8,1194,0.175824,0.032967
8,1195,0.175824,0.032967
8,1196,0.131868,0.032967
8,1197,0.109890,0.032967
8,1198,0.098901,0.032967
8,1199,0.076923,0.032967
8,1200,0.098901,0.032967
8,1201,0.109890,0.032967
8,1202,0.120879,0.032967
8,1203,0.087912,0.032967
8,1204,0.098901,0.032967
8,1205,0.142857,0.032967
8,1206,0.087912,0.032967
8,1207,0.076923,0.032967
8,1208,0.065934,0.032967
8,1209,0.065934,0.032967
8,1210,0.065934,0.032967
8,1211,0.087912,0.032967
8,1212,0.065934,0.032967
8,1213,0.065934,0.032967
8,1214,0.098901,0.032967
8,1215,0.109890,0.032967
8,1216,0.153846,0.032967
8,1217,0.131868,0.032967
8,1218,0.131868,0.032967
8,1219,0.120879,0.032967
8,1220,0.120879,0.032967
8,1221,0.109890,0.032967
8,1222,0.087912,0.032967
8,1223,0.109890,0.032967
8,1224,0.065934,0.032967
8,1225,0.120879,0.032967
8,1226,0.120879,0.032967
8,1227,0.120879,0.032967
8,1228,0.120879,0.032967
8,1229,0.076923,0.032967
8,1230,0.065934,0.032967
8,1231,0.076923,0.032967
8,1232,0.087912,0.032967
8,1233,0.109890,0.032967
8,1234,0.120879,0.032967
8,1235,0.087912,0.032967
8,1236,0.098901,0.032967
8,1237,0.109890,0.032967
8,1238,0.120879,0.032967
8,1239,0.087912,0.032967
8,1240,0.076923,0.032967
8,1241,0.076923,0.032967
8,1242,0.098901,0.032967
8,1243,0.109890,0.032967
8,1244,0.109890,0.032967
8,1245,0.131868,0.032967
8,1246,0.131868,0.032967
8,1247,0.131868,0.032967
8,1248,0.142857,0.032967
8,1249,0.131868,0.032967
8,1250,0.131868,0.032967
8,1251,0.098901,0.032967
8,1252,0.098901,0.032967
8,1253,0.109890,0.032967
8,1254,0.120879,0.032967
8,1255,0.109890,0.032967
8,1256,0.120879,0.032967
8,1257,0.076923,0.032967
8,1258,0.076923,0.032967
8,1259,0.065934,0.032967
8,1260,0.054945,0.032967
8,1261,0.065934,0.032967
8,1262,0.076923,0.032967
8,1263,0.098901,0.032967
8,1264,0.109890,0.032967
8,1265,0.109890,0.032967
8,1266,0.109890,0.032967
8,1267,0.153846,0.032967
8,1268,0.131868,0.032967
8,1269,0.131868,0.032967
8,1270,0.120879,0.032967
8,1271,0.120879,0.032967
8,1272,0.120879,0.032967
8,1273,0.120879,0.032967
8,1274,0.142857,0.032967
8,1275,0.153846,0.032967
8,1276,0.131868,0.032967
8,1277,0.120879,0.032967
8,1278,0.120879,0.032967
8,1279,0.131868,0.032967
8,1280,0.153846,0.032967
8,1281,0.131868,0.032967
8,1282,0.109890,0.032967
8,1283,0.098901,0.032967
8,1284,0.109890,0.032967
8,1285,0.120879,0.032967
8,1286,0.120879,0.032967
8,1287,0.164835,0.032967
8,1288,0.153846,0.032967
8,1289,0.186813,0.032967
8,1290,0.186813,0.032967
8,1291,0.164835,0.032967
8,1292,0.153846,0.032967
8,1293,0.131868,0.032967
8,1294,0.153846,0.032967
8,1295,0.109890,0.032967
8,1296,0.109890,0.032967
8,1297,0.087912,0.032967
8,1298,0.109890,0.032967
8,1299,0.098901,0.032967
8,1300,0.109890,0.032967
8,1301,0.120879,0.032967
8,1302,0.109890,0.032967
8,1303,0.098901,0.032967
8,1304,0.087912,0.032967
8,1305,0.098901,0.032967
8,1306,0.109890,0.032967
8,1307,0.131868,0.032967
8,1308,0.164835,0.032967
8,1309,0.164835,0.032967
8,1310,0.153846,0.032967
8,1311,0.131868,0.032967
8,1312,0.131868,0.032967
8,1313,0.153846,0.032967
8,1314,0.131868,0.032967
8,1315,0.120879,0.032967
8,1316,0.131868,0.032967
8,1317,0.153846,0.032967
8,1318,0.186813,0.032967
8,1319,0.164835,0.032967
8,1320,0.175824,0.032967
8,1321,0.164835,0.032967
8,1322,0.219780,0.032967
8,1323,0.175824,0.032967
8,1324,0.175824,0.032967
8,1325,0.120879,0.032967
8,1326,0.087912,0.032967
8,1327,0.120879,0.032967
8,1328,0.131868,0.032967
8,1329,0.131868,0.032967
8,1330,0.120879,0.032967
8,1331,0.098901,0.032967
8,1332,0.098901,0.032967
8,1333,0.098901,0.032967
8,1334,0.098901,0.032967
8,1335,0.076923,0.032967
8,1336,0.087912,0.032967
8,1337,0.087912,0.032967
8,1338,0.098901,0.032967
8,1339,0.109890,0.032967
8,1340,0.109890,0.032967
8,1341,0.120879,0.032967
8,1342,0.098901,0.032967
8,1343,0.109890,0.032967
8,1344,0.120879,0.032967
8,1345,0.131868,0.032967
8,1346,0.120879,0.032967
8,1347,0.131868,0.032967
8,1348,0.131868,0.032967
8,1349,0.131868,0.032967
8,1350,0.131868,0.032967
8,1351,0.142857,0.032967
8,1352,0.120879,0.032967
8,1353,0.131868,0.032967
8,1354,0.120879,0.032967
8,1355,0.120879,0.032967
8,1356,0.131868,0.032967
8,1357,0.120879,0.032967
8,1358,0.120879,0.032967
8,1359,0.131868,0.032967
8,1360,0.164835,0.032967
8,1361,0.153846,0.032967
8,1362,0.131868,0.032967
8,1363,0.131868,0.032967
8,1364,0.120879,0.032967
8,1365,0.098901,0.032967
8,1366,0.098901,0.032967
8,1367,0.098901,0.032967
8,1368,0.087912,0.032967
8,1369,0.131868,0.032967
8,1370,0.142857,0.032967
8,1371,0.120879,0.032967
8,1372,0.120879,0.032967
8,1373,0.120879,0.032967
8,1374,0.120879,0.032967
8,1375,0.131868,0.032967
8,1376,0.131868,0.032967
8,1377,0.109890,0.032967
8,1378,0.076923,0.032967
8,1379,0.065934,0.032967
8,1380,0.087912,0.032967
8,1381,0.087912,0.032967
8,1382,0.120879,0.032967
8,1383,0.120879,0.032967
8,1384,0.131868,0.032967
8,1385,0.098901,0.032967
8,1386,0.087912,0.032967
8,1387,0.098901,0.032967
8,1388,0.087912,0.032967
8,1389,0.120879,0.032967
8,1390,0.131868,0.032967
8,1391,0.131868,0.032967
8,1392,0.120879,0.032967
8,1393,0.120879,0.032967
8,1394,0.131868,0.032967
8,1395,0.131868,0.032967
8,1396,0.120879,0.032967
8,1397,0.142857,0.032967
8,1398,0.142857,0.032967
8,1399,0.109890,0.032967
8,1400,0.120879,0.032967
8,1401,0.120879,0.032967
8,1402,0.120879,0.032967
8,1403,0.131868,0.032967
8,1404,0.109890,0.032967
8,1405,0.098901,0.032967
8,1406,0.109890,0.032967
8,1407,0.087912,0.032967
8,1408,0.098901,0.032967
8,1409,0.098901,0.032967
8,1410,0.098901,0.032967
8,1411,0.098901,0.032967
8,1412,0.120879,0.032967
8,1413,0.153846,0.032967
8,1414,0.142857,0.032967
8,1415,0.109890,0.032967
8,1416,0.109890,0.032967
8,1417,0.109890,0.032967
8,1418,0.142857,0.032967
8,1419,0.131868,0.032967
8,1420,0.142857,0.032967
8,1421,0.131868,0.032967
8,1422,0.153846,0.032967
8,1423,0.153846,0.032967
8,1424,0.109890,0.032967
8,1425,0.109890,0.032967
8,1426,0.131868,0.032967
8,1427,0.131868,0.032967
8,1428,0.131868,0.032967
8,1429,0.109890,0.032967
8,1430,0.109890,0.032967
8,1431,0.120879,0.032967
8,1432,0.120879,0.032967
8,1433,0.120879,0.032967
8,1434,0.131868,0.032967
8,1435,0.131868,0.032967
8,1436,0.120879,0.032967
8,1437,0.131868,0.032967
8,1438,0.142857,0.032967
8,1439,0.131868,0.032967
8,1440,0.098901,0.032967
8,1441,0.098901,0.032967
8,1442,0.087912,0.032967
8,1443,0.098901,0.032967
8,1444,0.087912,0.032967
8,1445,0.065934,0.032967
8,1446,0.065934,0.032967
8,1447,0.065934,0.032967
8,1448,0.120879,0.032967
8,1449,0.065934,0.032967
8,1450,0.054945,0.032967
8,1451,0.065934,0.032967
8,1452,0.065934,0.032967
8,1453,0.065934,0.032967
8,1454,0.054945,0.032967
8,1455,0.054945,0.032967
8,1456,0.065934,0.032967
8,1457,0.065934,0.032967
8,1458,0.054945,0.032967
8,1459,0.065934,0.032967
8,1460,0.043956,0.032967
8,1461,0.043956,0.032967
8,1462,0.043956,0.032967
8,1463,0.054945,0.032967
8,1464,0.054945,0.032967
8,1465,0.065934,0.032967
8,1466,0.131868,0.032967
8,1467,0.120879,0.032967
8,1468,0.109890,0.032967
8,1469,0.120879,0.032967
8,1470,0.065934,0.032967
8,1471,0.098901,0.032967
8,1472,0.120879,0.032967
8,1473,0.098901,0.032967
8,1474,0.065934,0.032967
8,1475,0.109890,0.032967
8,1476,0.098901,0.032967
8,1477,0.109890,0.032967
8,1478,0.098901,0.032967
8,1479,0.098901,0.032967
8,1480,0.098901,0.032967
8,1481,0.142857,0.032967
8,1482,0.164835,0.032967
8,1483,0.164835,0.032967
8,1484,0.142857,0.032967
8,1485,0.109890,0.032967
8,1486,0.131868,0.032967
8,1487,0.131868,0.032967
8,1488,0.131868,0.032967
8,1489,0.142857,0.032967
8,1490,0.142857,0.032967
8,1491,0.142857,0.032967
8,1492,0.098901,0.032967
8,1493,0.076923,0.032967
8,1494,0.120879,0.032967
8,1495,0.076923,0.032967
8,1496,0.098901,0.032967
8,1497,0.087912,0.032967
8,1498,0.087912,0.032967
8,1499,0.076923,0.032967
8,1500,0.087912,0.032967
8,1501,0.109890,0.032967
8,1502,0.120879,0.032967
8,1503,0.142857,0.032967
8,1504,0.164835,0.032967
8,1505,0.186813,0.032967
8,1506,0.131868,0.032967
8,1507,0.131868,0.032967
8,1508,0.131868,0.032967
8,1509,0.131868,0.032967
8,1510,0.153846,0.032967
8,1511,0.142857,0.032967
8,1512,0.153846,0.032967
8,1513,0.164835,0.032967
8,1514,0.164835,0.032967
8,1515,0.186813,0.032967
8,1516,0.175824,0.032967
8,1517,0.153846,0.032967
8,1518,0.131868,0.032967
8,1519,0.131868,0.032967
8,1520,0.109890,0.032967
8,1521,0.120879,0.032967
8,1522,0.098901,0.032967
8,1523,0.098901,0.032967
8,1524,0.098901,0.032967
8,1525,0.087912,0.032967
8,1526,0.076923,0.032967
8,1527,0.065934,0.032967
8,1528,0.076923,0.032967
8,1529,0.065934,0.032967
8,1530,0.120879,0.032967
8,1531,0.065934,0.032967
8,1532,0.065934,0.032967
8,1533,0.054945,0.032967
8,1534,0.109890,0.032967
8,1535,0.131868,0.032967
8,1536,0.142857,0.032967
8,1537,0.120879,0.032967
8,1538,0.098901,0.032967
8,1539,0.087912,0.032967
8,1540,0.098901,0.032967
8,1541,0.098901,0.032967
8,1542,0.120879,0.032967
8,1543,0.065934,0.032967
8,1544,0.109890,0.032967
8,1545,0.065934,0.032967
8,1546,0.076923,0.032967
8,1547,0.087912,0.032967
8,1548,0.120879,0.032967
8,1549,0.153846,0.032967
8,1550,0.142857,0.032967
8,1551,0.142857,0.032967
8,1552,0.120879,0.032967
8,1553,0.120879,0.032967
8,1554,0.120879,0.032967
8,1555,0.120879,0.032967
8,1556,0.098901,0.032967
8,1557,0.087912,0.032967
8,1558,0.109890,0.032967
8,1559,0.087912,0.032967
8,1560,0.087912,0.032967
8,1561,0.076923,0.032967
8,1562,0.076923,0.032967
8,1563,0.076923,0.032967
8,1564,0.043956,0.032967
8,1565,0.043956,0.032967
8,1566,0.065934,0.032967
8,1567,0.076923,0.032967
8,1568,0.098901,0.032967
8,1569,0.120879,0.032967
8,1570,0.098901,0.032967
8,1571,0.087912,0.032967
8,1572,0.087912,0.032967
8,1573,0.087912,0.032967
8,1574,0.087912,0.032967
8,1575,0.098901,0.032967
8,1576,0.087912,0.032967
8,1577,0.087912,0.032967
8,1578,0.131868,0.032967
8,1579,0.131868,0.032967
8,1580,0.131868,0.032967
8,1581,0.142857,0.032967
8,1582,0.120879,0.032967
8,1583,0.120879,0.032967
8,1584,0.109890,0.032967
8,1585,0.131868,0.032967
8,1586,0.109890,0.032967
8,1587,0.153846,0.032967
8,1588,0.131868,0.032967
8,1589,0.120879,0.032967
8,1590,0.120879,0.032967
8,1591,0.087912,0.032967
8,1592,0.087912,0.032967
8,1593,0.087912,0.032967
8,1594,0.076923,0.032967
8,1595,0.087912,0.032967
8,1596,0.065934,0.032967
8,1597,0.065934,0.032967
8,1598,0.065934,0.032967
8,1599,0.098901,0.032967
8,1600,0.065934,0.032967
8,1601,0.087912,0.032967
8,1602,0.032967,0.032967
8,1603,0.054945,0.032967
8,1604,0.065934,0.032967
8,1605,0.109890,0.032967
8,1606,0.120879,0.032967
8,1607,0.131868,0.032967
8,1608,0.153846,0.032967
8,1609,0.142857,0.032967
8,1610,0.131868,0.032967
8,1611,0.131868,0.032967
8,1612,0.131868,0.032967
8,1613,0.131868,0.032967
8,1614,0.153846,0.032967
8,1615,0.197802,0.032967
8,1616,0.197802,0.032967
8,1617,0.197802,0.032967
8,1618,0.131868,0.032967
8,1619,0.197802,0.032967
8,1620,0.197802,0.032967
8,1621,0.197802,0.032967
8,1622,0.186813,0.032967
8,1623,0.175824,0.032967
8,1624,0.197802,0.032967
8,1625,0.175824,0.032967
8,1626,0.153846,0.032967
8,1627,0.164835,0.032967
8,1628,0.153846,0.032967
8,1629,0.175824,0.032967
8,1630,0.164835,0.032967
8,1631,0.164835,0.032967
8,1632,0.186813,0.032967
8,1633,0.186813,0.032967
8,1634,0.175824,0.032967
8,1635,0.153846,0.032967
8,1636,0.164835,0.032967
8,1637,0.164835,0.032967
8,1638,0.164835,0.032967
8,1639,0.164835,0.032967
8,1640,0.131868,0.032967
8,1641,0.131868,0.032967
8,1642,0.120879,0.032967
8,1643,0.120879,0.032967
8,1644,0.120879,0.032967
8,1645,0.109890,0.032967
8,1646,0.065934,0.032967
8,1647,0.131868,0.032967
8,1648,0.120879,0.032967
8,1649,0.087912,0.032967
8,1650,0.131868,0.032967
8,1651,0.164835,0.032967
8,1652,0.164835,0.032967
8,1653,0.197802,0.032967
8,1654,0.197802,0.032967
8,1655,0.186813,0.032967
8,1656,0.186813,0.032967
8,1657,0.186813,0.032967
8,1658,0.164835,0.032967
8,1659,0.186813,0.032967
8,1660,0.230769,0.032967
8,1661,0.186813,0.032967
8,1662,0.175824,0.032967
8,1663,0.131868,0.032967
8,1664,0.109890,0.032967
8,1665,0.109890,0.032967
8,1666,0.098901,0.032967
8,1667,0.076923,0.032967
8,1668,0.065934,0.032967
8,1669,0.087912,0.032967
8,1670,0.065934,0.032967
8,1671,0.087912,0.032967
8,1672,0.098901,0.032967
8,1673,0.109890,0.032967
8,1674,0.098901,0.032967
8,1675,0.109890,0.032967
8,1676,0.087912,0.032967
8,1677,0.120879,0.032967
8,1678,0.109890,0.032967
8,1679,0.131868,0.032967
8,1680,0.098901,0.032967
8,1681,0.120879,0.032967
8,1682,0.120879,0.032967
8,1683,0.109890,0.032967
8,1684,0.087912,0.032967
8,1685,0.087912,0.032967
8,1686,0.087912,0.032967
8,1687,0.120879,0.032967
8,1688,0.120879,0.032967
8,1689,0.142857,0.032967
8,1690,0.164835,0.032967
8,1691,0.186813,0.032967
8,1692,0.164835,0.032967
8,1693,0.175824,0.032967
8,1694,0.186813,0.032967
8,1695,0.175824,0.032967
8,1696,0.153846,0.032967
8,1697,0.153846,0.032967
8,1698,0.120879,0.032967
8,1699,0.120879,0.032967
8,1700,0.109890,0.032967
8,1701,0.109890,0.032967
8,1702,0.120879,0.032967
8,1703,0.087912,0.032967
8,1704,0.076923,0.032967
8,1705,0.076923,0.032967
8,1706,0.076923,0.032967
8,1707,0.120879,0.032967
8,1708,0.109890,0.032967
8,1709,0.087912,0.032967
8,1710,0.109890,0.032967
8,1711,0.120879,0.032967
8,1712,0.120879,0.032967
8,1713,0.120879,0.032967
8,1714,0.098901,0.032967
8,1715,0.098901,0.032967
8,1716,0.120879,0.032967
8,1717,0.120879,0.032967
8,1718,0.120879,0.032967
8,1719,0.153846,0.032967
8,1720,0.175824,0.032967
8,1721,0.175824,0.032967
8,1722,0.131868,0.032967
8,1723,0.131868,0.032967
8,1724,0.120879,0.032967
8,1725,0.153846,0.032967
8,1726,0.153846,0.032967
8,1727,0.153846,0.032967
8,1728,0.120879,0.032967
8,1729,0.120879,0.032967
8,1730,0.131868,0.032967
8,1731,0.131868,0.032967
8,1732,0.120879,0.032967
8,1733,0.142857,0.032967
8,1734,0.131868,0.032967
8,1735,0.142857,0.032967
8,1736,0.164835,0.032967
8,1737,0.208791,0.032967
8,1738,0.164835,0.032967
8,1739,0.142857,0.032967
8,1740,0.142857,0.032967
8,1741,0.164835,0.032967
8,1742,0.208791,0.032967
8,1743,0.197802,0.032967
8,1744,0.164835,0.032967
8,1745,0.164835,0.032967
8,1746,0.186813,0.032967
8,1747,0.175824,0.032967
8,1748,0.197802,0.032967
8,1749,0.197802,0.032967
8,1750,0.219780,0.032967
8,1751,0.186813,0.032967
8,1752,0.175824,0.032967
8,1753,0.175824,0.032967
8,1754,0.153846,0.032967
8,1755,0.175824,0.032967
8,1756,0.153846,0.032967
8,1757,0.153846,0.032967
8,1758,0.153846,0.032967
8,1759,0.164835,0.032967
8,1760,0.186813,0.032967
8,1761,0.197802,0.032967
8,1762,0.219780,0.032967
8,1763,0.219780,0.032967
8,1764,0.208791,0.032967
8,1765,0.164835,0.032967
8,1766,0.164835,0.032967
8,1767,0.164835,0.032967
8,1768,0.164835,0.032967
8,1769,0.186813,0.032967
8,1770,0.153846,0.032967
8,1771,0.109890,0.032967
8,1772,0.153846,0.032967
8,1773,0.142857,0.032967
8,1774,0.109890,0.032967
8,1775,0.098901,0.032967
8,1776,0.054945,0.032967
8,1777,0.065934,0.032967
8,1778,0.054945,0.032967
8,1779,0.076923,0.032967
8,1780,0.076923,0.032967
8,1781,0.054945,0.032967
8,1782,0.054945,0.032967
8,1783,0.065934,0.032967
8,1784,0.098901,0.032967
8,1785,0.087912,0.032967
8,1786,0.087912,0.032967
8,1787,0.087912,0.032967
8,1788,0.109890,0.032967
8,1789,0.087912,0.032967
8,1790,0.098901,0.032967
8,1791,0.098901,0.032967
8,1792,0.109890,0.032967
8,1793,0.098901,0.032967
8,1794,0.109890,0.032967
8,1795,0.120879,0.032967
8,1796,0.098901,0.032967
8,1797,0.098901,0.032967
8,1798,0.120879,0.032967
8,1799,0.120879,0.032967
8,1800,0.109890,0.032967
8,1801,0.186813,0.032967
8,1802,0.175824,0.032967
8,1803,0.186813,0.032967
8,1804,0.175824,0.032967
8,1805,0.164835,0.032967
8,1806,0.164835,0.032967
8,1807,0.153846,0.032967
8,1808,0.142857,0.032967
8,1809,0.087912,0.032967
8,1810,0.109890,0.032967
8,1811,0.098901,0.032967
8,1812,0.098901,0.032967
8,1813,0.098901,0.032967
8,1814,0.098901,0.032967
8,1815,0.087912,0.032967
8,1816,0.065934,0.032967
8,1817,0.087912,0.032967
8,1818,0.098901,0.032967
8,1819,0.109890,0.032967
8,1820,0.131868,0.032967
8,1821,0.142857,0.032967
8,1822,0.131868,0.032967
8,1823,0.142857,0.032967
8,1824,0.142857,0.032967
8,1825,0.109890,0.032967
8,1826,0.109890,0.032967
8,1827,0.087912,0.032967
8,1828,0.087912,0.032967
8,1829,0.087912,0.032967
8,1830,0.098901,0.032967
8,1831,0.109890,0.032967
8,1832,0.109890,0.032967
8,1833,0.076923,0.032967
8,1834,0.087912,0.032967
8,1835,0.087912,0.032967
8,1836,0.109890,0.032967
8,1837,0.109890,0.032967
8,1838,0.153846,0.032967
8,1839,0.131868,0.032967
8,1840,0.131868,0.032967
8,1841,0.120879,0.032967
8,1842,0.131868,0.032967
8,1843,0.131868,0.032967
8,1844,0.076923,0.032967
8,1845,0.076923,0.032967
8,1846,0.054945,0.032967
8,1847,0.065934,0.032967
8,1848,0.043956,0.032967
8,1849,0.054945,0.032967
8,1850,0.076923,0.032967
8,1851,0.076923,0.032967
8,1852,0.087912,0.032967
8,1853,0.087912,0.032967
8,1854,0.098901,0.032967
8,1855,0.098901,0.032967
8,1856,0.076923,0.032967
8,1857,0.076923,0.032967
8,1858,0.065934,0.032967
8,1859,0.076923,0.032967
8,1860,0.065934,0.032967
8,1861,0.076923,0.032967
8,1862,0.076923,0.032967
8,1863,0.054945,0.032967
8,1864,0.054945,0.032967
8,1865,0.054945,0.032967
8,1866,0.076923,0.032967
8,1867,0.109890,0.032967
8,1868,0.087912,0.032967
8,1869,0.087912,0.032967
8,1870,0.087912,0.032967
8,1871,0.098901,0.032967
8,1872,0.098901,0.032967
8,1873,0.109890,0.032967
8,1874,0.109890,0.032967
8,1875,0.109890,0.032967
8,1876,0.098901,0.032967
8,1877,0.098901,0.032967
8,1878,0.098901,0.032967
8,1879,0.098901,0.032967
8,1880,0.076923,0.032967
8,1881,0.087912,0.032967
8,1882,0.109890,0.032967
8,1883,0.109890,0.032967
8,1884,0.098901,0.032967
8,1885,0.109890,0.032967
8,1886,0.098901,0.032967
8,1887,0.120879,0.032967
8,1888,0.120879,0.032967
8,1889,0.142857,0.032967
8,1890,0.120879,0.032967
8,1891,0.142857,0.032967
8,1892,0.120879,0.032967
8,1893,0.131868,0.032967
8,1894,0.109890,0.032967
8,1895,0.131868,0.032967
8,1896,0.131868,0.032967
8,1897,0.131868,0.032967
8,1898,0.098901,0.032967
8,1899,0.120879,0.032967
8,1900,0.120879,0.032967
8,1901,0.109890,0.032967
8,1902,0.109890,0.032967
8,1903,0.098901,0.032967
8,1904,0.109890,0.032967
8,1905,0.109890,0.032967
8,1906,0.109890,0.032967
8,1907,0.109890,0.032967
8,1908,0.087912,0.032967
8,1909,0.087912,0.032967
8,1910,0.087912,0.032967
8,1911,0.120879,0.032967
8,1912,0.142857,0.032967
8,1913,0.087912,0.032967
8,1914,0.087912,0.032967
8,1915,0.065934,0.032967
8,1916,0.065934,0.032967
8,1917,0.087912,0.032967
8,1918,0.098901,0.032967
8,1919,0.087912,0.032967
8,1920,0.076923,0.032967
8,1921,0.065934,0.032967
8,1922,0.065934,0.032967
8,1923,0.032967,0.032967
8,1924,0.065934,0.032967
8,1925,0.032967,0.032967
8,1926,0.065934,0.032967
8,1927,0.054945,0.032967
8,1928,0.021978,0.021978
8,1929,0.021978,0.021978
8,1930,0.021978,0.021978
8,1931,0.021978,0.021978
8,1932,0.076923,0.021978
8,1933,0.109890,0.021978
8,1934,0.120879,0.021978
8,1935,0.109890,0.021978
8,1936,0.131868,0.021978
8,1937,0.186813,0.021978
8,1938,0.175824,0.021978
8,1939,0.109890,0.021978
8,1940,0.131868,0.021978
8,1941,0.175824,0.021978
8,1942,0.175824,0.021978
8,1943,0.153846,0.021978
8,1944,0.164835,0.021978
8,1945,0.120879,0.021978
8,1946,0.131868,0.021978
8,1947,0.120879,0.021978
8,1948,0.120879,0.021978
8,1949,0.087912,0.021978
8,1950,0.131868,0.021978
8,1951,0.109890,0.021978
8,1952,0.098901,0.021978
8,1953,0.087912,0.021978
8,1954,0.076923,0.021978
8,1955,0.065934,0.021978
8,1956,0.076923,0.021978
8,1957,0.076923,0.021978
8,1958,0.076923,0.021978
8,1959,0.054945,0.021978
8,1960,0.065934,0.021978
8,1961,0.065934,0.021978
8,1962,0.076923,0.021978
8,1963,0.087912,0.021978
8,1964,0.098901,0.021978
8,1965,0.098901,0.021978
8,1966,0.109890,0.021978
8,1967,0.109890,0.021978
8,1968,0.109890,0.021978
8,1969,0.120879,0.021978
8,1970,0.109890,0.021978
8,1971,0.109890,0.021978
8,1972,0.076923,0.021978
8,1973,0.109890,0.021978
8,1974,0.076923,0.021978
8,1975,0.076923,0.021978
8,1976,0.076923,0.021978
8,1977,0.087912,0.021978
8,1978,0.109890,0.021978
8,1979,0.109890,0.021978
8,1980,0.065934,0.021978
8,1981,0.076923,0.021978
8,1982,0.120879,0.021978
8,1983,0.109890,0.021978
8,1984,0.076923,0.021978
8,1985,0.109890,0.021978
8,1986,0.109890,0.021978
8,1987,0.131868,0.021978
8,1988,0.087912,0.021978
8,1989,0.098901,0.021978
8,1990,0.109890,0.021978
8,1991,0.087912,0.021978
8,1992,0.065934,0.021978
8,1993,0.065934,0.021978
8,1994,0.065934,0.021978
8,1995,0.087912,0.021978
8,1996,0.109890,0.021978
8,1997,0.076923,0.021978
8,1998,0.076923,0.021978
8,1999,0.098901,0.021978
8,2000,0.098901,0.021978
8,2001,0.131868,0.021978
8,2002,0.131868,0.021978
8,2003,0.120879,0.021978
8,2004,0.109890,0.021978
8,2005,0.120879,0.021978
8,2006,0.109890,0.021978
8,2007,0.098901,0.021978
8,2008,0.109890,0.021978
8,2009,0.109890,0.021978
8,2010,0.109890,0.021978
8,2011,0.098901,0.021978
8,2012,0.076923,0.021978
8,2013,0.098901,0.021978
8,2014,0.131868,0.021978
8,2015,0.120879,0.021978
8,2016,0.109890,0.021978
8,2017,0.120879,0.021978
8,2018,0.120879,0.021978
8,2019,0.120879,0.021978
8,2020,0.153846,0.021978
8,2021,0.131868,0.021978
8,2022,0.109890,0.021978
8,2023,0.087912,0.021978
8,2024,0.087912,0.021978
8,2025,0.087912,0.021978
8,2026,0.087912,0.021978
8,2027,0.065934,0.021978
8,2028,0.065934,0.021978
8,2029,0.065934,0.021978
8,2030,0.065934,0.021978
8,2031,0.065934,0.021978
8,2032,0.065934,0.021978
8,2033,0.076923,0.021978
8,2034,0.087912,0.021978
8,2035,0.076923,0.021978
8,2036,0.065934,0.021978
8,2037,0.076923,0.021978
8,2038,0.065934,0.021978
8,2039,0.054945,0.021978
8,2040,0.054945,0.021978
8,2041,0.043956,0.021978
8,2042,0.043956,0.021978
8,2043,0.032967,0.021978
8,2044,0.054945,0.021978
8,2045,0.065934,0.021978
8,2046,0.054945,0.021978
8,2047,0.087912,0.021978
8,2048,0.087912,0.021978
8,2049,0.087912,0.021978
8,2050,0.087912,0.021978
8,2051,0.087912,0.021978
8,2052,0.076923,0.021978
8,2053,0.054945,0.021978
8,2054,0.087912,0.021978
8,2055,0.087912,0.021978
8,2056,0.098901,0.021978
8,2057,0.087912,0.021978
8,2058,0.054945,0.021978
8,2059,0.054945,0.021978
8,2060,0.054945,0.021978
8,2061,0.043956,0.021978
8,2062,0.032967,0.021978
8,2063,0.054945,0.021978
8,2064,0.087912,0.021978
8,2065,0.109890,0.021978
8,2066,0.131868,0.021978
8,2067,0.131868,0.021978
8,2068,0.131868,0.021978
8,2069,0.109890,0.021978
8,2070,0.120879,0.021978
8,2071,0.120879,0.021978
8,2072,0.120879,0.021978
8,2073,0.131868,0.021978
8,2074,0.109890,0.021978
8,2075,0.120879,0.021978
8,2076,0.131868,0.021978
8,2077,0.120879,0.021978
8,2078,0.120879,0.021978
8,2079,0.120879,0.021978
8,2080,0.120879,0.021978
8,2081,0.120879,0.021978
8,2082,0.109890,0.021978
8,2083,0.098901,0.021978
8,2084,0.065934,0.021978
8,2085,0.076923,0.021978
8,2086,0.054945,0.021978
8,2087,0.054945,0.021978
8,2088,0.054945,0.021978
8,2089,0.043956,0.021978
8,2090,0.043956,0.021978
8,2091,0.076923,0.021978
8,2092,0.043956,0.021978
8,2093,0.065934,0.021978
8,2094,0.065934,0.021978
8,2095,0.065934,0.021978
8,2096,0.065934,0.021978
8,2097,0.065934,0.021978
8,2098,0.076923,0.021978
8,2099,0.098901,0.021978
8,2100,0.098901,0.021978
8,2101,0.131868,0.021978
8,2102,0.120879,0.021978
8,2103,0.087912,0.021978
8,2104,0.076923,0.021978
8,2105,0.076923,0.021978
8,2106,0.076923,0.021978
8,2107,0.065934,0.021978
8,2108,0.076923,0.021978
8,2109,0.054945,0.021978
8,2110,0.076923,0.021978
8,2111,0.076923,0.021978
8,2112,0.076923,0.021978
8,2113,0.098901,0.021978
8,2114,0.109890,0.021978
8,2115,0.098901,0.021978
8,2116,0.076923,0.021978
8,2117,0.076923,0.021978
8,2118,0.054945,0.021978
8,2119,0.065934,0.021978
8,2120,0.076923,0.021978
8,2121,0.076923,0.021978
8,2122,0.076923,0.021978
8,2123,0.076923,0.021978
8,2124,0.076923,0.021978
8,2125,0.076923,0.021978
8,2126,0.076923,0.021978
8,2127,0.098901,0.021978
8,2128,0.087912,0.021978
8,2129,0.076923,0.021978
8,2130,0.087912,0.021978
8,2131,0.109890,0.021978
8,2132,0.087912,0.021978
8,2133,0.087912,0.021978
8,2134,0.109890,0.021978
8,2135,0.120879,0.021978
8,2136,0.054945,0.021978
8,2137,0.043956,0.021978
8,2138,0.043956,0.021978
8,2139,0.054945,0.021978
8,2140,0.054945,0.021978
8,2141,0.054945,0.021978
8,2142,0.043956,0.021978
8,2143,0.054945,0.021978
8,2144,0.054945,0.021978
8,2145,0.054945,0.021978
8,2146,0.065934,0.021978
8,2147,0.087912,0.021978
8,2148,0.098901,0.021978
8,2149,0.098901,0.021978
8,2150,0.120879,0.021978
8,2151,0.109890,0.021978
8,2152,0.065934,0.021978
8,2153,0.076923,0.021978
8,2154,0.065934,0.021978
8,2155,0.098901,0.021978
8,2156,0.087912,0.021978
8,2157,0.098901,0.021978
8,2158,0.065934,0.021978
8,2159,0.087912,0.021978
8,2160,0.087912,0.021978
8,2161,0.098901,0.021978
8,2162,0.120879,0.021978
8,2163,0.120879,0.021978
8,2164,0.120879,0.021978
8,2165,0.120879,0.021978
8,2166,0.098901,0.021978
8,2167,0.120879,0.021978
8,2168,0.098901,0.021978
8,2169,0.120879,0.021978
8,2170,0.120879,0.021978
8,2171,0.153846,0.021978
8,2172,0.153846,0.021978
8,2173,0.142857,0.021978
8,2174,0.087912,0.021978
8,2175,0.087912,0.021978
8,2176,0.087912,0.021978
8,2177,0.087912,0.021978
8,2178,0.054945,0.021978
8,2179,0.054945,0.021978
8,2180,0.054945,0.021978
8,2181,0.032967,0.021978
8,2182,0.032967,0.021978
8,2183,0.054945,0.021978
8,2184,0.043956,0.021978
8,2185,0.043956,0.021978
8,2186,0.043956,0.021978
8,2187,0.043956,0.021978
8,2188,0.043956,0.021978
8,2189,0.032967,0.021978
8,2190,0.043956,0.021978
8,2191,0.043956,0.021978
8,2192,0.054945,0.021978
8,2193,0.054945,0.021978
8,2194,0.054945,0.021978
8,2195,0.054945,0.021978
8,2196,0.054945,0.021978
8,2197,0.054945,0.021978
8,2198,0.054945,0.021978
8,2199,0.043956,0.021978
8,2200,0.054945,0.021978
8,2201,0.065934,0.021978
8,2202,0.076923,0.021978
8,2203,0.065934,0.021978
8,2204,0.065934,0.021978
8,2205,0.065934,0.021978
8,2206,0.065934,0.021978
8,2207,0.043956,0.021978
8,2208,0.065934,0.021978
8,2209,0.065934,0.021978
8,2210,0.076923,0.021978
8,2211,0.076923,0.021978
8,2212,0.065934,0.021978
8,2213,0.065934,0.021978
8,2214,0.043956,0.021978
8,2215,0.043956,0.021978
8,2216,0.054945,0.021978
8,2217,0.054945,0.021978
8,2218,0.054945,0.021978
8,2219,0.054945,0.021978
8,2220,0.054945,0.021978
8,2221,0.076923,0.021978
8,2222,0.076923,0.021978
8,2223,0.043956,0.021978
8,2224,0.043956,0.021978
8,2225,0.054945,0.021978
8,2226,0.087912,0.021978
8,2227,0.054945,0.021978
8,2228,0.065934,0.021978
8,2229,0.054945,0.021978
8,2230,0.065934,0.021978
8,2231,0.065934,0.021978
8,2232,0.065934,0.021978
8,2233,0.065934,0.021978
8,2234,0.065934,0.021978
8,2235,0.076923,0.021978
8,2236,0.076923,0.021978
8,2237,0.065934,0.021978
8,2238,0.087912,0.021978
8,2239,0.087912,0.021978
8,2240,0.087912,0.021978
8,2241,0.109890,0.021978
8,2242,0.087912,0.021978
8,2243,0.120879,0.021978
8,2244,0.098901,0.021978
8,2245,0.098901,0.021978
8,2246,0.098901,0.021978
8,2247,0.065934,0.021978
8,2248,0.065934,0.021978
8,2249,0.065934,0.021978
8,2250,0.065934,0.021978
8,2251,0.043956,0.021978
8,2252,0.076923,0.021978
8,2253,0.098901,0.021978
8,2254,0.076923,0.021978
8,2255,0.087912,0.021978
8,2256,0.087912,0.021978
8,2257,0.087912,0.021978
8,2258,0.076923,0.021978
8,2259,0.076923,0.021978
8,2260,0.120879,0.021978
8,2261,0.120879,0.021978
8,2262,0.120879,0.021978
8,2263,0.131868,0.021978
8,2264,0.109890,0.021978
8,2265,0.109890,0.021978
8,2266,0.087912,0.021978
8,2267,0.131868,0.021978
8,2268,0.153846,0.021978
8,2269,0.142857,0.021978
8,2270,0.109890,0.021978
8,2271,0.109890,0.021978
8,2272,0.087912,0.021978
8,2273,0.109890,0.021978
8,2274,0.109890,0.021978
8,2275,0.120879,0.021978
8,2276,0.120879,0.021978
8,2277,0.142857,0.021978
8,2278,0.142857,0.021978
8,2279,0.175824,0.021978
8,2280,0.175824,0.021978
8,2281,0.142857,0.021978
8,2282,0.175824,0.021978
8,2283,0.164835,0.021978
8,2284,0.175824,0.021978
8,2285,0.142857,0.021978
8,2286,0.131868,0.021978
8,2287,0.142857,0.021978
8,2288,0.153846,0.021978
8,2289,0.131868,0.021978
8,2290,0.120879,0.021978
8,2291,0.131868,0.021978
8,2292,0.120879,0.021978
8,2293,0.120879,0.021978
8,2294,0.109890,0.021978
8,2295,0.120879,0.021978
8,2296,0.065934,0.021978
8,2297,0.054945,0.021978
8,2298,0.065934,0.021978
8,2299,0.098901,0.021978
8,2300,0.098901,0.021978
8,2301,0.120879,0.021978
8,2302,0.120879,0.021978
8,2303,0.120879,0.021978
8,2304,0.120879,0.021978
8,2305,0.120879,0.021978
8,2306,0.131868,0.021978
8,2307,0.120879,0.021978
8,2308,0.131868,0.021978
8,2309,0.131868,0.021978
8,2310,0.131868,0.021978
8,2311,0.131868,0.021978
8,2312,0.142857,0.021978
8,2313,0.142857,0.021978
8,2314,0.142857,0.021978
8,2315,0.153846,0.021978
8,2316,0.109890,0.021978
8,2317,0.109890,0.021978
8,2318,0.076923,0.021978
8,2319,0.098901,0.021978
8,2320,0.109890,0.021978
8,2321,0.065934,0.021978
8,2322,0.054945,0.021978
8,2323,0.054945,0.021978
8,2324,0.054945,0.021978
8,2325,0.065934,0.021978
8,2326,0.065934,0.021978
8,2327,0.054945,0.021978
8,2328,0.054945,0.021978
8,2329,0.065934,0.021978
8,2330,0.054945,0.021978
8,2331,0.054945,0.021978
8,2332,0.054945,0.021978
8,2333,0.043956,0.021978
8,2334,0.065934,0.021978
8,2335,0.054945,0.021978
8,2336,0.054945,0.021978
8,2337,0.065934,0.021978
8,2338,0.065934,0.021978
8,2339,0.054945,0.021978
8,2340,0.054945,0.021978
8,2341,0.065934,0.021978
8,2342,0.054945,0.021978
8,2343,0.054945,0.021978
8,2344,0.054945,0.021978
8,2345,0.054945,0.021978
8,2346,0.054945,0.021978
8,2347,0.076923,0.021978
8,2348,0.087912,0.021978
8,2349,0.087912,0.021978
8,2350,0.098901,0.021978
8,2351,0.098901,0.021978
8,2352,0.087912,0.021978
8,2353,0.076923,0.021978
8,2354,0.065934,0.021978
8,2355,0.054945,0.021978
8,2356,0.032967,0.021978
8,2357,0.032967,0.021978
8,2358,0.032967,0.021978
8,2359,0.054945,0.021978
8,2360,0.054945,0.021978
8,2361,0.054945,0.021978
8,2362,0.054945,0.021978
8,2363,0.065934,0.021978
8,2364,0.065934,0.021978
8,2365,0.043956,0.021978
8,2366,0.032967,0.021978
8,2367,0.010989,0.010989
8,2368,0.010989,0.010989
8,2369,0.010989,0.010989
8,2370,0.010989,0.010989
8,2371,0.021978,0.010989
8,2372,0.043956,0.010989
8,2373,0.043956,0.010989
8,2374,0.032967,0.010989
8,2375,0.032967,0.010989
8,2376,0.054945,0.010989
8,2377,0.065934,0.010989
8,2378,0.076923,0.010989
8,2379,0.087912,0.010989
8,2380,0.087912,0.010989
8,2381,0.087912,0.010989
8,2382,0.065934,0.010989
8,2383,0.076923,0.010989
8,2384,0.087912,0.010989
8,2385,0.087912,0.010989
8,2386,0.087912,0.010989
8,2387,0.087912,0.010989
8,2388,0.065934,0.010989
8,2389,0.065934,0.010989
8,2390,0.109890,0.010989
8,2391,0.142857,0.010989
8,2392,0.109890,0.010989
8,2393,0.109890,0.010989
8,2394,0.109890,0.010989
8,2395,0.109890,0.010989
8,2396,0.120879,0.010989
8,2397,0.120879,0.010989
8,2398,0.076923,0.010989
8,2399,0.098901,0.010989
8,2400,0.120879,0.010989
8,2401,0.120879,0.010989
8,2402,0.120879,0.010989
8,2403,0.131868,0.010989
8,2404,0.120879,0.010989
8,2405,0.120879,0.010989
8,2406,0.153846,0.010989
8,2407,0.153846,0.010989
8,2408,0.153846,0.010989
8,2409,0.186813,0.010989
8,2410,0.164835,0.010989
8,2411,0.153846,0.010989
8,2412,0.153846,0.010989
8,2413,0.109890,0.010989
8,2414,0.109890,0.010989
8,2415,0.120879,0.010989
8,2416,0.109890,0.010989
8,2417,0.131868,0.010989
8,2418,0.142857,0.010989
8,2419,0.120879,0.010989
8,2420,0.109890,0.010989
8,2421,0.098901,0.010989
8,2422,0.131868,0.010989
8,2423,0.120879,0.010989
8,2424,0.120879,0.010989
8,2425,0.109890,0.010989
8,2426,0.098901,0.010989
8,2427,0.109890,0.010989
8,2428,0.109890,0.010989
8,2429,0.109890,0.010989
8,2430,0.087912,0.010989
8,2431,0.087912,0.010989
8,2432,0.076923,0.010989
8,2433,0.076923,0.010989
8,2434,0.076923,0.010989
8,2435,0.076923,0.010989
8,2436,0.109890,0.010989
8,2437,0.109890,0.010989
8,2438,0.109890,0.010989
8,2439,0.076923,0.010989
8,2440,0.054945,0.010989
8,2441,0.098901,0.010989
8,2442,0.098901,0.010989
8,2443,0.098901,0.010989
8,2444,0.109890,0.010989
8,2445,0.098901,0.010989
8,2446,0.109890,0.010989
8,2447,0.120879,0.010989
8,2448,0.142857,0.010989
8,2449,0.131868,0.010989
8,2450,0.109890,0.010989
8,2451,0.109890,0.010989
8,2452,0.076923,0.010989
8,2453,0.076923,0.010989
8,2454,0.065934,0.010989
8,2455,0.065934,0.010989
8,2456,0.065934,0.010989
8,2457,0.076923,0.010989
8,2458,0.076923,0.010989
8,2459,0.076923,0.010989
8,2460,0.087912,0.010989
8,2461,0.087912,0.010989
8,2462,0.109890,0.010989
8,2463,0.109890,0.010989
8,2464,0.109890,0.010989
8,2465,0.120879,0.010989
8,2466,0.120879,0.010989
8,2467,0.109890,0.010989
8,2468,0.087912,0.010989
8,2469,0.109890,0.010989
8,2470,0.109890,0.010989
8,2471,0.098901,0.010989
8,2472,0.120879,0.010989
8,2473,0.087912,0.010989
8,2474,0.131868,0.010989
8,2475,0.109890,0.010989
8,2476,0.109890,0.010989
8,2477,0.131868,0.010989
8,2478,0.131868,0.010989
8,2479,0.120879,0.010989
8,2480,0.120879,0.010989
8,2481,0.131868,0.010989
8,2482,0.109890,0.010989
8,2483,0.109890,0.010989
8,2484,0.120879,0.010989
8,2485,0.109890,0.010989
8,2486,0.109890,0.010989
8,2487,0.098901,0.010989
8,2488,0.087912,0.010989
8,2489,0.087912,0.010989
8,2490,0.087912,0.010989
8,2491,0.087912,0.010989
8,2492,0.076923,0.010989
8,2493,0.065934,0.010989
8,2494,0.065934,0.010989
8,2495,0.076923,0.010989
8,2496,0.087912,0.010989
8,2497,0.087912,0.010989
8,2498,0.109890,0.010989
8,2499,0.076923,0.010989
8,2500,0.065934,0.010989
8,2501,0.087912,0.010989
8,2502,0.120879,0.010989
8,2503,0.120879,0.010989
8,2504,0.087912,0.010989
8,2505,0.098901,0.010989
8,2506,0.120879,0.010989
8,2507,0.087912,0.010989
8,2508,0.054945,0.010989
8,2509,0.065934,0.010989
8,2510,0.065934,0.010989
8,2511,0.065934,0.010989
8,2512,0.065934,0.010989
8,2513,0.054945,0.010989
8,2514,0.065934,0.010989
8,2515,0.065934,0.010989
8,2516,0.098901,0.010989
8,2517,0.087912,0.010989
8,2518,0.076923,0.010989
8,2519,0.087912,0.010989
8,2520,0.065934,0.010989
8,2521,0.054945,0.010989
8,2522,0.054945,0.010989
8,2523,0.043956,0.010989
8,2524,0.054945,0.010989
8,2525,0.065934,0.010989
8,2526,0.065934,0.010989
8,2527,0.054945,0.010989
8,2528,0.076923,0.010989
8,2529,0.087912,0.010989
8,2530,0.065934,0.010989
8,2531,0.065934,0.010989
8,2532,0.087912,0.010989
8,2533,0.109890,0.010989
8,2534,0.120879,0.010989
8,2535,0.131868,0.010989
8,2536,0.131868,0.010989
8,2537,0.131868,0.010989
8,2538,0.131868,0.010989
8,2539,0.131868,0.010989
8,2540,0.131868,0.010989
8,2541,0.153846,0.010989
8,2542,0.109890,0.010989
8,2543,0.109890,0.010989
8,2544,0.098901,0.010989
8,2545,0.098901,0.010989
8,2546,0.098901,0.010989
8,2547,0.109890,0.010989
8,2548,0.087912,0.010989
8,2549,0.087912,0.010989
8,2550,0.087912,0.010989
8,2551,0.076923,0.010989
8,2552,0.065934,0.010989
8,2553,0.076923,0.010989
8,2554,0.076923,0.010989
8,2555,0.065934,0.010989
8,2556,0.065934,0.010989
8,2557,0.098901,0.010989
8,2558,0.109890,0.010989
8,2559,0.109890,0.010989
8,2560,0.109890,0.010989
8,2561,0.098901,0.010989
8,2562,0.098901,0.010989
8,2563,0.087912,0.010989
8,2564,0.098901,0.010989
8,2565,0.120879,0.010989
8,2566,0.098901,0.010989
8,2567,0.098901,0.010989
8,2568,0.109890,0.010989
8,2569,0.098901,0.010989
8,2570,0.109890,0.010989
8,2571,0.142857,0.010989
8,2572,0.164835,0.010989
8,2573,0.142857,0.010989
8,2574,0.098901,0.010989
8,2575,0.087912,0.010989
8,2576,0.087912,0.010989
8,2577,0.087912,0.010989
8,2578,0.087912,0.010989
8,2579,0.087912,0.010989
8,2580,0.087912,0.010989
8,2581,0.076923,0.010989
8,2582,0.109890,0.010989
8,2583,0.142857,0.010989
8,2584,0.142857,0.010989
8,2585,0.120879,0.010989
8,2586,0.120879,0.010989
8,2587,0.153846,0.010989
8,2588,0.153846,0.010989
8,2589,0.153846,0.010989
8,2590,0.120879,0.010989
8,2591,0.098901,0.010989
8,2592,0.098901,0.010989
8,2593,0.109890,0.010989
8,2594,0.109890,0.010989
8,2595,0.087912,0.010989
8,2596,0.087912,0.010989
8,2597,0.098901,0.010989
8,2598,0.098901,0.010989
8,2599,0.098901,0.010989
8,2600,0.098901,0.010989
8,2601,0.098901,0.010989
8,2602,0.098901,0.010989
8,2603,0.087912,0.010989
8,2604,0.120879,0.010989
8,2605,0.098901,0.010989
8,2606,0.109890,0.010989
8,2607,0.109890,0.010989
8,2608,0.109890,0.010989
8,2609,0.065934,0.010989
8,2610,0.076923,0.010989
8,2611,0.065934,0.010989
8,2612,0.043956,0.010989
8,2613,0.043956,0.010989
8,2614,0.065934,0.010989
8,2615,0.076923,0.010989
8,2616,0.076923,0.010989
8,2617,0.065934,0.010989
8,2618,0.054945,0.010989
8,2619,0.054945,0.010989
8,2620,0.054945,0.010989
8,2621,0.076923,0.010989
8,2622,0.076923,0.010989
8,2623,0.076923,0.010989
8,2624,0.054945,0.010989
8,2625,0.054945,0.010989
8,2626,0.054945,0.010989
8,2627,0.065934,0.010989
8,2628,0.065934,0.010989
8,2629,0.087912,0.010989
8,2630,0.098901,0.010989
8,2631,0.065934,0.010989
8,2632,0.065934,0.010989
8,2633,0.054945,0.010989
8,2634,0.076923,0.010989
8,2635,0.076923,0.010989
8,2636,0.076923,0.010989
8,2637,0.076923,0.010989
8,2638,0.087912,0.010989
8,2639,0.087912,0.010989
8,2640,0.065934,0.010989
8,2641,0.043956,0.010989
8,2642,0.043956,0.010989
8,2643,0.043956,0.010989
8,2644,0.032967,0.010989
8,2645,0.043956,0.010989
8,2646,0.043956,0.010989
8,2647,0.054945,0.010989
8,2648,0.054945,0.010989
8,2649,0.054945,0.010989
8,2650,0.065934,0.010989
8,2651,0.065934,0.010989
8,2652,0.054945,0.010989
8,2653,0.043956,0.010989
8,2654,0.043956,0.010989
8,2655,0.043956,0.010989
8,2656,0.043956,0.010989
8,2657,0.054945,0.010989
8,2658,0.054945,0.010989
8,2659,0.076923,0.010989
8,2660,0.098901,0.010989
8,2661,0.098901,0.010989
8,2662,0.098901,0.010989
8,2663,0.098901,0.010989
8,2664,0.098901,0.010989
8,2665,0.098901,0.010989
8,2666,0.098901,0.010989
8,2667,0.098901,0.010989
8,2668,0.087912,0.010989
8,2669,0.087912,0.010989
8,2670,0.098901,0.010989
8,2671,0.098901,0.010989
8,2672,0.098901,0.010989
8,2673,0.098901,0.010989
8,2674,0.098901,0.010989
8,2675,0.109890,0.010989
8,2676,0.131868,0.010989
8,2677,0.120879,0.010989
8,2678,0.120879,0.010989
8,2679,0.131868,0.010989
8,2680,0.120879,0.010989
8,2681,0.087912,0.010989
8,2682,0.098901,0.010989
8,2683,0.076923,0.010989
8,2684,0.098901,0.010989
8,2685,0.098901,0.010989
8,2686,0.076923,0.010989
8,2687,0.076923,0.010989
8,2688,0.087912,0.010989
8,2689,0.076923,0.010989
8,2690,0.065934,0.010989
8,2691,0.065934,0.010989
8,2692,0.065934,0.010989
8,2693,0.065934,0.010989
8,2694,0.065934,0.010989
8,2695,0.065934,0.010989
8,2696,0.087912,0.010989
8,2697,0.087912,0.010989
8,2698,0.087912,0.010989
8,2699,0.076923,0.010989
8,2700,0.054945,0.010989
8,2701,0.054945,0.010989
8,2702,0.054945,0.010989
8,2703,0.054945,0.010989
8,2704,0.065934,0.010989
8,2705,0.098901,0.010989
8,2706,0.098901,0.010989
8,2707,0.109890,0.010989
8,2708,0.065934,0.010989
8,2709,0.065934,0.010989
8,2710,0.065934,0.010989
8,2711,0.120879,0.010989
8,2712,0.120879,0.010989
8,2713,0.120879,0.010989
8,2714,0.098901,0.010989
8,2715,0.098901,0.010989
8,2716,0.087912,0.010989
8,2717,0.076923,0.010989
8,2718,0.076923,0.010989
8,2719,0.076923,0.010989
8,2720,0.131868,0.010989
8,2721,0.131868,0.010989
8,2722,0.131868,0.010989
8,2723,0.131868,0.010989
8,2724,0.120879,0.010989
8,2725,0.120879,0.010989
8,2726,0.076923,0.010989
8,2727,0.076923,0.010989
8,2728,0.076923,0.010989
8,2729,0.087912,0.010989
8,2730,0.076923,0.010989
8,2731,0.065934,0.010989
8,2732,0.076923,0.010989
8,2733,0.098901,0.010989
8,2734,0.087912,0.010989
8,2735,0.076923,0.010989
8,2736,0.076923,0.010989
8,2737,0.076923,0.010989
8,2738,0.065934,0.010989
8,2739,0.098901,0.010989
8,2740,0.076923,0.010989
8,2741,0.076923,0.010989
8,2742,0.076923,0.010989
8,2743,0.076923,0.010989
8,2744,0.120879,0.010989
8,2745,0.076923,0.010989
8,2746,0.076923,0.010989
8,2747,0.098901,0.010989
8,2748,0.098901,0.010989
8,2749,0.098901,0.010989
8,2750,0.098901,0.010989
8,2751,0.098901,0.010989
8,2752,0.087912,0.010989
8,2753,0.087912,0.010989
8,2754,0.087912,0.010989
8,2755,0.087912,0.010989
8,2756,0.087912,0.010989
8,2757,0.109890,0.010989
8,2758,0.098901,0.010989
8,2759,0.076923,0.010989
8,2760,0.076923,0.010989
8,2761,0.065934,0.010989
8,2762,0.065934,0.010989
8,2763,0.065934,0.010989
8,2764,0.076923,0.010989
8,2765,0.076923,0.010989
8,2766,0.076923,0.010989
8,2767,0.109890,0.010989
8,2768,0.109890,0.010989
8,2769,0.120879,0.010989
8,2770,0.164835,0.010989
8,2771,0.164835,0.010989
8,2772,0.131868,0.010989
8,2773,0.087912,0.010989
8,2774,0.087912,0.010989
8,2775,0.076923,0.010989
8,2776,0.076923,0.010989
8,2777,0.076923,0.010989
8,2778,0.076923,0.010989
8,2779,0.076923,0.010989
8,2780,0.076923,0.010989
8,2781,0.076923,0.010989
8,2782,0.098901,0.010989
8,2783,0.098901,0.010989
8,2784,0.087912,0.010989
8,2785,0.065934,0.010989
8,2786,0.076923,0.010989
8,2787,0.076923,0.010989
8,2788,0.087912,0.010989
8,2789,0.076923,0.010989
8,2790,0.087912,0.010989
8,2791,0.076923,0.010989
8,2792,0.043956,0.010989
8,2793,0.043956,0.010989
8,2794,0.054945,0.010989
8,2795,0.054945,0.010989
8,2796,0.065934,0.010989
8,2797,0.065934,0.010989
8,2798,0.065934,0.010989
8,2799,0.043956,0.010989
8,2800,0.043956,0.010989
8,2801,0.043956,0.010989
8,2802,0.054945,0.010989
8,2803,0.065934,0.010989
8,2804,0.065934,0.010989
8,2805,0.032967,0.010989
8,2806,0.032967,0.010989
8,2807,0.032967,0.010989
8,2808,0.043956,0.010989
8,2809,0.043956,0.010989
8,2810,0.032967,0.010989
8,2811,0.032967,0.010989
8,2812,0.032967,0.010989
8,2813,0.032967,0.010989
8,2814,0.032967,0.010989
8,2815,0.032967,0.010989
8,2816,0.032967,0.010989
8,2817,0.043956,0.010989
8,2818,0.043956,0.010989
8,2819,0.043956,0.010989
8,2820,0.054945,0.010989
8,2821,0.054945,0.010989
8,2822,0.054945,0.010989
8,2823,0.054945,0.010989
8,2824,0.054945,0.010989
8,2825,0.054945,0.010989
8,2826,0.043956,0.010989
8,2827,0.065934,0.010989
8,2828,0.076923,0.010989
8,2829,0.087912,0.010989
8,2830,0.087912,0.010989
8,2831,0.076923,0.010989
8,2832,0.087912,0.010989
8,2833,0.087912,0.010989
8,2834,0.087912,0.010989
8,2835,0.087912,0.010989
8,2836,0.087912,0.010989
8,2837,0.087912,0.010989
8,2838,0.076923,0.010989
8,2839,0.087912,0.010989
8,2840,0.087912,0.010989
8,2841,0.087912,0.010989
8,2842,0.076923,0.010989
8,2843,0.065934,0.010989
8,2844,0.065934,0.010989
8,2845,0.065934,0.010989
8,2846,0.054945,0.010989
8,2847,0.043956,0.010989
8,2848,0.043956,0.010989
8,2849,0.043956,0.010989
8,2850,0.043956,0.010989
8,2851,0.054945,0.010989
8,2852,0.043956,0.010989
8,2853,0.054945,0.010989
8,2854,0.054945,0.010989
8,2855,0.054945,0.010989
8,2856,0.054945,0.010989
8,2857,0.054945,0.010989
8,2858,0.054945,0.010989
8,2859,0.054945,0.010989
8,2860,0.054945,0.010989
8,2861,0.054945,0.010989
8,2862,0.054945,0.010989
8,2863,0.043956,0.010989
8,2864,0.043956,0.010989
8,2865,0.076923,0.010989
8,2866,0.098901,0.010989
8,2867,0.098901,0.010989
8,2868,0.098901,0.010989
8,2869,0.098901,0.010989
8,2870,0.120879,0.010989
8,2871,0.120879,0.010989
8,2872,0.120879,0.010989
8,2873,0.098901,0.010989
8,2874,0.098901,0.010989
8,2875,0.087912,0.010989
8,2876,0.076923,0.010989
8,2877,0.076923,0.010989
8,2878,0.076923,0.010989
8,2879,0.065934,0.010989
8,2880,0.076923,0.010989
8,2881,0.076923,0.010989
8,2882,0.087912,0.010989
8,2883,0.076923,0.010989
8,2884,0.076923,0.010989
8,2885,0.076923,0.010989
8,2886,0.076923,0.010989
8,2887,0.065934,0.010989
8,2888,0.065934,0.010989
8,2889,0.065934,0.010989
8,2890,0.065934,0.010989
8,2891,0.065934,0.010989
8,2892,0.065934,0.010989
8,2893,0.076923,0.010989
8,2894,0.065934,0.010989
8,2895,0.054945,0.010989
8,2896,0.054945,0.010989
8,2897,0.054945,0.010989
8,2898,0.054945,0.010989
8,2899,0.054945,0.010989
8,2900,0.054945,0.010989
8,2901,0.054945,0.010989
8,2902,0.087912,0.010989
8,2903,0.076923,0.010989
8,2904,0.065934,0.010989
8,2905,0.065934,0.010989
8,2906,0.065934,0.010989
8,2907,0.065934,0.010989
8,2908,0.120879,0.010989
8,2909,0.109890,0.010989
8,2910,0.098901,0.010989
8,2911,0.098901,0.010989
8,2912,0.098901,0.010989
8,2913,0.054945,0.010989
8,2914,0.054945,0.010989
8,2915,0.043956,0.010989
8,2916,0.054945,0.010989
8,2917,0.054945,0.010989
8,2918,0.043956,0.010989
8,2919,0.032967,0.010989
8,2920,0.032967,0.010989
8,2921,0.043956,0.010989
8,2922,0.043956,0.010989
8,2923,0.043956,0.010989
8,2924,0.043956,0.010989
8,2925,0.032967,0.010989
8,2926,0.032967,0.010989
8,2927,0.032967,0.010989
8,2928,0.043956,0.010989
8,2929,0.043956,0.010989
8,2930,0.043956,0.010989
8,2931,0.043956,0.010989
8,2932,0.032967,0.010989
8,2933,0.032967,0.010989
8,2934,0.032967,0.010989
8,2935,0.032967,0.010989
8,2936,0.032967,0.010989
8,2937,0.032967,0.010989
8,2938,0.032967,0.010989
8,2939,0.032967,0.010989
8,2940,0.054945,0.010989
8,2941,0.032967,0.010989
8,2942,0.032967,0.010989
8,2943,0.032967,0.010989
8,2944,0.032967,0.010989
8,2945,0.032967,0.010989
8,2946,0.032967,0.010989
8,2947,0.032967,0.010989
8,2948,0.021978,0.010989
8,2949,0.021978,0.010989
8,2950,0.021978,0.010989
8,2951,0.021978,0.010989
8,2952,0.021978,0.010989
8,2953,0.021978,0.010989
8,2954,0.021978,0.010989
8,2955,0.021978,0.010989
8,2956,0.021978,0.010989
8,2957,0.021978,0.010989
8,2958,0.021978,0.010989
8,2959,0.021978,0.010989
8,2960,0.021978,0.010989
8,2961,0.021978,0.010989
8,2962,0.021978,0.010989
8,2963,0.021978,0.010989
8,2964,0.021978,0.010989
8,2965,0.021978,0.010989
8,2966,0.021978,0.010989
8,2967,0.021978,0.010989
8,2968,0.021978,0.010989
8,2969,0.021978,0.010989
8,2970,0.021978,0.010989
8,2971,0.021978,0.010989
8,2972,0.021978,0.010989
8,2973,0.021978,0.010989
8,2974,0.021978,0.010989
8,2975,0.032967,0.010989
8,2976,0.032967,0.010989
8,2977,0.032967,0.010989
8,2978,0.032967,0.010989
8,2979,0.032967,0.010989
8,2980,0.032967,0.010989
8,2981,0.032967,0.010989
8,2982,0.032967,0.010989
8,2983,0.032967,0.010989
8,2984,0.032967,0.010989
8,2985,0.032967,0.010989
8,2986,0.032967,0.010989
8,2987,0.032967,0.010989
8,2988,0.032967,0.010989
8,2989,0.021978,0.010989
8,2990,0.021978,0.010989
8,2991,0.021978,0.010989
8,2992,0.021978,0.010989
8,2993,0.054945,0.010989
8,2994,0.054945,0.010989
8,2995,0.054945,0.010989
8,2996,0.054945,0.010989
8,2997,0.054945,0.010989
8,2998,0.065934,0.010989
8,2999,0.065934,0.010989
8,3000,0.054945,0.010989
8,3001,0.054945,0.010989
8,3002,0.065934,0.010989
8,3003,0.065934,0.010989
8,3004,0.054945,0.010989
8,3005,0.054945,0.010989
8,3006,0.043956,0.010989
8,3007,0.043956,0.010989
8,3008,0.043956,0.010989
8,3009,0.043956,0.010989
8,3010,0.043956,0.010989
8,3011,0.043956,0.010989
8,3012,0.043956,0.010989
8,3013,0.043956,0.010989
8,3014,0.043956,0.010989
8,3015,0.032967,0.010989
8,3016,0.032967,0.010989
8,3017,0.032967,0.010989
8,3018,0.032967,0.010989
8,3019,0.032967,0.010989
8,3020,0.032967,0.010989
8,3021,0.054945,0.010989
8,3022,0.054945,0.010989
8,3023,0.054945,0.010989
8,3024,0.054945,0.010989
8,3025,0.054945,0.010989
8,3026,0.054945,0.010989
8,3027,0.054945,0.010989
8,3028,0.054945,0.010989
8,3029,0.054945,0.010989
8,3030,0.054945,0.010989
8,3031,0.054945,0.010989
8,3032,0.065934,0.010989
8,3033,0.065934,0.010989
8,3034,0.065934,0.010989
8,3035,0.065934,0.010989
8,3036,0.065934,0.010989
8,3037,0.065934,0.010989
8,3038,0.065934,0.010989
8,3039,0.065934,0.010989
8,3040,0.065934,0.010989
8,3041,0.065934,0.010989
8,3042,0.065934,0.010989
8,3043,0.065934,0.010989
8,3044,0.065934,0.010989
8,3045,0.065934,0.010989
8,3046,0.065934,0.010989
8,3047,0.065934,0.010989
8,3048,0.065934,0.010989
8,3049,0.065934,0.010989
8,3050,0.065934,0.010989
8,3051,0.087912,0.010989
8,3052,0.065934,0.010989
8,3053,0.065934,0.010989
8,3054,0.065934,0.010989
8,3055,0.065934,0.010989
8,3056,0.065934,0.010989
8,3057,0.076923,0.010989
8,3058,0.076923,0.010989
8,3059,0.076923,0.010989
8,3060,0.076923,0.010989
8,3061,0.076923,0.010989
8,3062,0.076923,0.010989
8,3063,0.087912,0.010989
8,3064,0.098901,0.010989
8,3065,0.087912,0.010989
8,3066,0.087912,0.010989
8,3067,0.087912,0.010989
8,3068,0.087912,0.010989
8,3069,0.087912,0.010989
8,3070,0.087912,0.010989
8,3071,0.098901,0.010989
8,3072,0.087912,0.010989
8,3073,0.065934,0.010989
8,3074,0.054945,0.010989
8,3075,0.065934,0.010989
8,3076,0.076923,0.010989
8,3077,0.065934,0.010989
8,3078,0.065934,0.010989
8,3079,0.054945,0.010989
8,3080,0.054945,0.010989
8,3081,0.054945,0.010989
8,3082,0.054945,0.010989
8,3083,0.054945,0.010989
8,3084,0.054945,0.010989
8,3085,0.065934,0.010989
8,3086,0.065934,0.010989
8,3087,0.054945,0.010989
8,3088,0.054945,0.010989
8,3089,0.065934,0.010989
8,3090,0.065934,0.010989
8,3091,0.065934,0.010989
8,3092,0.076923,0.010989
8,3093,0.076923,0.010989
8,3094,0.065934,0.010989
8,3095,0.065934,0.010989
8,3096,0.065934,0.010989
8,3097,0.065934,0.010989
8,3098,0.065934,0.010989
8,3099,0.043956,0.010989
8,3100,0.043956,0.010989
8,3101,0.043956,0.010989
8,3102,0.032967,0.010989
8,3103,0.043956,0.010989
8,3104,0.043956,0.010989
8,3105,0.054945,0.010989
8,3106,0.043956,0.010989
8,3107,0.043956,0.010989
8,3108,0.043956,0.010989
8,3109,0.043956,0.010989
8,3110,0.043956,0.010989
8,3111,0.043956,0.010989
8,3112,0.043956,0.010989
8,3113,0.043956,0.010989
8,3114,0.043956,0.010989
8,3115,0.043956,0.010989
8,3116,0.043956,0.010989
8,3117,0.043956,0.010989
8,3118,0.032967,0.010989
8,3119,0.032967,0.010989
8,3120,0.043956,0.010989
8,3121,0.043956,0.010989
8,3122,0.032967,0.010989
8,3123,0.032967,0.010989
8,3124,0.043956,0.010989
8,3125,0.043956,0.010989
8,3126,0.043956,0.010989
8,3127,0.043956,0.010989
8,3128,0.032967,0.010989
8,3129,0.032967,0.010989
8,3130,0.032967,0.010989
8,3131,0.032967,0.010989
8,3132,0.032967,0.010989
8,3133,0.043956,0.010989
8,3134,0.043956,0.010989
8,3135,0.032967,0.010989
8,3136,0.032967,0.010989
8,3137,0.032967,0.010989
8,3138,0.032967,0.010989
8,3139,0.032967,0.010989
8,3140,0.032967,0.010989
8,3141,0.032967,0.010989
8,3142,0.032967,0.010989
8,3143,0.032967,0.010989
8,3144,0.032967,0.010989
8,3145,0.032967,0.010989
8,3146,0.032967,0.010989
8,3147,0.032967,0.010989
8,3148,0.032967,0.010989
8,3149,0.032967,0.010989
8,3150,0.032967,0.010989
8,3151,0.032967,0.010989
8,3152,0.032967,0.010989
8,3153,0.032967,0.010989
8,3154,0.032967,0.010989
8,3155,0.032967,0.010989
8,3156,0.032967,0.010989
8,3157,0.032967,0.010989
8,3158,0.032967,0.010989
8,3159,0.032967,0.010989
8,3160,0.032967,0.010989
8,3161,0.032967,0.010989
8,3162,0.032967,0.010989
8,3163,0.032967,0.010989
8,3164,0.032967,0.010989
8,3165,0.032967,0.010989
8,3166,0.032967,0.010989
8,3167,0.032967,0.010989
8,3168,0.032967,0.010989
8,3169,0.032967,0.010989
8,3170,0.032967,0.010989
8,3171,0.032967,0.010989
8,3172,0.032967,0.010989
8,3173,0.032967,0.010989
8,3174,0.032967,0.010989
8,3175,0.032967,0.010989
8,3176,0.032967,0.010989
8,3177,0.032967,0.010989
8,3178,0.032967,0.010989
8,3179,0.032967,0.010989
8,3180,0.032967,0.010989
8,3181,0.032967,0.010989
8,3182,0.032967,0.010989
8,3183,0.032967,0.010989
8,3184,0.032967,0.010989
8,3185,0.032967,0.010989
8,3186,0.032967,0.010989
8,3187,0.032967,0.010989
8,3188,0.032967,0.010989
8,3189,0.032967,0.010989
8,3190,0.032967,0.010989
8,3191,0.032967,0.010989
8,3192,0.032967,0.010989
8,3193,0.021978,0.010989
8,3194,0.021978,0.010989
8,3195,0.021978,0.010989
8,3196,0.021978,0.010989
8,3197,0.021978,0.010989
8,3198,0.021978,0.010989
8,3199,0.021978,0.010989
8,3200,0.021978,0.010989
8,3201,0.021978,0.010989
8,3202,0.043956,0.010989
8,3203,0.043956,0.010989
8,3204,0.021978,0.010989
8,3205,0.021978,0.010989
8,3206,0.021978,0.010989
8,3207,0.021978,0.010989
8,3208,0.021978,0.010989
8,3209,0.032967,0.010989
8,3210,0.032967,0.010989
8,3211,0.032967,0.010989
8,3212,0.032967,0.010989
8,3213,0.032967,0.010989
8,3214,0.032967,0.010989
8,3215,0.032967,0.010989
8,3216,0.032967,0.010989
8,3217,0.043956,0.010989
8,3218,0.043956,0.010989
8,3219,0.043956,0.010989
8,3220,0.032967,0.010989
8,3221,0.032967,0.010989
8,3222,0.032967,0.010989
8,3223,0.032967,0.010989
8,3224,0.032967,0.010989
8,3225,0.032967,0.010989
8,3226,0.032967,0.010989
8,3227,0.032967,0.010989
8,3228,0.032967,0.010989
8,3229,0.043956,0.010989
8,3230,0.043956,0.010989
8,3231,0.043956,0.010989
8,3232,0.043956,0.010989
8,3233,0.043956,0.010989
8,3234,0.043956,0.010989
8,3235,0.043956,0.010989
8,3236,0.043956,0.010989
8,3237,0.043956,0.010989
8,3238,0.043956,0.010989
8,3239,0.043956,0.010989
8,3240,0.043956,0.010989
8,3241,0.032967,0.010989
8,3242,0.032967,0.010989
8,3243,0.032967,0.010989
8,3244,0.032967,0.010989
8,3245,0.032967,0.010989
8,3246,0.043956,0.010989
8,3247,0.043956,0.010989
8,3248,0.043956,0.010989
8,3249,0.032967,0.010989
8,3250,0.032967,0.010989
8,3251,0.032967,0.010989
8,3252,0.032967,0.010989
8,3253,0.032967,0.010989
8,3254,0.032967,0.010989
8,3255,0.032967,0.010989
8,3256,0.032967,0.010989
8,3257,0.032967,0.010989
8,3258,0.021978,0.010989
8,3259,0.021978,0.010989
8,3260,0.021978,0.010989
8,3261,0.021978,0.010989
8,3262,0.021978,0.010989
8,3263,0.021978,0.010989
8,3264,0.021978,0.010989
8,3265,0.021978,0.010989
8,3266,0.021978,0.010989
8,3267,0.021978,0.010989
8,3268,0.021978,0.010989
8,3269,0.021978,0.010989
8,3270,0.021978,0.010989
8,3271,0.021978,0.010989
8,3272,0.021978,0.010989
8,3273,0.021978,0.010989
8,3274,0.021978,0.010989
8,3275,0.021978,0.010989
8,3276,0.021978,0.010989
8,3277,0.021978,0.010989
8,3278,0.021978,0.010989
8,3279,0.021978,0.010989
8,3280,0.021978,0.010989
8,3281,0.021978,0.010989
8,3282,0.021978,0.010989
8,3283,0.021978,0.010989
8,3284,0.021978,0.010989
8,3285,0.021978,0.010989
8,3286,0.021978,0.010989
8,3287,0.021978,0.010989
8,3288,0.032967,0.010989
8,3289,0.032967,0.010989
8,3290,0.032967,0.010989
8,3291,0.021978,0.010989
8,3292,0.021978,0.010989
8,3293,0.021978,0.010989
8,3294,0.021978,0.010989
8,3295,0.021978,0.010989
8,3296,0.021978,0.010989
8,3297,0.021978,0.010989
8,3298,0.021978,0.010989
8,3299,0.021978,0.010989
8,3300,0.021978,0.010989
8,3301,0.021978,0.010989
8,3302,0.021978,0.010989
8,3303,0.021978,0.010989
8,3304,0.021978,0.010989
8,3305,0.021978,0.010989
8,3306,0.021978,0.010989
8,3307,0.021978,0.010989
8,3308,0.021978,0.010989
8,3309,0.021978,0.010989
8,3310,0.021978,0.010989
8,3311,0.021978,0.010989
8,3312,0.021978,0.010989
8,3313,0.021978,0.010989
8,3314,0.021978,0.010989
8,3315,0.021978,0.010989
8,3316,0.021978,0.010989
8,3317,0.021978,0.010989
8,3318,0.021978,0.010989
8,3319,0.021978,0.010989
8,3320,0.021978,0.010989
8,3321,0.021978,0.010989
8,3322,0.021978,0.010989
8,3323,0.021978,0.010989
8,3324,0.021978,0.010989
8,3325,0.021978,0.010989
8,3326,0.021978,0.010989
8,3327,0.021978,0.010989
8,3328,0.021978,0.010989
8,3329,0.021978,0.010989
8,3330,0.021978,0.010989
8,3331,0.021978,0.010989
8,3332,0.021978,0.010989
8,3333,0.021978,0.010989
8,3334,0.021978,0.010989
8,3335,0.021978,0.010989
8,3336,0.021978,0.010989
8,3337,0.021978,0.010989
8,3338,0.021978,0.010989
8,3339,0.021978,0.010989
8,3340,0.021978,0.010989
8,3341,0.021978,0.010989
8,3342,0.021978,0.010989
8,3343,0.021978,0.010989
8,3344,0.021978,0.010989
8,3345,0.021978,0.010989
8,3346,0.021978,0.010989
8,3347,0.021978,0.010989
8,3348,0.021978,0.010989
8,3349,0.021978,0.010989
8,3350,0.021978,0.010989
8,3351,0.021978,0.010989
8,3352,0.021978,0.010989
8,3353,0.021978,0.010989
8,3354,0.021978,0.010989
8,3355,0.021978,0.010989
8,3356,0.021978,0.010989
8,3357,0.021978,0.010989
8,3358,0.021978,0.010989
8,3359,0.021978,0.010989
8,3360,0.021978,0.010989
8,3361,0.021978,0.010989
8,3362,0.021978,0.010989
8,3363,0.021978,0.010989
8,3364,0.021978,0.010989
8,3365,0.021978,0.010989
8,3366,0.021978,0.010989
8,3367,0.021978,0.010989
8,3368,0.021978,0.010989
8,3369,0.021978,0.010989
8,3370,0.021978,0.010989
8,3371,0.021978,0.010989
8,3372,0.021978,0.010989
8,3373,0.021978,0.010989
8,3374,0.021978,0.010989
8,3375,0.021978,0.010989
8,3376,0.021978,0.010989
8,3377,0.021978,0.010989
8,3378,0.021978,0.010989
8,3379,0.021978,0.010989
8,3380,0.021978,0.010989
8,3381,0.021978,0.010989
8,3382,0.021978,0.010989
8,3383,0.021978,0.010989
8,3384,0.021978,0.010989
8,3385,0.021978,0.010989
8,3386,0.021978,0.010989
8,3387,0.021978,0.010989
8,3388,0.021978,0.010989
8,3389,0.021978,0.010989
8,3390,0.021978,0.010989
8,3391,0.021978,0.010989
8,3392,0.021978,0.010989
8,3393,0.021978,0.010989
8,3394,0.021978,0.010989
8,3395,0.021978,0.010989
8,3396,0.021978,0.010989
8,3397,0.021978,0.010989
8,3398,0.021978,0.010989
8,3399,0.021978,0.010989
8,3400,0.021978,0.010989
8,3401,0.021978,0.010989
8,3402,0.021978,0.010989
8,3403,0.021978,0.010989
8,3404,0.021978,0.010989
8,3405,0.021978,0.010989
8,3406,0.021978,0.010989
8,3407,0.021978,0.010989
8,3408,0.021978,0.010989
8,3409,0.021978,0.010989
8,3410,0.021978,0.010989
8,3411,0.021978,0.010989
8,3412,0.021978,0.010989
8,3413,0.021978,0.010989
8,3414,0.021978,0.010989
8,3415,0.021978,0.010989
8,3416,0.021978,0.010989
8,3417,0.021978,0.010989
8,3418,0.021978,0.010989
8,3419,0.021978,0.010989
8,3420,0.021978,0.010989
8,3421,0.021978,0.010989
8,3422,0.021978,0.010989
8,3423,0.021978,0.010989
8,3424,0.021978,0.010989
8,3425,0.021978,0.010989
8,3426,0.021978,0.010989
8,3427,0.021978,0.010989
8,3428,0.021978,0.010989
8,3429,0.021978,0.010989
8,3430,0.021978,0.010989
8,3431,0.021978,0.010989
8,3432,0.021978,0.010989
8,3433,0.021978,0.010989
8,3434,0.021978,0.010989
8,3435,0.021978,0.010989
8,3436,0.021978,0.010989
8,3437,0.021978,0.010989
8,3438,0.021978,0.010989
8,3439,0.021978,0.010989
8,3440,0.021978,0.010989
8,3441,0.021978,0.010989
8,3442,0.021978,0.010989
8,3443,0.021978,0.010989
8,3444,0.021978,0.010989
8,3445,0.021978,0.010989
8,3446,0.021978,0.010989
8,3447,0.021978,0.010989
8,3448,0.021978,0.010989
8,3449,0.021978,0.010989
8,3450,0.021978,0.010989
8,3451,0.021978,0.010989
8,3452,0.021978,0.010989
8,3453,0.021978,0.010989
8,3454,0.021978,0.010989
8,3455,0.021978,0.010989
8,3456,0.021978,0.010989
8,3457,0.021978,0.010989
8,3458,0.021978,0.010989
8,3459,0.021978,0.010989
8,3460,0.021978,0.010989
8,3461,0.021978,0.010989
8,3462,0.021978,0.010989
8,3463,0.021978,0.010989
8,3464,0.021978,0.010989
8,3465,0.021978,0.010989
8,3466,0.021978,0.010989
8,3467,0.021978,0.010989
8,3468,0.021978,0.010989
8,3469,0.021978,0.010989
8,3470,0.021978,0.010989
8,3471,0.021978,0.010989
8,3472,0.021978,0.010989
8,3473,0.021978,0.010989
8,3474,0.021978,0.010989
8,3475,0.021978,0.010989
8,3476,0.021978,0.010989
8,3477,0.021978,0.010989
8,3478,0.021978,0.010989
8,3479,0.021978,0.010989
8,3480,0.021978,0.010989
8,3481,0.021978,0.010989
8,3482,0.021978,0.010989
8,3483,0.021978,0.010989
8,3484,0.021978,0.010989
8,3485,0.021978,0.010989
8,3486,0.021978,0.010989
8,3487,0.021978,0.010989
8,3488,0.021978,0.010989
8,3489,0.021978,0.010989
8,3490,0.021978,0.010989
8,3491,0.021978,0.010989
8,3492,0.021978,0.010989
8,3493,0.021978,0.010989
8,3494,0.021978,0.010989
8,3495,0.021978,0.010989
8,3496,0.021978,0.010989
8,3497,0.021978,0.010989
8,3498,0.021978,0.010989
8,3499,0.021978,0.010989
8,3500,0.021978,0.010989
8,3501,0.021978,0.010989
8,3502,0.021978,0.010989
8,3503,0.021978,0.010989
8,3504,0.021978,0.010989
8,3505,0.021978,0.010989
8,3506,0.021978,0.010989
8,3507,0.021978,0.010989
8,3508,0.021978,0.010989
8,3509,0.021978,0.010989
8,3510,0.021978,0.010989
8,3511,0.021978,0.010989
8,3512,0.021978,0.010989
8,3513,0.021978,0.010989
8,3514,0.021978,0.010989
8,3515,0.021978,0.010989
8,3516,0.021978,0.010989
8,3517,0.021978,0.010989
8,3518,0.021978,0.010989
8,3519,0.021978,0.010989
8,3520,0.021978,0.010989
8,3521,0.021978,0.010989
8,3522,0.021978,0.010989
8,3523,0.021978,0.010989
8,3524,0.021978,0.010989
8,3525,0.021978,0.010989
8,3526,0.021978,0.010989
8,3527,0.021978,0.010989
8,3528,0.021978,0.010989
8,3529,0.021978,0.010989
8,3530,0.021978,0.010989
8,3531,0.021978,0.010989
8,3532,0.021978,0.010989
8,3533,0.021978,0.010989
8,3534,0.021978,0.010989
8,3535,0.021978,0.010989
8,3536,0.021978,0.010989
8,3537,0.021978,0.010989
8,3538,0.021978,0.010989
8,3539,0.021978,0.010989
8,3540,0.021978,0.010989
8,3541,0.021978,0.010989
8,3542,0.021978,0.010989
8,3543,0.021978,0.010989
8,3544,0.021978,0.010989
8,3545,0.021978,0.010989
8,3546,0.021978,0.010989
8,3547,0.021978,0.010989
8,3548,0.021978,0.010989
8,3549,0.021978,0.010989
8,3550,0.021978,0.010989
8,3551,0.021978,0.010989
8,3552,0.021978,0.010989
8,3553,0.021978,0.010989
8,3554,0.021978,0.010989
8,3555,0.021978,0.010989
8,3556,0.021978,0.010989
8,3557,0.021978,0.010989
8,3558,0.021978,0.010989
8,3559,0.021978,0.010989
8,3560,0.021978,0.010989
8,3561,0.021978,0.010989
8,3562,0.021978,0.010989
8,3563,0.021978,0.010989
8,3564,0.021978,0.010989
8,3565,0.021978,0.010989
8,3566,0.021978,0.010989
8,3567,0.021978,0.010989
8,3568,0.021978,0.010989
8,3569,0.021978,0.010989
8,3570,0.021978,0.010989
8,3571,0.021978,0.010989
8,3572,0.021978,0.010989
8,3573,0.021978,0.010989
8,3574,0.021978,0.010989
8,3575,0.021978,0.010989
8,3576,0.021978,0.010989
8,3577,0.021978,0.010989
8,3578,0.021978,0.010989
8,3579,0.021978,0.010989
8,3580,0.021978,0.010989
8,3581,0.021978,0.010989
8,3582,0.021978,0.010989
8,3583,0.021978,0.010989
8,3584,0.021978,0.010989
8,3585,0.021978,0.010989
8,3586,0.021978,0.010989
8,3587,0.021978,0.010989
8,3588,0.021978,0.010989
8,3589,0.021978,0.010989
8,3590,0.021978,0.010989
8,3591,0.021978,0.010989
8,3592,0.021978,0.010989
8,3593,0.021978,0.010989
8,3594,0.021978,0.010989
8,3595,0.021978,0.010989
8,3596,0.021978,0.010989
8,3597,0.021978,0.010989
8,3598,0.021978,0.010989
8,3599,0.021978,0.010989
8,3600,0.021978,0.010989
8,3601,0.021978,0.010989
8,3602,0.021978,0.010989
8,3603,0.021978,0.010989
8,3604,0.021978,0.010989
8,3605,0.021978,0.010989
8,3606,0.021978,0.010989
8,3607,0.021978,0.010989
8,3608,0.021978,0.010989
8,3609,0.021978,0.010989
8,3610,0.021978,0.010989
8,3611,0.021978,0.010989
8,3612,0.021978,0.010989
8,3613,0.021978,0.010989
8,3614,0.021978,0.010989
8,3615,0.021978,0.010989
8,3616,0.021978,0.010989
8,3617,0.021978,0.010989
8,3618,0.021978,0.010989
8,3619,0.021978,0.010989
8,3620,0.021978,0.010989
8,3621,0.021978,0.010989
8,3622,0.021978,0.010989
8,3623,0.021978,0.010989
8,3624,0.021978,0.010989
8,3625,0.021978,0.010989
8,3626,0.021978,0.010989
8,3627,0.021978,0.010989
8,3628,0.021978,0.010989
8,3629,0.021978,0.010989
8,3630,0.021978,0.010989
8,3631,0.021978,0.010989
8,3632,0.021978,0.010989
8,3633,0.021978,0.010989
8,3634,0.021978,0.010989
8,3635,0.021978,0.010989
8,3636,0.021978,0.010989
8,3637,0.021978,0.010989
8,3638,0.021978,0.010989
8,3639,0.021978,0.010989
8,3640,0.021978,0.010989
8,3641,0.021978,0.010989
8,3642,0.021978,0.010989
8,3643,0.021978,0.010989
8,3644,0.021978,0.010989
8,3645,0.021978,0.010989
8,3646,0.021978,0.010989
8,3647,0.021978,0.010989
8,3648,0.021978,0.010989
8,3649,0.021978,0.010989
8,3650,0.021978,0.010989
8,3651,0.021978,0.010989
8,3652,0.021978,0.010989
8,3653,0.021978,0.010989
8,3654,0.021978,0.010989
8,3655,0.021978,0.010989
8,3656,0.021978,0.010989
8,3657,0.021978,0.010989
8,3658,0.021978,0.010989
8,3659,0.021978,0.010989
8,3660,0.021978,0.010989
8,3661,0.021978,0.010989
8,3662,0.021978,0.010989
8,3663,0.010989,0.010989
8,3664,0.010989,0.010989
8,3665,0.010989,0.010989
8,3666,0.010989,0.010989
8,3667,0.010989,0.010989
8,3668,0.010989,0.010989
8,3669,0.010989,0.010989
8,3670,0.010989,0.010989
8,3671,0.010989,0.010989
8,3672,0.010989,0.010989
8,3673,0.010989,0.010989
8,3674,0.010989,0.010989
8,3675,0.010989,0.010989
8,3676,0.010989,0.010989
8,3677,0.010989,0.010989
8,3678,0.010989,0.010989
8,3679,0.010989,0.010989
8,3680,0.010989,0.010989
8,3681,0.010989,0.010989
8,3682,0.010989,0.010989
8,3683,0.010989,0.010989
8,3684,0.010989,0.010989
8,3685,0.010989,0.010989
8,3686,0.010989,0.010989
8,3687,0.010989,0.010989
8,3688,0.010989,0.010989
8,3689,0.010989,0.010989
8,3690,0.010989,0.010989
8,3691,0.010989,0.010989
8,3692,0.010989,0.010989
8,3693,0.010989,0.010989
8,3694,0.010989,0.010989
8,3695,0.010989,0.010989
8,3696,0.010989,0.010989
8,3697,0.010989,0.010989
8,3698,0.010989,0.010989
8,3699,0.010989,0.010989
8,3700,0.010989,0.010989
8,3701,0.010989,0.010989
8,3702,0.010989,0.010989
8,3703,0.010989,0.010989
8,3704,0.010989,0.010989
8,3705,0.010989,0.010989
8,3706,0.010989,0.010989
8,3707,0.010989,0.010989
8,3708,0.010989,0.010989
8,3709,0.010989,0.010989
8,3710,0.010989,0.010989
8,3711,0.010989,0.010989
8,3712,0.010989,0.010989
8,3713,0.010989,0.010989
8,3714,0.010989,0.010989
8,3715,0.010989,0.010989
8,3716,0.010989,0.010989
8,3717,0.010989,0.010989
8,3718,0.010989,0.010989
8,3719,0.010989,0.010989
8,3720,0.010989,0.010989
8,3721,0.010989,0.010989
8,3722,0.010989,0.010989
8,3723,0.010989,0.010989
8,3724,0.010989,0.010989
8,3725,0.010989,0.010989
8,3726,0.010989,0.010989
8,3727,0.010989,0.010989
8,3728,0.010989,0.010989
8,3729,0.010989,0.010989
8,3730,0.010989,0.010989
8,3731,0.010989,0.010989
8,3732,0.010989,0.010989
8,3733,0.010989,0.010989
8,3734,0.010989,0.010989
8,3735,0.010989,0.010989
8,3736,0.000000,0.000000
9,0,0.087912,0.087912
9,1,0.065934,0.065934
9,2,0.076923,0.065934
9,3,0.087912,0.065934
9,4,0.098901,0.065934
9,5,0.131868,0.065934
9,6,0.131868,0.065934
9,7,0.120879,0.065934
9,8,0.098901,0.065934
9,9,0.153846,0.065934
9,10,0.153846,0.065934
9,11,0.175824,0.065934
9,12,0.164835,0.065934
9,13,0.164835,0.065934
9,14,0.175824,0.065934
9,15,0.142857,0.065934
9,16,0.164835,0.065934
9,17,0.208791,0.065934
9,18,0.208791,0.065934
9,19,0.186813,0.065934
9,20,0.142857,0.065934
9,21,0.164835,0.065934
9,22,0.153846,0.065934
9,23,0.131868,0.065934
9,24,0.131868,0.065934
9,25,0.098901,0.065934
9,26,0.087912,0.065934
9,27,0.098901,0.065934
9,28,0.098901,0.065934
9,29,0.120879,0.065934
9,30,0.109890,0.065934
9,31,0.098901,0.065934
9,32,0.098901,0.065934
9,33,0.109890,0.065934
9,34,0.109890,0.065934
9,35,0.109890,0.065934
9,36,0.120879,0.065934
9,37,0.109890,0.065934
9,38,0.098901,0.065934
9,39,0.076923,0.065934
9,40,0.087912,0.065934
9,41,0.076923,0.065934
9,42,0.120879,0.065934
9,43,0.131868,0.065934
9,44,0.131868,0.065934
9,45,0.098901,0.065934
9,46,0.120879,0.065934
9,47,0.109890,0.065934
9,48,0.109890,0.065934
9,49,0.120879,0.065934
9,50,0.098901,0.065934
9,51,0.109890,0.065934
9,52,0.087912,0.065934
9,53,0.087912,0.065934
9,54,0.087912,0.065934
9,55,0.076923,0.065934
9,56,0.087912,0.065934
9,57,0.087912,0.065934
9,58,0.076923,0.065934
9,59,0.087912,0.065934
9,60,0.098901,0.065934
9,61,0.087912,0.065934
9,62,0.098901,0.065934
9,63,0.098901,0.065934
9,64,0.087912,0.065934
9,65,0.087912,0.065934
9,66,0.098901,0.065934
9,67,0.120879,0.065934
9,68,0.109890,0.065934
9,69,0.120879,0.065934
9,70,0.131868,0.065934
9,71,0.120879,0.065934
9,72,0.131868,0.065934
9,73,0.131868,0.065934
9,74,0.164835,0.065934
9,75,0.164835,0.065934
9,76,0.186813,0.065934
9,77,0.153846,0.065934
9,78,0.120879,0.065934
9,79,0.098901,0.065934
9,80,0.087912,0.065934
9,81,0.087912,0.065934
9,82,0.043956,0.043956
9,83,0.076923,0.043956
9,84,0.076923,0.043956
9,85,0.098901,0.043956
9,86,0.087912,0.043956
9,87,0.098901,0.043956
9,88,0.087912,0.043956
9,89,0.087912,0.043956
9,90,0.076923,0.043956
9,91,0.087912,0.043956
9,92,0.109890,0.043956
9,93,0.109890,0.043956
9,94,0.098901,0.043956
9,95,0.131868,0.043956
9,96,0.098901,0.043956
9,97,0.098901,0.043956
9,98,0.131868,0.043956
9,99,0.153846,0.043956
9,100,0.164835,0.043956
9,101,0.131868,0.043956
9,102,0.175824,0.043956
9,103,0.175824,0.043956
9,104,0.175824,0.043956
9,105,0.164835,0.043956
9,106,0.153846,0.043956
9,107,0.153846,0.043956
9,108,0.142857,0.043956
9,109,0.120879,0.043956
9,110,0.153846,0.043956
9,111,0.142857,0.043956
9,112,0.109890,0.043956
9,113,0.109890,0.043956
9,114,0.109890,0.043956
9,115,0.120879,0.043956
9,116,0.098901,0.043956
9,117,0.120879,0.043956
9,118,0.120879,0.043956
9,119,0.153846,0.043956
9,120,0.142857,0.043956
9,121,0.120879,0.043956
9,122,0.131868,0.043956
9,123,0.098901,0.043956
9,124,0.098901,0.043956
9,125,0.098901,0.043956
9,126,0.065934,0.043956
9,127,0.065934,0.043956
9,128,0.043956,0.043956
9,129,0.076923,0.043956
9,130,0.087912,0.043956
9,131,0.087912,0.043956
9,132,0.087912,0.043956
9,133,0.131868,0.043956
9,134,0.109890,0.043956
9,135,0.098901,0.043956
9,136,0.087912,0.043956
9,137,0.109890,0.043956
9,138,0.120879,0.043956
9,139,0.142857,0.043956
9,140,0.109890,0.043956
9,141,0.087912,0.043956
9,142,0.087912,0.043956
9,143,0.120879,0.043956
9,144,0.120879,0.043956
9,145,0.087912,0.043956
9,146,0.098901,0.043956
9,147,0.131868,0.043956
9,148,0.142857,0.043956
9,149,0.164835,0.043956
9,150,0.197802,0.043956
9,151,0.164835,0.043956
9,152,0.175824,0.043956
9,153,0.208791,0.043956
9,154,0.175824,0.043956
9,155,0.208791,0.043956
9,156,0.208791,0.043956
9,157,0.175824,0.043956
9,158,0.120879,0.043956
9,159,0.142857,0.043956
9,160,0.142857,0.043956
9,161,0.142857,0.043956
9,162,0.120879,0.043956
9,163,0.142857,0.043956
9,164,0.131868,0.043956
9,165,0.142857,0.043956
9,166,0.153846,0.043956
9,167,0.219780,0.043956
9,168,0.175824,0.043956
9,169,0.175824,0.043956
9,170,0.120879,0.043956
9,171,0.131868,0.043956
9,172,0.131868,0.043956
9,173,0.175824,0.043956
9,174,0.186813,0.043956
9,175,0.186813,0.043956
9,176,0.175824,0.043956
9,177,0.186813,0.043956
9,178,0.197802,0.043956
9,179,0.153846,0.043956
9,180,0.153846,0.043956
9,181,0.131868,0.043956
9,182,0.131868,0.043956
9,183,0.120879,0.043956
9,184,0.109890,0.043956
9,185,0.098901,0.043956
9,186,0.120879,0.043956
9,187,0.109890,0.043956
9,188,0.142857,0.043956
9,189,0.153846,0.043956
9,190,0.153846,0.043956
9,191,0.175824,0.043956
9,192,0.186813,0.043956
9,193,0.186813,0.043956
9,194,0.208791,0.043956
9,195,0.252747,0.043956
9,196,0.252747,0.043956
9,197,0.208791,0.043956
9,198,0.197802,0.043956
9,199,0.186813,0.043956
9,200,0.175824,0.043956
9,201,0.186813,0.043956
9,202,0.208791,0.043956
9,203,0.208791,0.043956
9,204,0.164835,0.043956
9,205,0.131868,0.043956
9,206,0.120879,0.043956
9,207,0.109890,0.043956
9,208,0.109890,0.043956
9,209,0.109890,0.043956
9,210,0.164835,0.043956
9,211,0.153846,0.043956
9,212,0.153846,0.043956
9,213,0.120879,0.043956
9,214,0.142857,0.043956
9,215,0.142857,0.043956
9,216,0.175824,0.043956
9,217,0.164835,0.043956
9,218,0.164835,0.043956
9,219,0.142857,0.043956
9,220,0.164835,0.043956
9,221,0.186813,0.043956
9,222,0.175824,0.043956
9,223,0.197802,0.043956
9,224,0.186813,0.043956
9,225,0.164835,0.043956
9,226,0.153846,0.043956
9,227,0.120879,0.043956
9,228,0.120879,0.043956
9,229,0.131868,0.043956
9,230,0.164835,0.043956
9,231,0.131868,0.043956
9,232,0.142857,0.043956
9,233,0.142857,0.043956
9,234,0.175824,0.043956
9,235,0.175824,0.043956
9,236,0.175824,0.043956
9,237,0.142857,0.043956
9,238,0.142857,0.043956
9,239,0.142857,0.043956
9,240,0.164835,0.043956
9,241,0.164835,0.043956
9,242,0.109890,0.043956
9,243,0.109890,0.043956
9,244,0.142857,0.043956
9,245,0.131868,0.043956
9,246,0.153846,0.043956
9,247,0.131868,0.043956
9,248,0.131868,0.043956
9,249,0.120879,0.043956
9,250,0.131868,0.043956
9,251,0.109890,0.043956
9,252,0.087912,0.043956
9,253,0.076923,0.043956
9,254,0.098901,0.043956
9,255,0.098901,0.043956
9,256,0.120879,0.043956
9,257,0.131868,0.043956
9,258,0.109890,0.043956
9,259,0.098901,0.043956
9,260,0.120879,0.043956
9,261,0.120879,0.043956
9,262,0.109890,0.043956
9,263,0.120879,0.043956
9,264,0.120879,0.043956
9,265,0.109890,0.043956
9,266,0.098901,0.043956
9,267,0.098901,0.043956
9,268,0.098901,0.043956
9,269,0.076923,0.043956
9,270,0.131868,0.043956
9,271,0.076923,0.043956
9,272,0.032967,0.032967
9,273,0.043956,0.032967
9,274,0.054945,0.032967
9,275,0.043956,0.032967
9,276,0.043956,0.032967
9,277,0.054945,0.032967
9,278,0.087912,0.032967
9,279,0.120879,0.032967
9,280,0.131868,0.032967
9,281,0.120879,0.032967
9,282,0.142857,0.032967
9,283,0.109890,0.032967
9,284,0.120879,0.032967
9,285,0.098901,0.032967
9,286,0.087912,0.032967
9,287,0.109890,0.032967
9,288,0.109890,0.032967
9,289,0.120879,0.032967
9,290,0.109890,0.032967
9,291,0.131868,0.032967
9,292,0.109890,0.032967
9,293,0.131868,0.032967
9,294,0.098901,0.032967
9,295,0.098901,0.032967
9,296,0.120879,0.032967
9,297,0.120879,0.032967
9,298,0.120879,0.032967
9,299,0.120879,0.032967
9,300,0.109890,0.032967
9,301,0.131868,0.032967
9,302,0.120879,0.032967
9,303,0.153846,0.032967
9,304,0.120879,0.032967
9,305,0.109890,0.032967
9,306,0.054945,0.032967
9,307,0.054945,0.032967
9,308,0.065934,0.032967
9,309,0.087912,0.032967
9,310,0.087912,0.032967
9,311,0.076923,0.032967
9,312,0.120879,0.032967
9,313,0.131868,0.032967
9,314,0.120879,0.032967
9,315,0.120879,0.032967
9,316,0.109890,0.032967
9,317,0.098901,0.032967
9,318,0.153846,0.032967
9,319,0.120879,0.032967
9,320,0.109890,0.032967
9,321,0.087912,0.032967
9,322,0.076923,0.032967
9,323,0.087912,0.032967
9,324,0.076923,0.032967
9,325,0.076923,0.032967
9,326,0.054945,0.032967
9,327,0.076923,0.032967
9,328,0.054945,0.032967
9,329,0.065934,0.032967
9,330,0.076923,0.032967
9,331,0.087912,0.032967
9,332,0.131868,0.032967
9,333,0.131868,0.032967
9,334,0.131868,0.032967
9,335,0.153846,0.032967
9,336,0.153846,0.032967
9,337,0.175824,0.032967
9,338,0.153846,0.032967
9,339,0.131868,0.032967
9,340,0.131868,0.032967
9,341,0.120879,0.032967
9,342,0.109890,0.032967
9,343,0.120879,0.032967
9,344,0.131868,0.032967
9,345,0.131868,0.032967
9,346,0.109890,0.032967
9,347,0.109890,0.032967
9,348,0.120879,0.032967
9,349,0.131868,0.032967
9,350,0.131868,0.032967
9,351,0.142857,0.032967
9,352,0.131868,0.032967
9,353,0.120879,0.032967
9,354,0.109890,0.032967
9,355,0.109890,0.032967
9,356,0.076923,0.032967
9,357,0.076923,0.032967
9,358,0.076923,0.032967
9,359,0.043956,0.032967
9,360,0.043956,0.032967
9,361,0.065934,0.032967
9,362,0.065934,0.032967
9,363,0.076923,0.032967
9,364,0.076923,0.032967
9,365,0.120879,0.032967
9,366,0.109890,0.032967
9,367,0.098901,0.032967
9,368,0.065934,0.032967
9,369,0.098901,0.032967
9,370,0.131868,0.032967
9,371,0.109890,0.032967
9,372,0.142857,0.032967
9,373,0.109890,0.032967
9,374,0.098901,0.032967
9,375,0.098901,0.032967
9,376,0.098901,0.032967
9,377,0.109890,0.032967
9,378,0.098901,0.032967
9,379,0.098901,0.032967
9,380,0.087912,0.032967
9,381,0.109890,0.032967
9,382,0.120879,0.032967
9,383,0.153846,0.032967
9,384,0.120879,0.032967
9,385,0.098901,0.032967
9,386,0.131868,0.032967
9,387,0.142857,0.032967
9,388,0.131868,0.032967
9,389,0.142857,0.032967
9,390,0.131868,0.032967
9,391,0.186813,0.032967
9,392,0.164835,0.032967
9,393,0.153846,0.032967
9,394,0.131868,0.032967
9,395,0.098901,0.032967
9,396,0.098901,0.032967
9,397,0.120879,0.032967
9,398,0.164835,0.032967
9,399,0.142857,0.032967
9,400,0.153846,0.032967
9,401,0.142857,0.032967
9,402,0.120879,0.032967
9,403,0.109890,0.032967
9,404,0.131868,0.032967
9,405,0.131868,0.032967
9,406,0.142857,0.032967
9,407,0.164835,0.032967
9,408,0.175824,0.032967
9,409,0.197802,0.032967
9,410,0.186813,0.032967
9,411,0.186813,0.032967
9,412,0.186813,0.032967
9,413,0.186813,0.032967
9,414,0.164835,0.032967
9,415,0.153846,0.032967
9,416,0.175824,0.032967
9,417,0.186813,0.032967
9,418,0.175824,0.032967
9,419,0.153846,0.032967
9,420,0.164835,0.032967
9,421,0.131868,0.032967
9,422,0.153846,0.032967
9,423,0.120879,0.032967
9,424,0.109890,0.032967
9,425,0.109890,0.032967
9,426,0.098901,0.032967
9,427,0.120879,0.032967
9,428,0.109890,0.032967
9,429,0.076923,0.032967
9,430,0.098901,0.032967
9,431,0.098901,0.032967
9,432,0.109890,0.032967
9,433,0.087912,0.032967
9,434,0.087912,0.032967
9,435,0.098901,0.032967
9,436,0.131868,0.032967
9,437,0.186813,0.032967
9,438,0.197802,0.032967
9,439,0.175824,0.032967
9,440,0.153846,0.032967
9,441,0.153846,0.032967
9,442,0.153846,0.032967
9,443,0.153846,0.032967
9,444,0.120879,0.032967
9,445,0.098901,0.032967
9,446,0.065934,0.032967
9,447,0.054945,0.032967
9,448,0.043956,0.032967
9,449,0.065934,0.032967
9,450,0.065934,0.032967
9,451,0.054945,0.032967
9,452,0.054945,0.032967
9,453,0.054945,0.032967
9,454,0.076923,0.032967
9,455,0.109890,0.032967
9,456,0.120879,0.032967
9,457,0.076923,0.032967
9,458,0.087912,0.032967
9,459,0.087912,0.032967
9,460,0.076923,0.032967
9,461,0.065934,0.032967
9,462,0.065934,0.032967
9,463,0.087912,0.032967
9,464,0.164835,0.032967
9,465,0.164835,0.032967
9,466,0.120879,0.032967
9,467,0.109890,0.032967
9,468,0.098901,0.032967
9,469,0.087912,0.032967
9,470,0.087912,0.032967
9,471,0.087912,0.032967
9,472,0.087912,0.032967
9,473,0.098901,0.032967
9,474,0.054945,0.032967
9,475,0.054945,0.032967
9,476,0.054945,0.032967
9,477,0.054945,0.032967
9,478,0.065934,0.032967
9,479,0.087912,0.032967
9,480,0.087912,0.032967
9,481,0.065934,0.032967
9,482,0.076923,0.032967
9,483,0.076923,0.032967
9,484,0.087912,0.032967
9,485,0.098901,0.032967
9,486,0.098901,0.032967
9,487,0.076923,0.032967
9,488,0.076923,0.032967
9,489,0.076923,0.032967
9,490,0.087912,0.032967
9,491,0.076923,0.032967
9,492,0.076923,0.032967
9,493,0.065934,0.032967
9,494,0.098901,0.032967
9,495,0.120879,0.032967
9,496,0.120879,0.032967
9,497,0.109890,0.032967
9,498,0.109890,0.032967
9,499,0.120879,0.032967
9,500,0.109890,0.032967
9,501,0.098901,0.032967
9,502,0.120879,0.032967
9,503,0.109890,0.032967
9,504,0.109890,0.032967
9,505,0.087912,0.032967
9,506,0.087912,0.032967
9,507,0.087912,0.032967
9,508,0.109890,0.032967
9,509,0.109890,0.032967
9,510,0.098901,0.032967
9,511,0.098901,0.032967
9,512,0.098901,0.032967
9,513,0.098901,0.032967
9,514,0.098901,0.032967
9,515,0.131868,0.032967
9,516,0.131868,0.032967
9,517,0.120879,0.032967
9,518,0.120879,0.032967
9,519,0.131868,0.032967
9,520,0.120879,0.032967
9,521,0.131868,0.032967
9,522,0.131868,0.032967
9,523,0.131868,0.032967
9,524,0.142857,0.032967
9,525,0.131868,0.032967
9,526,0.098901,0.032967
9,527,0.087912,0.032967
9,528,0.076923,0.032967
9,529,0.054945,0.032967
9,530,0.043956,0.032967
9,531,0.054945,0.032967
9,532,0.087912,0.032967
9,533,0.087912,0.032967
9,534,0.054945,0.032967
9,535,0.065934,0.032967
9,536,0.087912,0.032967
9,537,0.065934,0.032967
9,538,0.076923,0.032967
9,539,0.098901,0.032967
9,540,0.109890,0.032967
9,541,0.109890,0.032967
9,542,0.109890,0.032967
9,543,0.109890,0.032967
9,544,0.109890,0.032967
9,545,0.109890,0.032967
9,546,0.098901,0.032967
9,547,0.120879,0.032967
9,548,0.109890,0.032967
9,549,0.131868,0.032967
9,550,0.109890,0.032967
9,551,0.109890,0.032967
9,552,0.120879,0.032967
9,553,0.098901,0.032967
9,554,0.131868,0.032967
9,555,0.142857,0.032967
9,556,0.186813,0.032967
9,557,0.219780,0.032967
9,558,0.208791,0.032967
9,559,0.186813,0.032967
9,560,0.175824,0.032967
9,561,0.197802,0.032967
9,562,0.186813,0.032967
9,563,0.175824,0.032967
9,564,0.175824,0.032967
9,565,0.164835,0.032967
9,566,0.175824,0.032967
9,567,0.164835,0.032967
9,568,0.131868,0.032967
9,569,0.153846,0.032967
9,570,0.098901,0.032967
9,571,0.120879,0.032967
9,572,0.131868,0.032967
9,573,0.131868,0.032967
9,574,0.098901,0.032967
9,575,0.131868,0.032967
9,576,0.142857,0.032967
9,577,0.131868,0.032967
9,578,0.120879,0.032967
9,579,0.153846,0.032967
9,580,0.131868,0.032967
9,581,0.120879,0.032967
9,582,0.153846,0.032967
9,583,0.142857,0.032967
9,584,0.131868,0.032967
9,585,0.131868,0.032967
9,586,0.098901,0.032967
9,587,0.087912,0.032967
9,588,0.098901,0.032967
9,589,0.098901,0.032967
9,590,0.087912,0.032967
9,591,0.120879,0.032967
9,592,0.131868,0.032967
9,593,0.098901,0.032967
9,594,0.098901,0.032967
9,595,0.098901,0.032967
9,596,0.076923,0.032967
9,597,0.087912,0.032967
9,598,0.087912,0.032967
9,599,0.087912,0.032967
9,600,0.043956,0.032967
9,601,0.054945,0.032967
9,602,0.043956,0.032967
9,603,0.043956,0.032967
9,604,0.043956,0.032967
9,605,0.043956,0.032967
9,606,0.043956,0.032967
9,607,0.054945,0.032967
9,608,0.054945,0.032967
9,609,0.065934,0.032967
9,610,0.120879,0.032967
9,611,0.087912,0.032967
9,612,0.054945,0.032967
9,613,0.065934,0.032967
9,614,0.076923,0.032967
9,615,0.065934,0.032967
9,616,0.076923,0.032967
9,617,0.076923,0.032967
9,618,0.065934,0.032967
9,619,0.054945,0.032967
9,620,0.054945,0.032967
9,621,0.043956,0.032967
9,622,0.054945,0.032967
9,623,0.054945,0.032967
9,624,0.087912,0.032967
9,625,0.120879,0.032967
9,626,0.153846,0.032967
9,627,0.131868,0.032967
9,628,0.153846,0.032967
9,629,0.153846,0.032967
9,630,0.153846,0.032967
9,631,0.153846,0.032967
9,632,0.153846,0.032967
9,633,0.120879,0.032967
9,634,0.131868,0.032967
9,635,0.131868,0.032967
9,636,0.131868,0.032967
9,637,0.109890,0.032967
9,638,0.109890,0.032967
9,639,0.142857,0.032967
9,640,0.153846,0.032967
9,641,0.142857,0.032967
9,642,0.175824,0.032967
9,643,0.142857,0.032967
9,644,0.164835,0.032967
9,645,0.153846,0.032967
9,646,0.164835,0.032967
9,647,0.153846,0.032967
9,648,0.131868,0.032967
9,649,0.142857,0.032967
9,650,0.175824,0.032967
9,651,0.131868,0.032967
9,652,0.142857,0.032967
9,653,0.175824,0.032967
9,654,0.175824,0.032967
9,655,0.197802,0.032967
9,656,0.197802,0.032967
9,657,0.197802,0.032967
9,658,0.153846,0.032967
9,659,0.153846,0.032967
9,660,0.164835,0.032967
9,661,0.164835,0.032967
9,662,0.164835,0.032967
9,663,0.175824,0.032967
9,664,0.142857,0.032967
9,665,0.120879,0.032967
9,666,0.109890,0.032967
9,667,0.109890,0.032967
9,668,0.087912,0.032967
9,669,0.098901,0.032967
9,670,0.120879,0.032967
9,671,0.142857,0.032967
9,672,0.120879,0.032967
9,673,0.153846,0.032967
9,674,0.131868,0.032967
9,675,0.131868,0.032967
9,676,0.175824,0.032967
9,677,0.164835,0.032967
9,678,0.186813,0.032967
9,679,0.142857,0.032967
9,680,0.153846,0.032967
9,681,0.131868,0.032967
9,682,0.153846,0.032967
9,683,0.153846,0.032967
9,684,0.153846,0.032967
9,685,0.142857,0.032967
9,686,0.142857,0.032967
9,687,0.109890,0.032967
9,688,0.109890,0.032967
9,689,0.120879,0.032967
9,690,0.109890,0.032967
9,691,0.076923,0.032967
9,692,0.098901,0.032967
9,693,0.087912,0.032967
9,694,0.065934,0.032967
9,695,0.076923,0.032967
9,696,0.098901,0.032967
9,697,0.098901,0.032967
9,698,0.098901,0.032967
9,699,0.109890,0.032967
9,700,0.120879,0.032967
9,701,0.153846,0.032967
9,702,0.142857,0.032967
9,703,0.153846,0.032967
9,704,0.131868,0.032967
9,705,0.131868,0.032967
9,706,0.109890,0.032967
9,707,0.142857,0.032967
9,708,0.120879,0.032967
9,709,0.142857,0.032967
9,710,0.098901,0.032967
9,711,0.098901,0.032967
9,712,0.098901,0.032967
9,713,0.098901,0.032967
9,714,0.054945,0.032967
9,715,0.087912,0.032967
9,716,0.076923,0.032967
9,717,0.098901,0.032967
9,718,0.098901,0.032967
9,719,0.087912,0.032967
9,720,0.087912,0.032967
9,721,0.098901,0.032967
9,722,0.087912,0.032967
9,723,0.098901,0.032967
9,724,0.109890,0.032967
9,725,0.109890,0.032967
9,726,0.109890,0.032967
9,727,0.098901,0.032967
9,728,0.098901,0.032967
9,729,0.098901,0.032967
9,730,0.098901,0.032967
9,731,0.076923,0.032967
9,732,0.076923,0.032967
9,733,0.087912,0.032967
9,734,0.109890,0.032967
9,735,0.109890,0.032967
9,736,0.098901,0.032967
9,737,0.109890,0.032967
9,738,0.109890,0.032967
9,739,0.087912,0.032967
9,740,0.054945,0.032967
9,741,0.043956,0.032967
9,742,0.076923,0.032967
9,743,0.087912,0.032967
9,744,0.087912,0.032967
9,745,0.076923,0.032967
9,746,0.087912,0.032967
9,747,0.065934,0.032967
9,748,0.054945,0.032967
9,749,0.065934,0.032967
9,750,0.043956,0.032967
9,751,0.065934,0.032967
9,752,0.087912,0.032967
9,753,0.054945,0.032967
9,754,0.065934,0.032967
9,755,0.076923,0.032967
9,756,0.076923,0.032967
9,757,0.076923,0.032967
9,758,0.065934,0.032967
9,759,0.054945,0.032967
9,760,0.076923,0.032967
9,761,0.098901,0.032967
9,762,0.109890,0.032967
9,763,0.109890,0.032967
9,764,0.131868,0.032967
9,765,0.142857,0.032967
9,766,0.153846,0.032967
9,767,0.164835,0.032967
9,768,0.142857,0.032967
9,769,0.131868,0.032967
9,770,0.131868,0.032967
9,771,0.109890,0.032967
9,772,0.120879,0.032967
9,773,0.164835,0.032967
9,774,0.164835,0.032967
9,775,0.153846,0.032967
9,776,0.142857,0.032967
9,777,0.142857,0.032967
9,778,0.164835,0.032967
9,779,0.164835,0.032967
9,780,0.186813,0.032967
9,781,0.175824,0.032967
9,782,0.186813,0.032967
9,783,0.175824,0.032967
9,784,0.164835,0.032967
9,785,0.142857,0.032967
9,786,0.142857,0.032967
9,787,0.153846,0.032967
9,788,0.153846,0.032967
9,789,0.175824,0.032967
9,790,0.175824,0.032967
9,791,0.164835,0.032967
9,792,0.142857,0.032967
9,793,0.098901,0.032967
9,794,0.109890,0.032967
9,795,0.109890,0.032967
9,796,0.098901,0.032967
9,797,0.087912,0.032967
9,798,0.087912,0.032967
9,799,0.065934,0.032967
9,800,0.054945,0.032967
9,801,0.065934,0.032967
9,802,0.054945,0.032967
9,803,0.065934,0.032967
9,804,0.076923,0.032967
9,805,0.098901,0.032967
9,806,0.109890,0.032967
9,807,0.120879,0.032967
9,808,0.098901,0.032967
9,809,0.098901,0.032967
9,810,0.076923,0.032967
9,811,0.076923,0.032967
9,812,0.076923,0.032967
9,813,0.087912,0.032967
9,814,0.109890,0.032967
9,815,0.098901,0.032967
9,816,0.131868,0.032967
9,817,0.142857,0.032967
9,818,0.131868,0.032967
9,819,0.098901,0.032967
9,820,0.109890,0.032967
9,821,0.142857,0.032967
9,822,0.120879,0.032967
9,823,0.131868,0.032967
9,824,0.142857,0.032967
9,825,0.153846,0.032967
9,826,0.142857,0.032967
9,827,0.109890,0.032967
9,828,0.098901,0.032967
9,829,0.164835,0.032967
9,830,0.186813,0.032967
9,831,0.164835,0.032967
9,832,0.197802,0.032967
9,833,0.197802,0.032967
9,834,0.164835,0.032967
9,835,0.175824,0.032967
9,836,0.208791,0.032967
9,837,0.164835,0.032967
9,838,0.164835,0.032967
9,839,0.197802,0.032967
9,840,0.164835,0.032967
9,841,0.186813,0.032967
9,842,0.186813,0.032967
9,843,0.197802,0.032967
9,844,0.186813,0.032967
9,845,0.197802,0.032967
9,846,0.186813,0.032967
9,847,0.164835,0.032967
9,848,0.142857,0.032967
9,849,0.131868,0.032967
9,850,0.164835,0.032967
9,851,0.175824,0.032967
9,852,0.142857,0.032967
9,853,0.153846,0.032967
9,854,0.153846,0.032967
9,855,0.186813,0.032967
9,856,0.164835,0.032967
9,857,0.197802,0.032967
9,858,0.175824,0.032967
9,859,0.153846,0.032967
9,860,0.153846,0.032967
9,861,0.109890,0.032967
9,862,0.109890,0.032967
9,863,0.109890,0.032967
9,864,0.109890,0.032967
9,865,0.142857,0.032967
9,866,0.131868,0.032967
9,867,0.131868,0.032967
9,868,0.120879,0.032967
9,869,0.131868,0.032967
9,870,0.120879,0.032967
9,871,0.131868,0.032967
9,872,0.153846,0.032967
9,873,0.131868,0.032967
9,874,0.120879,0.032967
9,875,0.098901,0.032967
9,876,0.076923,0.032967
9,877,0.043956,0.032967
9,878,0.043956,0.032967
9,879,0.043956,0.032967
9,880,0.043956,0.032967
9,881,0.076923,0.032967
9,882,0.109890,0.032967
9,883,0.131868,0.032967
9,884,0.131868,0.032967
9,885,0.120879,0.032967
9,886,0.131868,0.032967
9,887,0.153846,0.032967
9,888,0.219780,0.032967
9,889,0.219780,0.032967
9,890,0.208791,0.032967
9,891,0.164835,0.032967
9,892,0.175824,0.032967
9,893,0.153846,0.032967
9,894,0.098901,0.032967
9,895,0.120879,0.032967
9,896,0.142857,0.032967
9,897,0.087912,0.032967
9,898,0.076923,0.032967
9,899,0.087912,0.032967
9,900,0.087912,0.032967
9,901,0.087912,0.032967
9,902,0.131868,0.032967
9,903,0.131868,0.032967
9,904,0.142857,0.032967
9,905,0.142857,0.032967
9,906,0.197802,0.032967
9,907,0.197802,0.032967
9,908,0.120879,0.032967
9,909,0.120879,0.032967
9,910,0.076923,0.032967
9,911,0.087912,0.032967
9,912,0.109890,0.032967
9,913,0.131868,0.032967
9,914,0.120879,0.032967
9,915,0.131868,0.032967
9,916,0.098901,0.032967
9,917,0.131868,0.032967
9,918,0.120879,0.032967
9,919,0.087912,0.032967
9,920,0.087912,0.032967
9,921,0.098901,0.032967
9,922,0.076923,0.032967
9,923,0.076923,0.032967
9,924,0.076923,0.032967
9,925,0.076923,0.032967
9,926,0.087912,0.032967
9,927,0.087912,0.032967
9,928,0.109890,0.032967
9,929,0.131868,0.032967
9,930,0.109890,0.032967
9,931,0.109890,0.032967
9,932,0.109890,0.032967
9,933,0.109890,0.032967
9,934,0.120879,0.032967
9,935,0.109890,0.032967
9,936,0.142857,0.032967
9,937,0.175824,0.032967
9,938,0.153846,0.032967
9,939,0.153846,0.032967
9,940,0.186813,0.032967
9,941,0.153846,0.032967
9,942,0.120879,0.032967
9,943,0.109890,0.032967
9,944,0.109890,0.032967
9,945,0.153846,0.032967
9,946,0.153846,0.032967
9,947,0.153846,0.032967
9,948,0.153846,0.032967
9,949,0.175824,0.032967
9,950,0.175824,0.032967
9,951,0.153846,0.032967
9,952,0.120879,0.032967
9,953,0.131868,0.032967
9,954,0.109890,0.032967
9,955,0.131868,0.032967
9,956,0.109890,0.032967
9,957,0.109890,0.032967
9,958,0.131868,0.032967
9,959,0.109890,0.032967
9,960,0.120879,0.032967
9,961,0.120879,0.032967
9,962,0.153846,0.032967
9,963,0.175824,0.032967
9,964,0.153846,0.032967
9,965,0.153846,0.032967
9,966,0.153846,0.032967
9,967,0.153846,0.032967
9,968,0.175824,0.032967
9,969,0.208791,0.032967
9,970,0.230769,0.032967
9,971,0.230769,0.032967
9,972,0.208791,0.032967
9,973,0.175824,0.032967
9,974,0.142857,0.032967
9,975,0.164835,0.032967
9,976,0.153846,0.032967
9,977,0.109890,0.032967
9,978,0.076923,0.032967
9,979,0.065934,0.032967
9,980,0.065934,0.032967
9,981,0.065934,0.032967
9,982,0.109890,0.032967
9,983,0.120879,0.032967
9,984,0.109890,0.032967
9,985,0.098901,0.032967
9,986,0.109890,0.032967
9,987,0.109890,0.032967
9,988,0.109890,0.032967
9,989,0.153846,0.032967
9,990,0.153846,0.032967
9,991,0.164835,0.032967
9,992,0.186813,0.032967
9,993,0.142857,0.032967
9,994,0.142857,0.032967
9,995,0.076923,0.032967
9,996,0.087912,0.032967
9,997,0.098901,0.032967
9,998,0.076923,0.032967
9,999,0.076923,0.032967
9,1000,0.076923,0.032967
9,1001,0.076923,0.032967
9,1002,0.109890,0.032967
9,1003,0.087912,0.032967
9,1004,0.087912,0.032967
9,1005,0.120879,0.032967
9,1006,0.087912,0.032967
9,1007,0.142857,0.032967
9,1008,0.109890,0.032967
9,1009,0.131868,0.032967
9,1010,0.175824,0.032967
9,1011,0.164835,0.032967
9,1012,0.153846,0.032967
9,1013,0.197802,0.032967
9,1014,0.164835,0.032967
9,1015,0.186813,0.032967
9,1016,0.175824,0.032967
9,1017,0.164835,0.032967
9,1018,0.153846,0.032967
9,1019,0.175824,0.032967
9,1020,0.175824,0.032967
9,1021,0.175824,0.032967
9,1022,0.131868,0.032967
9,1023,0.142857,0.032967
9,1024,0.175824,0.032967
9,1025,0.164835,0.032967
9,1026,0.164835,0.032967
9,1027,0.153846,0.032967
9,1028,0.164835,0.032967
9,1029,0.142857,0.032967
9,1030,0.164835,0.032967
9,1031,0.175824,0.032967
9,1032,0.131868,0.032967
9,1033,0.109890,0.032967
9,1034,0.109890,0.032967
9,1035,0.109890,0.032967
9,1036,0.087912,0.032967
9,1037,0.065934,0.032967
9,1038,0.065934,0.032967
9,1039,0.098901,0.032967
9,1040,0.098901,0.032967
9,1041,0.098901,0.032967
9,1042,0.098901,0.032967
9,1043,0.076923,0.032967
9,1044,0.087912,0.032967
9,1045,0.076923,0.032967
9,1046,0.065934,0.032967
9,1047,0.076923,0.032967
9,1048,0.076923,0.032967
9,1049,0.076923,0.032967
9,1050,0.098901,0.032967
9,1051,0.087912,0.032967
9,1052,0.065934,0.032967
9,1053,0.065934,0.032967
9,1054,0.054945,0.032967
9,1055,0.065934,0.032967
9,1056,0.076923,0.032967
9,1057,0.087912,0.032967
9,1058,0.109890,0.032967
9,1059,0.109890,0.032967
9,1060,0.131868,0.032967
9,1061,0.142857,0.032967
9,1062,0.153846,0.032967
9,1063,0.164835,0.032967
9,1064,0.142857,0.032967
9,1065,0.142857,0.032967
9,1066,0.142857,0.032967
9,1067,0.120879,0.032967
9,1068,0.142857,0.032967
9,1069,0.142857,0.032967
9,1070,0.153846,0.032967
9,1071,0.153846,0.032967
9,1072,0.208791,0.032967
9,1073,0.153846,0.032967
9,1074,0.208791,0.032967
9,1075,0.175824,0.032967
9,1076,0.186813,0.032967
9,1077,0.153846,0.032967
9,1078,0.153846,0.032967
9,1079,0.153846,0.032967
9,1080,0.164835,0.032967
9,1081,0.131868,0.032967
9,1082,0.120879,0.032967
9,1083,0.120879,0.032967
9,1084,0.098901,0.032967
9,1085,0.098901,0.032967
9,1086,0.120879,0.032967
9,1087,0.087912,0.032967
9,1088,0.098901,0.032967
9,1089,0.087912,0.032967
9,1090,0.076923,0.032967
9,1091,0.087912,0.032967
9,1092,0.065934,0.032967
9,1093,0.065934,0.032967
9,1094,0.065934,0.032967
9,1095,0.065934,0.032967
9,1096,0.076923,0.032967
9,1097,0.076923,0.032967
9,1098,0.076923,0.032967
9,1099,0.076923,0.032967
9,1100,0.076923,0.032967
9,1101,0.109890,0.032967
9,1102,0.131868,0.032967
9,1103,0.120879,0.032967
9,1104,0.120879,0.032967
9,1105,0.120879,0.032967
9,1106,0.120879,0.032967
9,1107,0.076923,0.032967
9,1108,0.087912,0.032967
9,1109,0.120879,0.032967
9,1110,0.131868,0.032967
9,1111,0.131868,0.032967
9,1112,0.120879,0.032967
9,1113,0.153846,0.032967
9,1114,0.153846,0.032967
9,1115,0.142857,0.032967
9,1116,0.186813,0.032967
9,1117,0.164835,0.032967
9,1118,0.197802,0.032967
9,1119,0.219780,0.032967
9,1120,0.186813,0.032967
9,1121,0.175824,0.032967
9,1122,0.197802,0.032967
9,1123,0.219780,0.032967
9,1124,0.219780,0.032967
9,1125,0.186813,0.032967
9,1126,0.197802,0.032967
9,1127,0.230769,0.032967
9,1128,0.230769,0.032967
9,1129,0.153846,0.032967
9,1130,0.142857,0.032967
9,1131,0.120879,0.032967
9,1132,0.120879,0.032967
9,1133,0.109890,0.032967
9,1134,0.120879,0.032967
9,1135,0.120879,0.032967
9,1136,0.098901,0.032967
9,1137,0.087912,0.032967
9,1138,0.076923,0.032967
9,1139,0.076923,0.032967
9,1140,0.087912,0.032967
9,1141,0.142857,0.032967
9,1142,0.153846,0.032967
9,1143,0.120879,0.032967
9,1144,0.076923,0.032967
9,1145,0.076923,0.032967
9,1146,0.076923,0.032967
9,1147,0.076923,0.032967
9,1148,0.065934,0.032967
9,1149,0.087912,0.032967
9,1150,0.087912,0.032967
9,1151,0.065934,0.032967
9,1152,0.076923,0.032967
9,1153,0.065934,0.032967
9,1154,0.065934,0.032967
9,1155,0.087912,0.032967
9,1156,0.098901,0.032967
9,1157,0.109890,0.032967
9,1158,0.098901,0.032967
9,1159,0.087912,0.032967
9,1160,0.109890,0.032967
9,1161,0.109890,0.032967
9,1162,0.120879,0.032967
9,1163,0.164835,0.032967
9,1164,0.153846,0.032967
9,1165,0.153846,0.032967
9,1166,0.153846,0.032967
9,1167,0.175824,0.032967
9,1168,0.197802,0.032967
9,1169,0.164835,0.032967
9,1170,0.142857,0.032967
9,1171,0.131868,0.032967
9,1172,0.153846,0.032967
9,1173,0.120879,0.032967
9,1174,0.098901,0.032967
9,1175,0.098901,0.032967
9,1176,0.120879,0.032967
9,1177,0.153846,0.032967
9,1178,0.153846,0.032967
9,1179,0.153846,0.032967
9,1180,0.131868,0.032967
9,1181,0.153846,0.032967
9,1182,0.131868,0.032967
9,1183,0.153846,0.032967
9,1184,0.098901,0.032967
9,1185,0.065934,0.032967
9,1186,0.098901,0.032967
9,1187,0.087912,0.032967
9,1188,0.131868,0.032967
9,1189,0.120879,0.032967
9,1190,0.098901,0.032967
9,1191,0.087912,0.032967
9,1192,0.098901,0.032967
9,1193,0.098901,0.032967
9,1194,0.131868,0.032967
9,1195,0.120879,0.032967
9,1196,0.109890,0.032967
9,1197,0.109890,0.032967
9,1198,0.164835,0.032967
9,1199,0.142857,0.032967
9,1200,0.153846,0.032967
9,1201,0.164835,0.032967
9,1202,0.186813,0.032967
9,1203,0.175824,0.032967
9,1204,0.208791,0.032967
9,1205,0.208791,0.032967
9,1206,0.197802,0.032967
9,1207,0.175824,0.032967
9,1208,0.164835,0.032967
9,1209,0.164835,0.032967
9,1210,0.175824,0.032967
9,1211,0.142857,0.032967
9,1212,0.109890,0.032967
9,1213,0.076923,0.032967
9,1214,0.109890,0.032967
9,1215,0.109890,0.032967
9,1216,0.087912,0.032967
9,1217,0.065934,0.032967
9,1218,0.087912,0.032967
9,1219,0.076923,0.032967
9,1220,0.054945,0.032967
9,1221,0.032967,0.032967
9,1222,0.032967,0.032967
9,1223,0.043956,0.032967
9,1224,0.109890,0.032967
9,1225,0.131868,0.032967
9,1226,0.142857,0.032967
9,1227,0.120879,0.032967
9,1228,0.109890,0.032967
9,1229,0.120879,0.032967
9,1230,0.120879,0.032967
9,1231,0.142857,0.032967
9,1232,0.131868,0.032967
9,1233,0.120879,0.032967
9,1234,0.109890,0.032967
9,1235,0.120879,0.032967
9,1236,0.120879,0.032967
9,1237,0.142857,0.032967
9,1238,0.164835,0.032967
9,1239,0.142857,0.032967
9,1240,0.120879,0.032967
9,1241,0.142857,0.032967
9,1242,0.153846,0.032967
9,1243,0.131868,0.032967
9,1244,0.087912,0.032967
9,1245,0.065934,0.032967
9,1246,0.087912,0.032967
9,1247,0.076923,0.032967
9,1248,0.098901,0.032967
9,1249,0.120879,0.032967
9,1250,0.120879,0.032967
9,1251,0.109890,0.032967
9,1252,0.109890,0.032967
9,1253,0.120879,0.032967
9,1254,0.164835,0.032967
9,1255,0.131868,0.032967
9,1256,0.153846,0.032967
9,1257,0.164835,0.032967
9,1258,0.197802,0.032967
9,1259,0.208791,0.032967
9,1260,0.164835,0.032967
9,1261,0.175824,0.032967
9,1262,0.153846,0.032967
9,1263,0.131868,0.032967
9,1264,0.109890,0.032967
9,1265,0.098901,0.032967
9,1266,0.087912,0.032967
9,1267,0.098901,0.032967
9,1268,0.087912,0.032967
9,1269,0.098901,0.032967
9,1270,0.098901,0.032967
9,1271,0.098901,0.032967
9,1272,0.087912,0.032967
9,1273,0.065934,0.032967
9,1274,0.076923,0.032967
9,1275,0.076923,0.032967
9,1276,0.087912,0.032967
9,1277,0.098901,0.032967
9,1278,0.065934,0.032967
9,1279,0.076923,0.032967
9,1280,0.076923,0.032967
9,1281,0.098901,0.032967
9,1282,0.109890,0.032967
9,1283,0.120879,0.032967
9,1284,0.109890,0.032967
9,1285,0.131868,0.032967
9,1286,0.142857,0.032967
9,1287,0.087912,0.032967
9,1288,0.087912,0.032967
9,1289,0.109890,0.032967
9,1290,0.109890,0.032967
9,1291,0.120879,0.032967
9,1292,0.120879,0.032967
9,1293,0.120879,0.032967
9,1294,0.109890,0.032967
9,1295,0.142857,0.032967
9,1296,0.164835,0.032967
9,1297,0.175824,0.032967
9,1298,0.175824,0.032967
9,1299,0.153846,0.032967
9,1300,0.153846,0.032967
9,1301,0.164835,0.032967
9,1302,0.175824,0.032967
9,1303,0.175824,0.032967
9,1304,0.164835,0.032967
9,1305,0.175824,0.032967
9,1306,0.164835,0.032967
9,1307,0.164835,0.032967
9,1308,0.164835,0.032967
9,1309,0.175824,0.032967
9,1310,0.153846,0.032967
9,1311,0.153846,0.032967
9,1312,0.175824,0.032967
9,1313,0.153846,0.032967
9,1314,0.131868,0.032967
9,1315,0.164835,0.032967
9,1316,0.131868,0.032967
9,1317,0.153846,0.032967
9,1318,0.197802,0.032967
9,1319,0.208791,0.032967
9,1320,0.197802,0.032967
9,1321,0.197802,0.032967
9,1322,0.197802,0.032967
9,1323,0.142857,0.032967
9,1324,0.153846,0.032967
9,1325,0.153846,0.032967
9,1326,0.153846,0.032967
9,1327,0.153846,0.032967
9,1328,0.153846,0.032967
9,1329,0.164835,0.032967
9,1330,0.142857,0.032967
9,1331,0.142857,0.032967
9,1332,0.142857,0.032967
9,1333,0.164835,0.032967
9,1334,0.164835,0.032967
9,1335,0.109890,0.032967
9,1336,0.142857,0.032967
9,1337,0.153846,0.032967
9,1338,0.131868,0.032967
9,1339,0.109890,0.032967
9,1340,0.098901,0.032967
9,1341,0.098901,0.032967
9,1342,0.087912,0.032967
9,1343,0.054945,0.032967
9,1344,0.087912,0.032967
9,1345,0.076923,0.032967
9,1346,0.098901,0.032967
9,1347,0.131868,0.032967
9,1348,0.142857,0.032967
9,1349,0.142857,0.032967
9,1350,0.142857,0.032967
9,1351,0.142857,0.032967
9,1352,0.153846,0.032967
9,1353,0.164835,0.032967
9,1354,0.175824,0.032967
9,1355,0.131868,0.032967
9,1356,0.109890,0.032967
9,1357,0.098901,0.032967
9,1358,0.098901,0.032967
9,1359,0.076923,0.032967
9,1360,0.109890,0.032967
9,1361,0.109890,0.032967
9,1362,0.109890,0.032967
9,1363,0.109890,0.032967
9,1364,0.098901,0.032967
9,1365,0.098901,0.032967
9,1366,0.109890,0.032967
9,1367,0.098901,0.032967
9,1368,0.098901,0.032967
9,1369,0.054945,0.032967
9,1370,0.054945,0.032967
9,1371,0.054945,0.032967
9,1372,0.054945,0.032967
9,1373,0.054945,0.032967
9,1374,0.054945,0.032967
9,1375,0.109890,0.032967
9,1376,0.120879,0.032967
9,1377,0.054945,0.032967
9,1378,0.043956,0.032967
9,1379,0.098901,0.032967
9,1380,0.076923,0.032967
9,1381,0.098901,0.032967
9,1382,0.098901,0.032967
9,1383,0.131868,0.032967
9,1384,0.142857,0.032967
9,1385,0.109890,0.032967
9,1386,0.109890,0.032967
9,1387,0.065934,0.032967
9,1388,0.087912,0.032967
9,1389,0.131868,0.032967
9,1390,0.120879,0.032967
9,1391,0.164835,0.032967
9,1392,0.142857,0.032967
9,1393,0.153846,0.032967
9,1394,0.153846,0.032967
9,1395,0.186813,0.032967
9,1396,0.208791,0.032967
9,1397,0.175824,0.032967
9,1398,0.142857,0.032967
9,1399,0.131868,0.032967
9,1400,0.109890,0.032967
9,1401,0.131868,0.032967
9,1402,0.098901,0.032967
9,1403,0.065934,0.032967
9,1404,0.087912,0.032967
9,1405,0.054945,0.032967
9,1406,0.054945,0.032967
9,1407,0.065934,0.032967
9,1408,0.054945,0.032967
9,1409,0.065934,0.032967
9,1410,0.120879,0.032967
9,1411,0.131868,0.032967
9,1412,0.142857,0.032967
9,1413,0.142857,0.032967
9,1414,0.109890,0.032967
9,1415,0.098901,0.032967
9,1416,0.120879,0.032967
9,1417,0.120879,0.032967
9,1418,0.109890,0.032967
9,1419,0.109890,0.032967
9,1420,0.109890,0.032967
9,1421,0.098901,0.032967
9,1422,0.131868,0.032967
9,1423,0.120879,0.032967
9,1424,0.131868,0.032967
9,1425,0.131868,0.032967
9,1426,0.142857,0.032967
9,1427,0.164835,0.032967
9,1428,0.164835,0.032967
9,1429,0.131868,0.032967
9,1430,0.076923,0.032967
9,1431,0.087912,0.032967
9,1432,0.087912,0.032967
9,1433,0.131868,0.032967
9,1434,0.131868,0.032967
9,1435,0.120879,0.032967
9,1436,0.120879,0.032967
9,1437,0.120879,0.032967
9,1438,0.098901,0.032967
9,1439,0.087912,0.032967
9,1440,0.098901,0.032967
9,1441,0.109890,0.032967
9,1442,0.142857,0.032967
9,1443,0.142857,0.032967
9,1444,0.109890,0.032967
9,1445,0.076923,0.032967
9,1446,0.065934,0.032967
9,1447,0.065934,0.032967
9,1448,0.065934,0.032967
9,1449,0.054945,0.032967
9,1450,0.087912,0.032967
9,1451,0.087912,0.032967
9,1452,0.131868,0.032967
9,1453,0.142857,0.032967
9,1454,0.142857,0.032967
9,1455,0.153846,0.032967
9,1456,0.087912,0.032967
9,1457,0.054945,0.032967
9,1458,0.054945,0.032967
9,1459,0.065934,0.032967
9,1460,0.087912,0.032967
9,1461,0.076923,0.032967
9,1462,0.087912,0.032967
9,1463,0.098901,0.032967
9,1464,0.076923,0.032967
9,1465,0.076923,0.032967
9,1466,0.098901,0.032967
9,1467,0.087912,0.032967
9,1468,0.098901,0.032967
9,1469,0.109890,0.032967
9,1470,0.109890,0.032967
9,1471,0.153846,0.032967
9,1472,0.142857,0.032967
9,1473,0.120879,0.032967
9,1474,0.142857,0.032967
9,1475,0.164835,0.032967
9,1476,0.109890,0.032967
9,1477,0.087912,0.032967
9,1478,0.098901,0.032967
9,1479,0.087912,0.032967
9,1480,0.098901,0.032967
9,1481,0.098901,0.032967
9,1482,0.120879,0.032967
9,1483,0.142857,0.032967
9,1484,0.142857,0.032967
9,1485,0.142857,0.032967
9,1486,0.142857,0.032967
9,1487,0.142857,0.032967
9,1488,0.175824,0.032967
9,1489,0.164835,0.032967
9,1490,0.175824,0.032967
9,1491,0.164835,0.032967
9,1492,0.186813,0.032967
9,1493,0.197802,0.032967
9,1494,0.153846,0.032967
9,1495,0.153846,0.032967
9,1496,0.120879,0.032967
9,1497,0.131868,0.032967
9,1498,0.120879,0.032967
9,1499,0.098901,0.032967
9,1500,0.098901,0.032967
9,1501,0.076923,0.032967
9,1502,0.076923,0.032967
9,1503,0.087912,0.032967
9,1504,0.087912,0.032967
9,1505,0.087912,0.032967
9,1506,0.076923,0.032967
9,1507,0.054945,0.032967
9,1508,0.076923,0.032967
9,1509,0.087912,0.032967
9,1510,0.087912,0.032967
9,1511,0.087912,0.032967
9,1512,0.087912,0.032967
9,1513,0.109890,0.032967
9,1514,0.087912,0.032967
9,1515,0.076923,0.032967
9,1516,0.087912,0.032967
9,1517,0.142857,0.032967
9,1518,0.120879,0.032967
9,1519,0.142857,0.032967
9,1520,0.142857,0.032967
9,1521,0.120879,0.032967
9,1522,0.076923,0.032967
9,1523,0.098901,0.032967
9,1524,0.098901,0.032967
9,1525,0.098901,0.032967
9,1526,0.087912,0.032967
9,1527,0.098901,0.032967
9,1528,0.142857,0.032967
9,1529,0.175824,0.032967
9,1530,0.208791,0.032967
9,1531,0.219780,0.032967
9,1532,0.252747,0.032967
9,1533,0.241758,0.032967
9,1534,0.241758,0.032967
9,1535,0.164835,0.032967
9,1536,0.098901,0.032967
9,1537,0.109890,0.032967
9,1538,0.098901,0.032967
9,1539,0.098901,0.032967
9,1540,0.109890,0.032967
9,1541,0.098901,0.032967
9,1542,0.098901,0.032967
9,1543,0.087912,0.032967
9,1544,0.087912,0.032967
9,1545,0.098901,0.032967
9,1546,0.098901,0.032967
9,1547,0.120879,0.032967
9,1548,0.087912,0.032967
9,1549,0.087912,0.032967
9,1550,0.087912,0.032967
9,1551,0.087912,0.032967
9,1552,0.098901,0.032967
9,1553,0.087912,0.032967
9,1554,0.087912,0.032967
9,1555,0.087912,0.032967
9,1556,0.131868,0.032967
9,1557,0.131868,0.032967
9,1558,0.131868,0.032967
9,1559,0.131868,0.032967
9,1560,0.131868,0.032967
9,1561,0.120879,0.032967
9,1562,0.131868,0.032967
9,1563,0.120879,0.032967
9,1564,0.098901,0.032967
9,1565,0.065934,0.032967
9,1566,0.076923,0.032967
9,1567,0.076923,0.032967
9,1568,0.087912,0.032967
9,1569,0.087912,0.032967
9,1570,0.120879,0.032967
9,1571,0.120879,0.032967
9,1572,0.131868,0.032967
9,1573,0.131868,0.032967
9,1574,0.142857,0.032967
9,1575,0.120879,0.032967
9,1576,0.120879,0.032967
9,1577,0.087912,0.032967
9,1578,0.109890,0.032967
9,1579,0.120879,0.032967
9,1580,0.120879,0.032967
9,1581,0.131868,0.032967
9,1582,0.098901,0.032967
9,1583,0.131868,0.032967
9,1584,0.120879,0.032967
9,1585,0.109890,0.032967
9,1586,0.065934,0.032967
9,1587,0.076923,0.032967
9,1588,0.043956,0.032967
9,1589,0.043956,0.032967
9,1590,0.043956,0.032967
9,1591,0.065934,0.032967
9,1592,0.076923,0.032967
9,1593,0.109890,0.032967
9,1594,0.109890,0.032967
9,1595,0.131868,0.032967
9,1596,0.164835,0.032967
9,1597,0.164835,0.032967
9,1598,0.175824,0.032967
9,1599,0.164835,0.032967
9,1600,0.175824,0.032967
9,1601,0.208791,0.032967
9,1602,0.175824,0.032967
9,1603,0.197802,0.032967
9,1604,0.208791,0.032967
9,1605,0.208791,0.032967
9,1606,0.153846,0.032967
9,1607,0.186813,0.032967
9,1608,0.153846,0.032967
9,1609,0.098901,0.032967
9,1610,0.109890,0.032967
9,1611,0.098901,0.032967
9,1612,0.109890,0.032967
9,1613,0.120879,0.032967
9,1614,0.120879,0.032967
9,1615,0.131868,0.032967
9,1616,0.131868,0.032967
9,1617,0.142857,0.032967
9,1618,0.131868,0.032967
9,1619,0.120879,0.032967
9,1620,0.087912,0.032967
9,1621,0.087912,0.032967
9,1622,0.098901,0.032967
9,1623,0.098901,0.032967
9,1624,0.120879,0.032967
9,1625,0.109890,0.032967
9,1626,0.109890,0.032967
9,1627,0.098901,0.032967
9,1628,0.131868,0.032967
9,1629,0.164835,0.032967
9,1630,0.164835,0.032967
9,1631,0.153846,0.032967
9,1632,0.153846,0.032967
9,1633,0.164835,0.032967
9,1634,0.153846,0.032967
9,1635,0.120879,0.032967
9,1636,0.120879,0.032967
9,1637,0.109890,0.032967
9,1638,0.087912,0.032967
9,1639,0.087912,0.032967
9,1640,0.065934,0.032967
9,1641,0.043956,0.032967
9,1642,0.065934,0.032967
9,1643,0.076923,0.032967
9,1644,0.109890,0.032967
9,1645,0.098901,0.032967
9,1646,0.109890,0.032967
9,1647,0.087912,0.032967
9,1648,0.087912,0.032967
9,1649,0.087912,0.032967
9,1650,0.065934,0.032967
9,1651,0.032967,0.032967
9,1652,0.065934,0.032967
9,1653,0.087912,0.032967
9,1654,0.076923,0.032967
9,1655,0.076923,0.032967
9,1656,0.076923,0.032967
9,1657,0.098901,0.032967
9,1658,0.087912,0.032967
9,1659,0.098901,0.032967
9,1660,0.087912,0.032967
9,1661,0.120879,0.032967
9,1662,0.186813,0.032967
9,1663,0.153846,0.032967
9,1664,0.142857,0.032967
9,1665,0.153846,0.032967
9,1666,0.120879,0.032967
9,1667,0.076923,0.032967
9,1668,0.098901,0.032967
9,1669,0.131868,0.032967
9,1670,0.109890,0.032967
9,1671,0.109890,0.032967
9,1672,0.076923,0.032967
9,1673,0.076923,0.032967
9,1674,0.098901,0.032967
9,1675,0.098901,0.032967
9,1676,0.076923,0.032967
9,1677,0.098901,0.032967
9,1678,0.120879,0.032967
9,1679,0.109890,0.032967
9,1680,0.109890,0.032967
9,1681,0.153846,0.032967
9,1682,0.164835,0.032967
9,1683,0.131868,0.032967
9,1684,0.120879,0.032967
9,1685,0.131868,0.032967
9,1686,0.131868,0.032967
9,1687,0.120879,0.032967
9,1688,0.109890,0.032967
9,1689,0.109890,0.032967
9,1690,0.120879,0.032967
9,1691,0.109890,0.032967
9,1692,0.109890,0.032967
9,1693,0.109890,0.032967
9,1694,0.076923,0.032967
9,1695,0.076923,0.032967
9,1696,0.076923,0.032967
9,1697,0.065934,0.032967
9,1698,0.054945,0.032967
9,1699,0.065934,0.032967
9,1700,0.065934,0.032967
9,1701,0.087912,0.032967
9,1702,0.087912,0.032967
9,1703,0.098901,0.032967
9,1704,0.098901,0.032967
9,1705,0.065934,0.032967
9,1706,0.076923,0.032967
9,1707,0.098901,0.032967
9,1708,0.109890,0.032967
9,1709,0.109890,0.032967
9,1710,0.109890,0.032967
9,1711,0.098901,0.032967
9,1712,0.087912,0.032967
9,1713,0.098901,0.032967
9,1714,0.109890,0.032967
9,1715,0.098901,0.032967
9,1716,0.076923,0.032967
9,1717,0.098901,0.032967
9,1718,0.109890,0.032967
9,1719,0.098901,0.032967
9,1720,0.098901,0.032967
9,1721,0.098901,0.032967
9,1722,0.109890,0.032967
9,1723,0.109890,0.032967
9,1724,0.087912,0.032967
9,1725,0.109890,0.032967
9,1726,0.109890,0.032967
9,1727,0.109890,0.032967
9,1728,0.076923,0.032967
9,1729,0.087912,0.032967
9,1730,0.076923,0.032967
9,1731,0.065934,0.032967
9,1732,0.054945,0.032967
9,1733,0.054945,0.032967
9,1734,0.065934,0.032967
9,1735,0.054945,0.032967
9,1736,0.054945,0.032967
9,1737,0.054945,0.032967
9,1738,0.065934,0.032967
9,1739,0.076923,0.032967
9,1740,0.109890,0.032967
9,1741,0.109890,0.032967
9,1742,0.109890,0.032967
9,1743,0.131868,0.032967
9,1744,0.120879,0.032967
9,1745,0.109890,0.032967
9,1746,0.087912,0.032967
9,1747,0.087912,0.032967
9,1748,0.087912,0.032967
9,1749,0.098901,0.032967
9,1750,0.131868,0.032967
9,1751,0.120879,0.032967
9,1752,0.109890,0.032967
9,1753,0.109890,0.032967
9,1754,0.142857,0.032967
9,1755,0.175824,0.032967
9,1756,0.153846,0.032967
9,1757,0.175824,0.032967
9,1758,0.131868,0.032967
9,1759,0.153846,0.032967
9,1760,0.131868,0.032967
9,1761,0.153846,0.032967
9,1762,0.153846,0.032967
9,1763,0.131868,0.032967
9,1764,0.131868,0.032967
9,1765,0.131868,0.032967
9,1766,0.065934,0.032967
9,1767,0.131868,0.032967
9,1768,0.131868,0.032967
9,1769,0.120879,0.032967
9,1770,0.098901,0.032967
9,1771,0.109890,0.032967
9,1772,0.087912,0.032967
9,1773,0.109890,0.032967
9,1774,0.109890,0.032967
9,1775,0.087912,0.032967
9,1776,0.087912,0.032967
9,1777,0.098901,0.032967
9,1778,0.087912,0.032967
9,1779,0.098901,0.032967
9,1780,0.087912,0.032967
9,1781,0.098901,0.032967
9,1782,0.120879,0.032967
9,1783,0.131868,0.032967
9,1784,0.131868,0.032967
9,1785,0.131868,0.032967
9,1786,0.109890,0.032967
9,1787,0.109890,0.032967
9,1788,0.076923,0.032967
9,1789,0.076923,0.032967
9,1790,0.120879,0.032967
9,1791,0.142857,0.032967
9,1792,0.142857,0.032967
9,1793,0.142857,0.032967
9,1794,0.131868,0.032967
9,1795,0.098901,0.032967
9,1796,0.098901,0.032967
9,1797,0.076923,0.032967
9,1798,0.098901,0.032967
9,1799,0.098901,0.032967
9,1800,0.120879,0.032967
9,1801,0.120879,0.032967
9,1802,0.109890,0.032967
9,1803,0.098901,0.032967
9,1804,0.076923,0.032967
9,1805,0.065934,0.032967
9,1806,0.043956,0.032967
9,1807,0.043956,0.032967
9,1808,0.065934,0.032967
9,1809,0.065934,0.032967
9,1810,0.087912,0.032967
9,1811,0.087912,0.032967
9,1812,0.076923,0.032967
9,1813,0.065934,0.032967
9,1814,0.076923,0.032967
9,1815,0.065934,0.032967
9,1816,0.065934,0.032967
9,1817,0.076923,0.032967
9,1818,0.076923,0.032967
9,1819,0.098901,0.032967
9,1820,0.142857,0.032967
9,1821,0.131868,0.032967
9,1822,0.109890,0.032967
9,1823,0.109890,0.032967
9,1824,0.109890,0.032967
9,1825,0.131868,0.032967
9,1826,0.131868,0.032967
9,1827,0.142857,0.032967
9,1828,0.142857,0.032967
9,1829,0.164835,0.032967
9,1830,0.175824,0.032967
9,1831,0.153846,0.032967
9,1832,0.142857,0.032967
9,1833,0.120879,0.032967
9,1834,0.109890,0.032967
9,1835,0.120879,0.032967
9,1836,0.120879,0.032967
9,1837,0.120879,0.032967
9,1838,0.087912,0.032967
9,1839,0.065934,0.032967
9,1840,0.065934,0.032967
9,1841,0.054945,0.032967
9,1842,0.065934,0.032967
9,1843,0.087912,0.032967
9,1844,0.098901,0.032967
9,1845,0.109890,0.032967
9,1846,0.120879,0.032967
9,1847,0.120879,0.032967
9,1848,0.109890,0.032967
9,1849,0.087912,0.032967
9,1850,0.065934,0.032967
9,1851,0.054945,0.032967
9,1852,0.065934,0.032967
9,1853,0.076923,0.032967
9,1854,0.076923,0.032967
9,1855,0.109890,0.032967
9,1856,0.098901,0.032967
9,1857,0.087912,0.032967
9,1858,0.087912,0.032967
9,1859,0.087912,0.032967
9,1860,0.087912,0.032967
9,1861,0.087912,0.032967
9,1862,0.087912,0.032967
9,1863,0.076923,0.032967
9,1864,0.087912,0.032967
9,1865,0.109890,0.032967
9,1866,0.131868,0.032967
9,1867,0.131868,0.032967
9,1868,0.098901,0.032967
9,1869,0.098901,0.032967
9,1870,0.076923,0.032967
9,1871,0.087912,0.032967
9,1872,0.120879,0.032967
9,1873,0.131868,0.032967
9,1874,0.109890,0.032967
9,1875,0.109890,0.032967
9,1876,0.120879,0.032967
9,1877,0.142857,0.032967
9,1878,0.131868,0.032967
9,1879,0.131868,0.032967
9,1880,0.109890,0.032967
9,1881,0.109890,0.032967
9,1882,0.109890,0.032967
9,1883,0.098901,0.032967
9,1884,0.087912,0.032967
9,1885,0.098901,0.032967
9,1886,0.098901,0.032967
9,1887,0.098901,0.032967
9,1888,0.098901,0.032967
9,1889,0.109890,0.032967
9,1890,0.109890,0.032967
9,1891,0.076923,0.032967
9,1892,0.076923,0.032967
9,1893,0.087912,0.032967
9,1894,0.131868,0.032967
9,1895,0.131868,0.032967
9,1896,0.153846,0.032967
9,1897,0.109890,0.032967
9,1898,0.109890,0.032967
9,1899,0.109890,0.032967
9,1900,0.098901,0.032967
9,1901,0.109890,0.032967
9,1902,0.098901,0.032967
9,1903,0.131868,0.032967
9,1904,0.131868,0.032967
9,1905,0.131868,0.032967
9,1906,0.131868,0.032967
9,1907,0.120879,0.032967
9,1908,0.098901,0.032967
9,1909,0.131868,0.032967
9,1910,0.164835,0.032967
9,1911,0.164835,0.032967
9,1912,0.164835,0.032967
9,1913,0.153846,0.032967
9,1914,0.131868,0.032967
9,1915,0.109890,0.032967
9,1916,0.098901,0.032967
9,1917,0.153846,0.032967
9,1918,0.153846,0.032967
9,1919,0.142857,0.032967
9,1920,0.142857,0.032967
9,1921,0.142857,0.032967
9,1922,0.142857,0.032967
9,1923,0.142857,0.032967
9,1924,0.120879,0.032967
9,1925,0.131868,0.032967
9,1926,0.120879,0.032967
9,1927,0.076923,0.032967
9,1928,0.065934,0.032967
9,1929,0.076923,0.032967
9,1930,0.065934,0.032967
9,1931,0.076923,0.032967
9,1932,0.087912,0.032967
9,1933,0.109890,0.032967
9,1934,0.120879,0.032967
9,1935,0.109890,0.032967
9,1936,0.109890,0.032967
9,1937,0.120879,0.032967
9,1938,0.164835,0.032967
9,1939,0.175824,0.032967
9,1940,0.164835,0.032967
9,1941,0.186813,0.032967
9,1942,0.175824,0.032967
9,1943,0.175824,0.032967
9,1944,0.175824,0.032967
9,1945,0.142857,0.032967
9,1946,0.120879,0.032967
9,1947,0.142857,0.032967
9,1948,0.153846,0.032967
9,1949,0.131868,0.032967
9,1950,0.087912,0.032967
9,1951,0.043956,0.032967
9,1952,0.054945,0.032967
9,1953,0.054945,0.032967
9,1954,0.054945,0.032967
9,1955,0.065934,0.032967
9,1956,0.065934,0.032967
9,1957,0.065934,0.032967
9,1958,0.054945,0.032967
9,1959,0.043956,0.032967
9,1960,0.054945,0.032967
9,1961,0.076923,0.032967
9,1962,0.087912,0.032967
9,1963,0.098901,0.032967
9,1964,0.087912,0.032967
9,1965,0.098901,0.032967
9,1966,0.098901,0.032967
9,1967,0.120879,0.032967
9,1968,0.142857,0.032967
9,1969,0.153846,0.032967
9,1970,0.153846,0.032967
9,1971,0.153846,0.032967
9,1972,0.142857,0.032967
9,1973,0.142857,0.032967
9,1974,0.142857,0.032967
9,1975,0.120879,0.032967
9,1976,0.087912,0.032967
9,1977,0.087912,0.032967
9,1978,0.087912,0.032967
9,1979,0.076923,0.032967
9,1980,0.087912,0.032967
9,1981,0.076923,0.032967
9,1982,0.087912,0.032967
9,1983,0.076923,0.032967
9,1984,0.065934,0.032967
9,1985,0.098901,0.032967
9,1986,0.120879,0.032967
9,1987,0.109890,0.032967
9,1988,0.087912,0.032967
9,1989,0.098901,0.032967
9,1990,0.087912,0.032967
9,1991,0.098901,0.032967
9,1992,0.076923,0.032967
9,1993,0.043956,0.032967
9,1994,0.054945,0.032967
9,1995,0.065934,0.032967
9,1996,0.098901,0.032967
9,1997,0.120879,0.032967
9,1998,0.131868,0.032967
9,1999,0.131868,0.032967
9,2000,0.120879,0.032967
9,2001,0.087912,0.032967
9,2002,0.098901,0.032967
9,2003,0.065934,0.032967
9,2004,0.043956,0.032967
9,2005,0.043956,0.032967
9,2006,0.043956,0.032967
9,2007,0.043956,0.032967
9,2008,0.043956,0.032967
9,2009,0.043956,0.032967
9,2010,0.054945,0.032967
9,2011,0.043956,0.032967
9,2012,0.054945,0.032967
9,2013,0.054945,0.032967
9,2014,0.054945,0.032967
9,2015,0.054945,0.032967
9,2016,0.065934,0.032967
9,2017,0.054945,0.032967
9,2018,0.076923,0.032967
9,2019,0.065934,0.032967
9,2020,0.054945,0.032967
9,2021,0.054945,0.032967
9,2022,0.054945,0.032967
9,2023,0.076923,0.032967
9,2024,0.087912,0.032967
9,2025,0.087912,0.032967
9,2026,0.098901,0.032967
9,2027,0.076923,0.032967
9,2028,0.098901,0.032967
9,2029,0.087912,0.032967
9,2030,0.087912,0.032967
9,2031,0.076923,0.032967
9,2032,0.087912,0.032967
9,2033,0.098901,0.032967
9,2034,0.087912,0.032967
9,2035,0.065934,0.032967
9,2036,0.076923,0.032967
9,2037,0.065934,0.032967
9,2038,0.098901,0.032967
9,2039,0.120879,0.032967
9,2040,0.142857,0.032967
9,2041,0.120879,0.032967
9,2042,0.131868,0.032967
9,2043,0.131868,0.032967
9,2044,0.109890,0.032967
9,2045,0.120879,0.032967
9,2046,0.120879,0.032967
9,2047,0.109890,0.032967
9,2048,0.120879,0.032967
9,2049,0.120879,0.032967
9,2050,0.098901,0.032967
9,2051,0.109890,0.032967
9,2052,0.142857,0.032967
9,2053,0.131868,0.032967
9,2054,0.131868,0.032967
9,2055,0.142857,0.032967
9,2056,0.131868,0.032967
9,2057,0.131868,0.032967
9,2058,0.087912,0.032967
9,2059,0.087912,0.032967
9,2060,0.087912,0.032967
9,2061,0.076923,0.032967
9,2062,0.043956,0.032967
9,2063,0.054945,0.032967
9,2064,0.076923,0.032967
9,2065,0.087912,0.032967
9,2066,0.065934,0.032967
9,2067,0.065934,0.032967
9,2068,0.065934,0.032967
9,2069,0.087912,0.032967
9,2070,0.076923,0.032967
9,2071,0.043956,0.032967
9,2072,0.043956,0.032967
9,2073,0.065934,0.032967
9,2074,0.087912,0.032967
9,2075,0.098901,0.032967
9,2076,0.109890,0.032967
9,2077,0.142857,0.032967
9,2078,0.142857,0.032967
9,2079,0.142857,0.032967
9,2080,0.109890,0.032967
9,2081,0.098901,0.032967
9,2082,0.109890,0.032967
9,2083,0.109890,0.032967
9,2084,0.087912,0.032967
9,2085,0.087912,0.032967
9,2086,0.131868,0.032967
9,2087,0.120879,0.032967
9,2088,0.131868,0.032967
9,2089,0.142857,0.032967
9,2090,0.120879,0.032967
9,2091,0.131868,0.032967
9,2092,0.142857,0.032967
9,2093,0.142857,0.032967
9,2094,0.109890,0.032967
9,2095,0.164835,0.032967
9,2096,0.131868,0.032967
9,2097,0.142857,0.032967
9,2098,0.186813,0.032967
9,2099,0.186813,0.032967
9,2100,0.153846,0.032967
9,2101,0.153846,0.032967
9,2102,0.142857,0.032967
9,2103,0.131868,0.032967
9,2104,0.131868,0.032967
9,2105,0.131868,0.032967
9,2106,0.131868,0.032967
9,2107,0.131868,0.032967
9,2108,0.131868,0.032967
9,2109,0.131868,0.032967
9,2110,0.109890,0.032967
9,2111,0.109890,0.032967
9,2112,0.109890,0.032967
9,2113,0.098901,0.032967
9,2114,0.076923,0.032967
9,2115,0.065934,0.032967
9,2116,0.076923,0.032967
9,2117,0.065934,0.032967
9,2118,0.065934,0.032967
9,2119,0.087912,0.032967
9,2120,0.065934,0.032967
9,2121,0.065934,0.032967
9,2122,0.065934,0.032967
9,2123,0.065934,0.032967
9,2124,0.065934,0.032967
9,2125,0.065934,0.032967
9,2126,0.065934,0.032967
9,2127,0.098901,0.032967
9,2128,0.098901,0.032967
9,2129,0.120879,0.032967
9,2130,0.153846,0.032967
9,2131,0.153846,0.032967
9,2132,0.153846,0.032967
9,2133,0.153846,0.032967
9,2134,0.186813,0.032967
9,2135,0.186813,0.032967
9,2136,0.131868,0.032967
9,2137,0.109890,0.032967
9,2138,0.164835,0.032967
9,2139,0.109890,0.032967
9,2140,0.098901,0.032967
9,2141,0.120879,0.032967
9,2142,0.120879,0.032967
9,2143,0.120879,0.032967
9,2144,0.098901,0.032967
9,2145,0.098901,0.032967
9,2146,0.087912,0.032967
9,2147,0.098901,0.032967
9,2148,0.098901,0.032967
9,2149,0.076923,0.032967
9,2150,0.087912,0.032967
9,2151,0.087912,0.032967
9,2152,0.087912,0.032967
9,2153,0.087912,0.032967
9,2154,0.109890,0.032967
9,2155,0.120879,0.032967
9,2156,0.153846,0.032967
9,2157,0.131868,0.032967
9,2158,0.120879,0.032967
9,2159,0.109890,0.032967
9,2160,0.098901,0.032967
9,2161,0.087912,0.032967
9,2162,0.087912,0.032967
9,2163,0.076923,0.032967
9,2164,0.076923,0.032967
9,2165,0.076923,0.032967
9,2166,0.087912,0.032967
9,2167,0.065934,0.032967
9,2168,0.076923,0.032967
9,2169,0.076923,0.032967
9,2170,0.054945,0.032967
9,2171,0.076923,0.032967
9,2172,0.087912,0.032967
9,2173,0.098901,0.032967
9,2174,0.076923,0.032967
9,2175,0.076923,0.032967
9,2176,0.065934,0.032967
9,2177,0.065934,0.032967
9,2178,0.065934,0.032967
9,2179,0.043956,0.032967
9,2180,0.043956,0.032967
9,2181,0.054945,0.032967
9,2182,0.054945,0.032967
9,2183,0.065934,0.032967
9,2184,0.076923,0.032967
9,2185,0.087912,0.032967
9,2186,0.065934,0.032967
9,2187,0.087912,0.032967
9,2188,0.087912,0.032967
9,2189,0.087912,0.032967
9,2190,0.131868,0.032967
9,2191,0.109890,0.032967
9,2192,0.109890,0.032967
9,2193,0.087912,0.032967
9,2194,0.109890,0.032967
9,2195,0.120879,0.032967
9,2196,0.131868,0.032967
9,2197,0.098901,0.032967
9,2198,0.087912,0.032967
9,2199,0.087912,0.032967
9,2200,0.098901,0.032967
9,2201,0.098901,0.032967
9,2202,0.109890,0.032967
9,2203,0.098901,0.032967
9,2204,0.098901,0.032967
9,2205,0.098901,0.032967
9,2206,0.131868,0.032967
9,2207,0.131868,0.032967
9,2208,0.120879,0.032967
9,2209,0.131868,0.032967
9,2210,0.131868,0.032967
9,2211,0.109890,0.032967
9,2212,0.109890,0.032967
9,2213,0.120879,0.032967
9,2214,0.098901,0.032967
9,2215,0.098901,0.032967
9,2216,0.087912,0.032967
9,2217,0.087912,0.032967
9,2218,0.087912,0.032967
9,2219,0.098901,0.032967
9,2220,0.098901,0.032967
9,2221,0.098901,0.032967
9,2222,0.087912,0.032967
9,2223,0.076923,0.032967
9,2224,0.076923,0.032967
9,2225,0.076923,0.032967
9,2226,0.076923,0.032967
9,2227,0.087912,0.032967
9,2228,0.087912,0.032967
9,2229,0.087912,0.032967
9,2230,0.076923,0.032967
9,2231,0.065934,0.032967
9,2232,0.065934,0.032967
9,2233,0.065934,0.032967
9,2234,0.087912,0.032967
9,2235,0.098901,0.032967
9,2236,0.131868,0.032967
9,2237,0.131868,0.032967
9,2238,0.131868,0.032967
9,2239,0.142857,0.032967
9,2240,0.120879,0.032967
9,2241,0.087912,0.032967
9,2242,0.087912,0.032967
9,2243,0.087912,0.032967
9,2244,0.109890,0.032967
9,2245,0.142857,0.032967
9,2246,0.120879,0.032967
9,2247,0.087912,0.032967
9,2248,0.098901,0.032967
9,2249,0.065934,0.032967
9,2250,0.076923,0.032967
9,2251,0.098901,0.032967
9,2252,0.098901,0.032967
9,2253,0.076923,0.032967
9,2254,0.076923,0.032967
9,2255,0.065934,0.032967
9,2256,0.054945,0.032967
9,2257,0.054945,0.032967
9,2258,0.054945,0.032967
9,2259,0.065934,0.032967
9,2260,0.076923,0.032967
9,2261,0.076923,0.032967
9,2262,0.076923,0.032967
9,2263,0.087912,0.032967
9,2264,0.065934,0.032967
9,2265,0.087912,0.032967
9,2266,0.109890,0.032967
9,2267,0.098901,0.032967
9,2268,0.098901,0.032967
9,2269,0.087912,0.032967
9,2270,0.098901,0.032967
9,2271,0.153846,0.032967
9,2272,0.153846,0.032967
9,2273,0.164835,0.032967
9,2274,0.142857,0.032967
9,2275,0.131868,0.032967
9,2276,0.120879,0.032967
9,2277,0.098901,0.032967
9,2278,0.098901,0.032967
9,2279,0.109890,0.032967
9,2280,0.120879,0.032967
9,2281,0.120879,0.032967
9,2282,0.098901,0.032967
9,2283,0.098901,0.032967
9,2284,0.065934,0.032967
9,2285,0.065934,0.032967
9,2286,0.032967,0.032967
9,2287,0.054945,0.032967
9,2288,0.043956,0.032967
9,2289,0.054945,0.032967
9,2290,0.054945,0.032967
9,2291,0.054945,0.032967
9,2292,0.054945,0.032967
9,2293,0.065934,0.032967
9,2294,0.043956,0.032967
9,2295,0.076923,0.032967
9,2296,0.076923,0.032967
9,2297,0.076923,0.032967
9,2298,0.087912,0.032967
9,2299,0.087912,0.032967
9,2300,0.087912,0.032967
9,2301,0.087912,0.032967
9,2302,0.065934,0.032967
9,2303,0.065934,0.032967
9,2304,0.065934,0.032967
9,2305,0.065934,0.032967
9,2306,0.065934,0.032967
9,2307,0.076923,0.032967
9,2308,0.076923,0.032967
9,2309,0.087912,0.032967
9,2310,0.109890,0.032967
9,2311,0.131868,0.032967
9,2312,0.131868,0.032967
9,2313,0.131868,0.032967
9,2314,0.120879,0.032967
9,2315,0.098901,0.032967
9,2316,0.098901,0.032967
9,2317,0.087912,0.032967
9,2318,0.076923,0.032967
9,2319,0.087912,0.032967
9,2320,0.065934,0.032967
9,2321,0.065934,0.032967
9,2322,0.065934,0.032967
9,2323,0.054945,0.032967
9,2324,0.054945,0.032967
9,2325,0.076923,0.032967
9,2326,0.065934,0.032967
9,2327,0.098901,0.032967
9,2328,0.065934,0.032967
9,2329,0.076923,0.032967
9,2330,0.087912,0.032967
9,2331,0.098901,0.032967
9,2332,0.065934,0.032967
9,2333,0.076923,0.032967
9,2334,0.065934,0.032967
9,2335,0.054945,0.032967
9,2336,0.054945,0.032967
9,2337,0.076923,0.032967
9,2338,0.054945,0.032967
9,2339,0.098901,0.032967
9,2340,0.087912,0.032967
9,2341,0.098901,0.032967
9,2342,0.098901,0.032967
9,2343,0.076923,0.032967
9,2344,0.076923,0.032967
9,2345,0.076923,0.032967
9,2346,0.076923,0.032967
9,2347,0.087912,0.032967
9,2348,0.076923,0.032967
9,2349,0.076923,0.032967
9,2350,0.076923,0.032967
9,2351,0.087912,0.032967
9,2352,0.076923,0.032967
9,2353,0.054945,0.032967
9,2354,0.054945,0.032967
9,2355,0.065934,0.032967
9,2356,0.065934,0.032967
9,2357,0.087912,0.032967
9,2358,0.087912,0.032967
9,2359,0.076923,0.032967
9,2360,0.098901,0.032967
9,2361,0.098901,0.032967
9,2362,0.098901,0.032967
9,2363,0.076923,0.032967
9,2364,0.098901,0.032967
9,2365,0.087912,0.032967
9,2366,0.065934,0.032967
9,2367,0.087912,0.032967
9,2368,0.087912,0.032967
9,2369,0.098901,0.032967
9,2370,0.098901,0.032967
9,2371,0.076923,0.032967
9,2372,0.076923,0.032967
9,2373,0.087912,0.032967
9,2374,0.065934,0.032967
9,2375,0.098901,0.032967
9,2376,0.065934,0.032967
9,2377,0.065934,0.032967
9,2378,0.076923,0.032967
9,2379,0.076923,0.032967
9,2380,0.087912,0.032967
9,2381,0.087912,0.032967
9,2382,0.087912,0.032967
9,2383,0.065934,0.032967
9,2384,0.065934,0.032967
9,2385,0.076923,0.032967
9,2386,0.087912,0.032967
9,2387,0.109890,0.032967
9,2388,0.109890,0.032967
9,2389,0.109890,0.032967
9,2390,0.076923,0.032967
9,2391,0.098901,0.032967
9,2392,0.098901,0.032967
9,2393,0.120879,0.032967
9,2394,0.153846,0.032967
9,2395,0.164835,0.032967
9,2396,0.131868,0.032967
9,2397,0.109890,0.032967
9,2398,0.109890,0.032967
9,2399,0.109890,0.032967
9,2400,0.120879,0.032967
9,2401,0.065934,0.032967
9,2402,0.054945,0.032967
9,2403,0.098901,0.032967
9,2404,0.098901,0.032967
9,2405,0.098901,0.032967
9,2406,0.098901,0.032967
9,2407,0.109890,0.032967
9,2408,0.109890,0.032967
9,2409,0.109890,0.032967
9,2410,0.076923,0.032967
9,2411,0.076923,0.032967
9,2412,0.076923,0.032967
9,2413,0.076923,0.032967
9,2414,0.087912,0.032967
9,2415,0.087912,0.032967
9,2416,0.087912,0.032967
9,2417,0.087912,0.032967
9,2418,0.109890,0.032967
9,2419,0.120879,0.032967
9,2420,0.131868,0.032967
9,2421,0.109890,0.032967
9,2422,0.098901,0.032967
9,2423,0.065934,0.032967
9,2424,0.065934,0.032967
9,2425,0.065934,0.032967
9,2426,0.065934,0.032967
9,2427,0.065934,0.032967
9,2428,0.065934,0.032967
9,2429,0.076923,0.032967
9,2430,0.076923,0.032967
9,2431,0.065934,0.032967
9,2432,0.087912,0.032967
9,2433,0.087912,0.032967
9,2434,0.065934,0.032967
9,2435,0.076923,0.032967
9,2436,0.076923,0.032967
9,2437,0.076923,0.032967
9,2438,0.087912,0.032967
9,2439,0.087912,0.032967
9,2440,0.087912,0.032967
9,2441,0.087912,0.032967
9,2442,0.076923,0.032967
9,2443,0.065934,0.032967
9,2444,0.065934,0.032967
9,2445,0.098901,0.032967
9,2446,0.098901,0.032967
9,2447,0.087912,0.032967
9,2448,0.098901,0.032967
9,2449,0.131868,0.032967
9,2450,0.131868,0.032967
9,2451,0.142857,0.032967
9,2452,0.164835,0.032967
9,2453,0.164835,0.032967
9,2454,0.175824,0.032967
9,2455,0.175824,0.032967
9,2456,0.164835,0.032967
9,2457,0.142857,0.032967
9,2458,0.142857,0.032967
9,2459,0.153846,0.032967
9,2460,0.109890,0.032967
9,2461,0.109890,0.032967
9,2462,0.109890,0.032967
9,2463,0.109890,0.032967
9,2464,0.109890,0.032967
9,2465,0.109890,0.032967
9,2466,0.098901,0.032967
9,2467,0.098901,0.032967
9,2468,0.109890,0.032967
9,2469,0.109890,0.032967
9,2470,0.109890,0.032967
9,2471,0.087912,0.032967
9,2472,0.087912,0.032967
9,2473,0.120879,0.032967
9,2474,0.109890,0.032967
9,2475,0.109890,0.032967
9,2476,0.109890,0.032967
9,2477,0.098901,0.032967
9,2478,0.098901,0.032967
9,2479,0.076923,0.032967
9,2480,0.076923,0.032967
9,2481,0.076923,0.032967
9,2482,0.098901,0.032967
9,2483,0.098901,0.032967
9,2484,0.131868,0.032967
9,2485,0.120879,0.032967
9,2486,0.120879,0.032967
9,2487,0.153846,0.032967
9,2488,0.120879,0.032967
9,2489,0.142857,0.032967
9,2490,0.120879,0.032967
9,2491,0.120879,0.032967
9,2492,0.120879,0.032967
9,2493,0.153846,0.032967
9,2494,0.120879,0.032967
9,2495,0.131868,0.032967
9,2496,0.131868,0.032967
9,2497,0.142857,0.032967
9,2498,0.098901,0.032967
9,2499,0.098901,0.032967
9,2500,0.098901,0.032967
9,2501,0.098901,0.032967
9,2502,0.098901,0.032967
9,2503,0.087912,0.032967
9,2504,0.076923,0.032967
9,2505,0.076923,0.032967
9,2506,0.087912,0.032967
9,2507,0.098901,0.032967
9,2508,0.120879,0.032967
9,2509,0.120879,0.032967
9,2510,0.098901,0.032967
9,2511,0.087912,0.032967
9,2512,0.098901,0.032967
9,2513,0.098901,0.032967
9,2514,0.098901,0.032967
9,2515,0.098901,0.032967
9,2516,0.098901,0.032967
9,2517,0.098901,0.032967
9,2518,0.076923,0.032967
9,2519,0.076923,0.032967
9,2520,0.076923,0.032967
9,2521,0.076923,0.032967
9,2522,0.076923,0.032967
9,2523,0.076923,0.032967
9,2524,0.076923,0.032967
9,2525,0.043956,0.032967
9,2526,0.043956,0.032967
9,2527,0.054945,0.032967
9,2528,0.087912,0.032967
9,2529,0.087912,0.032967
9,2530,0.098901,0.032967
9,2531,0.065934,0.032967
9,2532,0.065934,0.032967
9,2533,0.065934,0.032967
9,2534,0.076923,0.032967
9,2535,0.054945,0.032967
9,2536,0.054945,0.032967
9,2537,0.043956,0.032967
9,2538,0.043956,0.032967
9,2539,0.043956,0.032967
9,2540,0.043956,0.032967
9,2541,0.043956,0.032967
9,2542,0.076923,0.032967
9,2543,0.098901,0.032967
9,2544,0.098901,0.032967
9,2545,0.120879,0.032967
9,2546,0.109890,0.032967
9,2547,0.076923,0.032967
9,2548,0.120879,0.032967
9,2549,0.120879,0.032967
9,2550,0.076923,0.032967
9,2551,0.076923,0.032967
9,2552,0.043956,0.032967
9,2553,0.043956,0.032967
9,2554,0.054945,0.032967
9,2555,0.065934,0.032967
9,2556,0.054945,0.032967
9,2557,0.043956,0.032967
9,2558,0.043956,0.032967
9,2559,0.054945,0.032967
9,2560,0.043956,0.032967
9,2561,0.065934,0.032967
9,2562,0.065934,0.032967
9,2563,0.065934,0.032967
9,2564,0.065934,0.032967
9,2565,0.065934,0.032967
9,2566,0.043956,0.032967
9,2567,0.043956,0.032967
9,2568,0.043956,0.032967
9,2569,0.054945,0.032967
9,2570,0.054945,0.032967
9,2571,0.054945,0.032967
9,2572,0.054945,0.032967
9,2573,0.054945,0.032967
9,2574,0.054945,0.032967
9,2575,0.065934,0.032967
9,2576,0.065934,0.032967
9,2577,0.054945,0.032967
9,2578,0.054945,0.032967
9,2579,0.054945,0.032967
9,2580,0.076923,0.032967
9,2581,0.098901,0.032967
9,2582,0.131868,0.032967
9,2583,0.120879,0.032967
9,2584,0.109890,0.032967
9,2585,0.087912,0.032967
9,2586,0.076923,0.032967
9,2587,0.076923,0.032967
9,2588,0.065934,0.032967
9,2589,0.065934,0.032967
9,2590,0.087912,0.032967
9,2591,0.065934,0.032967
9,2592,0.043956,0.032967
9,2593,0.054945,0.032967
9,2594,0.076923,0.032967
9,2595,0.087912,0.032967
9,2596,0.076923,0.032967
9,2597,0.076923,0.032967
9,2598,0.076923,0.032967
9,2599,0.065934,0.032967
9,2600,0.076923,0.032967
9,2601,0.065934,0.032967
9,2602,0.065934,0.032967
9,2603,0.065934,0.032967
9,2604,0.076923,0.032967
9,2605,0.109890,0.032967
9,2606,0.120879,0.032967
9,2607,0.109890,0.032967
9,2608,0.109890,0.032967
9,2609,0.098901,0.032967
9,2610,0.098901,0.032967
9,2611,0.098901,0.032967
9,2612,0.098901,0.032967
9,2613,0.098901,0.032967
9,2614,0.098901,0.032967
9,2615,0.109890,0.032967
9,2616,0.065934,0.032967
9,2617,0.065934,0.032967
9,2618,0.076923,0.032967
9,2619,0.076923,0.032967
9,2620,0.076923,0.032967
9,2621,0.076923,0.032967
9,2622,0.098901,0.032967
9,2623,0.076923,0.032967
9,2624,0.076923,0.032967
9,2625,0.098901,0.032967
9,2626,0.076923,0.032967
9,2627,0.087912,0.032967
9,2628,0.087912,0.032967
9,2629,0.098901,0.032967
9,2630,0.098901,0.032967
9,2631,0.087912,0.032967
9,2632,0.087912,0.032967
9,2633,0.098901,0.032967
9,2634,0.098901,0.032967
9,2635,0.098901,0.032967
9,2636,0.109890,0.032967
9,2637,0.098901,0.032967
9,2638,0.098901,0.032967
9,2639,0.098901,0.032967
9,2640,0.098901,0.032967
9,2641,0.098901,0.032967
9,2642,0.098901,0.032967
9,2643,0.098901,0.032967
9,2644,0.098901,0.032967
9,2645,0.098901,0.032967
9,2646,0.098901,0.032967
9,2647,0.076923,0.032967
9,2648,0.076923,0.032967
9,2649,0.076923,0.032967
9,2650,0.087912,0.032967
9,2651,0.098901,0.032967
9,2652,0.098901,0.032967
9,2653,0.109890,0.032967
9,2654,0.109890,0.032967
9,2655,0.109890,0.032967
9,2656,0.109890,0.032967
9,2657,0.120879,0.032967
9,2658,0.109890,0.032967
9,2659,0.098901,0.032967
9,2660,0.109890,0.032967
9,2661,0.109890,0.032967
9,2662,0.098901,0.032967
9,2663,0.109890,0.032967
9,2664,0.109890,0.032967
9,2665,0.098901,0.032967
9,2666,0.087912,0.032967
9,2667,0.098901,0.032967
9,2668,0.098901,0.032967
9,2669,0.076923,0.032967
9,2670,0.076923,0.032967
9,2671,0.076923,0.032967
9,2672,0.076923,0.032967
9,2673,0.076923,0.032967
9,2674,0.076923,0.032967
9,2675,0.076923,0.032967
9,2676,0.076923,0.032967
9,2677,0.076923,0.032967
9,2678,0.076923,0.032967
9,2679,0.076923,0.032967
9,2680,0.054945,0.032967
9,2681,0.054945,0.032967
9,2682,0.054945,0.032967
9,2683,0.032967,0.032967
9,2684,0.032967,0.032967
9,2685,0.032967,0.032967
9,2686,0.032967,0.032967
9,2687,0.032967,0.032967
9,2688,0.032967,0.032967
9,2689,0.065934,0.032967
9,2690,0.065934,0.032967
9,2691,0.065934,0.032967
9,2692,0.065934,0.032967
9,2693,0.054945,0.032967
9,2694,0.043956,0.032967
9,2695,0.054945,0.032967
9,2696,0.065934,0.032967
9,2697,0.087912,0.032967
9,2698,0.087912,0.032967
9,2699,0.087912,0.032967
9,2700,0.109890,0.032967
9,2701,0.109890,0.032967
9,2702,0.109890,0.032967
9,2703,0.098901,0.032967
9,2704,0.098901,0.032967
9,2705,0.087912,0.032967
9,2706,0.065934,0.032967
9,2707,0.043956,0.032967
9,2708,0.054945,0.032967
9,2709,0.054945,0.032967
9,2710,0.054945,0.032967
9,2711,0.054945,0.032967
9,2712,0.065934,0.032967
9,2713,0.065934,0.032967
9,2714,0.065934,0.032967
9,2715,0.076923,0.032967
9,2716,0.076923,0.032967
9,2717,0.076923,0.032967
9,2718,0.076923,0.032967
9,2719,0.076923,0.032967
9,2720,0.076923,0.032967
9,2721,0.076923,0.032967
9,2722,0.098901,0.032967
9,2723,0.076923,0.032967
9,2724,0.076923,0.032967
9,2725,0.087912,0.032967
9,2726,0.087912,0.032967
9,2727,0.065934,0.032967
9,2728,0.065934,0.032967
9,2729,0.065934,0.032967
9,2730,0.065934,0.032967
9,2731,0.054945,0.032967
9,2732,0.065934,0.032967
9,2733,0.065934,0.032967
9,2734,0.065934,0.032967
9,2735,0.065934,0.032967
9,2736,0.065934,0.032967
9,2737,0.054945,0.032967
9,2738,0.054945,0.032967
9,2739,0.054945,0.032967
9,2740,0.065934,0.032967
9,2741,0.032967,0.032967
9,2742,0.021978,0.021978
9,2743,0.021978,0.021978
9,2744,0.032967,0.021978
9,2745,0.032967,0.021978
9,2746,0.032967,0.021978
9,2747,0.032967,0.021978
9,2748,0.032967,0.021978
9,2749,0.032967,0.021978
9,2750,0.054945,0.021978
9,2751,0.054945,0.021978
9,2752,0.054945,0.021978
9,2753,0.054945,0.021978
9,2754,0.054945,0.021978
9,2755,0.054945,0.021978
9,2756,0.043956,0.021978
9,2757,0.043956,0.021978
9,2758,0.043956,0.021978
9,2759,0.043956,0.021978
9,2760,0.065934,0.021978
9,2761,0.065934,0.021978
9,2762,0.043956,0.021978
9,2763,0.043956,0.021978
9,2764,0.043956,0.021978
9,2765,0.054945,0.021978
9,2766,0.043956,0.021978
9,2767,0.043956,0.021978
9,2768,0.043956,0.021978
9,2769,0.043956,0.021978
9,2770,0.065934,0.021978
9,2771,0.065934,0.021978
9,2772,0.065934,0.021978
9,2773,0.087912,0.021978
9,2774,0.087912,0.021978
9,2775,0.087912,0.021978
9,2776,0.098901,0.021978
9,2777,0.098901,0.021978
9,2778,0.098901,0.021978
9,2779,0.087912,0.021978
9,2780,0.087912,0.021978
9,2781,0.076923,0.021978
9,2782,0.076923,0.021978
9,2783,0.120879,0.021978
9,2784,0.120879,0.021978
9,2785,0.098901,0.021978
9,2786,0.098901,0.021978
9,2787,0.098901,0.021978
9,2788,0.098901,0.021978
9,2789,0.076923,0.021978
9,2790,0.076923,0.021978
9,2791,0.098901,0.021978
9,2792,0.098901,0.021978
9,2793,0.098901,0.021978
9,2794,0.098901,0.021978
9,2795,0.098901,0.021978
9,2796,0.109890,0.021978
9,2797,0.098901,0.021978
9,2798,0.098901,0.021978
9,2799,0.098901,0.021978
9,2800,0.098901,0.021978
9,2801,0.054945,0.021978
9,2802,0.076923,0.021978
9,2803,0.076923,0.021978
9,2804,0.120879,0.021978
9,2805,0.120879,0.021978
9,2806,0.120879,0.021978
9,2807,0.109890,0.021978
9,2808,0.087912,0.021978
9,2809,0.087912,0.021978
9,2810,0.087912,0.021978
9,2811,0.087912,0.021978
9,2812,0.087912,0.021978
9,2813,0.087912,0.021978
9,2814,0.087912,0.021978
9,2815,0.054945,0.021978
9,2816,0.054945,0.021978
9,2817,0.054945,0.021978
9,2818,0.054945,0.021978
9,2819,0.043956,0.021978
9,2820,0.043956,0.021978
9,2821,0.065934,0.021978
9,2822,0.065934,0.021978
9,2823,0.065934,0.021978
9,2824,0.076923,0.021978
9,2825,0.065934,0.021978
9,2826,0.076923,0.021978
9,2827,0.076923,0.021978
9,2828,0.076923,0.021978
9,2829,0.076923,0.021978
9,2830,0.076923,0.021978
9,2831,0.076923,0.021978
9,2832,0.087912,0.021978
9,2833,0.098901,0.021978
9,2834,0.098901,0.021978
9,2835,0.098901,0.021978
9,2836,0.087912,0.021978
9,2837,0.065934,0.021978
9,2838,0.065934,0.021978
9,2839,0.054945,0.021978
9,2840,0.054945,0.021978
9,2841,0.054945,0.021978
9,2842,0.054945,0.021978
9,2843,0.054945,0.021978
9,2844,0.054945,0.021978
9,2845,0.054945,0.021978
9,2846,0.054945,0.021978
9,2847,0.054945,0.021978
9,2848,0.054945,0.021978
9,2849,0.054945,0.021978
9,2850,0.043956,0.021978
9,2851,0.054945,0.021978
9,2852,0.054945,0.021978
9,2853,0.054945,0.021978
9,2854,0.076923,0.021978
9,2855,0.076923,0.021978
9,2856,0.054945,0.021978
9,2857,0.065934,0.021978
9,2858,0.065934,0.021978
9,2859,0.065934,0.021978
9,2860,0.065934,0.021978
9,2861,0.065934,0.021978
9,2862,0.054945,0.021978
9,2863,0.054945,0.021978
9,2864,0.043956,0.021978
9,2865,0.054945,0.021978
9,2866,0.054945,0.021978
9,2867,0.054945,0.021978
9,2868,0.054945,0.021978
9,2869,0.065934,0.021978
9,2870,0.065934,0.021978
9,2871,0.087912,0.021978
9,2872,0.065934,0.021978
9,2873,0.054945,0.021978
9,2874,0.054945,0.021978
9,2875,0.054945,0.021978
9,2876,0.054945,0.021978
9,2877,0.054945,0.021978
9,2878,0.054945,0.021978
9,2879,0.054945,0.021978
9,2880,0.054945,0.021978
9,2881,0.054945,0.021978
9,2882,0.054945,0.021978
9,2883,0.054945,0.021978
9,2884,0.054945,0.021978
9,2885,0.054945,0.021978
9,2886,0.054945,0.021978
9,2887,0.043956,0.021978
9,2888,0.043956,0.021978
9,2889,0.054945,0.021978
9,2890,0.054945,0.021978
9,2891,0.054945,0.021978
9,2892,0.054945,0.021978
9,2893,0.054945,0.021978
9,2894,0.054945,0.021978
9,2895,0.054945,0.021978
9,2896,0.054945,0.021978
9,2897,0.054945,0.021978
9,2898,0.065934,0.021978
9,2899,0.065934,0.021978
9,2900,0.076923,0.021978
9,2901,0.054945,0.021978
9,2902,0.054945,0.021978
9,2903,0.054945,0.021978
9,2904,0.054945,0.021978
9,2905,0.054945,0.021978
9,2906,0.054945,0.021978
9,2907,0.054945,0.021978
9,2908,0.054945,0.021978
9,2909,0.054945,0.021978
9,2910,0.054945,0.021978
9,2911,0.054945,0.021978
9,2912,0.054945,0.021978
9,2913,0.054945,0.021978
9,2914,0.054945,0.021978
9,2915,0.054945,0.021978
9,2916,0.054945,0.021978
9,2917,0.054945,0.021978
9,2918,0.054945,0.021978
9,2919,0.054945,0.021978
9,2920,0.054945,0.021978
9,2921,0.054945,0.021978
9,2922,0.054945,0.021978
9,2923,0.076923,0.021978
9,2924,0.054945,0.021978
9,2925,0.065934,0.021978
9,2926,0.065934,0.021978
9,2927,0.065934,0.021978
9,2928,0.076923,0.021978
9,2929,0.076923,0.021978
9,2930,0.054945,0.021978
9,2931,0.054945,0.021978
9,2932,0.054945,0.021978
9,2933,0.054945,0.021978
9,2934,0.054945,0.021978
9,2935,0.043956,0.021978
9,2936,0.043956,0.021978
9,2937,0.043956,0.021978
9,2938,0.054945,0.021978
9,2939,0.054945,0.021978
9,2940,0.054945,0.021978
9,2941,0.054945,0.021978
9,2942,0.054945,0.021978
9,2943,0.065934,0.021978
9,2944,0.065934,0.021978
9,2945,0.065934,0.021978
9,2946,0.065934,0.021978
9,2947,0.054945,0.021978
9,2948,0.054945,0.021978
9,2949,0.054945,0.021978
9,2950,0.054945,0.021978
9,2951,0.054945,0.021978
9,2952,0.065934,0.021978
9,2953,0.054945,0.021978
9,2954,0.054945,0.021978
9,2955,0.032967,0.021978
9,2956,0.043956,0.021978
9,2957,0.043956,0.021978
9,2958,0.043956,0.021978
9,2959,0.043956,0.021978
9,2960,0.054945,0.021978
9,2961,0.054945,0.021978
9,2962,0.054945,0.021978
9,2963,0.054945,0.021978
9,2964,0.054945,0.021978
9,2965,0.054945,0.021978
9,2966,0.054945,0.021978
9,2967,0.043956,0.021978
9,2968,0.043956,0.021978
9,2969,0.043956,0.021978
9,2970,0.043956,0.021978
9,2971,0.043956,0.021978
9,2972,0.043956,0.021978
9,2973,0.043956,0.021978
9,2974,0.043956,0.021978
9,2975,0.043956,0.021978
9,2976,0.043956,0.021978
9,2977,0.043956,0.021978
9,2978,0.043956,0.021978
9,2979,0.043956,0.021978
9,2980,0.043956,0.021978
9,2981,0.054945,0.021978
9,2982,0.043956,0.021978
9,2983,0.043956,0.021978
9,2984,0.043956,0.021978
9,2985,0.054945,0.021978
9,2986,0.054945,0.021978
9,2987,0.043956,0.021978
9,2988,0.043956,0.021978
9,2989,0.054945,0.021978
9,2990,0.065934,0.021978
9,2991,0.065934,0.021978
9,2992,0.065934,0.021978
9,2993,0.065934,0.021978
9,2994,0.065934,0.021978
9,2995,0.065934,0.021978
9,2996,0.065934,0.021978
9,2997,0.054945,0.021978
9,2998,0.054945,0.021978
9,2999,0.065934,0.021978
9,3000,0.065934,0.021978
9,3001,0.065934,0.021978
9,3002,0.054945,0.021978
9,3003,0.054945,0.021978
9,3004,0.054945,0.021978
9,3005,0.065934,0.021978
9,3006,0.065934,0.021978
9,3007,0.065934,0.021978
9,3008,0.065934,0.021978
9,3009,0.065934,0.021978
9,3010,0.065934,0.021978
9,3011,0.065934,0.021978
9,3012,0.054945,0.021978
9,3013,0.054945,0.021978
9,3014,0.054945,0.021978
9,3015,0.054945,0.021978
9,3016,0.043956,0.021978
9,3017,0.043956,0.021978
9,3018,0.043956,0.021978
9,3019,0.032967,0.021978
9,3020,0.032967,0.021978
9,3021,0.043956,0.021978
9,3022,0.054945,0.021978
9,3023,0.054945,0.021978
9,3024,0.065934,0.021978
9,3025,0.065934,0.021978
9,3026,0.076923,0.021978
9,3027,0.076923,0.021978
9,3028,0.076923,0.021978
9,3029,0.076923,0.021978
9,3030,0.065934,0.021978
9,3031,0.065934,0.021978
9,3032,0.054945,0.021978
9,3033,0.054945,0.021978
9,3034,0.043956,0.021978
9,3035,0.043956,0.021978
9,3036,0.032967,0.021978
9,3037,0.032967,0.021978
9,3038,0.032967,0.021978
9,3039,0.032967,0.021978
9,3040,0.032967,0.021978
9,3041,0.032967,0.021978
9,3042,0.032967,0.021978
9,3043,0.032967,0.021978
9,3044,0.032967,0.021978
9,3045,0.032967,0.021978
9,3046,0.032967,0.021978
9,3047,0.032967,0.021978
9,3048,0.032967,0.021978
9,3049,0.032967,0.021978
9,3050,0.032967,0.021978
9,3051,0.032967,0.021978
9,3052,0.032967,0.021978
9,3053,0.032967,0.021978
9,3054,0.032967,0.021978
9,3055,0.032967,0.021978
9,3056,0.032967,0.021978
9,3057,0.032967,0.021978
9,3058,0.032967,0.021978
9,3059,0.032967,0.021978
9,3060,0.032967,0.021978
9,3061,0.032967,0.021978
9,3062,0.032967,0.021978
9,3063,0.032967,0.021978
9,3064,0.043956,0.021978
9,3065,0.043956,0.021978
9,3066,0.043956,0.021978
9,3067,0.032967,0.021978
9,3068,0.032967,0.021978
9,3069,0.032967,0.021978
9,3070,0.032967,0.021978
9,3071,0.032967,0.021978
9,3072,0.032967,0.021978
9,3073,0.032967,0.021978
9,3074,0.032967,0.021978
9,3075,0.032967,0.021978
9,3076,0.032967,0.021978
9,3077,0.032967,0.021978
9,3078,0.032967,0.021978
9,3079,0.032967,0.021978
9,3080,0.032967,0.021978
9,3081,0.043956,0.021978
9,3082,0.043956,0.021978
9,3083,0.043956,0.021978
9,3084,0.043956,0.021978
9,3085,0.043956,0.021978
9,3086,0.043956,0.021978
9,3087,0.043956,0.021978
9,3088,0.032967,0.021978
9,3089,0.032967,0.021978
9,3090,0.032967,0.021978
9,3091,0.032967,0.021978
9,3092,0.032967,0.021978
9,3093,0.043956,0.021978
9,3094,0.043956,0.021978
9,3095,0.032967,0.021978
9,3096,0.032967,0.021978
9,3097,0.032967,0.021978
9,3098,0.032967,0.021978
9,3099,0.043956,0.021978
9,3100,0.043956,0.021978
9,3101,0.043956,0.021978
9,3102,0.043956,0.021978
9,3103,0.043956,0.021978
9,3104,0.043956,0.021978
9,3105,0.043956,0.021978
9,3106,0.032967,0.021978
9,3107,0.032967,0.021978
9,3108,0.032967,0.021978
9,3109,0.043956,0.021978
9,3110,0.043956,0.021978
9,3111,0.032967,0.021978
9,3112,0.032967,0.021978
9,3113,0.032967,0.021978
9,3114,0.032967,0.021978
9,3115,0.032967,0.021978
9,3116,0.032967,0.021978
9,3117,0.032967,0.021978
9,3118,0.032967,0.021978
9,3119,0.032967,0.021978
9,3120,0.032967,0.021978
9,3121,0.032967,0.021978
9,3122,0.021978,0.021978
9,3123,0.021978,0.021978
9,3124,0.021978,0.021978
9,3125,0.021978,0.021978
9,3126,0.021978,0.021978
9,3127,0.021978,0.021978
9,3128,0.021978,0.021978
9,3129,0.021978,0.021978
9,3130,0.010989,0.010989
9,3131,0.021978,0.010989
9,3132,0.021978,0.010989
9,3133,0.021978,0.010989
9,3134,0.021978,0.010989
9,3135,0.021978,0.010989
9,3136,0.021978,0.010989
9,3137,0.021978,0.010989
9,3138,0.021978,0.010989
9,3139,0.021978,0.010989
9,3140,0.021978,0.010989
9,3141,0.021978,0.010989
9,3142,0.021978,0.010989
9,3143,0.021978,0.010989
9,3144,0.010989,0.010989
9,3145,0.021978,0.010989
9,3146,0.021978,0.010989
9,3147,0.021978,0.010989
9,3148,0.021978,0.010989
9,3149,0.021978,0.010989
9,3150,0.021978,0.010989
9,3151,0.010989,0.010989
9,3152,0.010989,0.010989
9,3153,0.010989,0.010989
9,3154,0.010989,0.010989
9,3155,0.010989,0.010989
9,3156,0.010989,0.010989
9,3157,0.010989,0.010989
9,3158,0.010989,0.010989
9,3159,0.010989,0.010989
9,3160,0.010989,0.010989
9,3161,0.010989,0.010989
9,3162,0.010989,0.010989
9,3163,0.010989,0.010989
9,3164,0.010989,0.010989
9,3165,0.010989,0.010989
9,3166,0.010989,0.010989
9,3167,0.010989,0.010989
9,3168,0.010989,0.010989
9,3169,0.010989,0.010989
9,3170,0.010989,0.010989
9,3171,0.010989,0.010989
9,3172,0.010989,0.010989
9,3173,0.010989,0.010989
9,3174,0.010989,0.010989
9,3175,0.010989,0.010989
9,3176,0.010989,0.010989
9,3177,0.010989,0.010989
9,3178,0.010989,0.010989
9,3179,0.000000,0.000000
10,0,0.164835,0.164835
10,1,0.164835,0.164835
10,2,0.109890,0.109890
10,3,0.109890,0.109890
10,4,0.087912,0.087912
10,5,0.065934,0.065934
10,6,0.087912,0.065934
10,7,0.043956,0.043956
10,8,0.043956,0.043956
10,9,0.032967,0.032967
10,10,0.043956,0.032967
10,11,0.054945,0.032967
10,12,0.054945,0.032967
10,13,0.076923,0.032967
10,14,0.087912,0.032967
10,15,0.120879,0.032967
10,16,0.109890,0.032967
10,17,0.120879,0.032967
10,18,0.131868,0.032967
10,19,0.109890,0.032967
10,20,0.087912,0.032967
10,21,0.109890,0.032967
10,22,0.076923,0.032967
10,23,0.109890,0.032967
10,24,0.087912,0.032967
10,25,0.065934,0.032967
10,26,0.043956,0.032967
10,27,0.087912,0.032967
10,28,0.087912,0.032967
10,29,0.098901,0.032967
10,30,0.109890,0.032967
10,31,0.142857,0.032967
10,32,0.131868,0.032967
10,33,0.098901,0.032967
10,34,0.098901,0.032967
10,35,0.098901,0.032967
10,36,0.098901,0.032967
10,37,0.098901,0.032967
10,38,0.120879,0.032967
10,39,0.131868,0.032967
10,40,0.153846,0.032967
10,41,0.164835,0.032967
10,42,0.175824,0.032967
10,43,0.164835,0.032967
10,44,0.142857,0.032967
10,45,0.120879,0.032967
10,46,0.109890,0.032967
10,47,0.087912,0.032967
10,48,0.098901,0.032967
10,49,0.120879,0.032967
10,50,0.098901,0.032967
10,51,0.076923,0.032967
10,52,0.109890,0.032967
10,53,0.109890,0.032967
10,54,0.153846,0.032967
10,55,0.164835,0.032967
10,56,0.164835,0.032967
10,57,0.186813,0.032967
10,58,0.175824,0.032967
10,59,0.186813,0.032967
10,60,0.186813,0.032967
10,61,0.197802,0.032967
10,62,0.197802,0.032967
10,63,0.175824,0.032967
10,64,0.153846,0.032967
10,65,0.153846,0.032967
10,66,0.142857,0.032967
10,67,0.153846,0.032967
10,68,0.175824,0.032967
10,69,0.164835,0.032967
10,70,0.142857,0.032967
10,71,0.109890,0.032967
10,72,0.120879,0.032967
10,73,0.098901,0.032967
10,74,0.120879,0.032967
10,75,0.142857,0.032967
10,76,0.131868,0.032967
10,77,0.109890,0.032967
10,78,0.109890,0.032967
10,79,0.098901,0.032967
10,80,0.076923,0.032967
10,81,0.087912,0.032967
10,82,0.098901,0.032967
10,83,0.076923,0.032967
10,84,0.087912,0.032967
10,85,0.076923,0.032967
10,86,0.076923,0.032967
10,87,0.087912,0.032967
10,88,0.131868,0.032967
10,89,0.120879,0.032967
10,90,0.131868,0.032967
10,91,0.120879,0.032967
10,92,0.131868,0.032967
10,93,0.120879,0.032967
10,94,0.142857,0.032967
10,95,0.153846,0.032967
10,96,0.153846,0.032967
10,97,0.175824,0.032967
10,98,0.131868,0.032967
10,99,0.087912,0.032967
10,100,0.087912,0.032967
10,101,0.131868,0.032967
10,102,0.120879,0.032967
10,103,0.131868,0.032967
10,104,0.120879,0.032967
10,105,0.120879,0.032967
10,106,0.164835,0.032967
10,107,0.164835,0.032967
10,108,0.164835,0.032967
10,109,0.120879,0.032967
10,110,0.131868,0.032967
10,111,0.098901,0.032967
10,112,0.109890,0.032967
10,113,0.109890,0.032967
10,114,0.087912,0.032967
10,115,0.054945,0.032967
10,116,0.109890,0.032967
10,117,0.109890,0.032967
10,118,0.109890,0.032967
10,119,0.109890,0.032967
10,120,0.109890,0.032967
10,121,0.087912,0.032967
10,122,0.109890,0.032967
10,123,0.120879,0.032967
10,124,0.120879,0.032967
10,125,0.131868,0.032967
10,126,0.098901,0.032967
10,127,0.109890,0.032967
10,128,0.109890,0.032967
10,129,0.098901,0.032967
10,130,0.131868,0.032967
10,131,0.131868,0.032967
10,132,0.131868,0.032967
10,133,0.131868,0.032967
10,134,0.131868,0.032967
10,135,0.153846,0.032967
10,136,0.131868,0.032967
10,137,0.120879,0.032967
10,138,0.142857,0.032967
10,139,0.175824,0.032967
10,140,0.142857,0.032967
10,141,0.197802,0.032967
10,142,0.131868,0.032967
10,143,0.164835,0.032967
10,144,0.164835,0.032967
10,145,0.175824,0.032967
10,146,0.131868,0.032967
10,147,0.120879,0.032967
10,148,0.120879,0.032967
10,149,0.131868,0.032967
10,150,0.131868,0.032967
10,151,0.142857,0.032967
10,152,0.120879,0.032967
10,153,0.098901,0.032967
10,154,0.098901,0.032967
10,155,0.142857,0.032967
10,156,0.175824,0.032967
10,157,0.164835,0.032967
10,158,0.164835,0.032967
10,159,0.153846,0.032967
10,160,0.120879,0.032967
10,161,0.120879,0.032967
10,162,0.131868,0.032967
10,163,0.142857,0.032967
10,164,0.131868,0.032967
10,165,0.153846,0.032967
10,166,0.131868,0.032967
10,167,0.098901,0.032967
10,168,0.098901,0.032967
10,169,0.087912,0.032967
10,170,0.098901,0.032967
10,171,0.120879,0.032967
10,172,0.131868,0.032967
10,173,0.131868,0.032967
10,174,0.164835,0.032967
10,175,0.208791,0.032967
10,176,0.208791,0.032967
10,177,0.186813,0.032967
10,178,0.175824,0.032967
10,179,0.186813,0.032967
10,180,0.219780,0.032967
10,181,0.186813,0.032967
10,182,0.153846,0.032967
10,183,0.164835,0.032967
10,184,0.153846,0.032967
10,185,0.164835,0.032967
10,186,0.142857,0.032967
10,187,0.153846,0.032967
10,188,0.164835,0.032967
10,189,0.175824,0.032967
10,190,0.164835,0.032967
10,191,0.175824,0.032967
10,192,0.175824,0.032967
10,193,0.142857,0.032967
10,194,0.186813,0.032967
10,195,0.175824,0.032967
10,196,0.164835,0.032967
10,197,0.175824,0.032967
10,198,0.186813,0.032967
10,199,0.175824,0.032967
10,200,0.186813,0.032967
10,201,0.175824,0.032967
10,202,0.186813,0.032967
10,203,0.164835,0.032967
10,204,0.109890,0.032967
10,205,0.109890,0.032967
10,206,0.098901,0.032967
10,207,0.109890,0.032967
10,208,0.098901,0.032967
10,209,0.087912,0.032967
10,210,0.098901,0.032967
10,211,0.087912,0.032967
10,212,0.087912,0.032967
10,213,0.087912,0.032967
10,214,0.087912,0.032967
10,215,0.087912,0.032967
10,216,0.087912,0.032967
10,217,0.087912,0.032967
10,218,0.065934,0.032967
10,219,0.076923,0.032967
10,220,0.076923,0.032967
10,221,0.120879,0.032967
10,222,0.131868,0.032967
10,223,0.142857,0.032967
10,224,0.109890,0.032967
10,225,0.120879,0.032967
10,226,0.109890,0.032967
10,227,0.098901,0.032967
10,228,0.098901,0.032967
10,229,0.098901,0.032967
10,230,0.087912,0.032967
10,231,0.087912,0.032967
10,232,0.087912,0.032967
10,233,0.076923,0.032967
10,234,0.087912,0.032967
10,235,0.120879,0.032967
10,236,0.142857,0.032967
10,237,0.142857,0.032967
10,238,0.109890,0.032967
10,239,0.120879,0.032967
10,240,0.098901,0.032967
10,241,0.065934,0.032967
10,242,0.065934,0.032967
10,243,0.087912,0.032967
10,244,0.087912,0.032967
10,245,0.087912,0.032967
10,246,0.065934,0.032967
10,247,0.065934,0.032967
10,248,0.131868,0.032967
10,249,0.131868,0.032967
10,250,0.142857,0.032967
10,251,0.131868,0.032967
10,252,0.131868,0.032967
10,253,0.153846,0.032967
10,254,0.098901,0.032967
10,255,0.098901,0.032967
10,256,0.087912,0.032967
10,257,0.109890,0.032967
10,258,0.109890,0.032967
10,259,0.120879,0.032967
10,260,0.087912,0.032967
10,261,0.120879,0.032967
10,262,0.131868,0.032967
10,263,0.153846,0.032967
10,264,0.109890,0.032967
10,265,0.098901,0.032967
10,266,0.109890,0.032967
10,267,0.087912,0.032967
10,268,0.131868,0.032967
10,269,0.120879,0.032967
10,270,0.109890,0.032967
10,271,0.087912,0.032967
10,272,0.076923,0.032967
10,273,0.098901,0.032967
10,274,0.076923,0.032967
10,275,0.076923,0.032967
10,276,0.087912,0.032967
10,277,0.098901,0.032967
10,278,0.109890,0.032967
10,279,0.098901,0.032967
10,280,0.109890,0.032967
10,281,0.109890,0.032967
10,282,0.153846,0.032967
10,283,0.131868,0.032967
10,284,0.142857,0.032967
10,285,0.153846,0.032967
10,286,0.131868,0.032967
10,287,0.131868,0.032967
10,288,0.142857,0.032967
10,289,0.120879,0.032967
10,290,0.142857,0.032967
10,291,0.131868,0.032967
10,292,0.131868,0.032967
10,293,0.120879,0.032967
10,294,0.076923,0.032967
10,295,0.043956,0.032967
10,296,0.054945,0.032967
10,297,0.076923,0.032967
10,298,0.076923,0.032967
10,299,0.076923,0.032967
10,300,0.076923,0.032967
10,301,0.054945,0.032967
10,302,0.076923,0.032967
10,303,0.076923,0.032967
10,304,0.120879,0.032967
10,305,0.131868,0.032967
10,306,0.098901,0.032967
10,307,0.087912,0.032967
10,308,0.087912,0.032967
10,309,0.087912,0.032967
10,310,0.098901,0.032967
10,311,0.098901,0.032967
10,312,0.109890,0.032967
10,313,0.131868,0.032967
10,314,0.087912,0.032967
10,315,0.065934,0.032967
10,316,0.087912,0.032967
10,317,0.109890,0.032967
10,318,0.120879,0.032967
10,319,0.109890,0.032967
10,320,0.153846,0.032967
10,321,0.175824,0.032967
10,322,0.197802,0.032967
10,323,0.186813,0.032967
10,324,0.186813,0.032967
10,325,0.153846,0.032967
10,326,0.164835,0.032967
10,327,0.164835,0.032967
10,328,0.164835,0.032967
10,329,0.164835,0.032967
10,330,0.142857,0.032967
10,331,0.153846,0.032967
10,332,0.142857,0.032967
10,333,0.164835,0.032967
10,334,0.153846,0.032967
10,335,0.175824,0.032967
10,336,0.175824,0.032967
10,337,0.142857,0.032967
10,338,0.109890,0.032967
10,339,0.098901,0.032967
10,340,0.120879,0.032967
10,341,0.109890,0.032967
10,342,0.131868,0.032967
10,343,0.120879,0.032967
10,344,0.186813,0.032967
10,345,0.186813,0.032967
10,346,0.142857,0.032967
10,347,0.109890,0.032967
10,348,0.087912,0.032967
10,349,0.098901,0.032967
10,350,0.153846,0.032967
10,351,0.197802,0.032967
10,352,0.186813,0.032967
10,353,0.219780,0.032967
10,354,0.142857,0.032967
10,355,0.131868,0.032967
10,356,0.109890,0.032967
10,357,0.120879,0.032967
10,358,0.153846,0.032967
10,359,0.153846,0.032967
10,360,0.120879,0.032967
10,361,0.120879,0.032967
10,362,0.120879,0.032967
10,363,0.153846,0.032967
10,364,0.131868,0.032967
10,365,0.120879,0.032967
10,366,0.120879,0.032967
10,367,0.164835,0.032967
10,368,0.164835,0.032967
10,369,0.175824,0.032967
10,370,0.197802,0.032967
10,371,0.175824,0.032967
10,372,0.153846,0.032967
10,373,0.142857,0.032967
10,374,0.098901,0.032967
10,375,0.109890,0.032967
10,376,0.120879,0.032967
10,377,0.131868,0.032967
10,378,0.142857,0.032967
10,379,0.131868,0.032967
10,380,0.131868,0.032967
10,381,0.131868,0.032967
10,382,0.109890,0.032967
10,383,0.131868,0.032967
10,384,0.109890,0.032967
10,385,0.087912,0.032967
10,386,0.098901,0.032967
10,387,0.120879,0.032967
10,388,0.131868,0.032967
10,389,0.175824,0.032967
10,390,0.208791,0.032967
10,391,0.164835,0.032967
10,392,0.175824,0.032967
10,393,0.175824,0.032967
10,394,0.186813,0.032967
10,395,0.142857,0.032967
10,396,0.098901,0.032967
10,397,0.098901,0.032967
10,398,0.098901,0.032967
10,399,0.087912,0.032967
10,400,0.109890,0.032967
10,401,0.109890,0.032967
10,402,0.142857,0.032967
10,403,0.109890,0.032967
10,404,0.142857,0.032967
10,405,0.142857,0.032967
10,406,0.109890,0.032967
10,407,0.120879,0.032967
10,408,0.153846,0.032967
10,409,0.197802,0.032967
10,410,0.175824,0.032967
10,411,0.142857,0.032967
10,412,0.142857,0.032967
10,413,0.153846,0.032967
10,414,0.131868,0.032967
10,415,0.076923,0.032967
10,416,0.076923,0.032967
10,417,0.076923,0.032967
10,418,0.087912,0.032967
10,419,0.109890,0.032967
10,420,0.131868,0.032967
10,421,0.087912,0.032967
10,422,0.098901,0.032967
10,423,0.142857,0.032967
10,424,0.153846,0.032967
10,425,0.164835,0.032967
10,426,0.197802,0.032967
10,427,0.186813,0.032967
10,428,0.197802,0.032967
10,429,0.186813,0.032967
10,430,0.175824,0.032967
10,431,0.142857,0.032967
10,432,0.142857,0.032967
10,433,0.131868,0.032967
10,434,0.120879,0.032967
10,435,0.153846,0.032967
10,436,0.142857,0.032967
10,437,0.164835,0.032967
10,438,0.153846,0.032967
10,439,0.120879,0.032967
10,440,0.120879,0.032967
10,441,0.120879,0.032967
10,442,0.153846,0.032967
10,443,0.153846,0.032967
10,444,0.153846,0.032967
10,445,0.120879,0.032967
10,446,0.109890,0.032967
10,447,0.098901,0.032967
10,448,0.087912,0.032967
10,449,0.087912,0.032967
10,450,0.098901,0.032967
10,451,0.098901,0.032967
10,452,0.098901,0.032967
10,453,0.098901,0.032967
10,454,0.087912,0.032967
10,455,0.098901,0.032967
10,456,0.087912,0.032967
10,457,0.087912,0.032967
10,458,0.109890,0.032967
10,459,0.142857,0.032967
10,460,0.142857,0.032967
10,461,0.109890,0.032967
10,462,0.098901,0.032967
10,463,0.087912,0.032967
10,464,0.131868,0.032967
10,465,0.175824,0.032967
10,466,0.186813,0.032967
10,467,0.164835,0.032967
10,468,0.142857,0.032967
10,469,0.164835,0.032967
10,470,0.175824,0.032967
10,471,0.153846,0.032967
10,472,0.142857,0.032967
10,473,0.153846,0.032967
10,474,0.153846,0.032967
10,475,0.186813,0.032967
10,476,0.197802,0.032967
10,477,0.186813,0.032967
10,478,0.219780,0.032967
10,479,0.197802,0.032967
10,480,0.175824,0.032967
10,481,0.197802,0.032967
10,482,0.164835,0.032967
10,483,0.175824,0.032967
10,484,0.142857,0.032967
10,485,0.120879,0.032967
10,486,0.098901,0.032967
10,487,0.109890,0.032967
10,488,0.120879,0.032967
10,489,0.120879,0.032967
10,490,0.131868,0.032967
10,491,0.098901,0.032967
10,492,0.131868,0.032967
10,493,0.131868,0.032967
10,494,0.087912,0.032967
10,495,0.065934,0.032967
10,496,0.065934,0.032967
10,497,0.098901,0.032967
10,498,0.153846,0.032967
10,499,0.142857,0.032967
10,500,0.142857,0.032967
10,501,0.131868,0.032967
10,502,0.087912,0.032967
10,503,0.087912,0.032967
10,504,0.098901,0.032967
10,505,0.109890,0.032967
10,506,0.076923,0.032967
10,507,0.076923,0.032967
10,508,0.065934,0.032967
10,509,0.076923,0.032967
10,510,0.098901,0.032967
10,511,0.120879,0.032967
10,512,0.142857,0.032967
10,513,0.197802,0.032967
10,514,0.186813,0.032967
10,515,0.208791,0.032967
10,516,0.230769,0.032967
10,517,0.208791,0.032967
10,518,0.219780,0.032967
10,519,0.186813,0.032967
10,520,0.153846,0.032967
10,521,0.120879,0.032967
10,522,0.120879,0.032967
10,523,0.142857,0.032967
10,524,0.153846,0.032967
10,525,0.175824,0.032967
10,526,0.186813,0.032967
10,527,0.197802,0.032967
10,528,0.197802,0.032967
10,529,0.197802,0.032967
10,530,0.175824,0.032967
10,531,0.175824,0.032967
10,532,0.164835,0.032967
10,533,0.175824,0.032967
10,534,0.175824,0.032967
10,535,0.131868,0.032967
10,536,0.098901,0.032967
10,537,0.043956,0.032967
10,538,0.065934,0.032967
10,539,0.076923,0.032967
10,540,0.109890,0.032967
10,541,0.131868,0.032967
10,542,0.120879,0.032967
10,543,0.186813,0.032967
10,544,0.120879,0.032967
10,545,0.142857,0.032967
10,546,0.153846,0.032967
10,547,0.120879,0.032967
10,548,0.153846,0.032967
10,549,0.120879,0.032967
10,550,0.120879,0.032967
10,551,0.142857,0.032967
10,552,0.197802,0.032967
10,553,0.164835,0.032967
10,554,0.142857,0.032967
10,555,0.109890,0.032967
10,556,0.076923,0.032967
10,557,0.087912,0.032967
10,558,0.120879,0.032967
10,559,0.109890,0.032967
10,560,0.131868,0.032967
10,561,0.153846,0.032967
10,562,0.131868,0.032967
10,563,0.153846,0.032967
10,564,0.131868,0.032967
10,565,0.131868,0.032967
10,566,0.131868,0.032967
10,567,0.142857,0.032967
10,568,0.153846,0.032967
10,569,0.109890,0.032967
10,570,0.120879,0.032967
10,571,0.120879,0.032967
10,572,0.131868,0.032967
10,573,0.131868,0.032967
10,574,0.186813,0.032967
10,575,0.197802,0.032967
10,576,0.197802,0.032967
10,577,0.164835,0.032967
10,578,0.164835,0.032967
10,579,0.142857,0.032967
10,580,0.142857,0.032967
10,581,0.120879,0.032967
10,582,0.164835,0.032967
10,583,0.186813,0.032967
10,584,0.219780,0.032967
10,585,0.186813,0.032967
10,586,0.186813,0.032967
10,587,0.186813,0.032967
10,588,0.164835,0.032967
10,589,0.230769,0.032967
10,590,0.219780,0.032967
10,591,0.197802,0.032967
10,592,0.208791,0.032967
10,593,0.219780,0.032967
10,594,0.164835,0.032967
10,595,0.219780,0.032967
10,596,0.197802,0.032967
10,597,0.142857,0.032967
10,598,0.109890,0.032967
10,599,0.109890,0.032967
10,600,0.109890,0.032967
10,601,0.131868,0.032967
10,602,0.153846,0.032967
10,603,0.131868,0.032967
10,604,0.098901,0.032967
10,605,0.109890,0.032967
10,606,0.109890,0.032967
10,607,0.131868,0.032967
10,608,0.120879,0.032967
10,609,0.153846,0.032967
10,610,0.175824,0.032967
10,611,0.164835,0.032967
10,612,0.164835,0.032967
10,613,0.142857,0.032967
10,614,0.098901,0.032967
10,615,0.087912,0.032967
10,616,0.087912,0.032967
10,617,0.098901,0.032967
10,618,0.142857,0.032967
10,619,0.164835,0.032967
10,620,0.109890,0.032967
10,621,0.109890,0.032967
10,622,0.087912,0.032967
10,623,0.076923,0.032967
10,624,0.087912,0.032967
10,625,0.076923,0.032967
10,626,0.076923,0.032967
10,627,0.076923,0.032967
10,628,0.065934,0.032967
10,629,0.065934,0.032967
10,630,0.065934,0.032967
10,631,0.065934,0.032967
10,632,0.076923,0.032967
10,633,0.054945,0.032967
10,634,0.076923,0.032967
10,635,0.054945,0.032967
10,636,0.043956,0.032967
10,637,0.032967,0.032967
10,638,0.054945,0.032967
10,639,0.043956,0.032967
10,640,0.054945,0.032967
10,641,0.054945,0.032967
10,642,0.043956,0.032967
10,643,0.054945,0.032967
10,644,0.054945,0.032967
10,645,0.065934,0.032967
10,646,0.120879,0.032967
10,647,0.120879,0.032967
10,648,0.076923,0.032967
10,649,0.098901,0.032967
10,650,0.065934,0.032967
10,651,0.054945,0.032967
10,652,0.065934,0.032967
10,653,0.087912,0.032967
10,654,0.098901,0.032967
10,655,0.109890,0.032967
10,656,0.109890,0.032967
10,657,0.142857,0.032967
10,658,0.131868,0.032967
10,659,0.153846,0.032967
10,660,0.142857,0.032967
10,661,0.120879,0.032967
10,662,0.098901,0.032967
10,663,0.120879,0.032967
10,664,0.120879,0.032967
10,665,0.120879,0.032967
10,666,0.142857,0.032967
10,667,0.131868,0.032967
10,668,0.131868,0.032967
10,669,0.142857,0.032967
10,670,0.109890,0.032967
10,671,0.109890,0.032967
10,672,0.109890,0.032967
10,673,0.087912,0.032967
10,674,0.109890,0.032967
10,675,0.120879,0.032967
10,676,0.120879,0.032967
10,677,0.142857,0.032967
10,678,0.120879,0.032967
10,679,0.153846,0.032967
10,680,0.109890,0.032967
10,681,0.098901,0.032967
10,682,0.131868,0.032967
10,683,0.098901,0.032967
10,684,0.109890,0.032967
10,685,0.098901,0.032967
10,686,0.131868,0.032967
10,687,0.153846,0.032967
10,688,0.142857,0.032967
10,689,0.131868,0.032967
10,690,0.131868,0.032967
10,691,0.109890,0.032967
10,692,0.054945,0.032967
10,693,0.076923,0.032967
10,694,0.076923,0.032967
10,695,0.065934,0.032967
10,696,0.043956,0.032967
10,697,0.054945,0.032967
10,698,0.054945,0.032967
10,699,0.032967,0.032967
10,700,0.032967,0.032967
10,701,0.032967,0.032967
10,702,0.032967,0.032967
10,703,0.054945,0.032967
10,704,0.065934,0.032967
10,705,0.065934,0.032967
10,706,0.065934,0.032967
10,707,0.054945,0.032967
10,708,0.076923,0.032967
10,709,0.098901,0.032967
10,710,0.120879,0.032967
10,711,0.087912,0.032967
10,712,0.131868,0.032967
10,713,0.120879,0.032967
10,714,0.131868,0.032967
10,715,0.087912,0.032967
10,716,0.087912,0.032967
10,717,0.087912,0.032967
10,718,0.098901,0.032967
10,719,0.098901,0.032967
10,720,0.098901,0.032967
10,721,0.076923,0.032967
10,722,0.098901,0.032967
10,723,0.098901,0.032967
10,724,0.087912,0.032967
10,725,0.087912,0.032967
10,726,0.087912,0.032967
10,727,0.109890,0.032967
10,728,0.120879,0.032967
10,729,0.109890,0.032967
10,730,0.098901,0.032967
10,731,0.109890,0.032967
10,732,0.076923,0.032967
10,733,0.076923,0.032967
10,734,0.087912,0.032967
10,735,0.076923,0.032967
10,736,0.054945,0.032967
10,737,0.043956,0.032967
10,738,0.032967,0.032967
10,739,0.076923,0.032967
10,740,0.109890,0.032967
10,741,0.109890,0.032967
10,742,0.142857,0.032967
10,743,0.164835,0.032967
10,744,0.164835,0.032967
10,745,0.164835,0.032967
10,746,0.131868,0.032967
10,747,0.120879,0.032967
10,748,0.109890,0.032967
10,749,0.142857,0.032967
10,750,0.131868,0.032967
10,751,0.142857,0.032967
10,752,0.076923,0.032967
10,753,0.109890,0.032967
10,754,0.109890,0.032967
10,755,0.087912,0.032967
10,756,0.087912,0.032967
10,757,0.065934,0.032967
10,758,0.065934,0.032967
10,759,0.076923,0.032967
10,760,0.120879,0.032967
10,761,0.120879,0.032967
10,762,0.109890,0.032967
10,763,0.076923,0.032967
10,764,0.076923,0.032967
10,765,0.076923,0.032967
10,766,0.076923,0.032967
10,767,0.076923,0.032967
10,768,0.109890,0.032967
10,769,0.131868,0.032967
10,770,0.109890,0.032967
10,771,0.120879,0.032967
10,772,0.120879,0.032967
10,773,0.098901,0.032967
10,774,0.109890,0.032967
10,775,0.087912,0.032967
10,776,0.109890,0.032967
10,777,0.131868,0.032967
10,778,0.120879,0.032967
10,779,0.142857,0.032967
10,780,0.186813,0.032967
10,781,0.120879,0.032967
10,782,0.120879,0.032967
10,783,0.098901,0.032967
10,784,0.076923,0.032967
10,785,0.054945,0.032967
10,786,0.054945,0.032967
10,787,0.098901,0.032967
10,788,0.098901,0.032967
10,789,0.087912,0.032967
10,790,0.098901,0.032967
10,791,0.109890,0.032967
10,792,0.120879,0.032967
10,793,0.098901,0.032967
10,794,0.065934,0.032967
10,795,0.098901,0.032967
10,796,0.065934,0.032967
10,797,0.076923,0.032967
10,798,0.098901,0.032967
10,799,0.109890,0.032967
10,800,0.087912,0.032967
10,801,0.131868,0.032967
10,802,0.087912,0.032967
10,803,0.109890,0.032967
10,804,0.098901,0.032967
10,805,0.076923,0.032967
10,806,0.087912,0.032967
10,807,0.076923,0.032967
10,808,0.098901,0.032967
10,809,0.087912,0.032967
10,810,0.054945,0.032967
10,811,0.065934,0.032967
10,812,0.087912,0.032967
10,813,0.120879,0.032967
10,814,0.120879,0.032967
10,815,0.131868,0.032967
10,816,0.142857,0.032967
10,817,0.109890,0.032967
10,818,0.109890,0.032967
10,819,0.131868,0.032967
10,820,0.153846,0.032967
10,821,0.131868,0.032967
10,822,0.109890,0.032967
10,823,0.098901,0.032967
10,824,0.076923,0.032967
10,825,0.098901,0.032967
10,826,0.109890,0.032967
10,827,0.131868,0.032967
10,828,0.164835,0.032967
10,829,0.175824,0.032967
10,830,0.142857,0.032967
10,831,0.109890,0.032967
10,832,0.142857,0.032967
10,833,0.175824,0.032967
10,834,0.153846,0.032967
10,835,0.153846,0.032967
10,836,0.175824,0.032967
10,837,0.142857,0.032967
10,838,0.175824,0.032967
10,839,0.164835,0.032967
10,840,0.197802,0.032967
10,841,0.164835,0.032967
10,842,0.164835,0.032967
10,843,0.197802,0.032967
10,844,0.153846,0.032967
10,845,0.153846,0.032967
10,846,0.175824,0.032967
10,847,0.175824,0.032967
10,848,0.197802,0.032967
10,849,0.164835,0.032967
10,850,0.175824,0.032967
10,851,0.186813,0.032967
10,852,0.164835,0.032967
10,853,0.142857,0.032967
10,854,0.120879,0.032967
10,855,0.120879,0.032967
10,856,0.109890,0.032967
10,857,0.109890,0.032967
10,858,0.076923,0.032967
10,859,0.087912,0.032967
10,860,0.087912,0.032967
10,861,0.109890,0.032967
10,862,0.087912,0.032967
10,863,0.054945,0.032967
10,864,0.054945,0.032967
10,865,0.065934,0.032967
10,866,0.087912,0.032967
10,867,0.109890,0.032967
10,868,0.087912,0.032967
10,869,0.098901,0.032967
10,870,0.109890,0.032967
10,871,0.098901,0.032967
10,872,0.076923,0.032967
10,873,0.087912,0.032967
10,874,0.120879,0.032967
10,875,0.087912,0.032967
10,876,0.065934,0.032967
10,877,0.054945,0.032967
10,878,0.087912,0.032967
10,879,0.087912,0.032967
10,880,0.109890,0.032967
10,881,0.076923,0.032967
10,882,0.109890,0.032967
10,883,0.142857,0.032967
10,884,0.142857,0.032967
10,885,0.153846,0.032967
10,886,0.186813,0.032967
10,887,0.153846,0.032967
10,888,0.131868,0.032967
10,889,0.109890,0.032967
10,890,0.120879,0.032967
10,891,0.131868,0.032967
10,892,0.120879,0.032967
10,893,0.120879,0.032967
10,894,0.087912,0.032967
10,895,0.076923,0.032967
10,896,0.109890,0.032967
10,897,0.076923,0.032967
10,898,0.076923,0.032967
10,899,0.076923,0.032967
10,900,0.076923,0.032967
10,901,0.076923,0.032967
10,902,0.043956,0.032967
10,903,0.054945,0.032967
10,904,0.076923,0.032967
10,905,0.098901,0.032967
10,906,0.109890,0.032967
10,907,0.087912,0.032967
10,908,0.109890,0.032967
10,909,0.109890,0.032967
10,910,0.142857,0.032967
10,911,0.164835,0.032967
10,912,0.142857,0.032967
10,913,0.142857,0.032967
10,914,0.142857,0.032967
10,915,0.175824,0.032967
10,916,0.186813,0.032967
10,917,0.164835,0.032967
10,918,0.142857,0.032967
10,919,0.087912,0.032967
10,920,0.131868,0.032967
10,921,0.120879,0.032967
10,922,0.098901,0.032967
10,923,0.109890,0.032967
10,924,0.142857,0.032967
10,925,0.131868,0.032967
10,926,0.076923,0.032967
10,927,0.076923,0.032967
10,928,0.087912,0.032967
10,929,0.120879,0.032967
10,930,0.142857,0.032967
10,931,0.109890,0.032967
10,932,0.087912,0.032967
10,933,0.109890,0.032967
10,934,0.087912,0.032967
10,935,0.087912,0.032967
10,936,0.043956,0.032967
10,937,0.065934,0.032967
10,938,0.098901,0.032967
10,939,0.109890,0.032967
10,940,0.076923,0.032967
10,941,0.098901,0.032967
10,942,0.087912,0.032967
10,943,0.054945,0.032967
10,944,0.043956,0.032967
10,945,0.054945,0.032967
10,946,0.076923,0.032967
10,947,0.054945,0.032967
10,948,0.076923,0.032967
10,949,0.076923,0.032967
10,950,0.087912,0.032967
10,951,0.098901,0.032967
10,952,0.087912,0.032967
10,953,0.065934,0.032967
10,954,0.065934,0.032967
10,955,0.087912,0.032967
10,956,0.098901,0.032967
10,957,0.087912,0.032967
10,958,0.076923,0.032967
10,959,0.076923,0.032967
10,960,0.098901,0.032967
10,961,0.098901,0.032967
10,962,0.098901,0.032967
10,963,0.109890,0.032967
10,964,0.120879,0.032967
10,965,0.131868,0.032967
10,966,0.109890,0.032967
10,967,0.098901,0.032967
10,968,0.109890,0.032967
10,969,0.131868,0.032967
10,970,0.131868,0.032967
10,971,0.131868,0.032967
10,972,0.175824,0.032967
10,973,0.186813,0.032967
10,974,0.164835,0.032967
10,975,0.153846,0.032967
10,976,0.142857,0.032967
10,977,0.142857,0.032967
10,978,0.142857,0.032967
10,979,0.175824,0.032967
10,980,0.197802,0.032967
10,981,0.164835,0.032967
10,982,0.142857,0.032967
10,983,0.131868,0.032967
10,984,0.131868,0.032967
10,985,0.131868,0.032967
10,986,0.153846,0.032967
10,987,0.153846,0.032967
10,988,0.164835,0.032967
10,989,0.153846,0.032967
10,990,0.153846,0.032967
10,991,0.142857,0.032967
10,992,0.131868,0.032967
10,993,0.131868,0.032967
10,994,0.120879,0.032967
10,995,0.109890,0.032967
10,996,0.098901,0.032967
10,997,0.109890,0.032967
10,998,0.087912,0.032967
10,999,0.087912,0.032967
10,1000,0.098901,0.032967
10,1001,0.120879,0.032967
10,1002,0.120879,0.032967
10,1003,0.109890,0.032967
10,1004,0.120879,0.032967
10,1005,0.109890,0.032967
10,1006,0.109890,0.032967
10,1007,0.109890,0.032967
10,1008,0.131868,0.032967
10,1009,0.087912,0.032967
10,1010,0.076923,0.032967
10,1011,0.087912,0.032967
10,1012,0.076923,0.032967
10,1013,0.065934,0.032967
10,1014,0.109890,0.032967
10,1015,0.098901,0.032967
10,1016,0.087912,0.032967
10,1017,0.098901,0.032967
10,1018,0.098901,0.032967
10,1019,0.109890,0.032967
10,1020,0.098901,0.032967
10,1021,0.131868,0.032967
10,1022,0.087912,0.032967
10,1023,0.098901,0.032967
10,1024,0.098901,0.032967
10,1025,0.087912,0.032967
10,1026,0.098901,0.032967
10,1027,0.098901,0.032967
10,1028,0.098901,0.032967
10,1029,0.087912,0.032967
10,1030,0.076923,0.032967
10,1031,0.054945,0.032967
10,1032,0.054945,0.032967
10,1033,0.054945,0.032967
10,1034,0.076923,0.032967
10,1035,0.109890,0.032967
10,1036,0.098901,0.032967
10,1037,0.087912,0.032967
10,1038,0.109890,0.032967
10,1039,0.076923,0.032967
10,1040,0.087912,0.032967
10,1041,0.098901,0.032967
10,1042,0.109890,0.032967
10,1043,0.120879,0.032967
10,1044,0.087912,0.032967
10,1045,0.098901,0.032967
10,1046,0.098901,0.032967
10,1047,0.098901,0.032967
10,1048,0.087912,0.032967
10,1049,0.098901,0.032967
10,1050,0.098901,0.032967
10,1051,0.109890,0.032967
10,1052,0.098901,0.032967
10,1053,0.120879,0.032967
10,1054,0.131868,0.032967
10,1055,0.120879,0.032967
10,1056,0.131868,0.032967
10,1057,0.120879,0.032967
10,1058,0.098901,0.032967
10,1059,0.098901,0.032967
10,1060,0.098901,0.032967
10,1061,0.098901,0.032967
10,1062,0.076923,0.032967
10,1063,0.054945,0.032967
10,1064,0.076923,0.032967
10,1065,0.076923,0.032967
10,1066,0.076923,0.032967
10,1067,0.109890,0.032967
10,1068,0.098901,0.032967
10,1069,0.120879,0.032967
10,1070,0.164835,0.032967
10,1071,0.153846,0.032967
10,1072,0.131868,0.032967
10,1073,0.131868,0.032967
10,1074,0.131868,0.032967
10,1075,0.131868,0.032967
10,1076,0.087912,0.032967
10,1077,0.098901,0.032967
10,1078,0.098901,0.032967
10,1079,0.098901,0.032967
10,1080,0.098901,0.032967
10,1081,0.120879,0.032967
10,1082,0.109890,0.032967
10,1083,0.120879,0.032967
10,1084,0.120879,0.032967
10,1085,0.120879,0.032967
10,1086,0.120879,0.032967
10,1087,0.109890,0.032967
10,1088,0.098901,0.032967
10,1089,0.098901,0.032967
10,1090,0.109890,0.032967
10,1091,0.098901,0.032967
10,1092,0.076923,0.032967
10,1093,0.076923,0.032967
10,1094,0.054945,0.032967
10,1095,0.054945,0.032967
10,1096,0.065934,0.032967
10,1097,0.065934,0.032967
10,1098,0.054945,0.032967
10,1099,0.076923,0.032967
10,1100,0.065934,0.032967
10,1101,0.098901,0.032967
10,1102,0.142857,0.032967
10,1103,0.153846,0.032967
10,1104,0.120879,0.032967
10,1105,0.065934,0.032967
10,1106,0.065934,0.032967
10,1107,0.076923,0.032967
10,1108,0.076923,0.032967
10,1109,0.076923,0.032967
10,1110,0.087912,0.032967
10,1111,0.098901,0.032967
10,1112,0.098901,0.032967
10,1113,0.131868,0.032967
10,1114,0.153846,0.032967
10,1115,0.131868,0.032967
10,1116,0.098901,0.032967
10,1117,0.120879,0.032967
10,1118,0.098901,0.032967
10,1119,0.109890,0.032967
10,1120,0.120879,0.032967
10,1121,0.131868,0.032967
10,1122,0.131868,0.032967
10,1123,0.109890,0.032967
10,1124,0.131868,0.032967
10,1125,0.142857,0.032967
10,1126,0.087912,0.032967
10,1127,0.076923,0.032967
10,1128,0.076923,0.032967
10,1129,0.054945,0.032967
10,1130,0.065934,0.032967
10,1131,0.054945,0.032967
10,1132,0.076923,0.032967
10,1133,0.087912,0.032967
10,1134,0.065934,0.032967
10,1135,0.087912,0.032967
10,1136,0.120879,0.032967
10,1137,0.142857,0.032967
10,1138,0.131868,0.032967
10,1139,0.120879,0.032967
10,1140,0.098901,0.032967
10,1141,0.087912,0.032967
10,1142,0.076923,0.032967
10,1143,0.076923,0.032967
10,1144,0.087912,0.032967
10,1145,0.120879,0.032967
10,1146,0.142857,0.032967
10,1147,0.120879,0.032967
10,1148,0.109890,0.032967
10,1149,0.120879,0.032967
10,1150,0.131868,0.032967
10,1151,0.120879,0.032967
10,1152,0.142857,0.032967
10,1153,0.153846,0.032967
10,1154,0.142857,0.032967
10,1155,0.175824,0.032967
10,1156,0.186813,0.032967
10,1157,0.153846,0.032967
10,1158,0.131868,0.032967
10,1159,0.131868,0.032967
10,1160,0.153846,0.032967
10,1161,0.164835,0.032967
10,1162,0.164835,0.032967
10,1163,0.153846,0.032967
10,1164,0.153846,0.032967
10,1165,0.153846,0.032967
10,1166,0.186813,0.032967
10,1167,0.219780,0.032967
10,1168,0.186813,0.032967
10,1169,0.175824,0.032967
10,1170,0.164835,0.032967
10,1171,0.175824,0.032967
10,1172,0.208791,0.032967
10,1173,0.197802,0.032967
10,1174,0.186813,0.032967
10,1175,0.131868,0.032967
10,1176,0.087912,0.032967
10,1177,0.065934,0.032967
10,1178,0.054945,0.032967
10,1179,0.065934,0.032967
10,1180,0.065934,0.032967
10,1181,0.065934,0.032967
10,1182,0.087912,0.032967
10,1183,0.076923,0.032967
10,1184,0.076923,0.032967
10,1185,0.054945,0.032967
10,1186,0.065934,0.032967
10,1187,0.098901,0.032967
10,1188,0.098901,0.032967
10,1189,0.076923,0.032967
10,1190,0.065934,0.032967
10,1191,0.087912,0.032967
10,1192,0.065934,0.032967
10,1193,0.065934,0.032967
10,1194,0.065934,0.032967
10,1195,0.032967,0.032967
10,1196,0.054945,0.032967
10,1197,0.032967,0.032967
10,1198,0.043956,0.032967
10,1199,0.043956,0.032967
10,1200,0.065934,0.032967
10,1201,0.065934,0.032967
10,1202,0.076923,0.032967
10,1203,0.076923,0.032967
10,1204,0.054945,0.032967
10,1205,0.043956,0.032967
10,1206,0.076923,0.032967
10,1207,0.087912,0.032967
10,1208,0.098901,0.032967
10,1209,0.109890,0.032967
10,1210,0.098901,0.032967
10,1211,0.098901,0.032967
10,1212,0.098901,0.032967
10,1213,0.098901,0.032967
10,1214,0.076923,0.032967
10,1215,0.098901,0.032967
10,1216,0.142857,0.032967
10,1217,0.098901,0.032967
10,1218,0.109890,0.032967
10,1219,0.109890,0.032967
10,1220,0.065934,0.032967
10,1221,0.076923,0.032967
10,1222,0.076923,0.032967
10,1223,0.087912,0.032967
10,1224,0.065934,0.032967
10,1225,0.087912,0.032967
10,1226,0.098901,0.032967
10,1227,0.087912,0.032967
10,1228,0.087912,0.032967
10,1229,0.098901,0.032967
10,1230,0.120879,0.032967
10,1231,0.131868,0.032967
10,1232,0.142857,0.032967
10,1233,0.142857,0.032967
10,1234,0.153846,0.032967
10,1235,0.131868,0.032967
10,1236,0.131868,0.032967
10,1237,0.142857,0.032967
10,1238,0.186813,0.032967
10,1239,0.186813,0.032967
10,1240,0.175824,0.032967
10,1241,0.164835,0.032967
10,1242,0.164835,0.032967
10,1243,0.175824,0.032967
10,1244,0.164835,0.032967
10,1245,0.186813,0.032967
10,1246,0.142857,0.032967
10,1247,0.131868,0.032967
10,1248,0.131868,0.032967
10,1249,0.109890,0.032967
10,1250,0.109890,0.032967
10,1251,0.109890,0.032967
10,1252,0.087912,0.032967
10,1253,0.076923,0.032967
10,1254,0.076923,0.032967
10,1255,0.087912,0.032967
10,1256,0.131868,0.032967
10,1257,0.098901,0.032967
10,1258,0.109890,0.032967
10,1259,0.109890,0.032967
10,1260,0.120879,0.032967
10,1261,0.164835,0.032967
10,1262,0.120879,0.032967
10,1263,0.098901,0.032967
10,1264,0.120879,0.032967
10,1265,0.120879,0.032967
10,1266,0.153846,0.032967
10,1267,0.164835,0.032967
10,1268,0.186813,0.032967
10,1269,0.197802,0.032967
10,1270,0.186813,0.032967
10,1271,0.208791,0.032967
10,1272,0.208791,0.032967
10,1273,0.197802,0.032967
10,1274,0.208791,0.032967
10,1275,0.208791,0.032967
10,1276,0.263736,0.032967
10,1277,0.230769,0.032967
10,1278,0.219780,0.032967
10,1279,0.197802,0.032967
10,1280,0.175824,0.032967
10,1281,0.153846,0.032967
10,1282,0.175824,0.032967
10,1283,0.153846,0.032967
10,1284,0.164835,0.032967
10,1285,0.219780,0.032967
10,1286,0.164835,0.032967
10,1287,0.120879,0.032967
10,1288,0.098901,0.032967
10,1289,0.098901,0.032967
10,1290,0.098901,0.032967
10,1291,0.087912,0.032967
10,1292,0.076923,0.032967
10,1293,0.021978,0.021978
10,1294,0.032967,0.021978
10,1295,0.021978,0.021978
10,1296,0.065934,0.021978
10,1297,0.054945,0.021978
10,1298,0.065934,0.021978
10,1299,0.087912,0.021978
10,1300,0.087912,0.021978
10,1301,0.076923,0.021978
10,1302,0.065934,0.021978
10,1303,0.098901,0.021978
10,1304,0.087912,0.021978
10,1305,0.087912,0.021978
10,1306,0.087912,0.021978
10,1307,0.087912,0.021978
10,1308,0.032967,0.021978
10,1309,0.032967,0.021978
10,1310,0.021978,0.021978
10,1311,0.021978,0.021978
10,1312,0.032967,0.021978
10,1313,0.065934,0.021978
10,1314,0.087912,0.021978
10,1315,0.087912,0.021978
10,1316,0.065934,0.021978
10,1317,0.076923,0.021978
10,1318,0.065934,0.021978
10,1319,0.032967,0.021978
10,1320,0.076923,0.021978
10,1321,0.076923,0.021978
10,1322,0.131868,0.021978
10,1323,0.120879,0.021978
10,1324,0.142857,0.021978
10,1325,0.153846,0.021978
10,1326,0.164835,0.021978
10,1327,0.164835,0.021978
10,1328,0.164835,0.021978
10,1329,0.142857,0.021978
10,1330,0.109890,0.021978
10,1331,0.109890,0.021978
10,1332,0.120879,0.021978
10,1333,0.131868,0.021978
10,1334,0.142857,0.021978
10,1335,0.197802,0.021978
10,1336,0.153846,0.021978
10,1337,0.131868,0.021978
10,1338,0.131868,0.021978
10,1339,0.197802,0.021978
10,1340,0.175824,0.021978
10,1341,0.131868,0.021978
10,1342,0.142857,0.021978
10,1343,0.109890,0.021978
10,1344,0.131868,0.021978
10,1345,0.131868,0.021978
10,1346,0.109890,0.021978
10,1347,0.120879,0.021978
10,1348,0.120879,0.021978
10,1349,0.098901,0.021978
10,1350,0.087912,0.021978
10,1351,0.043956,0.021978
10,1352,0.065934,0.021978
10,1353,0.109890,0.021978
10,1354,0.065934,0.021978
10,1355,0.087912,0.021978
10,1356,0.098901,0.021978
10,1357,0.098901,0.021978
10,1358,0.043956,0.021978
10,1359,0.109890,0.021978
10,1360,0.098901,0.021978
10,1361,0.098901,0.021978
10,1362,0.043956,0.021978
10,1363,0.065934,0.021978
10,1364,0.065934,0.021978
10,1365,0.076923,0.021978
10,1366,0.065934,0.021978
10,1367,0.076923,0.021978
10,1368,0.087912,0.021978
10,1369,0.142857,0.021978
10,1370,0.142857,0.021978
10,1371,0.142857,0.021978
10,1372,0.153846,0.021978
10,1373,0.142857,0.021978
10,1374,0.142857,0.021978
10,1375,0.164835,0.021978
10,1376,0.142857,0.021978
10,1377,0.131868,0.021978
10,1378,0.131868,0.021978
10,1379,0.142857,0.021978
10,1380,0.164835,0.021978
10,1381,0.131868,0.021978
10,1382,0.142857,0.021978
10,1383,0.142857,0.021978
10,1384,0.142857,0.021978
10,1385,0.142857,0.021978
10,1386,0.131868,0.021978
10,1387,0.120879,0.021978
10,1388,0.131868,0.021978
10,1389,0.131868,0.021978
10,1390,0.153846,0.021978
10,1391,0.153846,0.021978
10,1392,0.164835,0.021978
10,1393,0.142857,0.021978
10,1394,0.153846,0.021978
10,1395,0.120879,0.021978
10,1396,0.164835,0.021978
10,1397,0.153846,0.021978
10,1398,0.109890,0.021978
10,1399,0.120879,0.021978
10,1400,0.098901,0.021978
10,1401,0.098901,0.021978
10,1402,0.098901,0.021978
10,1403,0.109890,0.021978
10,1404,0.087912,0.021978
10,1405,0.109890,0.021978
10,1406,0.131868,0.021978
10,1407,0.142857,0.021978
10,1408,0.131868,0.021978
10,1409,0.120879,0.021978
10,1410,0.120879,0.021978
10,1411,0.131868,0.021978
10,1412,0.131868,0.021978
10,1413,0.131868,0.021978
10,1414,0.142857,0.021978
10,1415,0.142857,0.021978
10,1416,0.142857,0.021978
10,1417,0.131868,0.021978
10,1418,0.164835,0.021978
10,1419,0.142857,0.021978
10,1420,0.164835,0.021978
10,1421,0.153846,0.021978
10,1422,0.164835,0.021978
10,1423,0.131868,0.021978
10,1424,0.131868,0.021978
10,1425,0.120879,0.021978
10,1426,0.120879,0.021978
10,1427,0.087912,0.021978
10,1428,0.065934,0.021978
10,1429,0.087912,0.021978
10,1430,0.065934,0.021978
10,1431,0.109890,0.021978
10,1432,0.098901,0.021978
10,1433,0.109890,0.021978
10,1434,0.109890,0.021978
10,1435,0.087912,0.021978
10,1436,0.054945,0.021978
10,1437,0.076923,0.021978
10,1438,0.087912,0.021978
10,1439,0.065934,0.021978
10,1440,0.098901,0.021978
10,1441,0.142857,0.021978
10,1442,0.142857,0.021978
10,1443,0.120879,0.021978
10,1444,0.109890,0.021978
10,1445,0.109890,0.021978
10,1446,0.131868,0.021978
10,1447,0.109890,0.021978
10,1448,0.098901,0.021978
10,1449,0.131868,0.021978
10,1450,0.142857,0.021978
10,1451,0.142857,0.021978
10,1452,0.109890,0.021978
10,1453,0.098901,0.021978
10,1454,0.098901,0.021978
10,1455,0.087912,0.021978
10,1456,0.087912,0.021978
10,1457,0.109890,0.021978
10,1458,0.098901,0.021978
10,1459,0.098901,0.021978
10,1460,0.109890,0.021978
10,1461,0.120879,0.021978
10,1462,0.131868,0.021978
10,1463,0.131868,0.021978
10,1464,0.109890,0.021978
10,1465,0.142857,0.021978
10,1466,0.142857,0.021978
10,1467,0.120879,0.021978
10,1468,0.087912,0.021978
10,1469,0.087912,0.021978
10,1470,0.087912,0.021978
10,1471,0.076923,0.021978
10,1472,0.076923,0.021978
10,1473,0.065934,0.021978
10,1474,0.087912,0.021978
10,1475,0.087912,0.021978
10,1476,0.087912,0.021978
10,1477,0.076923,0.021978
10,1478,0.098901,0.021978
10,1479,0.098901,0.021978
10,1480,0.087912,0.021978
10,1481,0.087912,0.021978
10,1482,0.076923,0.021978
10,1483,0.098901,0.021978
10,1484,0.131868,0.021978
10,1485,0.131868,0.021978
10,1486,0.120879,0.021978
10,1487,0.098901,0.021978
10,1488,0.098901,0.021978
10,1489,0.098901,0.021978
10,1490,0.098901,0.021978
10,1491,0.065934,0.021978
10,1492,0.076923,0.021978
10,1493,0.065934,0.021978
10,1494,0.098901,0.021978
10,1495,0.109890,0.021978
10,1496,0.153846,0.021978
10,1497,0.153846,0.021978
10,1498,0.153846,0.021978
10,1499,0.142857,0.021978
10,1500,0.142857,0.021978
10,1501,0.153846,0.021978
10,1502,0.131868,0.021978
10,1503,0.153846,0.021978
10,1504,0.120879,0.021978
10,1505,0.087912,0.021978
10,1506,0.087912,0.021978
10,1507,0.087912,0.021978
10,1508,0.087912,0.021978
10,1509,0.087912,0.021978
10,1510,0.087912,0.021978
10,1511,0.120879,0.021978
10,1512,0.109890,0.021978
10,1513,0.120879,0.021978
10,1514,0.120879,0.021978
10,1515,0.120879,0.021978
10,1516,0.131868,0.021978
10,1517,0.120879,0.021978
10,1518,0.109890,0.021978
10,1519,0.098901,0.021978
10,1520,0.109890,0.021978
10,1521,0.098901,0.021978
10,1522,0.142857,0.021978
10,1523,0.142857,0.021978
10,1524,0.120879,0.021978
10,1525,0.120879,0.021978
10,1526,0.142857,0.021978
10,1527,0.131868,0.021978
10,1528,0.131868,0.021978
10,1529,0.098901,0.021978
10,1530,0.087912,0.021978
10,1531,0.087912,0.021978
10,1532,0.109890,0.021978
10,1533,0.087912,0.021978
10,1534,0.065934,0.021978
10,1535,0.076923,0.021978
10,1536,0.131868,0.021978
10,1537,0.142857,0.021978
10,1538,0.153846,0.021978
10,1539,0.153846,0.021978
10,1540,0.098901,0.021978
10,1541,0.131868,0.021978
10,1542,0.120879,0.021978
10,1543,0.087912,0.021978
10,1544,0.142857,0.021978
10,1545,0.197802,0.021978
10,1546,0.164835,0.021978
10,1547,0.197802,0.021978
10,1548,0.208791,0.021978
10,1549,0.164835,0.021978
10,1550,0.131868,0.021978
10,1551,0.109890,0.021978
10,1552,0.131868,0.021978
10,1553,0.131868,0.021978
10,1554,0.164835,0.021978
10,1555,0.153846,0.021978
10,1556,0.164835,0.021978
10,1557,0.131868,0.021978
10,1558,0.131868,0.021978
10,1559,0.131868,0.021978
10,1560,0.120879,0.021978
10,1561,0.131868,0.021978
10,1562,0.120879,0.021978
10,1563,0.087912,0.021978
10,1564,0.109890,0.021978
10,1565,0.098901,0.021978
10,1566,0.109890,0.021978
10,1567,0.109890,0.021978
10,1568,0.087912,0.021978
10,1569,0.087912,0.021978
10,1570,0.065934,0.021978
10,1571,0.065934,0.021978
10,1572,0.087912,0.021978
10,1573,0.098901,0.021978
10,1574,0.120879,0.021978
10,1575,0.109890,0.021978
10,1576,0.109890,0.021978
10,1577,0.109890,0.021978
10,1578,0.109890,0.021978
10,1579,0.109890,0.021978
10,1580,0.120879,0.021978
10,1581,0.109890,0.021978
10,1582,0.065934,0.021978
10,1583,0.065934,0.021978
10,1584,0.098901,0.021978
10,1585,0.087912,0.021978
10,1586,0.065934,0.021978
10,1587,0.054945,0.021978
10,1588,0.054945,0.021978
10,1589,0.065934,0.021978
10,1590,0.076923,0.021978
10,1591,0.054945,0.021978
10,1592,0.065934,0.021978
10,1593,0.065934,0.021978
10,1594,0.120879,0.021978
10,1595,0.142857,0.021978
10,1596,0.142857,0.021978
10,1597,0.131868,0.021978
10,1598,0.109890,0.021978
10,1599,0.087912,0.021978
10,1600,0.087912,0.021978
10,1601,0.098901,0.021978
10,1602,0.098901,0.021978
10,1603,0.120879,0.021978
10,1604,0.109890,0.021978
10,1605,0.109890,0.021978
10,1606,0.098901,0.021978
10,1607,0.065934,0.021978
10,1608,0.043956,0.021978
10,1609,0.043956,0.021978
10,1610,0.054945,0.021978
10,1611,0.043956,0.021978
10,1612,0.032967,0.021978
10,1613,0.054945,0.021978
10,1614,0.054945,0.021978
10,1615,0.076923,0.021978
10,1616,0.076923,0.021978
10,1617,0.054945,0.021978
10,1618,0.043956,0.021978
10,1619,0.065934,0.021978
10,1620,0.098901,0.021978
10,1621,0.142857,0.021978
10,1622,0.153846,0.021978
10,1623,0.131868,0.021978
10,1624,0.087912,0.021978
10,1625,0.098901,0.021978
10,1626,0.087912,0.021978
10,1627,0.065934,0.021978
10,1628,0.076923,0.021978
10,1629,0.065934,0.021978
10,1630,0.054945,0.021978
10,1631,0.065934,0.021978
10,1632,0.065934,0.021978
10,1633,0.076923,0.021978
10,1634,0.076923,0.021978
10,1635,0.076923,0.021978
10,1636,0.076923,0.021978
10,1637,0.065934,0.021978
10,1638,0.087912,0.021978
10,1639,0.087912,0.021978
10,1640,0.109890,0.021978
10,1641,0.131868,0.021978
10,1642,0.109890,0.021978
10,1643,0.109890,0.021978
10,1644,0.120879,0.021978
10,1645,0.120879,0.021978
10,1646,0.098901,0.021978
10,1647,0.076923,0.021978
10,1648,0.076923,0.021978
10,1649,0.098901,0.021978
10,1650,0.120879,0.021978
10,1651,0.120879,0.021978
10,1652,0.109890,0.021978
10,1653,0.087912,0.021978
10,1654,0.087912,0.021978
10,1655,0.098901,0.021978
10,1656,0.087912,0.021978
10,1657,0.087912,0.021978
10,1658,0.087912,0.021978
10,1659,0.087912,0.021978
10,1660,0.087912,0.021978
10,1661,0.109890,0.021978
10,1662,0.109890,0.021978
10,1663,0.098901,0.021978
10,1664,0.076923,0.021978
10,1665,0.098901,0.021978
10,1666,0.087912,0.021978
10,1667,0.087912,0.021978
10,1668,0.109890,0.021978
10,1669,0.109890,0.021978
10,1670,0.120879,0.021978
10,1671,0.109890,0.021978
10,1672,0.120879,0.021978
10,1673,0.120879,0.021978
10,1674,0.109890,0.021978
10,1675,0.109890,0.021978
10,1676,0.109890,0.021978
10,1677,0.098901,0.021978
10,1678,0.087912,0.021978
10,1679,0.076923,0.021978
10,1680,0.076923,0.021978
10,1681,0.098901,0.021978
10,1682,0.120879,0.021978
10,1683,0.142857,0.021978
10,1684,0.142857,0.021978
10,1685,0.131868,0.021978
10,1686,0.109890,0.021978
10,1687,0.120879,0.021978
10,1688,0.142857,0.021978
10,1689,0.131868,0.021978
10,1690,0.109890,0.021978
10,1691,0.109890,0.021978
10,1692,0.153846,0.021978
10,1693,0.164835,0.021978
10,1694,0.197802,0.021978
10,1695,0.208791,0.021978
10,1696,0.219780,0.021978
10,1697,0.208791,0.021978
10,1698,0.197802,0.021978
10,1699,0.186813,0.021978
10,1700,0.186813,0.021978
10,1701,0.175824,0.021978
10,1702,0.153846,0.021978
10,1703,0.120879,0.021978
10,1704,0.142857,0.021978
10,1705,0.142857,0.021978
10,1706,0.131868,0.021978
10,1707,0.142857,0.021978
10,1708,0.153846,0.021978
10,1709,0.153846,0.021978
10,1710,0.142857,0.021978
10,1711,0.120879,0.021978
10,1712,0.087912,0.021978
10,1713,0.076923,0.021978
10,1714,0.131868,0.021978
10,1715,0.131868,0.021978
10,1716,0.131868,0.021978
10,1717,0.098901,0.021978
10,1718,0.120879,0.021978
10,1719,0.098901,0.021978
10,1720,0.098901,0.021978
10,1721,0.120879,0.021978
10,1722,0.131868,0.021978
10,1723,0.120879,0.021978
10,1724,0.142857,0.021978
10,1725,0.142857,0.021978
10,1726,0.087912,0.021978
10,1727,0.120879,0.021978
10,1728,0.142857,0.021978
10,1729,0.120879,0.021978
10,1730,0.142857,0.021978
10,1731,0.153846,0.021978
10,1732,0.153846,0.021978
10,1733,0.120879,0.021978
10,1734,0.153846,0.021978
10,1735,0.164835,0.021978
10,1736,0.164835,0.021978
10,1737,0.175824,0.021978
10,1738,0.175824,0.021978
10,1739,0.175824,0.021978
10,1740,0.175824,0.021978
10,1741,0.164835,0.021978
10,1742,0.142857,0.021978
10,1743,0.120879,0.021978
10,1744,0.109890,0.021978
10,1745,0.109890,0.021978
10,1746,0.131868,0.021978
10,1747,0.131868,0.021978
10,1748,0.153846,0.021978
10,1749,0.197802,0.021978
10,1750,0.164835,0.021978
10,1751,0.219780,0.021978
10,1752,0.164835,0.021978
10,1753,0.142857,0.021978
10,1754,0.120879,0.021978
10,1755,0.131868,0.021978
10,1756,0.142857,0.021978
10,1757,0.120879,0.021978
10,1758,0.109890,0.021978
10,1759,0.120879,0.021978
10,1760,0.120879,0.021978
10,1761,0.131868,0.021978
10,1762,0.120879,0.021978
10,1763,0.109890,0.021978
10,1764,0.098901,0.021978
10,1765,0.109890,0.021978
10,1766,0.076923,0.021978
10,1767,0.076923,0.021978
10,1768,0.076923,0.021978
10,1769,0.109890,0.021978
10,1770,0.087912,0.021978
10,1771,0.087912,0.021978
10,1772,0.098901,0.021978
10,1773,0.087912,0.021978
10,1774,0.098901,0.021978
10,1775,0.087912,0.021978
10,1776,0.065934,0.021978
10,1777,0.065934,0.021978
10,1778,0.076923,0.021978
10,1779,0.065934,0.021978
10,1780,0.076923,0.021978
10,1781,0.065934,0.021978
10,1782,0.076923,0.021978
10,1783,0.076923,0.021978
10,1784,0.087912,0.021978
10,1785,0.098901,0.021978
10,1786,0.098901,0.021978
10,1787,0.131868,0.021978
10,1788,0.131868,0.021978
10,1789,0.109890,0.021978
10,1790,0.120879,0.021978
10,1791,0.142857,0.021978
10,1792,0.120879,0.021978
10,1793,0.120879,0.021978
10,1794,0.087912,0.021978
10,1795,0.076923,0.021978
10,1796,0.054945,0.021978
10,1797,0.054945,0.021978
10,1798,0.065934,0.021978
10,1799,0.054945,0.021978
10,1800,0.054945,0.021978
10,1801,0.065934,0.021978
10,1802,0.087912,0.021978
10,1803,0.098901,0.021978
10,1804,0.153846,0.021978
10,1805,0.164835,0.021978
10,1806,0.109890,0.021978
10,1807,0.087912,0.021978
10,1808,0.087912,0.021978
10,1809,0.098901,0.021978
10,1810,0.098901,0.021978
10,1811,0.109890,0.021978
10,1812,0.109890,0.021978
10,1813,0.109890,0.021978
10,1814,0.131868,0.021978
10,1815,0.120879,0.021978
10,1816,0.098901,0.021978
10,1817,0.065934,0.021978
10,1818,0.098901,0.021978
10,1819,0.098901,0.021978
10,1820,0.131868,0.021978
10,1821,0.153846,0.021978
10,1822,0.131868,0.021978
10,1823,0.120879,0.021978
10,1824,0.120879,0.021978
10,1825,0.142857,0.021978
10,1826,0.109890,0.021978
10,1827,0.131868,0.021978
10,1828,0.153846,0.021978
10,1829,0.087912,0.021978
10,1830,0.065934,0.021978
10,1831,0.065934,0.021978
10,1832,0.065934,0.021978
10,1833,0.043956,0.021978
10,1834,0.021978,0.021978
10,1835,0.021978,0.021978
10,1836,0.043956,0.021978
10,1837,0.054945,0.021978
10,1838,0.076923,0.021978
10,1839,0.076923,0.021978
10,1840,0.109890,0.021978
10,1841,0.153846,0.021978
10,1842,0.142857,0.021978
10,1843,0.098901,0.021978
10,1844,0.153846,0.021978
10,1845,0.131868,0.021978
10,1846,0.120879,0.021978
10,1847,0.131868,0.021978
10,1848,0.131868,0.021978
10,1849,0.098901,0.021978
10,1850,0.098901,0.021978
10,1851,0.131868,0.021978
10,1852,0.131868,0.021978
10,1853,0.131868,0.021978
10,1854,0.131868,0.021978
10,1855,0.142857,0.021978
10,1856,0.142857,0.021978
10,1857,0.131868,0.021978
10,1858,0.131868,0.021978
10,1859,0.131868,0.021978
10,1860,0.087912,0.021978
10,1861,0.087912,0.021978
10,1862,0.098901,0.021978
10,1863,0.098901,0.021978
10,1864,0.131868,0.021978
10,1865,0.120879,0.021978
10,1866,0.120879,0.021978
10,1867,0.131868,0.021978
10,1868,0.120879,0.021978
10,1869,0.109890,0.021978
10,1870,0.098901,0.021978
10,1871,0.109890,0.021978
10,1872,0.120879,0.021978
10,1873,0.087912,0.021978
10,1874,0.076923,0.021978
10,1875,0.109890,0.021978
10,1876,0.076923,0.021978
10,1877,0.076923,0.021978
10,1878,0.087912,0.021978
10,1879,0.087912,0.021978
10,1880,0.087912,0.021978
10,1881,0.109890,0.021978
10,1882,0.098901,0.021978
10,1883,0.109890,0.021978
10,1884,0.131868,0.021978
10,1885,0.131868,0.021978
10,1886,0.131868,0.021978
10,1887,0.131868,0.021978
10,1888,0.120879,0.021978
10,1889,0.120879,0.021978
10,1890,0.109890,0.021978
10,1891,0.109890,0.021978
10,1892,0.120879,0.021978
10,1893,0.131868,0.021978
10,1894,0.142857,0.021978
10,1895,0.153846,0.021978
10,1896,0.142857,0.021978
10,1897,0.142857,0.021978
10,1898,0.164835,0.021978
10,1899,0.142857,0.021978
10,1900,0.109890,0.021978
10,1901,0.098901,0.021978
10,1902,0.098901,0.021978
10,1903,0.109890,0.021978
10,1904,0.120879,0.021978
10,1905,0.109890,0.021978
10,1906,0.142857,0.021978
10,1907,0.142857,0.021978
10,1908,0.142857,0.021978
10,1909,0.142857,0.021978
10,1910,0.142857,0.021978
10,1911,0.120879,0.021978
10,1912,0.120879,0.021978
10,1913,0.109890,0.021978
10,1914,0.120879,0.021978
10,1915,0.120879,0.021978
10,1916,0.120879,0.021978
10,1917,0.120879,0.021978
10,1918,0.131868,0.021978
10,1919,0.164835,0.021978
10,1920,0.164835,0.021978
10,1921,0.175824,0.021978
10,1922,0.153846,0.021978
10,1923,0.153846,0.021978
10,1924,0.164835,0.021978
10,1925,0.153846,0.021978
10,1926,0.142857,0.021978
10,1927,0.153846,0.021978
10,1928,0.120879,0.021978
10,1929,0.131868,0.021978
10,1930,0.109890,0.021978
10,1931,0.109890,0.021978
10,1932,0.120879,0.021978
10,1933,0.120879,0.021978
10,1934,0.131868,0.021978
10,1935,0.120879,0.021978
10,1936,0.120879,0.021978
10,1937,0.120879,0.021978
10,1938,0.120879,0.021978
10,1939,0.098901,0.021978
10,1940,0.098901,0.021978
10,1941,0.098901,0.021978
10,1942,0.087912,0.021978
10,1943,0.087912,0.021978
10,1944,0.065934,0.021978
10,1945,0.087912,0.021978
10,1946,0.087912,0.021978
10,1947,0.087912,0.021978
10,1948,0.098901,0.021978
10,1949,0.109890,0.021978
10,1950,0.109890,0.021978
10,1951,0.109890,0.021978
10,1952,0.087912,0.021978
10,1953,0.054945,0.021978
10,1954,0.032967,0.021978
10,1955,0.032967,0.021978
10,1956,0.043956,0.021978
10,1957,0.032967,0.021978
10,1958,0.043956,0.021978
10,1959,0.043956,0.021978
10,1960,0.054945,0.021978
10,1961,0.054945,0.021978
10,1962,0.054945,0.021978
10,1963,0.076923,0.021978
10,1964,0.076923,0.021978
10,1965,0.109890,0.021978
10,1966,0.142857,0.021978
10,1967,0.153846,0.021978
10,1968,0.131868,0.021978
10,1969,0.120879,0.021978
10,1970,0.109890,0.021978
10,1971,0.131868,0.021978
10,1972,0.142857,0.021978
10,1973,0.142857,0.021978
10,1974,0.120879,0.021978
10,1975,0.142857,0.021978
10,1976,0.131868,0.021978
10,1977,0.120879,0.021978
10,1978,0.131868,0.021978
10,1979,0.120879,0.021978
10,1980,0.120879,0.021978
10,1981,0.131868,0.021978
10,1982,0.131868,0.021978
10,1983,0.175824,0.021978
10,1984,0.153846,0.021978
10,1985,0.164835,0.021978
10,1986,0.164835,0.021978
10,1987,0.175824,0.021978
10,1988,0.142857,0.021978
10,1989,0.131868,0.021978
10,1990,0.087912,0.021978
10,1991,0.076923,0.021978
10,1992,0.076923,0.021978
10,1993,0.109890,0.021978
10,1994,0.164835,0.021978
10,1995,0.142857,0.021978
10,1996,0.109890,0.021978
10,1997,0.098901,0.021978
10,1998,0.120879,0.021978
10,1999,0.131868,0.021978
10,2000,0.120879,0.021978
10,2001,0.120879,0.021978
10,2002,0.164835,0.021978
10,2003,0.153846,0.021978
10,2004,0.153846,0.021978
10,2005,0.131868,0.021978
10,2006,0.142857,0.021978
10,2007,0.131868,0.021978
10,2008,0.142857,0.021978
10,2009,0.175824,0.021978
10,2010,0.131868,0.021978
10,2011,0.109890,0.021978
10,2012,0.109890,0.021978
10,2013,0.120879,0.021978
10,2014,0.131868,0.021978
10,2015,0.098901,0.021978
10,2016,0.120879,0.021978
10,2017,0.120879,0.021978
10,2018,0.098901,0.021978
10,2019,0.098901,0.021978
10,2020,0.120879,0.021978
10,2021,0.120879,0.021978
10,2022,0.109890,0.021978
10,2023,0.065934,0.021978
10,2024,0.076923,0.021978
10,2025,0.120879,0.021978
10,2026,0.131868,0.021978
10,2027,0.098901,0.021978
10,2028,0.098901,0.021978
10,2029,0.120879,0.021978
10,2030,0.109890,0.021978
10,2031,0.098901,0.021978
10,2032,0.109890,0.021978
10,2033,0.120879,0.021978
10,2034,0.120879,0.021978
10,2035,0.120879,0.021978
10,2036,0.131868,0.021978
10,2037,0.120879,0.021978
10,2038,0.131868,0.021978
10,2039,0.120879,0.021978
10,2040,0.109890,0.021978
10,2041,0.098901,0.021978
10,2042,0.076923,0.021978
10,2043,0.076923,0.021978
10,2044,0.076923,0.021978
10,2045,0.087912,0.021978
10,2046,0.087912,0.021978
10,2047,0.087912,0.021978
10,2048,0.087912,0.021978
10,2049,0.054945,0.021978
10,2050,0.054945,0.021978
10,2051,0.043956,0.021978
10,2052,0.043956,0.021978
10,2053,0.032967,0.021978
10,2054,0.043956,0.021978
10,2055,0.043956,0.021978
10,2056,0.043956,0.021978
10,2057,0.043956,0.021978
10,2058,0.054945,0.021978
10,2059,0.032967,0.021978
10,2060,0.043956,0.021978
10,2061,0.043956,0.021978
10,2062,0.043956,0.021978
10,2063,0.043956,0.021978
10,2064,0.043956,0.021978
10,2065,0.043956,0.021978
10,2066,0.032967,0.021978
10,2067,0.032967,0.021978
10,2068,0.032967,0.021978
10,2069,0.065934,0.021978
10,2070,0.076923,0.021978
10,2071,0.087912,0.021978
10,2072,0.087912,0.021978
10,2073,0.087912,0.021978
10,2074,0.087912,0.021978
10,2075,0.087912,0.021978
10,2076,0.098901,0.021978
10,2077,0.076923,0.021978
10,2078,0.087912,0.021978
10,2079,0.087912,0.021978
10,2080,0.087912,0.021978
10,2081,0.120879,0.021978
10,2082,0.120879,0.021978
10,2083,0.098901,0.021978
10,2084,0.109890,0.021978
10,2085,0.109890,0.021978
10,2086,0.109890,0.021978
10,2087,0.120879,0.021978
10,2088,0.098901,0.021978
10,2089,0.109890,0.021978
10,2090,0.109890,0.021978
10,2091,0.131868,0.021978
10,2092,0.131868,0.021978
10,2093,0.164835,0.021978
10,2094,0.153846,0.021978
10,2095,0.142857,0.021978
10,2096,0.142857,0.021978
10,2097,0.164835,0.021978
10,2098,0.164835,0.021978
10,2099,0.164835,0.021978
10,2100,0.142857,0.021978
10,2101,0.087912,0.021978
10,2102,0.087912,0.021978
10,2103,0.087912,0.021978
10,2104,0.131868,0.021978
10,2105,0.142857,0.021978
10,2106,0.142857,0.021978
10,2107,0.131868,0.021978
10,2108,0.109890,0.021978
10,2109,0.109890,0.021978
10,2110,0.098901,0.021978
10,2111,0.098901,0.021978
10,2112,0.098901,0.021978
10,2113,0.109890,0.021978
10,2114,0.098901,0.021978
10,2115,0.120879,0.021978
10,2116,0.120879,0.021978
10,2117,0.098901,0.021978
10,2118,0.120879,0.021978
10,2119,0.131868,0.021978
10,2120,0.164835,0.021978
10,2121,0.164835,0.021978
10,2122,0.153846,0.021978
10,2123,0.153846,0.021978
10,2124,0.142857,0.021978
10,2125,0.120879,0.021978
10,2126,0.142857,0.021978
10,2127,0.120879,0.021978
10,2128,0.109890,0.021978
10,2129,0.109890,0.021978
10,2130,0.087912,0.021978
10,2131,0.109890,0.021978
10,2132,0.109890,0.021978
10,2133,0.109890,0.021978
10,2134,0.098901,0.021978
10,2135,0.087912,0.021978
10,2136,0.076923,0.021978
10,2137,0.065934,0.021978
10,2138,0.076923,0.021978
10,2139,0.076923,0.021978
10,2140,0.076923,0.021978
10,2141,0.131868,0.021978
10,2142,0.131868,0.021978
10,2143,0.131868,0.021978
10,2144,0.131868,0.021978
10,2145,0.153846,0.021978
10,2146,0.153846,0.021978
10,2147,0.142857,0.021978
10,2148,0.175824,0.021978
10,2149,0.175824,0.021978
10,2150,0.175824,0.021978
10,2151,0.186813,0.021978
10,2152,0.175824,0.021978
10,2153,0.175824,0.021978
10,2154,0.175824,0.021978
10,2155,0.175824,0.021978
10,2156,0.186813,0.021978
10,2157,0.197802,0.021978
10,2158,0.164835,0.021978
10,2159,0.153846,0.021978
10,2160,0.164835,0.021978
10,2161,0.175824,0.021978
10,2162,0.175824,0.021978
10,2163,0.175824,0.021978
10,2164,0.164835,0.021978
10,2165,0.164835,0.021978
10,2166,0.186813,0.021978
10,2167,0.131868,0.021978
10,2168,0.153846,0.021978
10,2169,0.153846,0.021978
10,2170,0.164835,0.021978
10,2171,0.153846,0.021978
10,2172,0.175824,0.021978
10,2173,0.175824,0.021978
10,2174,0.142857,0.021978
10,2175,0.120879,0.021978
10,2176,0.142857,0.021978
10,2177,0.120879,0.021978
10,2178,0.131868,0.021978
10,2179,0.153846,0.021978
10,2180,0.153846,0.021978
10,2181,0.153846,0.021978
10,2182,0.142857,0.021978
10,2183,0.153846,0.021978
10,2184,0.142857,0.021978
10,2185,0.142857,0.021978
10,2186,0.142857,0.021978
10,2187,0.142857,0.021978
10,2188,0.153846,0.021978
10,2189,0.109890,0.021978
10,2190,0.098901,0.021978
10,2191,0.098901,0.021978
10,2192,0.142857,0.021978
10,2193,0.142857,0.021978
10,2194,0.109890,0.021978
10,2195,0.109890,0.021978
10,2196,0.065934,0.021978
10,2197,0.054945,0.021978
10,2198,0.054945,0.021978
10,2199,0.043956,0.021978
10,2200,0.054945,0.021978
10,2201,0.076923,0.021978
10,2202,0.087912,0.021978
10,2203,0.120879,0.021978
10,2204,0.076923,0.021978
10,2205,0.098901,0.021978
10,2206,0.120879,0.021978
10,2207,0.120879,0.021978
10,2208,0.109890,0.021978
10,2209,0.109890,0.021978
10,2210,0.076923,0.021978
10,2211,0.065934,0.021978
10,2212,0.065934,0.021978
10,2213,0.087912,0.021978
10,2214,0.087912,0.021978
10,2215,0.076923,0.021978
10,2216,0.065934,0.021978
10,2217,0.065934,0.021978
10,2218,0.065934,0.021978
10,2219,0.076923,0.021978
10,2220,0.054945,0.021978
10,2221,0.054945,0.021978
10,2222,0.076923,0.021978
10,2223,0.065934,0.021978
10,2224,0.076923,0.021978
10,2225,0.065934,0.021978
10,2226,0.043956,0.021978
10,2227,0.043956,0.021978
10,2228,0.043956,0.021978
10,2229,0.043956,0.021978
10,2230,0.054945,0.021978
10,2231,0.054945,0.021978
10,2232,0.054945,0.021978
10,2233,0.043956,0.021978
10,2234,0.054945,0.021978
10,2235,0.054945,0.021978
10,2236,0.054945,0.021978
10,2237,0.054945,0.021978
10,2238,0.087912,0.021978
10,2239,0.087912,0.021978
10,2240,0.087912,0.021978
10,2241,0.087912,0.021978
10,2242,0.087912,0.021978
10,2243,0.098901,0.021978
10,2244,0.076923,0.021978
10,2245,0.054945,0.021978
10,2246,0.032967,0.021978
10,2247,0.032967,0.021978
10,2248,0.054945,0.021978
10,2249,0.043956,0.021978
10,2250,0.065934,0.021978
10,2251,0.065934,0.021978
10,2252,0.087912,0.021978
10,2253,0.065934,0.021978
10,2254,0.065934,0.021978
10,2255,0.098901,0.021978
10,2256,0.098901,0.021978
10,2257,0.087912,0.021978
10,2258,0.087912,0.021978
10,2259,0.087912,0.021978
10,2260,0.087912,0.021978
10,2261,0.065934,0.021978
10,2262,0.076923,0.021978
10,2263,0.131868,0.021978
10,2264,0.131868,0.021978
10,2265,0.076923,0.021978
10,2266,0.065934,0.021978
10,2267,0.054945,0.021978
10,2268,0.054945,0.021978
10,2269,0.032967,0.021978
10,2270,0.032967,0.021978
10,2271,0.043956,0.021978
10,2272,0.043956,0.021978
10,2273,0.065934,0.021978
10,2274,0.043956,0.021978
10,2275,0.065934,0.021978
10,2276,0.076923,0.021978
10,2277,0.076923,0.021978
10,2278,0.109890,0.021978
10,2279,0.087912,0.021978
10,2280,0.087912,0.021978
10,2281,0.087912,0.021978
10,2282,0.087912,0.021978
10,2283,0.087912,0.021978
10,2284,0.087912,0.021978
10,2285,0.087912,0.021978
10,2286,0.065934,0.021978
10,2287,0.076923,0.021978
10,2288,0.076923,0.021978
10,2289,0.076923,0.021978
10,2290,0.076923,0.021978
10,2291,0.054945,0.021978
10,2292,0.076923,0.021978
10,2293,0.076923,0.021978
10,2294,0.076923,0.021978
10,2295,0.054945,0.021978
10,2296,0.054945,0.021978
10,2297,0.043956,0.021978
10,2298,0.043956,0.021978
10,2299,0.054945,0.021978
10,2300,0.065934,0.021978
10,2301,0.054945,0.021978
10,2302,0.054945,0.021978
10,2303,0.054945,0.021978
10,2304,0.054945,0.021978
10,2305,0.065934,0.021978
10,2306,0.054945,0.021978
10,2307,0.054945,0.021978
10,2308,0.054945,0.021978
10,2309,0.065934,0.021978
10,2310,0.065934,0.021978
10,2311,0.065934,0.021978
10,2312,0.065934,0.021978
10,2313,0.087912,0.021978
10,2314,0.087912,0.021978
10,2315,0.065934,0.021978
10,2316,0.054945,0.021978
10,2317,0.076923,0.021978
10,2318,0.087912,0.021978
10,2319,0.087912,0.021978
10,2320,0.076923,0.021978
10,2321,0.065934,0.021978
10,2322,0.076923,0.021978
10,2323,0.087912,0.021978
10,2324,0.087912,0.021978
10,2325,0.087912,0.021978
10,2326,0.120879,0.021978
10,2327,0.109890,0.021978
10,2328,0.098901,0.021978
10,2329,0.098901,0.021978
10,2330,0.098901,0.021978
10,2331,0.098901,0.021978
10,2332,0.098901,0.021978
10,2333,0.109890,0.021978
10,2334,0.109890,0.021978
10,2335,0.087912,0.021978
10,2336,0.087912,0.021978
10,2337,0.087912,0.021978
10,2338,0.109890,0.021978
10,2339,0.065934,0.021978
10,2340,0.076923,0.021978
10,2341,0.076923,0.021978
10,2342,0.087912,0.021978
10,2343,0.076923,0.021978
10,2344,0.076923,0.021978
10,2345,0.076923,0.021978
10,2346,0.065934,0.021978
10,2347,0.087912,0.021978
10,2348,0.087912,0.021978
10,2349,0.087912,0.021978
10,2350,0.109890,0.021978
10,2351,0.087912,0.021978
10,2352,0.087912,0.021978
10,2353,0.076923,0.021978
10,2354,0.087912,0.021978
10,2355,0.131868,0.021978
10,2356,0.131868,0.021978
10,2357,0.109890,0.021978
10,2358,0.109890,0.021978
10,2359,0.087912,0.021978
10,2360,0.098901,0.021978
10,2361,0.087912,0.021978
10,2362,0.076923,0.021978
10,2363,0.076923,0.021978
10,2364,0.076923,0.021978
10,2365,0.076923,0.021978
10,2366,0.076923,0.021978
10,2367,0.076923,0.021978
10,2368,0.087912,0.021978
10,2369,0.076923,0.021978
10,2370,0.076923,0.021978
10,2371,0.087912,0.021978
10,2372,0.087912,0.021978
10,2373,0.098901,0.021978
10,2374,0.087912,0.021978
10,2375,0.087912,0.021978
10,2376,0.109890,0.021978
10,2377,0.109890,0.021978
10,2378,0.098901,0.021978
10,2379,0.098901,0.021978
10,2380,0.109890,0.021978
10,2381,0.087912,0.021978
10,2382,0.098901,0.021978
10,2383,0.098901,0.021978
10,2384,0.087912,0.021978
10,2385,0.065934,0.021978
10,2386,0.065934,0.021978
10,2387,0.043956,0.021978
10,2388,0.054945,0.021978
10,2389,0.043956,0.021978
10,2390,0.043956,0.021978
10,2391,0.043956,0.021978
10,2392,0.043956,0.021978
10,2393,0.043956,0.021978
10,2394,0.065934,0.021978
10,2395,0.065934,0.021978
10,2396,0.076923,0.021978
10,2397,0.087912,0.021978
10,2398,0.065934,0.021978
10,2399,0.043956,0.021978
10,2400,0.065934,0.021978
10,2401,0.065934,0.021978
10,2402,0.065934,0.021978
10,2403,0.065934,0.021978
10,2404,0.065934,0.021978
10,2405,0.043956,0.021978
10,2406,0.065934,0.021978
10,2407,0.076923,0.021978
10,2408,0.043956,0.021978
10,2409,0.043956,0.021978
10,2410,0.043956,0.021978
10,2411,0.043956,0.021978
10,2412,0.043956,0.021978
10,2413,0.043956,0.021978
10,2414,0.043956,0.021978
10,2415,0.087912,0.021978
10,2416,0.098901,0.021978
10,2417,0.109890,0.021978
10,2418,0.120879,0.021978
10,2419,0.120879,0.021978
10,2420,0.142857,0.021978
10,2421,0.164835,0.021978
10,2422,0.153846,0.021978
10,2423,0.098901,0.021978
10,2424,0.098901,0.021978
10,2425,0.098901,0.021978
10,2426,0.098901,0.021978
10,2427,0.087912,0.021978
10,2428,0.087912,0.021978
10,2429,0.098901,0.021978
10,2430,0.120879,0.021978
10,2431,0.142857,0.021978
10,2432,0.142857,0.021978
10,2433,0.087912,0.021978
10,2434,0.065934,0.021978
10,2435,0.087912,0.021978
10,2436,0.076923,0.021978
10,2437,0.076923,0.021978
10,2438,0.054945,0.021978
10,2439,0.054945,0.021978
10,2440,0.065934,0.021978
10,2441,0.087912,0.021978
10,2442,0.087912,0.021978
10,2443,0.076923,0.021978
10,2444,0.076923,0.021978
10,2445,0.076923,0.021978
10,2446,0.076923,0.021978
10,2447,0.109890,0.021978
10,2448,0.153846,0.021978
10,2449,0.153846,0.021978
10,2450,0.142857,0.021978
10,2451,0.175824,0.021978
10,2452,0.186813,0.021978
10,2453,0.120879,0.021978
10,2454,0.109890,0.021978
10,2455,0.109890,0.021978
10,2456,0.076923,0.021978
10,2457,0.076923,0.021978
10,2458,0.109890,0.021978
10,2459,0.109890,0.021978
10,2460,0.109890,0.021978
10,2461,0.109890,0.021978
10,2462,0.109890,0.021978
10,2463,0.109890,0.021978
10,2464,0.120879,0.021978
10,2465,0.120879,0.021978
10,2466,0.120879,0.021978
10,2467,0.120879,0.021978
10,2468,0.109890,0.021978
10,2469,0.109890,0.021978
10,2470,0.131868,0.021978
10,2471,0.131868,0.021978
10,2472,0.153846,0.021978
10,2473,0.153846,0.021978
10,2474,0.131868,0.021978
10,2475,0.131868,0.021978
10,2476,0.131868,0.021978
10,2477,0.098901,0.021978
10,2478,0.098901,0.021978
10,2479,0.087912,0.021978
10,2480,0.109890,0.021978
10,2481,0.098901,0.021978
10,2482,0.098901,0.021978
10,2483,0.098901,0.021978
10,2484,0.109890,0.021978
10,2485,0.087912,0.021978
10,2486,0.087912,0.021978
10,2487,0.076923,0.021978
10,2488,0.076923,0.021978
10,2489,0.087912,0.021978
10,2490,0.065934,0.021978
10,2491,0.054945,0.021978
10,2492,0.043956,0.021978
10,2493,0.021978,0.021978
10,2494,0.032967,0.021978
10,2495,0.032967,0.021978
10,2496,0.032967,0.021978
10,2497,0.076923,0.021978
10,2498,0.076923,0.021978
10,2499,0.065934,0.021978
10,2500,0.065934,0.021978
10,2501,0.076923,0.021978
10,2502,0.076923,0.021978
10,2503,0.076923,0.021978
10,2504,0.043956,0.021978
10,2505,0.043956,0.021978
10,2506,0.043956,0.021978
10,2507,0.043956,0.021978
10,2508,0.043956,0.021978
10,2509,0.032967,0.021978
10,2510,0.032967,0.021978
10,2511,0.032967,0.021978
10,2512,0.043956,0.021978
10,2513,0.032967,0.021978
10,2514,0.032967,0.021978
10,2515,0.032967,0.021978
10,2516,0.032967,0.021978
10,2517,0.032967,0.021978
10,2518,0.032967,0.021978
10,2519,0.032967,0.021978
10,2520,0.032967,0.021978
10,2521,0.065934,0.021978
10,2522,0.065934,0.021978
10,2523,0.087912,0.021978
10,2524,0.120879,0.021978
10,2525,0.098901,0.021978
10,2526,0.098901,0.021978
10,2527,0.087912,0.021978
10,2528,0.076923,0.021978
10,2529,0.054945,0.021978
10,2530,0.054945,0.021978
10,2531,0.054945,0.021978
10,2532,0.065934,0.021978
10,2533,0.043956,0.021978
10,2534,0.043956,0.021978
10,2535,0.043956,0.021978
10,2536,0.043956,0.021978
10,2537,0.054945,0.021978
10,2538,0.076923,0.021978
10,2539,0.065934,0.021978
10,2540,0.065934,0.021978
10,2541,0.043956,0.021978
10,2542,0.043956,0.021978
10,2543,0.076923,0.021978
10,2544,0.076923,0.021978
10,2545,0.076923,0.021978
10,2546,0.109890,0.021978
10,2547,0.098901,0.021978
10,2548,0.098901,0.021978
10,2549,0.076923,0.021978
10,2550,0.065934,0.021978
10,2551,0.076923,0.021978
10,2552,0.065934,0.021978
10,2553,0.054945,0.021978
10,2554,0.065934,0.021978
10,2555,0.087912,0.021978
10,2556,0.065934,0.021978
10,2557,0.065934,0.021978
10,2558,0.076923,0.021978
10,2559,0.076923,0.021978
10,2560,0.087912,0.021978
10,2561,0.076923,0.021978
10,2562,0.076923,0.021978
10,2563,0.065934,0.021978
10,2564,0.065934,0.021978
10,2565,0.065934,0.021978
10,2566,0.065934,0.021978
10,2567,0.098901,0.021978
10,2568,0.098901,0.021978
10,2569,0.065934,0.021978
10,2570,0.065934,0.021978
10,2571,0.065934,0.021978
10,2572,0.065934,0.021978
10,2573,0.054945,0.021978
10,2574,0.054945,0.021978
10,2575,0.054945,0.021978
10,2576,0.065934,0.021978
10,2577,0.043956,0.021978
10,2578,0.043956,0.021978
10,2579,0.043956,0.021978
10,2580,0.043956,0.021978
10,2581,0.076923,0.021978
10,2582,0.065934,0.021978
10,2583,0.109890,0.021978
10,2584,0.109890,0.021978
10,2585,0.109890,0.021978
10,2586,0.109890,0.021978
10,2587,0.120879,0.021978
10,2588,0.109890,0.021978
10,2589,0.098901,0.021978
10,2590,0.109890,0.021978
10,2591,0.098901,0.021978
10,2592,0.098901,0.021978
10,2593,0.098901,0.021978
10,2594,0.076923,0.021978
10,2595,0.076923,0.021978
10,2596,0.076923,0.021978
10,2597,0.076923,0.021978
10,2598,0.065934,0.021978
10,2599,0.043956,0.021978
10,2600,0.054945,0.021978
10,2601,0.054945,0.021978
10,2602,0.065934,0.021978
10,2603,0.065934,0.021978
10,2604,0.054945,0.021978
10,2605,0.054945,0.021978
10,2606,0.054945,0.021978
10,2607,0.054945,0.021978
10,2608,0.043956,0.021978
10,2609,0.043956,0.021978
10,2610,0.043956,0.021978
10,2611,0.032967,0.021978
10,2612,0.032967,0.021978
10,2613,0.032967,0.021978
10,2614,0.032967,0.021978
10,2615,0.032967,0.021978
10,2616,0.043956,0.021978
10,2617,0.043956,0.021978
10,2618,0.043956,0.021978
10,2619,0.043956,0.021978
10,2620,0.032967,0.021978
10,2621,0.043956,0.021978
10,2622,0.032967,0.021978
10,2623,0.032967,0.021978
10,2624,0.032967,0.021978
10,2625,0.021978,0.021978
10,2626,0.021978,0.021978
10,2627,0.043956,0.021978
10,2628,0.043956,0.021978
10,2629,0.043956,0.021978
10,2630,0.065934,0.021978
10,2631,0.076923,0.021978
10,2632,0.065934,0.021978
10,2633,0.098901,0.021978
10,2634,0.109890,0.021978
10,2635,0.109890,0.021978
10,2636,0.109890,0.021978
10,2637,0.142857,0.021978
10,2638,0.142857,0.021978
10,2639,0.098901,0.021978
10,2640,0.065934,0.021978
10,2641,0.076923,0.021978
10,2642,0.065934,0.021978
10,2643,0.065934,0.021978
10,2644,0.065934,0.021978
10,2645,0.065934,0.021978
10,2646,0.065934,0.021978
10,2647,0.065934,0.021978
10,2648,0.087912,0.021978
10,2649,0.065934,0.021978
10,2650,0.065934,0.021978
10,2651,0.065934,0.021978
10,2652,0.065934,0.021978
10,2653,0.054945,0.021978
10,2654,0.054945,0.021978
10,2655,0.054945,0.021978
10,2656,0.076923,0.021978
10,2657,0.076923,0.021978
10,2658,0.076923,0.021978
10,2659,0.076923,0.021978
10,2660,0.076923,0.021978
10,2661,0.065934,0.021978
10,2662,0.065934,0.021978
10,2663,0.054945,0.021978
10,2664,0.043956,0.021978
10,2665,0.054945,0.021978
10,2666,0.043956,0.021978
10,2667,0.043956,0.021978
10,2668,0.054945,0.021978
10,2669,0.054945,0.021978
10,2670,0.076923,0.021978
10,2671,0.076923,0.021978
10,2672,0.076923,0.021978
10,2673,0.076923,0.021978
10,2674,0.065934,0.021978
10,2675,0.054945,0.021978
10,2676,0.054945,0.021978
10,2677,0.087912,0.021978
10,2678,0.087912,0.021978
10,2679,0.087912,0.021978
10,2680,0.087912,0.021978
10,2681,0.087912,0.021978
10,2682,0.087912,0.021978
10,2683,0.153846,0.021978
10,2684,0.153846,0.021978
10,2685,0.131868,0.021978
10,2686,0.142857,0.021978
10,2687,0.098901,0.021978
10,2688,0.076923,0.021978
10,2689,0.120879,0.021978
10,2690,0.098901,0.021978
10,2691,0.098901,0.021978
10,2692,0.098901,0.021978
10,2693,0.109890,0.021978
10,2694,0.098901,0.021978
10,2695,0.109890,0.021978
10,2696,0.109890,0.021978
10,2697,0.120879,0.021978
10,2698,0.098901,0.021978
10,2699,0.098901,0.021978
10,2700,0.098901,0.021978
10,2701,0.098901,0.021978
10,2702,0.109890,0.021978
10,2703,0.109890,0.021978
10,2704,0.109890,0.021978
10,2705,0.120879,0.021978
10,2706,0.120879,0.021978
10,2707,0.120879,0.021978
10,2708,0.120879,0.021978
10,2709,0.142857,0.021978
10,2710,0.142857,0.021978
10,2711,0.120879,0.021978
10,2712,0.120879,0.021978
10,2713,0.120879,0.021978
10,2714,0.120879,0.021978
10,2715,0.131868,0.021978
10,2716,0.131868,0.021978
10,2717,0.131868,0.021978
10,2718,0.109890,0.021978
10,2719,0.109890,0.021978
10,2720,0.098901,0.021978
10,2721,0.098901,0.021978
10,2722,0.098901,0.021978
10,2723,0.087912,0.021978
10,2724,0.109890,0.021978
10,2725,0.098901,0.021978
10,2726,0.098901,0.021978
10,2727,0.098901,0.021978
10,2728,0.098901,0.021978
10,2729,0.109890,0.021978
10,2730,0.109890,0.021978
10,2731,0.087912,0.021978
10,2732,0.087912,0.021978
10,2733,0.087912,0.021978
10,2734,0.087912,0.021978
10,2735,0.087912,0.021978
10,2736,0.087912,0.021978
10,2737,0.098901,0.021978
10,2738,0.098901,0.021978
10,2739,0.120879,0.021978
10,2740,0.120879,0.021978
10,2741,0.109890,0.021978
10,2742,0.098901,0.021978
10,2743,0.098901,0.021978
10,2744,0.087912,0.021978
10,2745,0.087912,0.021978
10,2746,0.087912,0.021978
10,2747,0.098901,0.021978
10,2748,0.098901,0.021978
10,2749,0.098901,0.021978
10,2750,0.098901,0.021978
10,2751,0.109890,0.021978
10,2752,0.109890,0.021978
10,2753,0.109890,0.021978
10,2754,0.109890,0.021978
10,2755,0.098901,0.021978
10,2756,0.098901,0.021978
10,2757,0.098901,0.021978
10,2758,0.098901,0.021978
10,2759,0.087912,0.021978
10,2760,0.087912,0.021978
10,2761,0.065934,0.021978
10,2762,0.076923,0.021978
10,2763,0.065934,0.021978
10,2764,0.043956,0.021978
10,2765,0.043956,0.021978
10,2766,0.043956,0.021978
10,2767,0.054945,0.021978
10,2768,0.054945,0.021978
10,2769,0.043956,0.021978
10,2770,0.043956,0.021978
10,2771,0.043956,0.021978
10,2772,0.065934,0.021978
10,2773,0.065934,0.021978
10,2774,0.043956,0.021978
10,2775,0.043956,0.021978
10,2776,0.032967,0.021978
10,2777,0.032967,0.021978
10,2778,0.021978,0.021978
10,2779,0.032967,0.021978
10,2780,0.032967,0.021978
10,2781,0.032967,0.021978
10,2782,0.032967,0.021978
10,2783,0.032967,0.021978
10,2784,0.032967,0.021978
10,2785,0.032967,0.021978
10,2786,0.032967,0.021978
10,2787,0.032967,0.021978
10,2788,0.032967,0.021978
10,2789,0.032967,0.021978
10,2790,0.032967,0.021978
10,2791,0.032967,0.021978
10,2792,0.032967,0.021978
10,2793,0.032967,0.021978
10,2794,0.032967,0.021978
10,2795,0.043956,0.021978
10,2796,0.043956,0.021978
10,2797,0.043956,0.021978
10,2798,0.043956,0.021978
10,2799,0.043956,0.021978
10,2800,0.043956,0.021978
10,2801,0.043956,0.021978
10,2802,0.043956,0.021978
10,2803,0.043956,0.021978
10,2804,0.043956,0.021978
10,2805,0.054945,0.021978
10,2806,0.054945,0.021978
10,2807,0.054945,0.021978
10,2808,0.065934,0.021978
10,2809,0.065934,0.021978
10,2810,0.054945,0.021978
10,2811,0.054945,0.021978
10,2812,0.054945,0.021978
10,2813,0.054945,0.021978
10,2814,0.054945,0.021978
10,2815,0.054945,0.021978
10,2816,0.043956,0.021978
10,2817,0.043956,0.021978
10,2818,0.043956,0.021978
10,2819,0.043956,0.021978
10,2820,0.043956,0.021978
10,2821,0.032967,0.021978
10,2822,0.032967,0.021978
10,2823,0.032967,0.021978
10,2824,0.032967,0.021978
10,2825,0.043956,0.021978
10,2826,0.065934,0.021978
10,2827,0.065934,0.021978
10,2828,0.065934,0.021978
10,2829,0.065934,0.021978
10,2830,0.065934,0.021978
10,2831,0.065934,0.021978
10,2832,0.065934,0.021978
10,2833,0.065934,0.021978
10,2834,0.065934,0.021978
10,2835,0.054945,0.021978
10,2836,0.054945,0.021978
10,2837,0.054945,0.021978
10,2838,0.054945,0.021978
10,2839,0.054945,0.021978
10,2840,0.054945,0.021978
10,2841,0.043956,0.021978
10,2842,0.043956,0.021978
10,2843,0.043956,0.021978
10,2844,0.021978,0.021978
10,2845,0.021978,0.021978
10,2846,0.021978,0.021978
10,2847,0.043956,0.021978
10,2848,0.043956,0.021978
10,2849,0.032967,0.021978
10,2850,0.054945,0.021978
10,2851,0.032967,0.021978
10,2852,0.032967,0.021978
10,2853,0.065934,0.021978
10,2854,0.065934,0.021978
10,2855,0.076923,0.021978
10,2856,0.076923,0.021978
10,2857,0.065934,0.021978
10,2858,0.065934,0.021978
10,2859,0.021978,0.021978
10,2860,0.021978,0.021978
10,2861,0.021978,0.021978
10,2862,0.021978,0.021978
10,2863,0.021978,0.021978
10,2864,0.032967,0.021978
10,2865,0.054945,0.021978
10,2866,0.054945,0.021978
10,2867,0.054945,0.021978
10,2868,0.054945,0.021978
10,2869,0.054945,0.021978
10,2870,0.054945,0.021978
10,2871,0.054945,0.021978
10,2872,0.054945,0.021978
10,2873,0.054945,0.021978
10,2874,0.076923,0.021978
10,2875,0.065934,0.021978
10,2876,0.076923,0.021978
10,2877,0.076923,0.021978
10,2878,0.065934,0.021978
10,2879,0.065934,0.021978
10,2880,0.076923,0.021978
10,2881,0.065934,0.021978
10,2882,0.065934,0.021978
10,2883,0.076923,0.021978
10,2884,0.076923,0.021978
10,2885,0.054945,0.021978
10,2886,0.065934,0.021978
10,2887,0.054945,0.021978
10,2888,0.054945,0.021978
10,2889,0.054945,0.021978
10,2890,0.054945,0.021978
10,2891,0.054945,0.021978
10,2892,0.054945,0.021978
10,2893,0.054945,0.021978
10,2894,0.054945,0.021978
10,2895,0.054945,0.021978
10,2896,0.054945,0.021978
10,2897,0.054945,0.021978
10,2898,0.054945,0.021978
10,2899,0.054945,0.021978
10,2900,0.054945,0.021978
10,2901,0.043956,0.021978
10,2902,0.054945,0.021978
10,2903,0.065934,0.021978
10,2904,0.065934,0.021978
10,2905,0.065934,0.021978
10,2906,0.054945,0.021978
10,2907,0.054945,0.021978
10,2908,0.054945,0.021978
10,2909,0.054945,0.021978
10,2910,0.054945,0.021978
10,2911,0.043956,0.021978
10,2912,0.054945,0.021978
10,2913,0.054945,0.021978
10,2914,0.065934,0.021978
10,2915,0.065934,0.021978
10,2916,0.065934,0.021978
10,2917,0.065934,0.021978
10,2918,0.054945,0.021978
10,2919,0.021978,0.021978
10,2920,0.021978,0.021978
10,2921,0.021978,0.021978
10,2922,0.021978,0.021978
10,2923,0.021978,0.021978
10,2924,0.021978,0.021978
10,2925,0.021978,0.021978
10,2926,0.021978,0.021978
10,2927,0.021978,0.021978
10,2928,0.021978,0.021978
10,2929,0.021978,0.021978
10,2930,0.021978,0.021978
10,2931,0.021978,0.021978
10,2932,0.021978,0.021978
10,2933,0.021978,0.021978
10,2934,0.021978,0.021978
10,2935,0.021978,0.021978
10,2936,0.021978,0.021978
10,2937,0.021978,0.021978
10,2938,0.032967,0.021978
10,2939,0.032967,0.021978
10,2940,0.032967,0.021978
10,2941,0.021978,0.021978
10,2942,0.021978,0.021978
10,2943,0.032967,0.021978
10,2944,0.032967,0.021978
10,2945,0.032967,0.021978
10,2946,0.032967,0.021978
10,2947,0.032967,0.021978
10,2948,0.032967,0.021978
10,2949,0.032967,0.021978
10,2950,0.032967,0.021978
10,2951,0.032967,0.021978
10,2952,0.043956,0.021978
10,2953,0.043956,0.021978
10,2954,0.043956,0.021978
10,2955,0.043956,0.021978
10,2956,0.043956,0.021978
10,2957,0.043956,0.021978
10,2958,0.043956,0.021978
10,2959,0.043956,0.021978
10,2960,0.043956,0.021978
10,2961,0.043956,0.021978
10,2962,0.043956,0.021978
10,2963,0.043956,0.021978
10,2964,0.032967,0.021978
10,2965,0.032967,0.021978
10,2966,0.032967,0.021978
10,2967,0.032967,0.021978
10,2968,0.032967,0.021978
10,2969,0.043956,0.021978
10,2970,0.054945,0.021978
10,2971,0.054945,0.021978
10,2972,0.043956,0.021978
10,2973,0.043956,0.021978
10,2974,0.043956,0.021978
10,2975,0.065934,0.021978
10,2976,0.065934,0.021978
10,2977,0.065934,0.021978
10,2978,0.065934,0.021978
10,2979,0.065934,0.021978
10,2980,0.065934,0.021978
10,2981,0.065934,0.021978
10,2982,0.076923,0.021978
10,2983,0.076923,0.021978
10,2984,0.076923,0.021978
10,2985,0.076923,0.021978
10,2986,0.076923,0.021978
10,2987,0.065934,0.021978
10,2988,0.054945,0.021978
10,2989,0.054945,0.021978
10,2990,0.076923,0.021978
10,2991,0.076923,0.021978
10,2992,0.065934,0.021978
10,2993,0.065934,0.021978
10,2994,0.043956,0.021978
10,2995,0.043956,0.021978
10,2996,0.054945,0.021978
10,2997,0.054945,0.021978
10,2998,0.054945,0.021978
10,2999,0.065934,0.021978
10,3000,0.065934,0.021978
10,3001,0.065934,0.021978
10,3002,0.065934,0.021978
10,3003,0.065934,0.021978
10,3004,0.076923,0.021978
10,3005,0.076923,0.021978
10,3006,0.076923,0.021978
10,3007,0.065934,0.021978
10,3008,0.065934,0.021978
10,3009,0.076923,0.021978
10,3010,0.087912,0.021978
10,3011,0.087912,0.021978
10,3012,0.076923,0.021978
10,3013,0.076923,0.021978
10,3014,0.076923,0.021978
10,3015,0.076923,0.021978
10,3016,0.076923,0.021978
10,3017,0.065934,0.021978
10,3018,0.054945,0.021978
10,3019,0.043956,0.021978
10,3020,0.032967,0.021978
10,3021,0.043956,0.021978
10,3022,0.043956,0.021978
10,3023,0.043956,0.021978
10,3024,0.043956,0.021978
10,3025,0.043956,0.021978
10,3026,0.043956,0.021978
10,3027,0.043956,0.021978
10,3028,0.043956,0.021978
10,3029,0.032967,0.021978
10,3030,0.043956,0.021978
10,3031,0.043956,0.021978
10,3032,0.043956,0.021978
10,3033,0.043956,0.021978
10,3034,0.043956,0.021978
10,3035,0.032967,0.021978
10,3036,0.032967,0.021978
10,3037,0.043956,0.021978
10,3038,0.032967,0.021978
10,3039,0.032967,0.021978
10,3040,0.032967,0.021978
10,3041,0.032967,0.021978
10,3042,0.032967,0.021978
10,3043,0.032967,0.021978
10,3044,0.032967,0.021978
10,3045,0.032967,0.021978
10,3046,0.021978,0.021978
10,3047,0.032967,0.021978
10,3048,0.065934,0.021978
10,3049,0.054945,0.021978
10,3050,0.054945,0.021978
10,3051,0.054945,0.021978
10,3052,0.054945,0.021978
10,3053,0.054945,0.021978
10,3054,0.054945,0.021978
10,3055,0.054945,0.021978
10,3056,0.054945,0.021978
10,3057,0.054945,0.021978
10,3058,0.054945,0.021978
10,3059,0.054945,0.021978
10,3060,0.054945,0.021978
10,3061,0.054945,0.021978
10,3062,0.054945,0.021978
10,3063,0.054945,0.021978
10,3064,0.054945,0.021978
10,3065,0.032967,0.021978
10,3066,0.032967,0.021978
10,3067,0.043956,0.021978
10,3068,0.043956,0.021978
10,3069,0.043956,0.021978
10,3070,0.043956,0.021978
10,3071,0.043956,0.021978
10,3072,0.043956,0.021978
10,3073,0.043956,0.021978
10,3074,0.043956,0.021978
10,3075,0.043956,0.021978
10,3076,0.043956,0.021978
10,3077,0.043956,0.021978
10,3078,0.043956,0.021978
10,3079,0.043956,0.021978
10,3080,0.054945,0.021978
10,3081,0.065934,0.021978
10,3082,0.065934,0.021978
10,3083,0.065934,0.021978
10,3084,0.065934,0.021978
10,3085,0.065934,0.021978
10,3086,0.065934,0.021978
10,3087,0.076923,0.021978
10,3088,0.065934,0.021978
10,3089,0.054945,0.021978
10,3090,0.043956,0.021978
10,3091,0.043956,0.021978
10,3092,0.043956,0.021978
10,3093,0.043956,0.021978
10,3094,0.043956,0.021978
10,3095,0.054945,0.021978
10,3096,0.043956,0.021978
10,3097,0.043956,0.021978
10,3098,0.043956,0.021978
10,3099,0.054945,0.021978
10,3100,0.054945,0.021978
10,3101,0.054945,0.021978
10,3102,0.054945,0.021978
10,3103,0.054945,0.021978
10,3104,0.054945,0.021978
10,3105,0.043956,0.021978
10,3106,0.054945,0.021978
10,3107,0.065934,0.021978
10,3108,0.065934,0.021978
10,3109,0.065934,0.021978
10,3110,0.065934,0.021978
10,3111,0.065934,0.021978
10,3112,0.065934,0.021978
10,3113,0.076923,0.021978
10,3114,0.087912,0.021978
10,3115,0.076923,0.021978
10,3116,0.054945,0.021978
10,3117,0.054945,0.021978
10,3118,0.054945,0.021978
10,3119,0.043956,0.021978
10,3120,0.043956,0.021978
10,3121,0.043956,0.021978
10,3122,0.043956,0.021978
10,3123,0.043956,0.021978
10,3124,0.043956,0.021978
10,3125,0.043956,0.021978
10,3126,0.043956,0.021978
10,3127,0.043956,0.021978
10,3128,0.043956,0.021978
10,3129,0.043956,0.021978
10,3130,0.043956,0.021978
10,3131,0.043956,0.021978
10,3132,0.043956,0.021978
10,3133,0.054945,0.021978
10,3134,0.054945,0.021978
10,3135,0.054945,0.021978
10,3136,0.054945,0.021978
10,3137,0.043956,0.021978
10,3138,0.043956,0.021978
10,3139,0.032967,0.021978
10,3140,0.032967,0.021978
10,3141,0.032967,0.021978
10,3142,0.032967,0.021978
10,3143,0.032967,0.021978
10,3144,0.032967,0.021978
10,3145,0.032967,0.021978
10,3146,0.032967,0.021978
10,3147,0.032967,0.021978
10,3148,0.032967,0.021978
10,3149,0.032967,0.021978
10,3150,0.032967,0.021978
10,3151,0.032967,0.021978
10,3152,0.032967,0.021978
10,3153,0.032967,0.021978
10,3154,0.032967,0.021978
10,3155,0.032967,0.021978
10,3156,0.032967,0.021978
10,3157,0.032967,0.021978
10,3158,0.032967,0.021978
10,3159,0.032967,0.021978
10,3160,0.032967,0.021978
10,3161,0.032967,0.021978
10,3162,0.032967,0.021978
10,3163,0.032967,0.021978
10,3164,0.032967,0.021978
10,3165,0.032967,0.021978
10,3166,0.032967,0.021978
10,3167,0.032967,0.021978
10,3168,0.032967,0.021978
10,3169,0.032967,0.021978
10,3170,0.032967,0.021978
10,3171,0.032967,0.021978
10,3172,0.032967,0.021978
10,3173,0.032967,0.021978
10,3174,0.032967,0.021978
10,3175,0.032967,0.021978
10,3176,0.032967,0.021978
10,3177,0.021978,0.021978
10,3178,0.021978,0.021978
10,3179,0.021978,0.021978
10,3180,0.021978,0.021978
10,3181,0.021978,0.021978
10,3182,0.032967,0.021978
10,3183,0.032967,0.021978
10,3184,0.032967,0.021978
10,3185,0.032967,0.021978
10,3186,0.032967,0.021978
10,3187,0.032967,0.021978
10,3188,0.032967,0.021978
10,3189,0.032967,0.021978
10,3190,0.032967,0.021978
10,3191,0.032967,0.021978
10,3192,0.032967,0.021978
10,3193,0.032967,0.021978
10,3194,0.032967,0.021978
10,3195,0.032967,0.021978
10,3196,0.032967,0.021978
10,3197,0.032967,0.021978
10,3198,0.032967,0.021978
10,3199,0.032967,0.021978
10,3200,0.032967,0.021978
10,3201,0.032967,0.021978
10,3202,0.032967,0.021978
10,3203,0.032967,0.021978
10,3204,0.032967,0.021978
10,3205,0.032967,0.021978
10,3206,0.032967,0.021978
10,3207,0.032967,0.021978
10,3208,0.032967,0.021978
10,3209,0.032967,0.021978
10,3210,0.032967,0.021978
10,3211,0.032967,0.021978
10,3212,0.032967,0.021978
10,3213,0.032967,0.021978
10,3214,0.032967,0.021978
10,3215,0.021978,0.021978
10,3216,0.021978,0.021978
10,3217,0.021978,0.021978
10,3218,0.021978,0.021978
10,3219,0.021978,0.021978
10,3220,0.021978,0.021978
10,3221,0.021978,0.021978
10,3222,0.032967,0.021978
10,3223,0.032967,0.021978
10,3224,0.032967,0.021978
10,3225,0.032967,0.021978
10,3226,0.032967,0.021978
10,3227,0.032967,0.021978
10,3228,0.032967,0.021978
10,3229,0.032967,0.021978
10,3230,0.032967,0.021978
10,3231,0.032967,0.021978
10,3232,0.032967,0.021978
10,3233,0.032967,0.021978
10,3234,0.032967,0.021978
10,3235,0.032967,0.021978
10,3236,0.032967,0.021978
10,3237,0.032967,0.021978
10,3238,0.032967,0.021978
10,3239,0.032967,0.021978
10,3240,0.032967,0.021978
10,3241,0.032967,0.021978
10,3242,0.032967,0.021978
10,3243,0.021978,0.021978
10,3244,0.021978,0.021978
10,3245,0.021978,0.021978
10,3246,0.021978,0.021978
10,3247,0.043956,0.021978
10,3248,0.043956,0.021978
10,3249,0.043956,0.021978
10,3250,0.043956,0.021978
10,3251,0.043956,0.021978
10,3252,0.043956,0.021978
10,3253,0.043956,0.021978
10,3254,0.043956,0.021978
10,3255,0.043956,0.021978
10,3256,0.021978,0.021978
10,3257,0.032967,0.021978
10,3258,0.032967,0.021978
10,3259,0.032967,0.021978
10,3260,0.032967,0.021978
10,3261,0.032967,0.021978
10,3262,0.032967,0.021978
10,3263,0.032967,0.021978
10,3264,0.032967,0.021978
10,3265,0.032967,0.021978
10,3266,0.032967,0.021978
10,3267,0.032967,0.021978
10,3268,0.032967,0.021978
10,3269,0.032967,0.021978
10,3270,0.032967,0.021978
10,3271,0.032967,0.021978
10,3272,0.032967,0.021978
10,3273,0.032967,0.021978
10,3274,0.032967,0.021978
10,3275,0.032967,0.021978
10,3276,0.032967,0.021978
10,3277,0.032967,0.021978
10,3278,0.032967,0.021978
10,3279,0.032967,0.021978
10,3280,0.032967,0.021978
10,3281,0.032967,0.021978
10,3282,0.032967,0.021978
10,3283,0.032967,0.021978
10,3284,0.032967,0.021978
10,3285,0.032967,0.021978
10,3286,0.021978,0.021978
10,3287,0.021978,0.021978
10,3288,0.021978,0.021978
10,3289,0.021978,0.021978
10,3290,0.010989,0.010989
10,3291,0.010989,0.010989
10,3292,0.010989,0.010989
10,3293,0.010989,0.010989
10,3294,0.010989,0.010989
10,3295,0.010989,0.010989
10,3296,0.021978,0.010989
10,3297,0.021978,0.010989
10,3298,0.021978,0.010989
10,3299,0.010989,0.010989
10,3300,0.010989,0.010989
10,3301,0.010989,0.010989
10,3302,0.010989,0.010989
10,3303,0.010989,0.010989
10,3304,0.010989,0.010989
10,3305,0.010989,0.010989
10,3306,0.010989,0.010989
10,3307,0.010989,0.010989
10,3308,0.010989,0.010989
10,3309,0.010989,0.010989
10,3310,0.010989,0.010989
10,3311,0.010989,0.010989
10,3312,0.010989,0.010989
10,3313,0.010989,0.010989
10,3314,0.010989,0.010989
10,3315,0.010989,0.010989
10,3316,0.010989,0.010989
10,3317,0.010989,0.010989
10,3318,0.010989,0.010989
10,3319,0.010989,0.010989
10,3320,0.010989,0.010989
10,3321,0.010989,0.010989
10,3322,0.010989,0.010989
10,3323,0.010989,0.010989
10,3324,0.010989,0.010989
10,3325,0.010989,0.010989
10,3326,0.010989,0.010989
10,3327,0.010989,0.010989
10,3328,0.000000,0.000000
